title,type,published,cls,flag,hpra
Abidec Multivitamin Syrup + Omega 3 150Ml,Baby > Baby Health,True,UNSURE,,"Abidec Multivitamin Oral Drops Solution [PA1186/001/001, P]"
Actifed Syrup 100Ml,Pharmacy > Cold & Flu,True,UNSURE,,"ACTIFED 30 mg/1.25 mg per 5 ml Syrup [PA23490/029/001, P]; Actifed 60mg/2.5mg Tablets [PA23490/029/002, P]"
Active Folic Caps 60Pk,Supplements > Women's Wellbeing,True,UNSURE,,"Folic Acid 400 microgram Tablets [PA23155/001/001, GSL]; Folic Acid 5mg Tablets [PA0126/057/001, POM]"
Anadin Tabs 12Pk,Pharmacy > Pain Relief,True,UNSURE,,"Anadin Analgesic Film-coated Tablets Aspirin 325mg Caffeine 15mg [PA0678/148/001, GSL]; Anadin Maximum Strength Hard Capsules Aspirin 500mg, caffeine 32mg [PA0678/148/002, GSL]"
Anadin Tabs 24Pk,Pharmacy > Pain Relief,True,UNSURE,,"Anadin Analgesic Film-coated Tablets Aspirin 325mg Caffeine 15mg [PA0678/148/001, GSL]; Anadin Maximum Strength Hard Capsules Aspirin 500mg, caffeine 32mg [PA0678/148/002, GSL]"
Anbesol Liquid 10Ml,Pharmacy > Oral Health,True,UNSURE,,"Anbesol Anaesthetic Antiseptic Oromucosal Solution [PA2325/003/001, P]"
Anthisan Cream 25G,Pharmacy > Allergy Relief,True,UNSURE,,"Anthisan Cream 2% w/w [PA1113/024/001, GSL]"
Anti-Hist Oral Solution 200Ml 1Mg/1Ml,Pharmacy > Allergy Relief,True,UNSURE,,"Anti-Hist Allergy 1 mg/ml oral solution [PA0126/267/002, P]; Anti-Hist Allergy 10mg Film-coated tablets [PA0126/267/001, P]"
Anusol Soothing Wipes 30Pk,Pharmacy > Stomach & Digestion,True,UNSURE,,"Anusol Cream [PA22647/001/001, GSL]; Anusol HC Ointment [PA22647/002/001, P]; Anusol HC Suppositories [PA22647/002/002, P]; Anusol Ointment [PA22647/001/002, GSL]; Anusol Suppositories [PA22647/001/003, P]"
Bausch & Lomb Artelac Nighttime Gel 10G,Pharmacy > Eye & Ear Care,True,UNSURE,,"Artelac 3.2 mg/ml Eye Drops, Solution [PA23259/004/001, P]; Artelac Preservative Free Single Dose Unit 3.2 mg/ml eye drops, solution [PPA0465/454/001, P]; Artelac Preservative Free Single Dose Unit [PA23259/004/002, P]"
Benylin 125Ml Chesty Cough N/D,Pharmacy > Cold & Flu,True,UNSURE,,"BENYLIN Day & Night Tablets, 500mg/60mg tablets and 500/25mg film-coated tablets [PA23490/006/001, P]; Benylin Children’s Chesty Cough 50 mg/5 ml Syrup [PA23490/011/001, P]; Benylin Children’s Dry Coughs Syrup Diphenhydramine Hydrochloride 7 mg/5 ml Levo [PA23490/008/001, P]; Benylin Cough Medicine Syrup Diphenhydramine hydrochloride 14 mg/5 ml Levomentho [PA23490/005/001, P]; Benylin Dry Coughs Syrup Diphenhydramine hydrochloride 14 mg/5 ml Dextromethorph [PA23490/004/001, P]; Benylin Dual Action Dry Syrup, Pseudoephedrine 30mg, Dextromethorphan 10mg, Trip [PA23490/002/001, P]; Benylin Four Flu Film-Coated Tablets. Paracetamol 500mg Diphenhydramine hydrochl [PA23490/013/001, P]; Benylin Her"
Benylin 125Ml Cough Med Orginal,Pharmacy > Cold & Flu,True,UNSURE,,"BENYLIN Day & Night Tablets, 500mg/60mg tablets and 500/25mg film-coated tablets [PA23490/006/001, P]; Benylin Children’s Chesty Cough 50 mg/5 ml Syrup [PA23490/011/001, P]; Benylin Children’s Dry Coughs Syrup Diphenhydramine Hydrochloride 7 mg/5 ml Levo [PA23490/008/001, P]; Benylin Cough Medicine Syrup Diphenhydramine hydrochloride 14 mg/5 ml Levomentho [PA23490/005/001, P]; Benylin Dry Coughs Syrup Diphenhydramine hydrochloride 14 mg/5 ml Dextromethorph [PA23490/004/001, P]; Benylin Dual Action Dry Syrup, Pseudoephedrine 30mg, Dextromethorphan 10mg, Trip [PA23490/002/001, P]; Benylin Four Flu Film-Coated Tablets. Paracetamol 500mg Diphenhydramine hydrochl [PA23490/013/001, P]; Benylin Her"
Benylin 125Ml Dry Cough Syrup,Pharmacy > Cold & Flu,True,UNSURE,,"BENYLIN Day & Night Tablets, 500mg/60mg tablets and 500/25mg film-coated tablets [PA23490/006/001, P]; Benylin Children’s Chesty Cough 50 mg/5 ml Syrup [PA23490/011/001, P]; Benylin Children’s Dry Coughs Syrup Diphenhydramine Hydrochloride 7 mg/5 ml Levo [PA23490/008/001, P]; Benylin Cough Medicine Syrup Diphenhydramine hydrochloride 14 mg/5 ml Levomentho [PA23490/005/001, P]; Benylin Dry Coughs Syrup Diphenhydramine hydrochloride 14 mg/5 ml Dextromethorph [PA23490/004/001, P]; Benylin Dual Action Dry Syrup, Pseudoephedrine 30mg, Dextromethorphan 10mg, Trip [PA23490/002/001, P]; Benylin Four Flu Film-Coated Tablets. Paracetamol 500mg Diphenhydramine hydrochl [PA23490/013/001, P]; Benylin Her"
Benylin 4 Flu Tabs 24Pk,Pharmacy > Cold & Flu,True,UNSURE,,"BENYLIN Day & Night Tablets, 500mg/60mg tablets and 500/25mg film-coated tablets [PA23490/006/001, P]; Benylin Children’s Chesty Cough 50 mg/5 ml Syrup [PA23490/011/001, P]; Benylin Children’s Dry Coughs Syrup Diphenhydramine Hydrochloride 7 mg/5 ml Levo [PA23490/008/001, P]; Benylin Cough Medicine Syrup Diphenhydramine hydrochloride 14 mg/5 ml Levomentho [PA23490/005/001, P]; Benylin Dry Coughs Syrup Diphenhydramine hydrochloride 14 mg/5 ml Dextromethorph [PA23490/004/001, P]; Benylin Dual Action Dry Syrup, Pseudoephedrine 30mg, Dextromethorphan 10mg, Trip [PA23490/002/001, P]; Benylin Four Flu Film-Coated Tablets. Paracetamol 500mg Diphenhydramine hydrochl [PA23490/013/001, P]; Benylin Her"
Benylin Child 125Ml Chesty N/D,Pharmacy > Children's Medicine,True,UNSURE,,"BENYLIN Day & Night Tablets, 500mg/60mg tablets and 500/25mg film-coated tablets [PA23490/006/001, P]; Benylin Children’s Chesty Cough 50 mg/5 ml Syrup [PA23490/011/001, P]; Benylin Children’s Dry Coughs Syrup Diphenhydramine Hydrochloride 7 mg/5 ml Levo [PA23490/008/001, P]; Benylin Cough Medicine Syrup Diphenhydramine hydrochloride 14 mg/5 ml Levomentho [PA23490/005/001, P]; Benylin Dry Coughs Syrup Diphenhydramine hydrochloride 14 mg/5 ml Dextromethorph [PA23490/004/001, P]; Benylin Dual Action Dry Syrup, Pseudoephedrine 30mg, Dextromethorphan 10mg, Trip [PA23490/002/001, P]; Benylin Four Flu Film-Coated Tablets. Paracetamol 500mg Diphenhydramine hydrochl [PA23490/013/001, P]; Benylin Her"
Bepantiseptic 1St Aid Cream 30G,Pharmacy > First Aid,True,UNSURE,,"Bepantiseptic First Aid Cream [PA1410/047/001, GSL]"
Bepantiseptic 1St Aid Cream 55G,Pharmacy > First Aid,True,UNSURE,,"Bepantiseptic First Aid Cream [PA1410/047/001, GSL]"
Bisodol Peppermint Tablets 100Pk,Pharmacy > Stomach & Digestion,True,UNSURE,,"Bisodol Antacid Chewable Tablets Calcium Carbonate 522mg Magnesium Carbonate Lig [PA2261/007/001, GSL]"
Brolene Eye Drops 10Ml,Pharmacy > Eye & Ear Care,True,UNSURE,,"Brolene 0.1% w/v Eye Drops Solution [PA0126/357/001, P]; Brolene 0.15 % w/w Eye Ointment [PA0126/357/002, P]"
Buttercup Broncho Stop Cough Pastilles 10Pk,Pharmacy > Cold & Flu,True,UNSURE,,"Buttercup Bronchostop Berry Flavour Cough Pastilles [TR2006/001/002, GSL]; Buttercup Bronchostop Cough Syrup [TR2006/001/001, GSL]; Buttercup Bronchostop Day & Night Oral Solution [TR2006/002/001, P]"
Buttercup Broncho Stop Cough Syrup 120Ml,Pharmacy > Cold & Flu,True,UNSURE,,"Buttercup Bronchostop Berry Flavour Cough Pastilles [TR2006/001/002, GSL]; Buttercup Bronchostop Cough Syrup [TR2006/001/001, GSL]; Buttercup Bronchostop Day & Night Oral Solution [TR2006/002/001, P]"
Buttercup Broncho Stop Cough Syrup 200Ml,Pharmacy > Cold & Flu,True,UNSURE,,"Buttercup Bronchostop Berry Flavour Cough Pastilles [TR2006/001/002, GSL]; Buttercup Bronchostop Cough Syrup [TR2006/001/001, GSL]; Buttercup Bronchostop Day & Night Oral Solution [TR2006/002/001, P]"
Buttercup Broncho Stop Cough Syrup 290Ml,Pharmacy > Cold & Flu,True,UNSURE,,"Buttercup Bronchostop Berry Flavour Cough Pastilles [TR2006/001/002, GSL]; Buttercup Bronchostop Cough Syrup [TR2006/001/001, GSL]; Buttercup Bronchostop Day & Night Oral Solution [TR2006/002/001, P]"
Caldease 30G Nappy Rash Ointment,Baby > Baby Wipes & Changing,True,UNSURE,,"Caldease 15% w/w Medicated Ointment [PA0126/153/001, GSL]"
Caldesene Medicated Powder 100G,Baby,True,UNSURE,,"Caldesene 10% w/w Medicated Powder [PA0126/152/001, GSL]; Caldesene Adult 10% w/w Medicated Powder [PA0126/247/001, GSL]"
Calpol 6+ Sf 140Ml S/Berry Susp,Pharmacy > Children's Medicine,True,UNSURE,,"Calpol 120 mg/ 5 ml Sugar Free Infant Oral Suspension [PA23490/003/004, GSL]; Calpol 120 mg/5 ml Infant Oral Suspension [PA23490/003/001, GSL]; Calpol Six Plus 250 mg/5 ml Oral Suspension [PA23490/003/002, GSL]; Calpol Six Plus 250 mg/5 ml Sugar/Colour Free Oral Suspension [PA23490/003/003, GSL]; Calpol Six Plus Fastmelts 250 mg Paracetamol orodispersible tablets [PA23490/003/005, GSL]"
Calpol 6+ Sf 60Ml S/Berry Susp,Pharmacy > Children's Medicine,True,UNSURE,,"Calpol 120 mg/ 5 ml Sugar Free Infant Oral Suspension [PA23490/003/004, GSL]; Calpol 120 mg/5 ml Infant Oral Suspension [PA23490/003/001, GSL]; Calpol Six Plus 250 mg/5 ml Oral Suspension [PA23490/003/002, GSL]; Calpol Six Plus 250 mg/5 ml Sugar/Colour Free Oral Suspension [PA23490/003/003, GSL]; Calpol Six Plus Fastmelts 250 mg Paracetamol orodispersible tablets [PA23490/003/005, GSL]"
Calpol Infant 140Ml Spoon/ Syringe Strawberry Susp,Pharmacy > Children's Medicine,True,UNSURE,,"Calpol 120 mg/ 5 ml Sugar Free Infant Oral Suspension [PA23490/003/004, GSL]; Calpol 120 mg/5 ml Infant Oral Suspension [PA23490/003/001, GSL]; Calpol Six Plus 250 mg/5 ml Oral Suspension [PA23490/003/002, GSL]; Calpol Six Plus 250 mg/5 ml Sugar/Colour Free Oral Suspension [PA23490/003/003, GSL]; Calpol Six Plus Fastmelts 250 mg Paracetamol orodispersible tablets [PA23490/003/005, GSL]"
Calpol Infant Sf 140Ml Spoon Syringe S/Berry Susp,Children's Medicine,False,UNSURE,,"Calpol 120 mg/ 5 ml Sugar Free Infant Oral Suspension [PA23490/003/004, GSL]; Calpol 120 mg/5 ml Infant Oral Suspension [PA23490/003/001, GSL]; Calpol Six Plus 250 mg/5 ml Oral Suspension [PA23490/003/002, GSL]; Calpol Six Plus 250 mg/5 ml Sugar/Colour Free Oral Suspension [PA23490/003/003, GSL]; Calpol Six Plus Fastmelts 250 mg Paracetamol orodispersible tablets [PA23490/003/005, GSL]"
Calpol Infant Syringe 60Ml Strawberry Susp,Pharmacy > Children's Medicine,True,UNSURE,,"Calpol 120 mg/ 5 ml Sugar Free Infant Oral Suspension [PA23490/003/004, GSL]; Calpol 120 mg/5 ml Infant Oral Suspension [PA23490/003/001, GSL]; Calpol Six Plus 250 mg/5 ml Oral Suspension [PA23490/003/002, GSL]; Calpol Six Plus 250 mg/5 ml Sugar/Colour Free Oral Suspension [PA23490/003/003, GSL]; Calpol Six Plus Fastmelts 250 mg Paracetamol orodispersible tablets [PA23490/003/005, GSL]"
Calpol Vapour Plug & Nightlight,Pharmacy > Children's Medicine,True,UNSURE,,"Calpol 120 mg/ 5 ml Sugar Free Infant Oral Suspension [PA23490/003/004, GSL]"
Calpol Vapour Refill Pads 5Pk,Pharmacy > Children's Medicine,True,UNSURE,,"Calpol 120 mg/ 5 ml Sugar Free Infant Oral Suspension [PA23490/003/004, GSL]"
Capasal Herbal Shampoo 100Ml,Toiletries > Hair Care,True,UNSURE,,"Capasal Therapeutic Shampoo [PA23128/008/001, P]"
Carnation Animal Wool,Pharmacy > Foot & Nail Care,True,UNSURE,,"Carnation Callous Caps 40% w/w Medicated plasters [PA23188/001/002, GSL]; Carnation Corn Caps 40% w/w Medicated plasters [PA23188/001/001, GSL]; Carnation Vericap Verruca Treatment 10% w/w medicated plaster [PA23188/001/003, GSL]"
Carnation Bunion Pads 4Pk,Pharmacy > Foot & Nail Care,True,UNSURE,,"Carnation Callous Caps 40% w/w Medicated plasters [PA23188/001/002, GSL]; Carnation Corn Caps 40% w/w Medicated plasters [PA23188/001/001, GSL]; Carnation Vericap Verruca Treatment 10% w/w medicated plaster [PA23188/001/003, GSL]"
Carnation Chiropody Felt,Pharmacy > Foot & Nail Care,True,UNSURE,,"Carnation Callous Caps 40% w/w Medicated plasters [PA23188/001/002, GSL]; Carnation Corn Caps 40% w/w Medicated plasters [PA23188/001/001, GSL]; Carnation Vericap Verruca Treatment 10% w/w medicated plaster [PA23188/001/003, GSL]"
Carnation Corn Pads 9Pk,Pharmacy > Foot & Nail Care,True,UNSURE,,"Carnation Corn Caps 40% w/w Medicated plasters [PA23188/001/001, GSL]"
Carnation Corn Shields,Pharmacy > First Aid,True,UNSURE,,"Carnation Corn Caps 40% w/w Medicated plasters [PA23188/001/001, GSL]"
Carnation Fleecy Stretch Padding,Pharmacy > Foot & Nail Care,True,UNSURE,,"Carnation Callous Caps 40% w/w Medicated plasters [PA23188/001/002, GSL]; Carnation Corn Caps 40% w/w Medicated plasters [PA23188/001/001, GSL]; Carnation Vericap Verruca Treatment 10% w/w medicated plaster [PA23188/001/003, GSL]"
Carnation Gel Toe Separators 2Pk,Pharmacy > Foot & Nail Care,True,UNSURE,,"Carnation Callous Caps 40% w/w Medicated plasters [PA23188/001/002, GSL]; Carnation Corn Caps 40% w/w Medicated plasters [PA23188/001/001, GSL]; Carnation Vericap Verruca Treatment 10% w/w medicated plaster [PA23188/001/003, GSL]"
Carnation Heel Grips,Pharmacy > Foot & Nail Care,True,UNSURE,,"Carnation Callous Caps 40% w/w Medicated plasters [PA23188/001/002, GSL]; Carnation Corn Caps 40% w/w Medicated plasters [PA23188/001/001, GSL]; Carnation Vericap Verruca Treatment 10% w/w medicated plaster [PA23188/001/003, GSL]"
Carnation Hydrocolloid Blister T,Pharmacy > Foot & Nail Care,True,UNSURE,,"Carnation Callous Caps 40% w/w Medicated plasters [PA23188/001/002, GSL]; Carnation Corn Caps 40% w/w Medicated plasters [PA23188/001/001, GSL]; Carnation Vericap Verruca Treatment 10% w/w medicated plaster [PA23188/001/003, GSL]"
Casacol Expectorant Sf 125Ml Syrup,Pharmacy > Pain Relief,True,UNSURE,,"Casacol Expectorant SyrupMethoxyphenamine hydrochloride 20 mg/5 ml Guaiphenesin  [PA1113/007/001, P]"
Casacol Expectorant Syrup 300Ml,Pharmacy > Cold & Flu,True,UNSURE,,"Casacol Expectorant SyrupMethoxyphenamine hydrochloride 20 mg/5 ml Guaiphenesin  [PA1113/007/001, P]"
Corsodyl 500Ml Daily Cool Mint Alchol Free,Toiletries > Dental,True,UNSURE,,"Corsodyl 0.2% w/v Aniseed Mouthwash [PA0678/002/004, GSL]"
Corsodyl 500Ml Daily Fresh Mint Alchol Free,Toiletries > Dental,True,UNSURE,,"Corsodyl 0.2% w/v Aniseed Mouthwash [PA0678/002/004, GSL]"
Deep Heat Massage Roll On Lotion 50Ml,Pharmacy > Pain Relief,True,UNSURE,,"Mentholatum Deep Heat Cream [PA25197/001/001, GSL]; Mentholatum Deep Heat Spray, cutaneous spray solution [PA25197/002/001, GSL]"
Deep Heat Muscle Rescue Neck & Shoulder Cream 50G,Pharmacy > Pain Relief,True,UNSURE,,"Mentholatum Deep Heat Cream [PA25197/001/001, GSL]"
Deep Heat Patch For Back Pain 2Pk,Pharmacy > Pain Relief,True,UNSURE,,"Mentholatum Deep Heat Cream [PA25197/001/001, GSL]; Mentholatum Deep Heat Spray, cutaneous spray solution [PA25197/002/001, GSL]"
Deep Heat Well Patch 4Pk,Pharmacy > Pain Relief,True,UNSURE,,"Mentholatum Deep Heat Cream [PA25197/001/001, GSL]; Mentholatum Deep Heat Spray, cutaneous spray solution [PA25197/002/001, GSL]"
Dettol 2In1 Anti-Bac Wipes,"Toiletries > Masks, Gloves & PPE",True,UNSURE,,"Dettol Antiseptic Disinfectant 4.8% w/v, concentrate for cutaneous solution [PA0979/004/002, GSL]"
Dettol Antiseptic Liquid 750Ml,Toiletries > Bath & Shower,True,UNSURE,,"Dettol Antiseptic Disinfectant 4.8% w/v, concentrate for cutaneous solution [PA0979/004/002, GSL]"
Dettol Liquid 500Ml,,True,UNSURE,,"Dettol Antiseptic Disinfectant 4.8% w/v, concentrate for cutaneous solution [PA0979/004/002, GSL]"
Dettol Soap Bar Twin Pack Banded 100G,Toiletries > Handsoap & Sanitiser,True,UNSURE,,"Dettol Antiseptic Disinfectant 4.8% w/v, concentrate for cutaneous solution [PA0979/004/002, GSL]"
Difflam Oral Rinse 300Ml,Pharmacy > Cold & Flu,True,UNSURE,,"Difflam Oral Rinse 0.15% w/v, gargle [PA25506/005/001, P]; Difflam Spray, 0.15% w/v, Oromucosal Spray [PA25506/005/002, P]"
Difflam Spray 30Ml,Pharmacy > Oral Health,True,UNSURE,,"Difflam Oral Rinse 0.15% w/v, gargle [PA25506/005/001, P]; Difflam Spray, 0.15% w/v, Oromucosal Spray [PA25506/005/002, P]"
Disprin Tablets 12Pk,Pharmacy > Pain Relief,True,UNSURE,,"Disprin Direct 300 mg Orodispersible Tablets [PA0979/007/001, GSL]; Disprin Extra Strength 500 mg Effervescent tablets [PA0979/006/002, GSL]; Disprin Original 300 mg Dispersible Tablets [PA0979/006/001, GSL]"
Dulcosoft Oral Solution 250Ml By Dulcolax,Pharmacy > Stomach & Digestion,True,UNSURE,,"Dulcolax 10 mg Suppositories [PA23180/018/002, P]; Dulcolax 5mg Gastro-resistant Tablets [PA23180/018/003, P]"
E45 Cream 125G,Body Care,False,UNSURE,,"E45 Cream White Soft Paraffin           14.5%      w/w Light Liquid Paraffin     [PA22650/007/001, GSL]"
E45 Cream 50G,Skincare > Body Care,True,UNSURE,,"E45 Cream White Soft Paraffin           14.5%      w/w Light Liquid Paraffin     [PA22650/007/001, GSL]"
E45 Wash 250Ml,Skincare > Body Care,True,UNSURE,,"E45 Cream White Soft Paraffin           14.5%      w/w Light Liquid Paraffin     [PA22650/007/001, GSL]"
Easofen Child 3M+ 100Ml Strawberry,Pharmacy > Children's Medicine,True,UNSURE,,"Easofen 200mg Film-Coated Tablets [PA0126/060/001, P]; Easofen Max Strength 400 mg Film-coated Tablets [PA0126/060/002, P]; Easofen Rapid Relief Max Strength 400 mg soft capsules [PA0126/343/001, P]; Easofen for Children Six Plus Strawberry 200mg/5ml Oral Suspension [PA0126/060/004, P]; Easofen for Children Strawberry 100mg/5ml Oral Suspension [PA0126/060/003, P]"
Easofen Child 3M+ 200Ml Strawberry,Pharmacy > Children's Medicine,True,UNSURE,,"Easofen 200mg Film-Coated Tablets [PA0126/060/001, P]; Easofen Max Strength 400 mg Film-coated Tablets [PA0126/060/002, P]; Easofen Rapid Relief Max Strength 400 mg soft capsules [PA0126/343/001, P]; Easofen for Children Six Plus Strawberry 200mg/5ml Oral Suspension [PA0126/060/004, P]; Easofen for Children Strawberry 100mg/5ml Oral Suspension [PA0126/060/003, P]"
Easofen Child 6Y+ 100Ml Strawberry,Pharmacy > Children's Medicine,True,UNSURE,,"Easofen 200mg Film-Coated Tablets [PA0126/060/001, P]; Easofen Max Strength 400 mg Film-coated Tablets [PA0126/060/002, P]; Easofen Rapid Relief Max Strength 400 mg soft capsules [PA0126/343/001, P]; Easofen for Children Six Plus Strawberry 200mg/5ml Oral Suspension [PA0126/060/004, P]; Easofen for Children Strawberry 100mg/5ml Oral Suspension [PA0126/060/003, P]"
Easofen Child 6Y+ 200Ml Strawberry,Pharmacy > Children's Medicine,True,UNSURE,,"Easofen 200mg Film-Coated Tablets [PA0126/060/001, P]; Easofen Max Strength 400 mg Film-coated Tablets [PA0126/060/002, P]; Easofen Rapid Relief Max Strength 400 mg soft capsules [PA0126/343/001, P]; Easofen for Children Six Plus Strawberry 200mg/5ml Oral Suspension [PA0126/060/004, P]; Easofen for Children Strawberry 100mg/5ml Oral Suspension [PA0126/060/003, P]"
Emazole 20Mg Tablets 14Pk,Pharmacy > Stomach & Digestion,True,UNSURE,Emazole 20mg is prescription-only; Emazole Control 20mg is P,"Emazole 20 mg gastro-resistant tablets [PA0711/158/001, POM]"
Emazole 20Mg Tablets 7Pk,Pharmacy > Stomach & Digestion,True,UNSURE,as above,"Emazole 20 mg gastro-resistant tablets [PA0711/158/001, POM]"
Exputex Syrup 100Ml,Pharmacy > Cold & Flu,True,UNSURE,,"Exputex 250mg/5ml Oral Solution [PA1113/010/001, P]"
Exputex Syrup 200Ml,Pharmacy > Cold & Flu,True,UNSURE,,"Exputex 250mg/5ml Oral Solution [PA1113/010/001, P]"
Exputex Syrup 300Ml,Pharmacy > Cold & Flu,True,UNSURE,,"Exputex 250mg/5ml Oral Solution [PA1113/010/001, P]"
Exterol Ear Drops 8Ml,Pharmacy > Eye & Ear Care,True,UNSURE,,"Exterol 5% w/w Ear Drops, Solution [PA23128/006/001, P]"
Flixonase Nasal Spray,Pharmacy > Allergy Relief,True,UNSURE,,"Flixonase Allergy Relief 50 micrograms per dose Nasal Spray [PA0678/095/001, P]"
Gaviscon Aniseed Liquid 300Ml,Pharmacy > Stomach & Digestion,True,UNSURE,,"Gaviscon Advance Chewable Tablets   Sodium alginate 500 mg, Potassium hydrogen c [PA0979/011/008, P]; Gaviscon Advance Oral Suspension Sodium alginate 500 mg, Potassium hydrogen carb [PA0979/011/001, P]; Gaviscon Advance Peppermint Oral Suspension Sachets   Sodium Alginate 500mg, Pot [PA0979/011/006, P]; Gaviscon Advance Peppermint Oral Suspension Sodium alginate 500 mg, Potassium hy [PA0979/011/007, P]; Gaviscon Extra Chewable TabletsSodium alginate 250mgSodium bicarbonate 106.5mgCa [PA0979/015/012, GSL]; Gaviscon Extra Liquid Sachets Peppermint Flavour Oral SuspensionSodium Alginate  [PA0979/015/013, GSL]; Gaviscon Extra Mixed Berries Flavour Chewable Tablets Sodium alginate 250 mg Sod [PA"
Gaviscon Aniseed Liquid 600Ml,Pharmacy > Stomach & Digestion,True,UNSURE,,"Gaviscon Advance Chewable Tablets   Sodium alginate 500 mg, Potassium hydrogen c [PA0979/011/008, P]; Gaviscon Advance Oral Suspension Sodium alginate 500 mg, Potassium hydrogen carb [PA0979/011/001, P]; Gaviscon Advance Peppermint Oral Suspension Sachets   Sodium Alginate 500mg, Pot [PA0979/011/006, P]; Gaviscon Advance Peppermint Oral Suspension Sodium alginate 500 mg, Potassium hy [PA0979/011/007, P]; Gaviscon Extra Chewable TabletsSodium alginate 250mgSodium bicarbonate 106.5mgCa [PA0979/015/012, GSL]; Gaviscon Extra Liquid Sachets Peppermint Flavour Oral SuspensionSodium Alginate  [PA0979/015/013, GSL]; Gaviscon Extra Mixed Berries Flavour Chewable Tablets Sodium alginate 250 mg Sod [PA"
Gaviscon Extra Chew Tabs 24Pk Peppermint,Pharmacy > Stomach & Digestion,True,UNSURE,,"Gaviscon Advance Chewable Tablets   Sodium alginate 500 mg, Potassium hydrogen c [PA0979/011/008, P]; Gaviscon Advance Oral Suspension Sodium alginate 500 mg, Potassium hydrogen carb [PA0979/011/001, P]; Gaviscon Advance Peppermint Oral Suspension Sachets   Sodium Alginate 500mg, Pot [PA0979/011/006, P]; Gaviscon Advance Peppermint Oral Suspension Sodium alginate 500 mg, Potassium hy [PA0979/011/007, P]; Gaviscon Extra Chewable TabletsSodium alginate 250mgSodium bicarbonate 106.5mgCa [PA0979/015/012, GSL]; Gaviscon Extra Liquid Sachets Peppermint Flavour Oral SuspensionSodium Alginate  [PA0979/015/013, GSL]; Gaviscon Extra Mixed Berries Flavour Chewable Tablets Sodium alginate 250 mg Sod [PA"
Gaviscon Handy Pack Peppermint 16Pk,Pharmacy > Stomach & Digestion,True,UNSURE,,"Gaviscon Liquid Peppermint Flavour, Oral Suspension Sodium alginate 500 mg Sodiu [PA0979/015/002, GSL]; Gaviscon Liquid Sachets Oral Suspension Sodium alginate 500mg, Sodium bicarbonat [PA0979/015/010, GSL]; Gaviscon Oral Suspension 500mg/10ml Sodium Alginate 267mg/10ml Sodium Bicarbonat [PA0979/015/001, P]; Gaviscon Peppermint Chewable Tablets Sodium alginate 250 mg Sodium hydrogen Carb [PA0979/015/004, GSL]"
Ilvico Tabs 20Pk,Pharmacy > Cold & Flu,True,UNSURE,,"Ilvico Cold and Flu film-coated tablets Paracetamol 325 mg Caffeine 30 mg Bromph [PA22703/001/001, P]"
Imodium Liquigels 12Pk,Pharmacy > Stomach & Digestion,True,UNSURE,Imodium 2mg Capsules is prescription-only; LiquiRelief soft capsules is P,"Imodium 2 mg Capsules [PA23490/025/002, POM]; Imodium Plus 2 mg/125 mg Tablets [PA23490/030/001, P]"
Imodium Plus Tabs 12Pk,Pharmacy > Stomach & Digestion,True,UNSURE,,"Imodium 2 mg Capsules [PA23490/025/002, POM]; Imodium Plus 2 mg/125 mg Tablets [PA23490/030/001, P]"
Lamisil Once 4G,Pharmacy > Medicated Skincare,True,UNSURE,,"Lamisil 1% w/w Cream [PA22650/009/001, POM]; Lamisil 1% w/w cream [PPA0465/151/001, POM]; Lamisil 1% w/w cream [PPA1463/192/001, POM]; Lamisil 250 mg tablets [PA0896/015/001, POM]; Lamisil 250 mg tablets [PPA0465/096/001, POM]; Lamisil 250 mg tablets [PPA1463/157/001, POM]; Lamisil AT Cream [PA22650/009/002, P]; Lamisil Once 1% cutaneous solution [PA22650/009/003, P]"
Lemsip Headcold 10Pk,Pharmacy > Cold & Flu,True,UNSURE,,"Lemsip Chesty Cough 50mg/5ml Oral Solution [PA0979/026/001, GSL]; Lemsip Cold & Flu Headcold 500 mg Powder for Oral Solution [PA0979/014/001, GSL]; Lemsip Cold & Flu Hot Lemon 500 mg Powder for Oral Solution [PA0979/013/001, GSL]; Lemsip Cough and Cold Capsules with CaffeineParacetamol 500mgGuaifenesin 100mgCa [PA0979/029/001, GSL]; Lemsip Decongestant & Flu Capsules with CaffeineParacetamol 500mgPhenylephine Hy [PA0979/027/001, P]; Lemsip Dry Cough 0.25ml/5ml Oral Solution [PA0979/025/001, GSL]; Lemsip Max Cold and Flu Blackcurrant 1000 mg Powder for Oral Solution [PA0979/021/003, GSL]; Lemsip Max Cold and Flu Hot Lemon 1000mg Powder for Oral Solution [PA0979/021/001, GSL]; Lemsip Max Cough"
Lemsip Max Strength Hot Lemon 5Pk,Pharmacy > Cold & Flu,True,UNSURE,,"Lemsip Chesty Cough 50mg/5ml Oral Solution [PA0979/026/001, GSL]; Lemsip Cold & Flu Headcold 500 mg Powder for Oral Solution [PA0979/014/001, GSL]; Lemsip Cold & Flu Hot Lemon 500 mg Powder for Oral Solution [PA0979/013/001, GSL]; Lemsip Cough and Cold Capsules with CaffeineParacetamol 500mgGuaifenesin 100mgCa [PA0979/029/001, GSL]; Lemsip Decongestant & Flu Capsules with CaffeineParacetamol 500mgPhenylephine Hy [PA0979/027/001, P]; Lemsip Dry Cough 0.25ml/5ml Oral Solution [PA0979/025/001, GSL]; Lemsip Max Cold and Flu Blackcurrant 1000 mg Powder for Oral Solution [PA0979/021/003, GSL]; Lemsip Max Cold and Flu Hot Lemon 1000mg Powder for Oral Solution [PA0979/021/001, GSL]; Lemsip Max Cough"
Lemsip Original Hot Lemon 5Pk,Pharmacy > Cold & Flu,True,UNSURE,,"Lemsip Chesty Cough 50mg/5ml Oral Solution [PA0979/026/001, GSL]; Lemsip Cold & Flu Headcold 500 mg Powder for Oral Solution [PA0979/014/001, GSL]; Lemsip Cold & Flu Hot Lemon 500 mg Powder for Oral Solution [PA0979/013/001, GSL]; Lemsip Cough and Cold Capsules with CaffeineParacetamol 500mgGuaifenesin 100mgCa [PA0979/029/001, GSL]; Lemsip Decongestant & Flu Capsules with CaffeineParacetamol 500mgPhenylephine Hy [PA0979/027/001, P]; Lemsip Dry Cough 0.25ml/5ml Oral Solution [PA0979/025/001, GSL]; Lemsip Max Cold and Flu Blackcurrant 1000 mg Powder for Oral Solution [PA0979/021/003, GSL]; Lemsip Max Cold and Flu Hot Lemon 1000mg Powder for Oral Solution [PA0979/021/001, GSL]; Lemsip Max Cough"
Lyclear Cream Rinse 1% 59Ml 2Pk,Pharmacy > Sensitive Conditions,True,UNSURE,,"Lyclear 5% w/w Dermal Cream [PA1077/066/001, P]; Lyclear Creme Rinse 1% w/w Cutaneous solution [PA1186/003/001, P]"
Lyclear Treatment Shampoo 200Ml,Pharmacy > Sensitive Conditions,True,UNSURE,,"Lyclear 5% w/w Dermal Cream [PA1077/066/001, P]; Lyclear Creme Rinse 1% w/w Cutaneous solution [PA1186/003/001, P]"
Magnesium Oil Goodnight Spray 100Ml,Supplements > Sleep & Stress,True,UNSURE,,"Magnesium Sulfate 38.5% w/w Cutaneous Paste [PA0484/021/001, P]; Magnesium Sulfate 50 % w/v Solution for Injection/Concentrate for solution for i [PA0549/020/001, POM]; Magnesium Verla 5 mmol granules for oral solution [PA0074/062/001, P]"
Magnesium Oil Joint Spray 100Ml,Supplements > Sleep & Stress,True,UNSURE,,"Magnesium Sulfate 38.5% w/w Cutaneous Paste [PA0484/021/001, P]; Magnesium Sulfate 50 % w/v Solution for Injection/Concentrate for solution for i [PA0549/020/001, POM]; Magnesium Verla 5 mmol granules for oral solution [PA0074/062/001, P]"
Milk Of Magnesia 200Ml,Pharmacy > Stomach & Digestion,True,UNSURE,,"Milk of Magnesia Traditional Mint Flavoured Liquid, 415 mg/5 ml oral suspension [PA1186/010/001, GSL]"
Murine Dry & Tired Drops 15Ml,Pharmacy > Eye & Ear Care,True,UNSURE,,"Murine irritation & redness relief, 0.012% w/v, eye drops solution [PA22637/008/001, P]"
Murine Irritation & Redness Eye Drops 10Ml,Pharmacy > Eye & Ear Care,True,UNSURE,,"Murine irritation & redness relief, 0.012% w/v, eye drops solution [PA22637/008/001, P]"
Murine Ref Resh & Clean Eye Drop,Pharmacy > Eye & Ear Care,True,UNSURE,,"Murine irritation & redness relief, 0.012% w/v, eye drops solution [PA22637/008/001, P]"
Natures Aid Ginger Tumeric 3In1 60 Tablets,"Supplements > Muscle, Joint & Bone",True,UNSURE,,"Natures Aid Echineeze Echinacea tablets [TR0126/311/001, GSL]; Natures Aid Jointeeze Devil’s Claw [TR0126/318/001, GSL]; Natures Aid Premeeze Agnus Castus hard capsules [TR0126/312/001, GSL]; Natures Aid Sleepeeze Valerian Tablets [TR0126/316/001, GSL]"
Nelson Teetha Gel 15G,Baby > Baby Health,True,UNSURE,,"Teetha Chamomilla Teething Gel [HOA23352/002/001, ?]"
Nelsons Arnicare Cooling Gel 30G,Pharmacy > First Aid,True,UNSURE,,"Nelsons Arnicare Arnica Cream [HOA23352/003/001, GSL]"
Neutrogena T/Gel Dry Hair Shampoo 125Ml,Toiletries > Hair Care,True,UNSURE,,"Neutrogena T/Gel Shampoo 5 mg/ml [PA23490/001/001, P]"
Nicorette Classic 2Mg 210Pk,Pharmacy > Nicotine Replacement,True,UNSURE,,"Nicorette 15mg Inhaler [PA23490/019/010, GSL]; Nicorette 2mg Medicated Chewing-gum [PA23490/019/014, GSL]; Nicorette 4mg Medicated Chewing-gum [PA23490/019/015, GSL]; Nicorette Cools 2mg Lozenge [PA23490/019/011, GSL]; Nicorette Cools 4mg Lozenge [PA23490/019/012, GSL]; Nicorette Freshfruit 2mg Medicated Chewing Gum [PA23490/019/003, GSL]; Nicorette Freshfruit 4mg Medicated Chewing Gum [PA23490/019/004, GSL]; Nicorette Freshmint 2mg Medicated Chewing Gum [PA23490/019/001, GSL]; Nicorette Freshmint 4 mg Medicated Chewing Gum [PA23490/019/002, GSL]; Nicorette Fruit 2 mg Lozenges [PA23490/019/017, GSL]; Nicorette Fruit 4 mg Lozenges [PA23490/019/018, GSL]; Nicorette Icy White 2mg Medicated Chew"
Nicorette Classic 4Mg 210Pk,Pharmacy > Nicotine Replacement,True,UNSURE,,"Nicorette 15mg Inhaler [PA23490/019/010, GSL]; Nicorette 2mg Medicated Chewing-gum [PA23490/019/014, GSL]; Nicorette 4mg Medicated Chewing-gum [PA23490/019/015, GSL]; Nicorette Cools 2mg Lozenge [PA23490/019/011, GSL]; Nicorette Cools 4mg Lozenge [PA23490/019/012, GSL]; Nicorette Freshfruit 2mg Medicated Chewing Gum [PA23490/019/003, GSL]; Nicorette Freshfruit 4mg Medicated Chewing Gum [PA23490/019/004, GSL]; Nicorette Freshmint 2mg Medicated Chewing Gum [PA23490/019/001, GSL]; Nicorette Freshmint 4 mg Medicated Chewing Gum [PA23490/019/002, GSL]; Nicorette Fruit 2 mg Lozenges [PA23490/019/017, GSL]; Nicorette Fruit 4 mg Lozenges [PA23490/019/018, GSL]; Nicorette Icy White 2mg Medicated Chew"
Nicorette Freshmint 2Mg 105Pk,Pharmacy > Nicotine Replacement,True,UNSURE,,"Nicorette 15mg Inhaler [PA23490/019/010, GSL]; Nicorette 2mg Medicated Chewing-gum [PA23490/019/014, GSL]; Nicorette 4mg Medicated Chewing-gum [PA23490/019/015, GSL]; Nicorette Cools 2mg Lozenge [PA23490/019/011, GSL]; Nicorette Cools 4mg Lozenge [PA23490/019/012, GSL]; Nicorette Freshfruit 2mg Medicated Chewing Gum [PA23490/019/003, GSL]; Nicorette Freshfruit 4mg Medicated Chewing Gum [PA23490/019/004, GSL]; Nicorette Freshmint 2mg Medicated Chewing Gum [PA23490/019/001, GSL]; Nicorette Freshmint 4 mg Medicated Chewing Gum [PA23490/019/002, GSL]; Nicorette Fruit 2 mg Lozenges [PA23490/019/017, GSL]; Nicorette Fruit 4 mg Lozenges [PA23490/019/018, GSL]; Nicorette Icy White 2mg Medicated Chew"
Nicorette Freshmint 2Mg 30Pk,Pharmacy > Nicotine Replacement,True,UNSURE,,"Nicorette 15mg Inhaler [PA23490/019/010, GSL]; Nicorette 2mg Medicated Chewing-gum [PA23490/019/014, GSL]; Nicorette 4mg Medicated Chewing-gum [PA23490/019/015, GSL]; Nicorette Cools 2mg Lozenge [PA23490/019/011, GSL]; Nicorette Cools 4mg Lozenge [PA23490/019/012, GSL]; Nicorette Freshfruit 2mg Medicated Chewing Gum [PA23490/019/003, GSL]; Nicorette Freshfruit 4mg Medicated Chewing Gum [PA23490/019/004, GSL]; Nicorette Freshmint 2mg Medicated Chewing Gum [PA23490/019/001, GSL]; Nicorette Freshmint 4 mg Medicated Chewing Gum [PA23490/019/002, GSL]; Nicorette Fruit 2 mg Lozenges [PA23490/019/017, GSL]; Nicorette Fruit 4 mg Lozenges [PA23490/019/018, GSL]; Nicorette Icy White 2mg Medicated Chew"
Nicorette Freshmint 4Mg 105Pk,Pharmacy > Nicotine Replacement,True,UNSURE,,"Nicorette 15mg Inhaler [PA23490/019/010, GSL]; Nicorette 2mg Medicated Chewing-gum [PA23490/019/014, GSL]; Nicorette 4mg Medicated Chewing-gum [PA23490/019/015, GSL]; Nicorette Cools 2mg Lozenge [PA23490/019/011, GSL]; Nicorette Cools 4mg Lozenge [PA23490/019/012, GSL]; Nicorette Freshfruit 2mg Medicated Chewing Gum [PA23490/019/003, GSL]; Nicorette Freshfruit 4mg Medicated Chewing Gum [PA23490/019/004, GSL]; Nicorette Freshmint 2mg Medicated Chewing Gum [PA23490/019/001, GSL]; Nicorette Freshmint 4 mg Medicated Chewing Gum [PA23490/019/002, GSL]; Nicorette Fruit 2 mg Lozenges [PA23490/019/017, GSL]; Nicorette Fruit 4 mg Lozenges [PA23490/019/018, GSL]; Nicorette Icy White 2mg Medicated Chew"
Nicorette Freshmint 4Mg 30Pk,Pharmacy > Nicotine Replacement,True,UNSURE,,"Nicorette 15mg Inhaler [PA23490/019/010, GSL]; Nicorette 2mg Medicated Chewing-gum [PA23490/019/014, GSL]; Nicorette 4mg Medicated Chewing-gum [PA23490/019/015, GSL]; Nicorette Cools 2mg Lozenge [PA23490/019/011, GSL]; Nicorette Cools 4mg Lozenge [PA23490/019/012, GSL]; Nicorette Freshfruit 2mg Medicated Chewing Gum [PA23490/019/003, GSL]; Nicorette Freshfruit 4mg Medicated Chewing Gum [PA23490/019/004, GSL]; Nicorette Freshmint 2mg Medicated Chewing Gum [PA23490/019/001, GSL]; Nicorette Freshmint 4 mg Medicated Chewing Gum [PA23490/019/002, GSL]; Nicorette Fruit 2 mg Lozenges [PA23490/019/017, GSL]; Nicorette Fruit 4 mg Lozenges [PA23490/019/018, GSL]; Nicorette Icy White 2mg Medicated Chew"
Nicorette Icy White 4Mg 30Pk,Pharmacy > Nicotine Replacement,True,UNSURE,,"Nicorette 15mg Inhaler [PA23490/019/010, GSL]; Nicorette 2mg Medicated Chewing-gum [PA23490/019/014, GSL]; Nicorette 4mg Medicated Chewing-gum [PA23490/019/015, GSL]; Nicorette Cools 2mg Lozenge [PA23490/019/011, GSL]; Nicorette Cools 4mg Lozenge [PA23490/019/012, GSL]; Nicorette Freshfruit 2mg Medicated Chewing Gum [PA23490/019/003, GSL]; Nicorette Freshfruit 4mg Medicated Chewing Gum [PA23490/019/004, GSL]; Nicorette Freshmint 2mg Medicated Chewing Gum [PA23490/019/001, GSL]; Nicorette Freshmint 4 mg Medicated Chewing Gum [PA23490/019/002, GSL]; Nicorette Fruit 2 mg Lozenges [PA23490/019/017, GSL]; Nicorette Fruit 4 mg Lozenges [PA23490/019/018, GSL]; Nicorette Icy White 2mg Medicated Chew"
Night Nurse Liquid 160Ml Gsk,Pharmacy > Cold & Flu,True,UNSURE,,"Night Nurse Capsules Paracetamol 500 mg Promethazine Hydrochloride 10 mg Dextrom [PA0678/021/001, P]; Night Nurse Cold Remedy oral solution Paracetamol 1000 mg/20 ml        Promethaz [PA0678/014/001, P]"
Nizoral Care Scalp Tonic,Toiletries > Hair Care,True,UNSURE,,"Nizoral 20 mg/g Cream [PA0126/315/003, P]; Nizoral 20mg/g shampoo [PA0126/315/002, POM]"
Nizoral Dandruff Shampoo 100Ml,Toiletries > Hair Care,True,UNSURE,,"Nizoral 20 mg/g Cream [PA0126/315/003, P]; Nizoral 20mg/g shampoo [PA0126/315/002, POM]; Nizoral Dandruff 20mg/g Shampoo [PA0126/315/001, P]"
Nurofen Child 6+ 200Ml Spn Orange,Pharmacy > Children's Medicine,True,UNSURE,,"Nurofen 200 mg Coated Tablets [PA0979/032/006, P]; Nurofen 200 mg coated tablets [PPA0465/430/002, P]; Nurofen 5% w/w Gel [PA0979/032/003, P]; Nurofen Advance 200 mg Tablets [PA0979/075/001, P]; Nurofen Cold & Flu Film-coated Tablets Ibuprofen 200mg Pseudophedrine hydrochlor [PA0979/033/001, P]; Nurofen Cold & Flu film-coated tablets Ibuprofen 200mg Pseudoephedrine hydrochlo [PPA0465/337/002, P]; Nurofen Durance 200 mg medicated plaster [PA0979/032/018, P]; Nurofen Express 200 mg Tablets [PA0979/032/010, P]; Nurofen Express Maximum Strength 400 mg Tablets [PA0979/032/011, P]; Nurofen Express Maximum Strength 400 mg Tablets [PPA1463/217/001, P]; Nurofen Express Maximum Strength 400 mg tablets"
Nurofen Child 6+ 200Ml Spn Strawberry,Pharmacy > Children's Medicine,True,UNSURE,,"Nurofen 200 mg Coated Tablets [PA0979/032/006, P]; Nurofen 200 mg coated tablets [PPA0465/430/002, P]; Nurofen 5% w/w Gel [PA0979/032/003, P]; Nurofen Advance 200 mg Tablets [PA0979/075/001, P]; Nurofen Cold & Flu Film-coated Tablets Ibuprofen 200mg Pseudophedrine hydrochlor [PA0979/033/001, P]; Nurofen Cold & Flu film-coated tablets Ibuprofen 200mg Pseudoephedrine hydrochlo [PPA0465/337/002, P]; Nurofen Durance 200 mg medicated plaster [PA0979/032/018, P]; Nurofen Express 200 mg Tablets [PA0979/032/010, P]; Nurofen Express Maximum Strength 400 mg Tablets [PA0979/032/011, P]; Nurofen Express Maximum Strength 400 mg Tablets [PPA1463/217/001, P]; Nurofen Express Maximum Strength 400 mg tablets"
Nurofen Child 7+ Soft Chewable Caps 12Pk Orange,Pharmacy > Children's Medicine,True,UNSURE,,"Nurofen 200 mg Coated Tablets [PA0979/032/006, P]; Nurofen 200 mg coated tablets [PPA0465/430/002, P]; Nurofen 5% w/w Gel [PA0979/032/003, P]; Nurofen Advance 200 mg Tablets [PA0979/075/001, P]; Nurofen Cold & Flu Film-coated Tablets Ibuprofen 200mg Pseudophedrine hydrochlor [PA0979/033/001, P]; Nurofen Cold & Flu film-coated tablets Ibuprofen 200mg Pseudoephedrine hydrochlo [PPA0465/337/002, P]; Nurofen Durance 200 mg medicated plaster [PA0979/032/018, P]; Nurofen Express 200 mg Tablets [PA0979/032/010, P]; Nurofen Express Maximum Strength 400 mg Tablets [PA0979/032/011, P]; Nurofen Express Maximum Strength 400 mg Tablets [PPA1463/217/001, P]; Nurofen Express Maximum Strength 400 mg tablets"
Nurofen Child Oral Susp 3+ Orange W/ Spoon 100M,Pharmacy > Children's Medicine,True,UNSURE,,"Nurofen 200 mg Coated Tablets [PA0979/032/006, P]; Nurofen 200 mg coated tablets [PPA0465/430/002, P]; Nurofen 5% w/w Gel [PA0979/032/003, P]; Nurofen Advance 200 mg Tablets [PA0979/075/001, P]; Nurofen Cold & Flu Film-coated Tablets Ibuprofen 200mg Pseudophedrine hydrochlor [PA0979/033/001, P]; Nurofen Cold & Flu film-coated tablets Ibuprofen 200mg Pseudoephedrine hydrochlo [PPA0465/337/002, P]; Nurofen Durance 200 mg medicated plaster [PA0979/032/018, P]; Nurofen Express 200 mg Tablets [PA0979/032/010, P]; Nurofen Express Maximum Strength 400 mg Tablets [PA0979/032/011, P]; Nurofen Express Maximum Strength 400 mg Tablets [PPA1463/217/001, P]; Nurofen Express Maximum Strength 400 mg tablets"
Nurofen Child Oral Suspension Orange W/ Syringe 150Ml,Pharmacy > Children's Medicine,True,UNSURE,,"Nurofen 200 mg Coated Tablets [PA0979/032/006, P]; Nurofen 200 mg coated tablets [PPA0465/430/002, P]; Nurofen 5% w/w Gel [PA0979/032/003, P]; Nurofen Advance 200 mg Tablets [PA0979/075/001, P]; Nurofen Cold & Flu Film-coated Tablets Ibuprofen 200mg Pseudophedrine hydrochlor [PA0979/033/001, P]; Nurofen Cold & Flu film-coated tablets Ibuprofen 200mg Pseudoephedrine hydrochlo [PPA0465/337/002, P]; Nurofen Durance 200 mg medicated plaster [PA0979/032/018, P]; Nurofen Express 200 mg Tablets [PA0979/032/010, P]; Nurofen Express Maximum Strength 400 mg Tablets [PA0979/032/011, P]; Nurofen Express Maximum Strength 400 mg Tablets [PPA1463/217/001, P]; Nurofen Express Maximum Strength 400 mg tablets"
Nurofen Child Oral Suspension Strawberry W/ Syringe 150Ml,Pharmacy > Children's Medicine,True,UNSURE,,"Nurofen 200 mg Coated Tablets [PA0979/032/006, P]; Nurofen 200 mg coated tablets [PPA0465/430/002, P]; Nurofen 5% w/w Gel [PA0979/032/003, P]; Nurofen Advance 200 mg Tablets [PA0979/075/001, P]; Nurofen Cold & Flu Film-coated Tablets Ibuprofen 200mg Pseudophedrine hydrochlor [PA0979/033/001, P]; Nurofen Cold & Flu film-coated tablets Ibuprofen 200mg Pseudoephedrine hydrochlo [PPA0465/337/002, P]; Nurofen Durance 200 mg medicated plaster [PA0979/032/018, P]; Nurofen Express 200 mg Tablets [PA0979/032/010, P]; Nurofen Express Maximum Strength 400 mg Tablets [PA0979/032/011, P]; Nurofen Express Maximum Strength 400 mg Tablets [PPA1463/217/001, P]; Nurofen Express Maximum Strength 400 mg tablets"
Nurofen Child Orange Oral Suspension W/Spoon 200Ml,Pharmacy > Children's Medicine,True,UNSURE,,"Nurofen 200 mg Coated Tablets [PA0979/032/006, P]; Nurofen 200 mg coated tablets [PPA0465/430/002, P]; Nurofen 5% w/w Gel [PA0979/032/003, P]; Nurofen Advance 200 mg Tablets [PA0979/075/001, P]; Nurofen Cold & Flu Film-coated Tablets Ibuprofen 200mg Pseudophedrine hydrochlor [PA0979/033/001, P]; Nurofen Cold & Flu film-coated tablets Ibuprofen 200mg Pseudoephedrine hydrochlo [PPA0465/337/002, P]; Nurofen Durance 200 mg medicated plaster [PA0979/032/018, P]; Nurofen Express 200 mg Tablets [PA0979/032/010, P]; Nurofen Express Maximum Strength 400 mg Tablets [PA0979/032/011, P]; Nurofen Express Maximum Strength 400 mg Tablets [PPA1463/217/001, P]; Nurofen Express Maximum Strength 400 mg tablets"
Nurofen Child Six Plus Orange 200Mg/5Ml Oral Suspension 100Ml,Pharmacy > Children's Medicine,True,UNSURE,,"Nurofen 200 mg Coated Tablets [PA0979/032/006, P]; Nurofen 200 mg coated tablets [PPA0465/430/002, P]; Nurofen 5% w/w Gel [PA0979/032/003, P]; Nurofen Advance 200 mg Tablets [PA0979/075/001, P]; Nurofen Cold & Flu Film-coated Tablets Ibuprofen 200mg Pseudophedrine hydrochlor [PA0979/033/001, P]; Nurofen Cold & Flu film-coated tablets Ibuprofen 200mg Pseudoephedrine hydrochlo [PPA0465/337/002, P]; Nurofen Durance 200 mg medicated plaster [PA0979/032/018, P]; Nurofen Express 200 mg Tablets [PA0979/032/010, P]; Nurofen Express Maximum Strength 400 mg Tablets [PA0979/032/011, P]; Nurofen Express Maximum Strength 400 mg Tablets [PPA1463/217/001, P]; Nurofen Express Maximum Strength 400 mg tablets"
Nurofen Child Strawberry Oral Suspension W/Spoon 200Ml,Pharmacy > Children's Medicine,True,UNSURE,,"Nurofen 200 mg Coated Tablets [PA0979/032/006, P]; Nurofen 200 mg coated tablets [PPA0465/430/002, P]; Nurofen 5% w/w Gel [PA0979/032/003, P]; Nurofen Advance 200 mg Tablets [PA0979/075/001, P]; Nurofen Cold & Flu Film-coated Tablets Ibuprofen 200mg Pseudophedrine hydrochlor [PA0979/033/001, P]; Nurofen Cold & Flu film-coated tablets Ibuprofen 200mg Pseudoephedrine hydrochlo [PPA0465/337/002, P]; Nurofen Durance 200 mg medicated plaster [PA0979/032/018, P]; Nurofen Express 200 mg Tablets [PA0979/032/010, P]; Nurofen Express Maximum Strength 400 mg Tablets [PA0979/032/011, P]; Nurofen Express Maximum Strength 400 mg Tablets [PPA1463/217/001, P]; Nurofen Express Maximum Strength 400 mg tablets"
Nytol 50Mg Diphenhydramine 20Pk Perrigo,Pharmacy > Sensitive Conditions,True,UNSURE,,"Nytol One-A-Night 50 mg Tablets [PA1186/016/001, P]; Perrigo Cold & Flu Tablets Paracetamol 250 mg Guaifenesin 100 mg Phenylephrine   [PA1186/021/001, P]; Perrigo Cold & Flu powder for oral solution Paracetamol 500 mg, Guaifenesin 200  [PA1186/023/001, P]"
Oilatum 500Ml,Toiletries > Bath & Shower,True,UNSURE,,"Oilatum Cream [PA0126/321/001, GSL]"
Opticrom Allergy 2% Eye Drops 10Ml,Pharmacy > Eye & Ear Care,True,UNSURE,multi-dose licence PA0126/381/002 is prescription-only; single-dose is P,"Opticrom Allergy Single Dose 2% w/v eye drops, solution [PA0126/381/003, P]; Opticrom allergy 2% w/v eye drops, solution [PA0126/381/002, POM]"
Optrex Actimist 10Ml Eye Spray 2N1 Dry & Irritated,Pharmacy > Eye & Ear Care,True,UNSURE,,"Optrex Clear Eyes Eye Drops Solution Hamamelis Water 12.5% v/v Naphazoline Hydro [PA0979/079/001, P]"
Optrex Actimist 10Ml Eye Spray 2N1 Itchy,Pharmacy > Eye & Ear Care,True,UNSURE,,"Optrex Clear Eyes Eye Drops Solution Hamamelis Water 12.5% v/v Naphazoline Hydro [PA0979/079/001, P]"
Optrex Multi Action Eye Wash 100Ml,Pharmacy > Eye & Ear Care,True,UNSURE,,"Optrex Clear Eyes Eye Drops Solution Hamamelis Water 12.5% v/v Naphazoline Hydro [PA0979/079/001, P]"
Optrex Refreshing Eye Drops 10Ml,Pharmacy > Eye & Ear Care,True,UNSURE,,"Optrex Clear Eyes Eye Drops Solution Hamamelis Water 12.5% v/v Naphazoline Hydro [PA0979/079/001, P]"
Optrex Soothing Eye Drops For Itchy Eyes 10Ml,Pharmacy > Eye & Ear Care,True,UNSURE,,"Optrex Clear Eyes Eye Drops Solution Hamamelis Water 12.5% v/v Naphazoline Hydro [PA0979/079/001, P]"
Oraldene Liquid 200Ml,Toiletries > Dental,True,UNSURE,,"Oraldene 0.1% w/v Gargle/Mouthwash [PA23490/009/001, GSL]; Oraldene Icemint 0.1% w/v Gargle/Mouthwash Hexetidine [PA23490/009/002, GSL]"
Otrivine Adult Mucus Relief Spray 10Ml,Pharmacy > Cold & Flu,True,UNSURE,,"Otrivine Adult 0.1% w/v Nasal Drops, Solution [PA0678/120/001, P]; Otrivine Adult Menthol 0.1% w/v Nasal Spray, Solution [PA0678/120/004, P]; Otrivine Congestion Relief 0.1% w/v Nasal Spray, Solution [PA0678/120/002, P]; Otrivine Congestion Relief Menthol 0.1% w/v Nasal Spray [PA0678/120/005, P]; Otrivine Extra Dual Relief 0.5mg/ml + 0.6mg/ml nasal spray, solution [PA0678/131/001, P]; Otrivine Sinusitis Relief 0.1% w/v Nasal Spray, Solution [PA0678/120/003, P]"
Otrivine Adult Sinusitis 10Ml Measured Dose,Pharmacy > Allergy Relief,True,UNSURE,,"Otrivine Adult 0.1% w/v Nasal Drops, Solution [PA0678/120/001, P]; Otrivine Adult Menthol 0.1% w/v Nasal Spray, Solution [PA0678/120/004, P]; Otrivine Congestion Relief 0.1% w/v Nasal Spray, Solution [PA0678/120/002, P]; Otrivine Congestion Relief Menthol 0.1% w/v Nasal Spray [PA0678/120/005, P]; Otrivine Extra Dual Relief 0.5mg/ml + 0.6mg/ml nasal spray, solution [PA0678/131/001, P]; Otrivine Sinusitis Relief 0.1% w/v Nasal Spray, Solution [PA0678/120/003, P]"
Otrivine Antistin Eye Drops 10Ml,Pharmacy > Eye & Ear Care,True,UNSURE,,"Otrivine Adult 0.1% w/v Nasal Drops, Solution [PA0678/120/001, P]; Otrivine Adult Menthol 0.1% w/v Nasal Spray, Solution [PA0678/120/004, P]; Otrivine Congestion Relief 0.1% w/v Nasal Spray, Solution [PA0678/120/002, P]; Otrivine Congestion Relief Menthol 0.1% w/v Nasal Spray [PA0678/120/005, P]; Otrivine Extra Dual Relief 0.5mg/ml + 0.6mg/ml nasal spray, solution [PA0678/131/001, P]; Otrivine Sinusitis Relief 0.1% w/v Nasal Spray, Solution [PA0678/120/003, P]"
Panadol Baby & Infant Susp Paracetamol 100Ml,Pharmacy > Children's Medicine,True,UNSURE,,"Panadol Baby 120 mg/5 ml, Oral Suspension [PA0678/039/003, GSL]; Panadol Fever and Congestion Film-coated Tablets Paracetamol 500mg Pseudoephedri [PA0678/094/001, P]; Panadol with Caffeine 500mg/ 65mg Film Coated Tablets [PA0678/037/001, GSL]"
Panadol C&F Relief Tabs 12Pk,Pharmacy > Cold & Flu,True,UNSURE,,"Panadol 500 mg Film Coated Tablets [PA0678/107/001, GSL]; Panadol ActiFast 500mg Soluble Tablets [PA0678/039/014, GSL]; Panadol Actifast Lemon 500 mg Soluble Tablets [PA0678/039/017, GSL]; Panadol Actifast Tablets 500mg [PA0678/039/012, GSL]; Panadol Baby 120 mg/5 ml, Oral Suspension [PA0678/039/003, GSL]; Panadol Cold & Flu Hot Blackcurrant Powder for Oral SolutionParacetamol 600mgAsc [PA0678/011/002, GSL]; Panadol Cold & Flu Hot Lemon Powder for Oral SolutionParacetamol 600mgAscorbic a [PA0678/011/001, GSL]; Panadol Cold & Flu Hot Lemon with Honey Powder for Oral SolutionParacetamol 600m [PA0678/011/003, GSL]; Panadol Cold and Flu Relief 500mg/65mg Film-Coated Tablets [PA0678/105/001, GSL]"
Panadol Ets Tabs 12Pk,Pharmacy > Pain Relief,True,UNSURE,,"Panadol 500 mg Film Coated Tablets [PA0678/107/001, GSL]; Panadol Baby 120 mg/5 ml, Oral Suspension [PA0678/039/003, GSL]; Panadol Fever and Congestion Film-coated Tablets Paracetamol 500mg Pseudoephedri [PA0678/094/001, P]; Panadol with Caffeine 500mg/ 65mg Film Coated Tablets [PA0678/037/001, GSL]"
Panadol Ets Tabs 24Pk,Pharmacy > Pain Relief,True,UNSURE,,"Panadol 500 mg Film Coated Tablets [PA0678/107/001, GSL]; Panadol Baby 120 mg/5 ml, Oral Suspension [PA0678/039/003, GSL]; Panadol Fever and Congestion Film-coated Tablets Paracetamol 500mg Pseudoephedri [PA0678/094/001, P]; Panadol with Caffeine 500mg/ 65mg Film Coated Tablets [PA0678/037/001, GSL]"
Paralief Paracetamol 24Pk Blue Clonmel,Pharmacy > Pain Relief,True,UNSURE,,"Paralief 500 mg Effervescent Tablets [PA0126/020/004, GSL]; Paralief 500 mg film-coated tablets [PA0126/020/008, GSL]; Paralief 500 mg soft capsules [PA0126/020/007, GSL]; Paralief 500mg Tablets [PA0126/020/001, GSL]"
Paralink Susp 100Ml,Pharmacy > Children's Medicine,True,UNSURE,,"Paralink 120 mg/5 ml Oral Solution [PA1721/006/001, GSL]; Paralink 125 mg Suppositories [PA1721/006/006, P]; Paralink 180 mg suppositories [PA1721/006/002, P]; Paralink 250 mg Suppositories [PA1721/006/007, P]; Paralink 500 mg suppositories [PA1721/006/003, P]; Paralink 80 mg Suppositories [PA1721/006/005, P]; Paralink Six Plus Paracetamol 250 mg/5 ml oral solution [PA1721/006/004, GSL]"
Perio-Kin Mouthwash 250Ml Chlorhexidine,Toiletries > Dental,True,UNSURE,,"Chlorhexidine Acetate BP 0.05% w/v Irrigation solution [PA2299/004/001, P]; Chlorhexidine acetate 0.015% w/v and Cetrimide 0.15% w/v Irrigation solution [PA2299/005/001, POM]"
Piriton Tabs 4Mg 30Pk,Pharmacy > Allergy Relief,True,UNSURE,,"Piriton Allergy 4mg Tablets [PA0678/080/001, P]"
Pro:Voke Touch Of Silver Brightening Shampoo 200Ml,Toiletries > Hair Care,True,UNSURE,,"Pro-Epanutin 75 mg/ml concentrate for solution for infusion/solution for injecti [PA0822/019/001, POM]"
Pro:Voke Touch Of Silver Colour Care Shampoo 200Ml,Toiletries > Hair Care,True,UNSURE,,"Pro-Epanutin 75 mg/ml concentrate for solution for infusion/solution for injecti [PA0822/019/001, POM]"
Regaine Men Foam 5% 3Pk,Toiletries > Men's Grooming,True,UNSURE,,"Regaine Extra Strength 5% w/v Cutaneous Solution [PA23490/038/002, P]; Regaine for Men Extra Strength Scalp Foam 5% w/w Cutaneous Foam [PA23490/018/001, GSL]; Regaine for Women Extra Strength Scalp Foam 5% w/w Cutaneous Foam [PA23490/018/002, P]; Regaine for Women Regular Strength 2% w/v Cutaneous Solution [PA23490/038/001, P]"
Robitussin Chesty Cough 100Ml,Pharmacy > Cold & Flu,True,UNSURE,,"Robitussin Chesty Cough 100 mg/5 ml Oral Solution [PA0678/153/001, GSL]; Robitussin Dry Cough 7.5mg/5ml Oral Solution [PA0678/155/001, P]; Robitussin Plus Oral Solution Guaifenesin 100 mg/5ml Pseudoephedrine HCl 30 mg/5 [PA0678/154/001, P]"
Salactol Wart Paint 10Ml,Pharmacy > Foot & Nail Care,True,UNSURE,,"Salactol Collodion [PA23128/003/001, P]"
Sona Folic Acid 400Ug (90 Pk),Supplements > Women's Wellbeing,True,UNSURE,,"Folic Acid 400 microgram Tablets [PA23155/001/001, GSL]; Folic Acid 5mg Tablets [PA0126/057/001, POM]"
Sudocrem Tub 125G,Baby > Baby Wipes & Changing,True,UNSURE,,"Sudocrem Antiseptic Healing Cream [PA0436/054/001, GSL]"
Sudocrem Tub 250G,Baby > Baby Wipes & Changing,True,UNSURE,,"Sudocrem Antiseptic Healing Cream [PA0436/054/001, GSL]"
Sudocrem Tub 60G,Baby > Baby Wipes & Changing,True,UNSURE,,"Sudocrem Antiseptic Healing Cream [PA0436/054/001, GSL]"
Sudocrem Tube 30G,Baby > Baby Wipes & Changing,True,UNSURE,,"Sudocrem Antiseptic Healing Cream [PA0436/054/001, GSL]"
Ultra Pure Citric Acid 50G,,True,UNSURE,,"Ultra-TechneKow FM 2.15-43.00 GBq radionuclide generator [PA0690/017/001, POM]"
Ultra Pure Eucalyptus Oil 10Ml,Skincare > Body Care,True,UNSURE,,"Ultra-TechneKow FM 2.15-43.00 GBq radionuclide generator [PA0690/017/001, POM]"
Ultra Pure Glucose Powder,,True,UNSURE,,"Ultra-TechneKow FM 2.15-43.00 GBq radionuclide generator [PA0690/017/001, POM]"
Uniflu Cough Stop,Uniflu,True,UNSURE,,"Uniflu Plus with Vitamin C Tablets [PA1113/006/001, P]; Uniflu with Vitamin C Tablets [PA1113/005/001, P]"
Uniflu Immune Defence,Uniflu,True,UNSURE,,"Uniflu Plus with Vitamin C Tablets [PA1113/006/001, P]; Uniflu with Vitamin C Tablets [PA1113/005/001, P]"
Vicks Comf Plug In + 5 Sachet,Pharmacy > Children's Medicine,True,UNSURE,,"Vicks Inhaler Nasal Stick Menthol 125 mg Camphor 50 mg Siberian Pine Needle Oil  [PA2294/005/001, GSL]; Vicks Sinex Micromist 0.05% w/v Nasal Spray, Solution [PA2294/004/001, P]; Vicks Vaporub Inhalation Vapour, Ointment Levomenthol        2.75% w/wCamphor    [PA2294/003/001, GSL]"
Vicks First Defense 15Ml Nasal Spray,Pharmacy > Cold & Flu,True,UNSURE,,"Vicks Inhaler Nasal Stick Menthol 125 mg Camphor 50 mg Siberian Pine Needle Oil  [PA2294/005/001, GSL]; Vicks Sinex Micromist 0.05% w/v Nasal Spray, Solution [PA2294/004/001, P]; Vicks Vaporub Inhalation Vapour, Ointment Levomenthol        2.75% w/wCamphor    [PA2294/003/001, GSL]"
Vicks Vapopads 7,Pharmacy > Cold & Flu,True,UNSURE,,"Vicks Inhaler Nasal Stick Menthol 125 mg Camphor 50 mg Siberian Pine Needle Oil  [PA2294/005/001, GSL]; Vicks Sinex Micromist 0.05% w/v Nasal Spray, Solution [PA2294/004/001, P]; Vicks Vaporub Inhalation Vapour, Ointment Levomenthol        2.75% w/wCamphor    [PA2294/003/001, GSL]"
Viralief Cs Cream 2G,Pharmacy > Oral Health,True,UNSURE,,"Viralief  50 mg/g Cream [PA0126/201/001, P]"
Viscolex Syrup 250Ml,Pharmacy > Cold & Flu,True,UNSURE,,"Viscolex Syrup 250 mg/5 ml Oral Solution [PA0281/070/001, P]"
Voltarol 1% 100G,Pharmacy > Pain Relief,True,UNSURE,,"Voltarol 1% w/w Gel [PA0678/140/001, POM]; Voltarol Emulgel 1% w/w Gel [PA0678/140/002, GSL]; Voltarol Emulgel 1% w/w Gel [PPA0465/442/001, P]"
Voltarol 1% Emulgel 30G,Pharmacy > Pain Relief,True,UNSURE,,"Voltarol 1% w/w Gel [PA0678/140/001, POM]; Voltarol Emulgel 1% w/w Gel [PA0678/140/002, GSL]; Voltarol Emulgel 1% w/w Gel [PPA0465/442/001, P]"
Voltarol 1% Emulgel P 50G,Pharmacy > Pain Relief,True,UNSURE,,"Voltarol 1% w/w Gel [PA0678/140/001, POM]; Voltarol Emulgel 1% w/w Gel [PA0678/140/002, GSL]; Voltarol Emulgel 1% w/w Gel [PPA0465/442/001, P]"
Voltarol Emulgel 1% No Mess 100G,Pharmacy > Pain Relief,True,UNSURE,,"Voltarol 1% w/w Gel [PA0678/140/001, POM]; Voltarol Emulgel 1% w/w Gel [PA0678/140/002, GSL]; Voltarol Emulgel 1% w/w Gel [PPA0465/442/001, P]"
Water Wipes 60 Wipes - 12 Pack,Baby > Baby Wipes & Changing,True,UNSURE,,"Water for Injections Ph Eur [PA1122/001/001, P]; Water for Injections Ph. Eur [PA0179/009/003, POM]; Water for Injections Ph. Eur., viaflo container [PA2299/013/001, POM]; Water for injections, solvent for parenteral use [PA2059/035/001, P]"
Water Wipes Baby Wipes,Baby > Baby Wipes & Changing,True,UNSURE,,"Water for Injections Ph Eur [PA1122/001/001, P]; Water for Injections Ph. Eur [PA0179/009/003, POM]; Water for Injections Ph. Eur., viaflo container [PA2299/013/001, POM]; Water for injections, solvent for parenteral use [PA2059/035/001, P]"
Water Wipes- 24 Pack,Baby > Baby Wipes & Changing,True,UNSURE,,"Water for Injections Ph Eur [PA1122/001/001, P]; Water for Injections Ph. Eur [PA0179/009/003, POM]; Water for Injections Ph. Eur., viaflo container [PA2299/013/001, POM]; Water for injections, solvent for parenteral use [PA2059/035/001, P]"
Zovirax Cream Pump 2G,Pharmacy > Oral Health,True,UNSURE,Zovirax 5% Cream is prescription-only; Zovirax Cold Sore Cream is GSL,"Zovirax IV for Infusion 250 mg, Powder for solution for infusion [PA1077/084/003, POM]"
Acic 5% Cream 2G,Pharmacy > Oral Health,True,P,,"Acic 5% Cream [PA0711/017/001, P]"
Actifed Tabs 12Pk,Pharmacy > Cold & Flu,True,P,,"ACTIFED 30 mg/1.25 mg per 5 ml Syrup [PA23490/029/001, P]; Actifed 60mg/2.5mg Tablets [PA23490/029/002, P]"
Advil Cold & Flu 20Pk,Pharmacy > Cold & Flu,True,P,,"Advil Cold & Flu Coated Tablets Ibuprofen 200mg Pseudoephedrine Hydrochloride 30 [PA0678/147/001, P]"
Anhydrol Forte 60Ml,Toiletries > Deodorant,True,P,,"Anhydrol Forte 20% w/v Cutaneous Solution [PA23128/004/001, P]"
Anti Hist Allergy 10Mg Tabs 30Pk,Pharmacy > Allergy Relief,True,P,,"Anti-Hist Allergy 10mg Film-coated tablets [PA0126/267/001, P]"
Anusol Hc Suppositories 12Pk,Pharmacy > Pain Relief,True,P,,"Anusol HC Suppositories [PA22647/002/002, P]"
Anusol Supp 12Pk,Pharmacy > Sensitive Conditions,True,P,,"Anusol Suppositories [PA22647/001/003, P]"
Anusol Suppositories 24Pk,Pharmacy > Sensitive Conditions,True,P,,"Anusol Suppositories [PA22647/001/003, P]"
Arret 2Mg Hard Capsules 12Pk,Pharmacy > Stomach & Digestion,True,P,,"Arret 2 mg Hard Capsules [PPA0465/155/001, P]; Arret 2mg Hard Capsules [PA23490/023/001, P]"
Arret 2Mg Hard Capsules 6Pk,Pharmacy > Stomach & Digestion,True,P,,"Arret 2 mg Hard Capsules [PPA0465/155/001, P]; Arret 2mg Hard Capsules [PA23490/023/001, P]"
Beconase Hayfever 100 Dose,Pharmacy > Allergy Relief,True,P,,"Beconase Hayfever nasal spray 50 micrograms per spray [PA1186/008/001, P]"
Benylin 100Ml Dry Dual Action,Pharmacy > Cold & Flu,True,P,,"Benylin Dual Action Dry Syrup, Pseudoephedrine 30mg, Dextromethorphan 10mg, Trip [PA23490/002/001, P]"
Benylin Day & Night Tabs 16Pk,Pharmacy > Cold & Flu,True,P,,"BENYLIN Day & Night Tablets, 500mg/60mg tablets and 500/25mg film-coated tablets [PA23490/006/001, P]"
Brupro Ibuprofen 200Mg Tabs 24Pk,Pharmacy > Pain Relief,True,P,,"Brupro 200mg Film-coated tablets [PA0074/067/001, P]"
Brupro Ibuprofen 200Mg Tabs 48Pk,Pharmacy > Pain Relief,True,P,,"Brupro 200mg Film-coated tablets [PA0074/067/001, P]"
Brupro Max Ibuprofen 400Mg Tabs 12Pk,Pharmacy > Pain Relief,True,P,,"Brupro Max 400mg Film-coated tablets [PA0074/067/002, P]"
Buplex Ibuprofen 200Mg Tabs 12Pk,Pharmacy > Pain Relief,True,P,,"Buplex 200mg film-coated tablets [PA1986/116/001, P]"
Buplex Ibuprofen 400Mg Tabs 12Pk,Pharmacy > Pain Relief,True,P,,"Buplex 400mg film-coated tablets [PA1986/116/002, P]"
Buplex Ibuprofen 400Mg Tabs 24Pk,Pharmacy > First Aid,True,P,,"Buplex 400mg film-coated tablets [PA1986/116/002, P]"
Buscopan 10Mg Tabs 20Pk,Pharmacy > Stomach & Digestion,True,P,,"Buscopan 10 mg Coated Tablets [PA23180/016/002, P]"
Canesten 1% Cream 20G,Pharmacy > Women's Health,True,P,,"Canesten 10 mg/g Cream [PPA0465/048/001, P]; Canesten Cream [PA1410/039/002, P]"
Canesten 1% Cream 50G,Pharmacy > Women's Health,True,P,,"Canesten 10 mg/g Cream [PPA0465/048/001, P]; Canesten Cream [PA1410/039/002, P]"
Canesten 2% Thrush Cream 20G,Pharmacy > Women's Health,True,P,,"Canesten Thrush Cream [PA1410/039/012, P]; Canesten Thrush Cream [PPA0465/048/004, P]; Canesten Thrush Cream [PPA1463/226/001, P]"
Canesten Combi 500Mg Gel Pessary & 2% Cream 10G,Women's Health,False,P,,"Canesten Combi Pessary & Cream [PA1410/039/001, P]; Canesten Combi Soft Vaginal Capsule & Cream 500 mg Soft Vaginal Capsule and 2 %  [PA1410/039/014, P]"
Canesten Pessary 500Mg 1Pk,Pharmacy > Women's Health,True,P,,"Canesten 10 mg/g Cream [PPA0465/048/001, P]; Canesten 500 mg Pessary [PA1410/039/009, P]; Canesten 500 mg pessary [PPA0465/048/002, P]"
Capasal Therapeutic Shampoo 100Ml,Toiletries > Hair Care,True,P,,"Capasal Therapeutic Shampoo [PA23128/008/001, P]"
Capasal Therapeutic Shampoo 250Ml,Toiletries > Hair Care,True,P,,"Capasal Therapeutic Shampoo [PA23128/008/001, P]"
Carbosan Gel,Pharmacy > Oral Health,True,P,,"Carbosan 2% w/w Gel [PA0074/011/001, P]"
Cetrine Allergy Cetirizine 1Mg/Ml 200Ml,Pharmacy > Allergy Relief,True,P,,"Cetrine Allergy 1 mg/ml oral solution [PA0711/075/003, P]; Cetrine Allergy 10mg Film-coated Tablets [PA0711/075/002, P]"
Cetrine Allergy Cetirizine 30Pk,Pharmacy > Allergy Relief,True,P,,"Cetrine Allergy 1 mg/ml oral solution [PA0711/075/003, P]; Cetrine Allergy 10mg Film-coated Tablets [PA0711/075/002, P]"
Cetrine Allergy Cetirizine 7Pk,Pharmacy > Allergy Relief,True,P,,"Cetrine Allergy 1 mg/ml oral solution [PA0711/075/003, P]; Cetrine Allergy 10mg Film-coated Tablets [PA0711/075/002, P]"
Cialis For Men Tadalafil Tablets 4Pk,Pharmacy > Sexual Health,True,P,,"Cialis for men 10 mg film-coated tablets [PA25208/001/001, P]"
Cialis For Men Tadalafil Tablets 8Pk,Pharmacy > Sexual Health,True,P,,"Cialis for men 10 mg film-coated tablets [PA25208/001/001, P]"
Clarityn Tabs Loratadine 30Pk,Pharmacy > Allergy Relief,True,P,,"Clarityn 10 mg Tablets [PA1410/075/001, P]; Clarityn 10 mg Tablets [PPA0465/510/001, P]; Clarityn 10 mg tablets [PPA1463/222/001, P]"
Clarityn Tabs Loratadine 7Pk,Pharmacy > Allergy Relief,True,P,,"Clarityn 10 mg Tablets [PA1410/075/001, P]; Clarityn 10 mg Tablets [PPA0465/510/001, P]; Clarityn 10 mg tablets [PPA1463/222/001, P]"
Corsodyl 50G Dental Gel,Toiletries > Dental,True,P,,"Corsodyl 0.2% w/v Aniseed Mouthwash [PA0678/002/004, GSL]"
Curanail 5% Nail Lacquer 2.5Ml,Pharmacy > Foot & Nail Care,True,P,,"Curanail 5% w/v medicated nail lacquer [PA22743/004/001, P]"
Cystopurin Cranb 3G Sachets 6Pk,Pharmacy > Sensitive Conditions,True,P,,"Cystopurin 3g Granules for oral solution [PA1410/042/001, P]"
Daktarin 2% Cream 30G,Pharmacy > Foot & Nail Care,True,P,,"Daktarin 2% w/w Cream [PA23490/028/001, P]; Daktarin 2% w/w Cutaneous Powder [PA23490/028/002, P]"
Daktarin 2% Powder 20G,Pharmacy > Foot & Nail Care,True,P,,"Daktarin 2% w/w Cream [PA23490/028/001, P]; Daktarin 2% w/w Cutaneous Powder [PA23490/028/002, P]"
Dioralyte Diorahydrate With Electrolytes Blackcurrant 20 Effervescent Tablets,Pharmacy,True,P,,"Dioralyte Blackcurrant Powder for Oral Solution [PA1113/025/001, P]"
Dulcolax Pico Liquid 300Ml,Pharmacy > Stomach & Digestion,True,P,,"Dulcolax Pico Liquid 5 mg/5 ml oral solution [PA23180/017/001, P]"
Dulcolax Supp 10Mg Adult 12Pk,Pharmacy > Stomach & Digestion,True,P,,"Dulcolax 10 mg Suppositories [PA23180/018/002, P]; Dulcolax 5mg Gastro-resistant Tablets [PA23180/018/003, P]"
Dulcolax Tabs 100Pk,Pharmacy > Stomach & Digestion,True,P,,"Dulcolax 10 mg Suppositories [PA23180/018/002, P]; Dulcolax 5mg Gastro-resistant Tablets [PA23180/018/003, P]"
Dulcolax Tabs 20Pk,Pharmacy > Stomach & Digestion,True,P,,"Dulcolax 10 mg Suppositories [PA23180/018/002, P]; Dulcolax 5mg Gastro-resistant Tablets [PA23180/018/003, P]"
Dulcolax Tabs 40Pk,Pharmacy > Stomach & Digestion,True,P,,"Dulcolax 10 mg Suppositories [PA23180/018/002, P]; Dulcolax 5mg Gastro-resistant Tablets [PA23180/018/003, P]"
Dulcolax Tabs 60Pk,Pharmacy > Stomach & Digestion,True,P,,"Dulcolax 10 mg Suppositories [PA23180/018/002, P]; Dulcolax 5mg Gastro-resistant Tablets [PA23180/018/003, P]"
Easofen Ibuprofen 200Mg 12Pk,Pharmacy > Pain Relief,True,P,,"Easofen 200mg Film-Coated Tablets [PA0126/060/001, P]"
Easofen Ibuprofen 200Mg 24Pk,Pharmacy > Pain Relief,True,P,,"Easofen 200mg Film-Coated Tablets [PA0126/060/001, P]"
Easofen Max 400Mg Ibuprofen 24Pk,Pharmacy > Pain Relief,True,P,,"Ibuprofen Max 400mg Film-coated Tablets [PA1186/022/002, P]"
Easolief Duo 500/150Mg Tabs Paracetamol/Ibuprofen,Pharmacy > Pain Relief,True,P,,"Easolief Duo 500mg/150mg Film-coated Tablets [PA0126/294/001, P]"
Excedrin Tablets 20Pk,Pharmacy > Pain Relief,True,P,,"Excedrin 250 mg/ 250 mg/ 65 mg film coated tablets [PA0678/122/001, P]"
Ferrograd C Tablets 325Mg / 500G,Pharmacy > Women's Health,True,P,,"Ferrograd 325mg Prolonged release Tablets [PA1235/001/001, P]; Ferrograd C 325mg/500mg Prolonged release Tablets [PA1235/002/001, P]; Ferrograd Folic 325mg/0.35mg Prolonged release Tablets [PA1235/003/001, P]"
Ferrograd Tabs 325Mg,Supplements > Women's Wellbeing,True,P,,"Ferrograd 325mg Prolonged release Tablets [PA1235/001/001, P]; Ferrograd C 325mg/500mg Prolonged release Tablets [PA1235/002/001, P]; Ferrograd Folic 325mg/0.35mg Prolonged release Tablets [PA1235/003/001, P]"
Galfer Caps 28Pk,Pharmacy > Women's Health,True,P,,"Galfer 305 mg hard capsules [PA0126/314/001, P]"
Galfer Syrup 140Mg/5Ml 100Ml,Pharmacy > Women's Health,True,P,,"Galfer 140 mg/5ml Oral Suspension [PA0126/314/002, P]"
Gaviscon Infant Sachets 15Pk (30 Doses),Pharmacy > Children's Medicine,True,P,,"Gaviscon Infant, Powder for Oral Suspension [PA0979/012/001, P]"
Glycerol Supp Bp Adult 4G 12Pk,Pharmacy > Pain Relief,True,P,,"Glycerol 4g Suppositories [PA0549/028/003, P]"
Imodium Instants 12Pk,Pharmacy > Stomach & Digestion,True,P,,"Imodium Instants 2 mg Orodispersible Tablets [PA23490/025/001, P]; Imodium Instants 2 mg Orodispersible Tablets [PPA0465/001/002, P]; Imodium Instants 2 mg Orodispersible Tablets [PPA1463/207/001, P]"
Kwells 12Pk Travel Sickness Tabs,Pharmacy > Sensitive Conditions,True,P,,"Kwells 300 microgram Tablets [PA2261/006/001, P]"
Lactulose Fresenius 670Mg/Ml 500Ml,Pharmacy > Stomach & Digestion,True,P,,"Lactulose Fresenius 670mg/ml oral solution [PA0773/003/001, P]"
Lemsip Max Sinus & Flu Hot Lemon 10Pk,Pharmacy > Cold & Flu,True,P,,"Lemsip Max Sinus & Flu Hot Lemon Powder for Oral Solution [PA0979/020/001, P]"
Lorat 10Mg Tabs 28Pk,Pharmacy > Allergy Relief,True,P,,"Lorat 10mg Tablets [PA0711/088/001, P]"
Lorat 10Mg Tabs 7Pk,Pharmacy > Allergy Relief,True,P,,"Lorat 10mg Tablets [PA0711/088/001, P]"
Losec Control 20Mg Gr Tabs 14Pk,Pharmacy > Stomach & Digestion,True,P,,"Losec Control 20 mg gastro-resistant tablets [PA1410/066/001, P]"
Maalox Oral Suspension 250Ml Peppermint,Pharmacy > Stomach & Digestion,True,P,,"Maalox Plus 200 mg/175 mg/25 mg Oral Suspension [PA23180/008/001, P]; Maalox Plus Chewable Tablets 200 mg/200 mg/25 mg [PA23180/008/002, P]"
Maalox Plus Oral Suspension 250Ml Lemon,Pharmacy > Stomach & Digestion,True,P,,"Maalox Plus 200 mg/175 mg/25 mg Oral Suspension [PA23180/008/001, P]; Maalox Plus Chewable Tablets 200 mg/200 mg/25 mg [PA23180/008/002, P]"
Magnesium Verla 20Pk,Supplements > Sleep & Stress,True,P,,"Magnesium Verla 5 mmol granules for oral solution [PA0074/062/001, P]"
Microlax 5Ml Tube 4Pk,Pharmacy > Stomach & Digestion,True,P,,"Microlax Rectal Solution Sodium Citrate 450 mg/5 ml Sodium Lauryl Sulphoacetate  [PA23490/017/001, P]"
Motilium Fastmelts 10Pk,Pharmacy > Stomach & Digestion,True,P,,"Motilium 10mg Film-Coated Tablets [PA23490/022/002, P]; Motilium Fastmelts 10mg Orodispersible Tablets [PA23490/022/001, P]"
Motilium Tabs 10Pk,Pharmacy > Stomach & Digestion,True,P,,"Motilium 10mg Film-Coated Tablets [PA23490/022/002, P]; Motilium Fastmelts 10mg Orodispersible Tablets [PA23490/022/001, P]"
Murine Irritation & Redness Relief Eye Drops,Pharmacy > Eye & Ear Care,True,P,,"Murine irritation & redness relief, 0.012% w/v, eye drops solution [PA22637/008/001, P]"
Nasacort Allergy Nasal Spray,Pharmacy > Allergy Relief,True,P,,"Nasacort Allergy 55 micrograms/dose nasal spray, suspension [PA23180/001/002, P]"
Nexium Control Capsules 14Pk,Pharmacy > Stomach & Digestion,True,P,,"Nexium Control 20 mg gastro-resistant hard capsules [EU/1/13/860/003, P]; Nexium Control 20 mg gastro-resistant tablets [EU/1/13/860/001-002, P]"
Nexium Control Tabs 14Pk,Pharmacy > Stomach & Digestion,True,P,,"Nexium Control 20 mg gastro-resistant hard capsules [EU/1/13/860/003, P]; Nexium Control 20 mg gastro-resistant tablets [EU/1/13/860/001-002, P]"
Nexium Control Tabs 7Pk,Pharmacy > Stomach & Digestion,True,P,,"Nexium Control 20 mg gastro-resistant hard capsules [EU/1/13/860/003, P]; Nexium Control 20 mg gastro-resistant tablets [EU/1/13/860/001-002, P]"
Night Nurse Caps 10Pk Gsk,Pharmacy > Cold & Flu,True,P,,"Night Nurse Capsules Paracetamol 500 mg Promethazine Hydrochloride 10 mg Dextrom [PA0678/021/001, P]"
Nurofen Child Suppositories 60Mg 10Pk,Pharmacy > Children's Medicine,True,P,,"Nurofen Plus Tablets Ibuprofen 200 mg Codeine Phosphate Hemihydrate 12.8 mg [PPA0465/410/001, P]; Nurofen Plus Tablets Ibuprofen 200mg Codeine Phosphate Hemihydrate 12.8mg [PA0979/034/001, P]"
Nurofen Cold & Flu 24Pk,Pharmacy > Cold & Flu,True,P,,"Nurofen Cold & Flu Film-coated Tablets Ibuprofen 200mg Pseudophedrine hydrochlor [PA0979/033/001, P]; Nurofen Cold & Flu film-coated tablets Ibuprofen 200mg Pseudoephedrine hydrochlo [PPA0465/337/002, P]"
Nurofen Cold And Flu Tabs 24Pk,Pharmacy > Pain Relief,True,P,,"Nurofen Cold & Flu Film-coated Tablets Ibuprofen 200mg Pseudophedrine hydrochlor [PA0979/033/001, P]; Nurofen Cold & Flu film-coated tablets Ibuprofen 200mg Pseudoephedrine hydrochlo [PPA0465/337/002, P]"
Nurofen Durance 200Mg Plasters,Pharmacy > Pain Relief,True,P,,"Nurofen Durance 200 mg medicated plaster [PA0979/032/018, P]"
Nurofen Express 400Mg Maximum Strength 12P,Pharmacy > Pain Relief,True,P,,"Nurofen Express Maximum Strength 400 mg Tablets [PA0979/032/011, P]; Nurofen Express Maximum Strength 400 mg Tablets [PPA1463/217/001, P]; Nurofen Express Maximum Strength 400 mg tablets [PPA0465/430/001, P]"
Nurofen Express 400Mg Maximum Strength Tablet 24P,Pharmacy > Pain Relief,True,P,,"Nurofen Express Maximum Strength 400 mg Tablets [PA0979/032/011, P]; Nurofen Express Maximum Strength 400 mg Tablets [PPA1463/217/001, P]; Nurofen Express Maximum Strength 400 mg tablets [PPA0465/430/001, P]"
Nurofen Rapid Relief Max 400Mg Liquid Caps 20Pk,Pharmacy > Pain Relief,True,P,,"Nurofen Rapid Relief Max 400 mg soft capsules [PA0979/085/001, P]"
Nurofen Sinus & Pain 24Pk,Pharmacy > Pain Relief,True,P,,"Nurofen Sinus and Pain Film-Coated Tablets Ibuprofen 200mg Pseudoephedrine Hydro [PA0979/065/001, P]"
Nurofen Tablets 12Pk,Pharmacy > Pain Relief,True,P,,"Nurofen 200 mg Coated Tablets [PA0979/032/006, P]; Nurofen 200 mg coated tablets [PPA0465/430/002, P]; Nurofen 5% w/w Gel [PA0979/032/003, P]; Nurofen Plus Tablets Ibuprofen 200 mg Codeine Phosphate Hemihydrate 12.8 mg [PPA0465/410/001, P]; Nurofen Plus Tablets Ibuprofen 200mg Codeine Phosphate Hemihydrate 12.8mg [PA0979/034/001, P]"
Nurofen Tablets 24Pk,Pharmacy > Pain Relief,True,P,,"Nurofen 200 mg Coated Tablets [PA0979/032/006, P]; Nurofen 200 mg coated tablets [PPA0465/430/002, P]; Nurofen 5% w/w Gel [PA0979/032/003, P]; Nurofen Plus Tablets Ibuprofen 200 mg Codeine Phosphate Hemihydrate 12.8 mg [PPA0465/410/001, P]; Nurofen Plus Tablets Ibuprofen 200mg Codeine Phosphate Hemihydrate 12.8mg [PA0979/034/001, P]"
Nurofen Tablets 48Pk,Pharmacy > Pain Relief,True,P,,"Nurofen 200 mg Coated Tablets [PA0979/032/006, P]; Nurofen 200 mg coated tablets [PPA0465/430/002, P]; Nurofen 5% w/w Gel [PA0979/032/003, P]; Nurofen Plus Tablets Ibuprofen 200 mg Codeine Phosphate Hemihydrate 12.8 mg [PPA0465/410/001, P]; Nurofen Plus Tablets Ibuprofen 200mg Codeine Phosphate Hemihydrate 12.8mg [PA0979/034/001, P]"
Optrex 10Ml Eye Drops Clear Eyes,Pharmacy > Eye & Ear Care,True,P,,"Optrex Clear Eyes Eye Drops Solution Hamamelis Water 12.5% v/v Naphazoline Hydro [PA0979/079/001, P]"
Otrivine Adult Nasal Drops 10Ml,Pharmacy > Cold & Flu,True,P,,"Otrivine Adult Menthol 0.1% w/v Nasal Spray, Solution [PA0678/120/004, P]"
Otrivine Adult Nasal Spray 10Ml,Pharmacy > Cold & Flu,True,P,,"Otrivine Adult Menthol 0.1% w/v Nasal Spray, Solution [PA0678/120/004, P]"
Panadol Extra Soluble 24Pk,Pharmacy > Pain Relief,True,P,,"Panadol Extra 500mg/65mg Soluble Effervescent Tablets [PA0678/039/010, P]"
Panadol Night 20Pk,Pharmacy > Sensitive Conditions,True,P,,"Panadol Night [PA0678/039/008, P]"
Paralink 180Mg Supp 10Pk,Pharmacy > Children's Medicine,True,P,,"Paralink 180 mg suppositories [PA1721/006/002, P]"
Paralink 500Mg Supp 10Pk,Pharmacy > Children's Medicine,True,P,,"Paralink 500 mg suppositories [PA1721/006/003, P]"
Pepcid Ac Tabs 12Pk,Pharmacy > Stomach & Digestion,True,P,,"Pepcid AC 10 mg Film-coated Tablets [PA23490/032/001, P]"
Phenergan Elixir 100Ml,Pharmacy > Allergy Relief,True,P,,"Phenergan 5 mg/5 ml oral solution [PA23180/011/001, P]"
Salatac Gel 8G,Pharmacy > Foot & Nail Care,True,P,,"Salatac Gel Salicylic Acid 12.0% w/w Lactic Acid 4.0% w/w [PA23128/007/001, P]"
Senokot Tablets 60Pk,Pharmacy > Stomach & Digestion,True,P,,"Senokot 7.5mg Tablets [PA0979/016/002, P]"
Sidena 50Mg Tablets 4 Pack,Sexual Health,False,P,,"Sidena 50 mg Tablets [PA0711/170/002, P]"
Sinutab N/D Tabs 15Pk,Pharmacy > Cold & Flu,True,P,,"Non-drowsy Sinutab Tablets Paracetamol 500mg Pseudoephedrine hydrochloride 30mg [PA23490/020/001, P]"
Strepsils Intensive Orange Sf Lozenge 16Pk,Pharmacy > Cold & Flu,True,P,,"Strepsils Intensive Orange Sugar Free 8.75mg Lozenges [PA0979/041/004, P]"
Strepsils Plus 20Ml Throat Spray,Pharmacy > Cold & Flu,True,P,,"Strepsils +Plus Anaesthetic Lozenges Amylmetacresol 0.6mg 2,4-Dichlorobenzyl Alc [PA0979/040/001, P]; Strepsils +Plus Anaesthetic Throat Spray Amylmetacresol 0.29mg/spray 2,4-Dichlor [PA0979/040/002, P]"
Strepsils Plus 24Pk Anaesthetic,Pharmacy > Cold & Flu,True,P,,"Strepsils +Plus Anaesthetic Lozenges Amylmetacresol 0.6mg 2,4-Dichlorobenzyl Alc [PA0979/040/001, P]; Strepsils +Plus Anaesthetic Throat Spray Amylmetacresol 0.29mg/spray 2,4-Dichlor [PA0979/040/002, P]"
Stugeron Tabs 15Pk,Pharmacy > Sensitive Conditions,True,P,,"Stugeron 15 mg Tablets [PA23490/024/001, P]"
Sudafed 15Ml Nasal Spray,Pharmacy > Cold & Flu,True,P,,"Sudafed Plus 1 mg/ml + 50 mg/ml nasal spray, solution [PA23490/042/001, P]"
Sudafed N/D Tabs 12Pk,Pharmacy > Cold & Flu,True,P,,"Sudafed 0.1% w/v Nasal spray solution [PA23490/012/001, P]; Sudafed Plus 1 mg/ml + 50 mg/ml nasal spray, solution [PA23490/042/001, P]"
Sudafed Syrup 100Ml,Pharmacy > Cold & Flu,True,P,,"Sudafed Plus 1 mg/ml + 50 mg/ml nasal spray, solution [PA23490/042/001, P]"
Sudaplus N/D Tabs 15Pk,Pharmacy > Cold & Flu,True,P,,"Non-Drowsy Sudaplus Tablets Paracetamol 500mg Pseudoephedrine hydrochloride 30mg [PA23490/021/001, P]"
Sumatran Relief 50Mg 2Pk,Pharmacy > Pain Relief,True,P,,"Sumatran Relief 50mg tablets [PA0711/272/001, P]"
Tefin 150Mg Ibuprofen Suppositories,Pharmacy > Children's Medicine,True,P,,"Tefin 150 mg Suppositories [PA0126/330/002, P]"
Tefin 75Mg Ibuprofen Suppositories,Pharmacy > Children's Medicine,True,P,,"Tefin 75 mg Suppositories [PA0126/330/001, P]"
Telfast Allergy 120Mg Tabs 30Pk,Pharmacy > Allergy Relief,True,P,,"Telfast Allergy 120 mg film-coated tablets [PA23180/014/001, P]"
Tropex 5% Ear Drops 10Ml,Pharmacy > Eye & Ear Care,True,P,,"Tropex 5% w/v Ear Drops Solution [PA0074/002/001, P]"
Uniflu With Vitamin C Tablets 24Pk,Pharmacy > Cold & Flu,True,P,,"Uniflu Plus with Vitamin C Tablets [PA1113/006/001, P]; Uniflu with Vitamin C Tablets [PA1113/005/001, P]"
Vermox 100Mg/5Ml Oral Suspension 30Ml,Pharmacy > Sensitive Conditions,True,P,,"Vermox 100 mg/5 ml Oral Suspension [PA23490/026/001, P]"
Vermox Tabs 6Pk,Pharmacy > Sensitive Conditions,True,P,,"Vermox 100 mg tablets [PA23490/026/002, P]"
Viagra Connect 50Mg Tablets 4 Pack,Pharmacy > Sexual Health,True,P,,"Viagra Connect 50 mg Film-Coated Tablet [PA23355/063/001, P]"
Viagra Connect 50Mg Tablets 8 Pack,Pharmacy > Sexual Health,True,P,,"Viagra Connect 50 mg Film-Coated Tablet [PA23355/063/001, P]"
Vicks Sinex Micromist Nasal Spray,Pharmacy > Cold & Flu,True,P,,"Vicks Sinex Micromist 0.05% w/v Nasal Spray, Solution [PA2294/004/001, P]"
Voltarol 2% Extra Strength Gel 30G,Pharmacy > Pain Relief,True,P,,"Voltarol Emulgel Extra Strength 2% w/w gel [PA0678/140/003, P]; Voltarol Emulgel Extra Strength 2% w/w gel [PPA0465/442/002, P]; Voltarol Emulgel Extra Strength 2% w/w gel [PPA1463/221/001, P]"
Voltarol 2% Extra Strength Gel 50G,Pharmacy > Medicated Skincare,True,P,,"Voltarol Emulgel Extra Strength 2% w/w gel [PA0678/140/003, P]; Voltarol Emulgel Extra Strength 2% w/w gel [PPA0465/442/002, P]; Voltarol Emulgel Extra Strength 2% w/w gel [PPA1463/221/001, P]"
Zirtek Oral Solution 1Mg/Ml 100Ml,Pharmacy > Allergy Relief,True,P,,"Zirtek 1 mg/ml oral solution [PA0891/008/003, P]; Zirtek 1 mg/ml oral solution [PPA0465/502/001, P]; Zirtek 1 mg/ml oral solution [PPA1463/214/001, P]; Zirtek 10 mg film-coated tablets [PA0891/008/002, P]; Zirtek 10 mg/ml Oral Drops, Solution [PA0891/008/004, P]; Zirtek Plus Decongestant 5mg/120mg Prolonged Release Tablet [PA0891/008/001, P]"
Zirtek Oral Solution 1Mg/Ml 200Ml,Pharmacy > Allergy Relief,True,P,,"Zirtek 1 mg/ml oral solution [PA0891/008/003, P]; Zirtek 1 mg/ml oral solution [PPA0465/502/001, P]; Zirtek 1 mg/ml oral solution [PPA1463/214/001, P]; Zirtek 10 mg film-coated tablets [PA0891/008/002, P]; Zirtek 10 mg/ml Oral Drops, Solution [PA0891/008/004, P]; Zirtek Plus Decongestant 5mg/120mg Prolonged Release Tablet [PA0891/008/001, P]"
Zirtek Plus Decongestant 6Pk,Pharmacy > Allergy Relief,True,P,,"Zirtek 1 mg/ml oral solution [PA0891/008/003, P]; Zirtek 1 mg/ml oral solution [PPA0465/502/001, P]; Zirtek 1 mg/ml oral solution [PPA1463/214/001, P]; Zirtek 10 mg film-coated tablets [PA0891/008/002, P]; Zirtek 10 mg/ml Oral Drops, Solution [PA0891/008/004, P]; Zirtek Plus Decongestant 5mg/120mg Prolonged Release Tablet [PA0891/008/001, P]"
Zirtek Tabs 10Mg 30Pk,Pharmacy > Allergy Relief,True,P,,"Zirtek 10 mg film-coated tablets [PA0891/008/002, P]; Zirtek 10 mg/ml Oral Drops, Solution [PA0891/008/004, P]; Zirtek Plus Decongestant 5mg/120mg Prolonged Release Tablet [PA0891/008/001, P]"
Zirtek Tabs 10Mg 7Pk,Pharmacy > Allergy Relief,True,P,,"Zirtek 10 mg film-coated tablets [PA0891/008/002, P]; Zirtek 10 mg/ml Oral Drops, Solution [PA0891/008/004, P]; Zirtek Plus Decongestant 5mg/120mg Prolonged Release Tablet [PA0891/008/001, P]"
Alka Seltzer 10Pk Lemon,Pharmacy > Stomach & Digestion,True,GSL,,"Alka-Seltzer Effervescent Tablets               Acetylsalicylic Acid (Aspirin) 3 [PA1410/032/001, GSL]"
Alka Seltzer 20Pk Lemon,Pharmacy > Pain Relief,True,GSL,,"Alka-Seltzer Effervescent Tablets               Acetylsalicylic Acid (Aspirin) 3 [PA1410/032/001, GSL]"
Anadin Maximum Strength Caps 12Pk,Pharmacy > Pain Relief,True,GSL,,"Anadin Maximum Strength Hard Capsules Aspirin 500mg, caffeine 32mg [PA0678/148/002, GSL]"
Anusol Cream 23G,Pharmacy > Medicated Skincare,True,GSL,,"Anusol Cream [PA22647/001/001, GSL]"
Avogel Echinaforce Cold & Flu Drops 100Ml,Pharmacy > Cold & Flu,True,GSL,,"Echinaforce Cold and Flu Oral Drops [TR2309/009/002, GSL]"
Avogel Echinaforce Cold & Flu Drops 50Ml,Pharmacy > Cold & Flu,True,GSL,,"Echinaforce Cold and Flu Oral Drops [TR2309/009/002, GSL]"
Bonjela Gel 15G,Pharmacy > Oral Health,True,GSL,,"Bonjela Oromucosal Gel Choline Salicylate 8.714% Cetalkonium Chloride 0.010% [PA0979/001/001, GSL]"
Bonjela Teething Gel 15G,Pharmacy > Oral Health,True,GSL,,"Bonjela Teething Gel Oromucosal Gel Choline Salicylate 8.714% Cetalkonium Chlori [PA0979/001/003, GSL]"
Caldesene Adult Powder 10% W/W 100G,Pharmacy > Medicated Skincare,True,GSL,,"Caldesene Adult 10% w/w Medicated Powder [PA0126/247/001, GSL]"
Calpol 6+ Fastmelts 12Pk,Children's Medicine,False,GSL,,"Calpol 120 mg/ 5 ml Sugar Free Infant Oral Suspension [PA23490/003/004, GSL]"
Carnation Callous Caps 2Pk,Pharmacy > Foot & Nail Care,True,GSL,,"Carnation Callous Caps 40% w/w Medicated plasters [PA23188/001/002, GSL]"
Carnation Corn Caps 5Pk,Pharmacy > Foot & Nail Care,True,GSL,,"Carnation Corn Caps 40% w/w Medicated plasters [PA23188/001/001, GSL]"
Clonfolic Folic Acid 28Pk / 4Wk,Supplements > Women's Wellbeing,True,GSL,,"Clonfolic 0.4 mg Tablets [PA0126/095/001, GSL]"
Clonfolic Folic Acid 98Pk / 14Wk,Pharmacy > Women's Health,True,GSL,,"Clonfolic 0.4 mg Tablets [PA0126/095/001, GSL]"
Colpermin Caps 20Pk,Pharmacy > Stomach & Digestion,True,GSL,,"Colpermin Gastro-resistant Capsules Peppermint oil 0.2ml [PA23490/016/001, GSL]"
Corsodyl 300Ml Mouthwash Aniseed,Toiletries > Dental,True,GSL,,"Corsodyl 0.2% w/v Aniseed Mouthwash [PA0678/002/004, GSL]"
Deep Heat Cream 100G,Pharmacy > Pain Relief,True,GSL,,"Mentholatum Deep Heat Cream [PA25197/001/001, GSL]"
Deep Heat Cream 35G,Pharmacy > Pain Relief,True,GSL,,"Mentholatum Deep Heat Cream [PA25197/001/001, GSL]"
Deep Heat Cream 67G,Pharmacy > Pain Relief,True,GSL,,"Mentholatum Deep Heat Cream [PA25197/001/001, GSL]"
Deep Heat Spray 150Ml,Pharmacy > Pain Relief,True,GSL,,"Mentholatum Deep Heat Spray, cutaneous spray solution [PA25197/002/001, GSL]"
Deep Heat Spray 72.5Ml,Pain Relief,False,GSL,,"Mentholatum Deep Heat Spray, cutaneous spray solution [PA25197/002/001, GSL]"
Desenex 30G Ointment,Pharmacy > Foot & Nail Care,True,GSL,,"Desenex Ointment Zinc Undecylenate 20% w/w Undecylenic Acid 5% w/w [PA0126/154/001, GSL]; Desenex Powder Zinc undecylenate 20% w/w Undecylenic Acid 2.0% w/w [PA0126/154/002, GSL]"
Desenex 55G Powder,Skincare > Hands & Feet,True,GSL,,"Desenex Powder Zinc undecylenate 20% w/w Undecylenic Acid 2.0% w/w [PA0126/154/002, GSL]"
Diclac 1% Relief Gel 30G,Pharmacy > Pain Relief,True,GSL,,"Diclac Relief 1% w/w Gel [PA0711/009/005, GSL]"
Diclac 1% Relief Gel 50G,Pharmacy > Pain Relief,True,GSL,,"Diclac Relief 1% w/w Gel [PA0711/009/005, GSL]"
Disprin Extra Strength Tablets 16Pk,Pharmacy > Pain Relief,True,GSL,,"Disprin Extra Strength 500 mg Effervescent tablets [PA0979/006/002, GSL]"
Fybogel Orange 10Pk,Pharmacy > Stomach & Digestion,True,GSL,,"Fybogel Orange 3.5 g granules [PA0979/009/002, GSL]"
Fybogel Orange 30Pk,Pharmacy > Stomach & Digestion,True,GSL,,"Fybogel Orange 3.5 g granules [PA0979/009/002, GSL]"
Gaviscon Extra 150Ml Mint,Pharmacy > Stomach & Digestion,True,GSL,,"Gaviscon Extra Liquid Sachets Peppermint Flavour Oral SuspensionSodium Alginate  [PA0979/015/013, GSL]; Gaviscon Extra Oral Suspension Sodium alginate 500 mg Sodium bicarbonate 213 mg  [PA0979/015/011, GSL]"
Gaviscon Extra Handy 12Pk Peppermint,Pharmacy > Stomach & Digestion,True,GSL,,"Gaviscon Extra Liquid Sachets Peppermint Flavour Oral SuspensionSodium Alginate  [PA0979/015/013, GSL]; Gaviscon Extra Oral Suspension Sodium alginate 500 mg Sodium bicarbonate 213 mg  [PA0979/015/011, GSL]"
Gaviscon Peppermint Liquid 300Ml,Pharmacy > Stomach & Digestion,True,GSL,,"Gaviscon Liquid Peppermint Flavour, Oral Suspension Sodium alginate 500 mg Sodiu [PA0979/015/002, GSL]; Gaviscon Liquid Sachets Oral Suspension Sodium alginate 500mg, Sodium bicarbonat [PA0979/015/010, GSL]; Gaviscon Peppermint Chewable Tablets Sodium alginate 250 mg Sodium hydrogen Carb [PA0979/015/004, GSL]"
Gaviscon Peppermint Liquid 600Ml,Pharmacy > Stomach & Digestion,True,GSL,,"Gaviscon Liquid Peppermint Flavour, Oral Suspension Sodium alginate 500 mg Sodiu [PA0979/015/002, GSL]; Gaviscon Liquid Sachets Oral Suspension Sodium alginate 500mg, Sodium bicarbonat [PA0979/015/010, GSL]; Gaviscon Peppermint Chewable Tablets Sodium alginate 250 mg Sodium hydrogen Carb [PA0979/015/004, GSL]"
Lanes Kalms 3-A-Day 100Pk,Supplements > Sleep & Stress,True,GSL,,"Kalms Day film-coated tablets [TR22702/002/001, GSL]"
Lanes Kalms Night 28 Tablets,Supplements > Sleep & Stress,True,GSL,,"Kalms Night Film-Coated Tablets [TR22702/001/001, GSL]"
Lanes Olbas Inhaler Nasal Stick 1Pk,Pharmacy > Cold & Flu,True,GSL,,"Olbas Inhaler nasal stick [PA22702/002/003, GSL]"
Lanes Olbas Oil 10Ml,Pharmacy > Cold & Flu,True,GSL,,"Olbas Oil [PA22702/002/001, GSL]"
Lanes Olbas Oil 28Ml,Pharmacy > Cold & Flu,True,GSL,,"Olbas Oil [PA22702/002/001, GSL]"
Lemsip Max Cold & Flu Hot Lemon 10Pk,Pharmacy > Cold & Flu,True,GSL,,"Lemsip Max Cold and Flu Hot Lemon 1000mg Powder for Oral Solution [PA0979/021/001, GSL]"
Lemsip Max Cough Cold Sachets 5Pk,Pharmacy > Cold & Flu,True,GSL,,"Lemsip Max Cough & Cold Powder for Oral Solution Paracetamol 1000 mg Guaifenesin [PA0979/028/001, GSL]"
Nelsons Arnicare 50G Cream,Pharmacy > First Aid,True,GSL,,"Nelsons Arnicare Arnica Cream [HOA23352/003/001, GSL]"
Nicorette Cools 2Mg Loz 20Pk,Pharmacy > Nicotine Replacement,True,GSL,,"Nicorette Cools 2mg Lozenge [PA23490/019/011, GSL]"
Nicorette Cools 2Mg Loz 80Pk,Pharmacy > Nicotine Replacement,True,GSL,,"Nicorette Cools 2mg Lozenge [PA23490/019/011, GSL]"
Nicorette Cools 4Mg Loz 80Pk,Pharmacy > Nicotine Replacement,True,GSL,,"Nicorette Cools 4mg Lozenge [PA23490/019/012, GSL]"
Nicorette Inhaler 15Mg 20Crt Ref,Pharmacy > Nicotine Replacement,True,GSL,,"Nicorette 15mg Inhaler [PA23490/019/010, GSL]"
Nicorette Inhaler 15Mg 4Crt Refl,Pharmacy > Nicotine Replacement,True,GSL,,"Nicorette 15mg Inhaler [PA23490/019/010, GSL]"
Nicorette Invisi Patch 10Mg 7Pk,Pharmacy > Nicotine Replacement,True,GSL,,"Nicorette Invisi 10 mg/16 hours Transdermal Patch [PPA1463/210/001, GSL]; Nicorette Invisi 10 mg/16 hours transdermal patch [PPA0465/187/007, GSL]; Nicorette Invisi 10mg/16 hours Transdermal Patch [PA23490/019/005, GSL]"
Nicorette Invisi Patch 15Mg 7Pk,Pharmacy > Nicotine Replacement,True,GSL,,"Nicorette Invisi 10 mg/16 hours Transdermal Patch [PPA1463/210/001, GSL]; Nicorette Invisi 10 mg/16 hours transdermal patch [PPA0465/187/007, GSL]; Nicorette Invisi 10mg/16 hours Transdermal Patch [PA23490/019/005, GSL]; Nicorette Invisi 15 mg/16 hours Transdermal Patch [PPA1463/210/002, GSL]; Nicorette Invisi 15 mg/16 hours transdermal patch [PPA0465/187/008, GSL]; Nicorette Invisi 15mg/16 hours Transdermal Patch [PA23490/019/006, GSL]"
Nicorette Invisi Patch 25Mg 14Pk,Pharmacy > Nicotine Replacement,True,GSL,,"Nicorette Invisi 10 mg/16 hours Transdermal Patch [PPA1463/210/001, GSL]; Nicorette Invisi 10 mg/16 hours transdermal patch [PPA0465/187/007, GSL]; Nicorette Invisi 10mg/16 hours Transdermal Patch [PA23490/019/005, GSL]"
Nicorette Invisi Patch 25Mg 7Pk,Pharmacy > Nicotine Replacement,True,GSL,,"Nicorette Invisi 10 mg/16 hours Transdermal Patch [PPA1463/210/001, GSL]; Nicorette Invisi 10 mg/16 hours transdermal patch [PPA0465/187/007, GSL]; Nicorette Invisi 10mg/16 hours Transdermal Patch [PA23490/019/005, GSL]"
Nicorette Quickmist 1Mg 1Pk,Pharmacy > Nicotine Replacement,True,GSL,,"Nicorette Quickmist 1 mg/spray oromucosal spray, solution [PA23490/019/013, GSL]"
Nicorette Quickmist 1Mg 2Pk,Pharmacy > Nicotine Replacement,True,GSL,,"Nicorette Quickmist 1 mg/spray oromucosal spray, solution [PA23490/019/013, GSL]"
Niquitin Clear Step 2 14Mg Patch 7Pk,Pharmacy > Nicotine Replacement,True,GSL,,"NiQuitin CLEAR 14 mg/24 hrs transdermal patch [PA1186/018/005, GSL]"
Niquitin Mini 4Mg 60Pk Mint Lozenges,Pharmacy > Nicotine Replacement,True,GSL,,"Niquitin mini 4mg mint lozenges [PA1186/018/012, GSL]"
Ov Emulsifying Oint 500G,Body Care,False,GSL,,"Emulsifying Ointment [PA0206/019/001, GSL]"
Ov Silcocks Base 250Ml Tube,Skincare > Body Care,True,GSL,,"Silcock’s Base Cream White Soft Paraffin 20%w/w, Emulsifying Wax 15% w/w [PA0206/020/001, GSL]"
Ov Silcocks Base 500G,Body Care,False,GSL,,"Silcock’s Base Cream White Soft Paraffin 20%w/w, Emulsifying Wax 15% w/w [PA0206/020/001, GSL]"
Panadol Actifast 20Pk,Pharmacy > Pain Relief,True,GSL,,"Panadol Actifast Tablets 500mg [PA0678/039/012, GSL]"
Panadol Actifast Soluble 12Pk,Pharmacy > Pain Relief,True,GSL,,"Panadol ActiFast 500mg Soluble Tablets [PA0678/039/014, GSL]"
Panadol Extra 12Pk,Pharmacy > Pain Relief,True,GSL,,"Panadol Extra Film-coated tablets Paracetamol 500mg Caffeine 65mg [PA0678/027/001, GSL]"
Panadol Extra 24Pk,Pharmacy > Pain Relief,True,GSL,,"Panadol Extra Film-coated tablets Paracetamol 500mg Caffeine 65mg [PA0678/027/001, GSL]"
Rennie Deflatine 18Pk Chew Tabs,Pharmacy > Stomach & Digestion,True,GSL,,"Rennie Deflatine Chewable Tablets Calcium Carbonate 680mg Magnesium Carbonate 80 [PA1410/051/001, GSL]"
Rennie Peppermint 24Pk,Pharmacy > Stomach & Digestion,True,GSL,,"Rennie Peppermint 680mg/80mg Chewable Tablets [PA1410/053/001, GSL]; Rennie Sugar Free 680 mg/80 mg Chewable tablets [PA1410/053/003, GSL]"
Rennie Peppermint 48Pk,Pharmacy > Stomach & Digestion,True,GSL,,"Rennie Peppermint 680mg/80mg Chewable Tablets [PA1410/053/001, GSL]; Rennie Sugar Free 680 mg/80 mg Chewable tablets [PA1410/053/003, GSL]"
Rennie Spearmint 24Pk,Pharmacy > Stomach & Digestion,True,GSL,,"Rennie Spearmint 680mg/80mg Chewable tablets [PA1410/053/002, GSL]"
Rennie Spearmint 48Pk,Pharmacy > Stomach & Digestion,True,GSL,,"Rennie Spearmint 680mg/80mg Chewable tablets [PA1410/053/002, GSL]"
Rowarolan Powder 20G,Pharmacy > First Aid,True,GSL,,"Rowarolan Cutaneous Powder [PA0074/046/001, GSL]"
Savlon Antiseptic Cream 30G,Pharmacy > First Aid,True,GSL,,"Savlon Antiseptic Cream Cetrimide 0.5% w/w Chlorhexidine Digluconate 0.1% w/w [PA0126/324/002, GSL]"
Savlon Antiseptic Cream 60G,Pharmacy > First Aid,True,GSL,,"Savlon Antiseptic Cream Cetrimide 0.5% w/w Chlorhexidine Digluconate 0.1% w/w [PA0126/324/002, GSL]"
Strepsils Extra Blackcurrant Lozenge 24Pk,Pharmacy > Cold & Flu,True,GSL,,"Strepsils Extra Blackcurrant Lozenges [PA0979/042/001, GSL]"
Strepsils Honey & Lemon Lozenge 36Pk,Pharmacy > Cold & Flu,True,GSL,,"Strepsils Honey & Lemon Lozenges Amylmetacresol 0.6mg 2,4-Dichlorobenzyl alcohol [PA0979/038/002, GSL]"
Strepsils Orange Withvitamin C Lozenge 36Pk,Pharmacy > Cold & Flu,True,GSL,,"Strepsils Orange with Vitamin C Lozenges Amylmetacresol 0.6mg 2,4-Dichlorobenzyl [PA0979/039/001, GSL]"
Strepsils Strawberry Sugar Free Lozenge 16Pk,Pharmacy > Cold & Flu,True,GSL,,"Strepsils Strawberry Sugar Free Lozenges Amylmetacresol 600 micrograms 2, 4-Dich [PA0979/038/003, GSL]"
Vicks Inhaler Nasal Stick,Pharmacy > Cold & Flu,True,GSL,,"Vicks Inhaler Nasal Stick Menthol 125 mg Camphor 50 mg Siberian Pine Needle Oil  [PA2294/005/001, GSL]"
Vicks Vaporub 100G Tub,Pharmacy > Cold & Flu,True,GSL,,"Vicks Vaporub Inhalation Vapour, Ointment Levomenthol        2.75% w/wCamphor    [PA2294/003/001, GSL]"
Vicks Vaporub 50G Tub,Pharmacy > Cold & Flu,True,GSL,,"Vicks Vaporub Inhalation Vapour, Ointment Levomenthol        2.75% w/wCamphor    [PA2294/003/001, GSL]"
2 Piece Ladies Set Adoor,Gifts > Christmas Shop,True,NOT_LISTED,,
2 Piece Ladies Set Carot Red,Gifts > Christmas Shop,True,NOT_LISTED,,
2 Piece Ladies Set Chance It,Gifts > Christmas Shop,True,NOT_LISTED,,
2 Piece Ladies Set Coding,Gifts > Christmas Shop,True,NOT_LISTED,,
2 Piece Ladies Set Floral Explosion,Gifts > Christmas Shop,True,NOT_LISTED,,
2 Piece Ladies Set Madame,Gifts > Christmas Shop,True,NOT_LISTED,,
2 Piece Ladies Set San Tel Tri Tri,Gifts > Christmas Shop,True,NOT_LISTED,,
2 Piece Mens Set Adventure,Gifts > Christmas Shop,True,NOT_LISTED,,
2 Piece Mens Set Bad Guy,Gifts > Christmas Shop,True,NOT_LISTED,,
2 Piece Mens Set Billionaire,Gifts > Christmas Shop,True,NOT_LISTED,,
2 Piece Mens Set Coding,Gifts > Christmas Shop,True,NOT_LISTED,,
2 Piece Mens Set Ferocious,Gifts > Christmas Shop,True,NOT_LISTED,,
2 Piece Mens Set Midnight Blue,Gifts > Christmas Shop,True,NOT_LISTED,,
2 Piece Mens Set Savage,Gifts > Christmas Shop,True,NOT_LISTED,,
2 Piece Mens Set Stronger,Gifts > Christmas Shop,True,NOT_LISTED,,
2 Piece Mens Set The Man,Gifts > Christmas Shop,True,NOT_LISTED,,
2 Piece Mens Set Undeeated,Gifts > Christmas Shop,True,NOT_LISTED,,
3 Piece Ladies Set Belle,Gifts > Christmas Shop,True,NOT_LISTED,,
3 Piece Ladies Set Billionaire,Gifts > Christmas Shop,True,NOT_LISTED,,
3 Piece Ladies Set Libertie,Gifts > Christmas Shop,True,NOT_LISTED,,
3 Piece Ladies Set Olympia,Gifts > Christmas Shop,True,NOT_LISTED,,
3 Piece Ladies Set Opium,Gifts > Christmas Shop,True,NOT_LISTED,,
3 Piece Ladies Set Ufo,Gifts > Christmas Shop,True,NOT_LISTED,,
"3 X 15Ml Gift Set (Madam, Chance, Floral)",Gifts > Christmas Shop,True,NOT_LISTED,,
"3 X 15Ml Gift Set (Shoe, Pomegranate, Myrrh)",Gifts > Christmas Shop,True,NOT_LISTED,,
"4 X 15Ml Gift Set (Carot Red, Blooming, Ador, Angelic)",Gifts > Christmas Shop,True,NOT_LISTED,,
"4 X 15Ml Gift Set (Olympia, Opium, Belle, Billionaire)",Gifts > Christmas Shop,True,NOT_LISTED,,
"4 X 15Ml Gift Set (Ufo, She, Libertie, Kloe)",Gifts > Christmas Shop,True,NOT_LISTED,,
Abercrombie & Fitch Authentic Homme 50Ml Edt Spr,Gifts > Gifts for Him,True,NOT_LISTED,,
Active Immune Immunity Boost Caps 30Pk,Supplements > Immune Support,True,NOT_LISTED,,
Active Immune Kids 60 Chews,Supplements > Children's Supplements,True,NOT_LISTED,,
Active Iron + B Complex For Men 30Pk,Supplements > Women's Wellbeing,True,NOT_LISTED,,
Active Iron Advance 30Pk,Energy & Vitality,False,NOT_LISTED,,
Active Iron Caps 30Pk,Supplements > Women's Wellbeing,True,NOT_LISTED,,
Active Iron For Women + B Complex 30Pk,Supplements > Women's Wellbeing,True,NOT_LISTED,,
Active Iron Kids Iron & Vit D 30 Chews,Supplements > Children's Supplements,True,NOT_LISTED,,
Active Iron Pregnancy Capsules 30Pk,Supplements > Women's Wellbeing,True,NOT_LISTED,,
Advanced Nutrition Programme Skin Accumax - 60 Capsules,Skincare > Face,True,NOT_LISTED,,
Africa Washbag,Sale > Christmas Shop,True,NOT_LISTED,,
Alfaparf Semi Di Lino Diamond Illuminating Mask 200Ml,Toiletries > Hair Care,True,NOT_LISTED,,
Alfaparf Semi Di Lino Diamond Illuminating Shampoo 250Ml,Toiletries > Hair Care,True,NOT_LISTED,,
Alfaparf Semi Di Lino Moisture Nutritive Detangling Fluid 125Ml,Toiletries > Hair Care,True,NOT_LISTED,,
Alfaparf Semi Di Lino Moisture Nutritive Leave-In Conditioner 200Ml,Toiletries > Hair Care,True,NOT_LISTED,,
Alfaparf Semi Di Lino Moisture Nutritive Mask 200Ml,Toiletries > Hair Care,True,NOT_LISTED,,
Alfaparf Semi Di Lino Moisture Nutritive Shampoo 250Ml,Toiletries > Hair Care,True,NOT_LISTED,,
Alfaparf Semi Di Lino Smooth Oil 100Ml,Toiletries > Hair Care,True,NOT_LISTED,,
Alflorex Chewable Tablets 30Pk,Supplements > Probiotics & Gut,True,NOT_LISTED,,
Alflorex For Children,Supplements > Probiotics & Gut,True,NOT_LISTED,,
Alflorex Precision Biotics Adult Capsules 30Pk,Supplements > Probiotics & Gut,True,NOT_LISTED,,
Alflorex Precision Biotics-3 Month Supply,Supplements > Probiotics & Gut,True,NOT_LISTED,,
All Stars Collection,Gifts > Christmas Shop,True,NOT_LISTED,,
Always Ultra Long & Wings 12Pk,Toiletries > Feminine Care,True,NOT_LISTED,,
Always Ultra Rmal+ Duo 26Pk,Toiletries > Feminine Care,True,NOT_LISTED,,
Annalivia Lip Library Tinted Lip Oil Sweety,Beauty,True,NOT_LISTED,,
Apple Cider Mega Strength 1000Mg Tabs (30 Pk),Supplements > Probiotics & Gut,True,NOT_LISTED,,
Aptamil Pepti 1 400G,Baby > Feeding,True,NOT_LISTED,,
Armani Code Mens 50Ml Edt Spr,Gifts > Men's Fragrance,True,NOT_LISTED,,
Armani Diamonds Ladies 50Ml Edp Spr,Gifts > Gifts for Her,True,NOT_LISTED,,
Armani Si Ladies 30Ml Edp,,True,NOT_LISTED,,
Armolipid Food Supplement 30Pk,Supplements > Healthy Heart,True,NOT_LISTED,,
Arnicare Arnica Cream 30G,Pharmacy > Pain Relief,True,NOT_LISTED,,
Aroma Works Basil & Lime 10Ml,Gifts > Candles & Diffusers,True,NOT_LISTED,,
Aroma Works Essentail Oils Duo Range,Gifts > Candles & Diffusers,True,NOT_LISTED,,
Aroma Works Lemongrass & Bergamot 10Ml,Gifts > Candles & Diffusers,True,NOT_LISTED,,
Astral Cream 200Ml,Pharmacy > Medicated Skincare,True,NOT_LISTED,,
Audiclean Ear Cleansing Wash 115Ml,Pharmacy > Eye & Ear Care,True,NOT_LISTED,,
Aveeno 200Ml Daily Moisturising After Shower Mist,Skincare > Body Care,True,NOT_LISTED,,
Aveeno 200Ml Dly Moist Lotion,Skincare > Body Care,True,NOT_LISTED,,
Aveeno 200Ml Skin Relief Menthol,Skincare > Body Care,True,NOT_LISTED,,
Aveeno 200Ml Skin Relief Shea,Skincare > Body Care,True,NOT_LISTED,,
Aveeno 300Ml Dly Moist Pump,Skincare > Body Care,True,NOT_LISTED,,
Aveeno 300Ml Moist Creamy Oil Pump,Skincare > Body Care,True,NOT_LISTED,,
Aveeno 500Ml Daily Moisturising Bodywash,Skincare > Body Care,True,NOT_LISTED,,
Aveeno 75Ml Relief Hand Cream,Skincare > Hands & Feet,True,NOT_LISTED,,
Aveeno Baby Hair And Body Wash,Baby > Bathing & Skincare,True,NOT_LISTED,,
Aveeno Body Wash,Skincare > Body Care,True,NOT_LISTED,,
Aveeno Dermexa Emollient Body Wash 300Ml,Skincare > Body Care,True,NOT_LISTED,,
Aveeno Dermexa Soothing Moisturising Cream 200Ml,Body Care,False,NOT_LISTED,,
Avogel Milk Thistle Complex Drops 50Ml,Supplements > Other Supplements,True,NOT_LISTED,,
Avogel Milk Thistle Tablets 60Pk,Supplements > Weight Management,True,NOT_LISTED,,
Awaken Collection And Reed Diffuser,Gifts > Christmas Shop,True,NOT_LISTED,,
Azio Beauty Intense Firming Face Serum,Skincare,True,NOT_LISTED,,
Azio Beauty Intense Lifting Day Cream,Skincare,True,NOT_LISTED,,
Azio Beauty Intense Lifting Eye Serum,Skincare,True,NOT_LISTED,,
Azio Beauty Lift Factor Neck & Chest Cream,Skincare,True,NOT_LISTED,,
Azio Beauty Pollution Defense Cleanser,Skincare,True,NOT_LISTED,,
Azio Beauty Rejuvenating Night Cream,Skincare,True,NOT_LISTED,,
Azio Beuty Refining Micro Exfoliator,Skincare,True,NOT_LISTED,,
BPerfect Chroma Cover Matte Foundation - N5,Beauty,True,NOT_LISTED,,
BPerfect Chroma Cover Matte Foundation - W2,Beauty,True,NOT_LISTED,,
Baby Vit D3 Dropper 10.7Ml,Baby > Baby Health,True,NOT_LISTED,,
Bach Rescue Remedy Drops 20Ml,Supplements > Sleep & Stress,True,NOT_LISTED,,
Bach Rr Drops 10Ml,Supplements > Sleep & Stress,True,NOT_LISTED,,
Bach Rr Spray 20Ml,Supplements > Sleep & Stress,True,NOT_LISTED,,
Bare Addiction 4 Steps To Clearer Skin,Pharmacy > Medicated Skincare,True,NOT_LISTED,,
Bariesun Kit Baby Spf 50,Skincare > Sun Care & SPF,True,NOT_LISTED,,
Batiste 200Ml Blush Dry Shampoo,Toiletries > Hair Care,True,NOT_LISTED,,
Batiste 200Ml Dark & Deep Brown,Toiletries > Hair Care,True,NOT_LISTED,,
Batiste 200Ml Lgt & Blonde Dry Shampoo,Toiletries > Hair Care,True,NOT_LISTED,,
Batiste 200Ml Med & Brunette Dry Shampoo,Toiletries > Hair Care,True,NOT_LISTED,,
Batiste 200Ml Original Dry Shampoo,Toiletries > Hair Care,True,NOT_LISTED,,
Batiste Dry Shampoo Tropical 200Ml,Toiletries > Hair Care,True,NOT_LISTED,,
Bayliss & Harding Jasmine & Apple Blossom Luxury Hand Wash 500Ml,Clearance > 3 for €10,True,NOT_LISTED,,
"Bayliss & Harding Peony, Lychee & Vanilla Luxury Hand Wash 500Ml",Clearance > 3 for €10,True,NOT_LISTED,,
"Bayliss & Harding Vetiver, Cedar & Lemongrass Luxury Hand Wash 500Ml",Clearance > 3 for €10,True,NOT_LISTED,,
Bayliss & Harding Wild Lavender & Geranium Luxury Hand Wash 500Ml,Clearance > 3 for €10,True,NOT_LISTED,,
Bbold Instant Airbrush Medium 75Ml,Beauty > Tanning,True,NOT_LISTED,,
Bbold Instant Airbrush Medium-Dark 75Ml,Beauty > Tanning,True,NOT_LISTED,,
Bbold Microfibre Applicator Glove Mitt,Beauty > Tanning,True,NOT_LISTED,,
Bbold Xtra Dark Mousse 175Ml,Beauty > Tanning,True,NOT_LISTED,,
Beauty Mystery Box,Gifts > Gifts for Her,True,NOT_LISTED,,
Beauty of Joseon Ginseng Cleansing Oil 210ml,Skincare,True,NOT_LISTED,,
Beauty of Joseon Glow Deep Serum 30ml,Skincare,True,NOT_LISTED,,
Beauty of Joseon Red Bean Refreshing Pore Mask 140ml,Skincare,True,NOT_LISTED,,
Beauty of Joseon Rice & Prebiotic Sunscreen Spf50+ 50ml,Skincare,True,NOT_LISTED,,
Beckham Classic Mens 60Ml Edt Spr,Gifts > Gifts for Him,True,NOT_LISTED,,
Beeline Effervescent Ginseng & Multivitamin 20Pk,Supplements > Immune Support,True,NOT_LISTED,,
Beeline Effervescent Vit C,Supplements > Immune Support,True,NOT_LISTED,,
Beeline Evening Primrose Oil,Supplements > Women's Wellbeing,True,NOT_LISTED,,
Beeline Vit D Oral Spray 20Ml,Supplements > Immune Support,True,NOT_LISTED,,
Bepanthen Nappy Ointment 100G,Baby > Baby Wipes & Changing,True,NOT_LISTED,,
Bepanthen Nappy Ointment 30G,Baby > Baby Wipes & Changing,True,NOT_LISTED,,
Bepanthen Tattoo Intense Care Ointment,Skincare > Body Care,True,NOT_LISTED,,
Berocca Boost 15Pk Eff,Supplements > Energy & Vitality,True,NOT_LISTED,,
Berocca Boost 30Pk Eff,Supplements > Energy & Vitality,True,NOT_LISTED,,
Berocca Immuno Eff 15Pk,Supplements > Immune Support,True,NOT_LISTED,,
Berocca Immuno Eff 30Pk,Supplements > Immune Support,True,NOT_LISTED,,
Berocca Orange 15Pk Eff,Supplements > Energy & Vitality,True,NOT_LISTED,,
Berocca Orange 30Pk Eff,Supplements > Energy & Vitality,True,NOT_LISTED,,
Berocca Orange 45Pk Eff,Supplements > Energy & Vitality,True,NOT_LISTED,,
Better You B12 Boost Oral Spray 25Ml,Supplements > Energy & Vitality,True,NOT_LISTED,,
Better You Dlux Infant Spray 15Ml,Supplements > Children's Supplements,True,NOT_LISTED,,
Better You Magnesium Flakes Body Soak 250G,"Supplements > Muscle, Joint & Bone",True,NOT_LISTED,,
Biabelle - The Blur Brush,Beauty > Tanning,True,NOT_LISTED,,
Biabelle Bronze Obsession Bundle- Dark,Beauty > Tanning,True,NOT_LISTED,,
Biabelle Bronze Obsession Bundle- Medium,Beauty > Tanning,True,NOT_LISTED,,
Biabelle Bronze Obsession Bundle- Ultra Dark,Beauty > Tanning,True,NOT_LISTED,,
Biabelle Bronze Obsession Instant Tan- Dark,Beauty > Tanning,True,NOT_LISTED,,
Biabelle Bronze Obsession Instant Tan- Medium,Beauty > Tanning,True,NOT_LISTED,,
Biabelle Bronze Obsession Instant Tan- Ultra Dark,Beauty > Tanning,True,NOT_LISTED,,
Biabelle Bundle Instant Shimmer- Dark,Beauty > Tanning,True,NOT_LISTED,,
Biabelle Bundle Instant Shimmer- Medium,Beauty > Tanning,True,NOT_LISTED,,
Biabelle Bundle Instant Shimmer- Ultra Dark,Beauty > Tanning,True,NOT_LISTED,,
Biabelle Hydrating Self Tan - Dark,Beauty > Tanning,True,NOT_LISTED,,
Biabelle Hydrating Self Tan - Medium,Beauty > Tanning,True,NOT_LISTED,,
Biabelle Hydrating Self Tan - Ultra Dark,Beauty > Tanning,True,NOT_LISTED,,
Biabelle Instant Bundle With Blur Brush- Dark,Beauty > Tanning,True,NOT_LISTED,,
Biabelle Instant Bundle With Blur Brush- Medium,Beauty > Tanning,True,NOT_LISTED,,
Biabelle Instant Bundle With Blur Brush- Ultra Dark,Beauty > Tanning,True,NOT_LISTED,,
Biabelle Shimmer Bundle With Blur Brush- Dark,Beauty > Tanning,True,NOT_LISTED,,
Biabelle Shimmer Bundle With Blur Brush- Medium,Beauty > Tanning,True,NOT_LISTED,,
Biabelle Shimmer Bundle With Blur Brush- Ultra Dark,Beauty > Tanning,True,NOT_LISTED,,
Biabelle Tan Bundle & Instant - Ultra Dark,Beauty > Tanning,True,NOT_LISTED,,
Biabelle Tan Bundle With Instant- Dark,Beauty > Tanning,True,NOT_LISTED,,
Biabelle Tan Bundle With Instant- Medium,Beauty > Tanning,True,NOT_LISTED,,
Biabelle Tan Bundle-Dark,Beauty > Tanning,True,NOT_LISTED,,
Biabelle Tan Bundle-Medium,Beauty > Tanning,True,NOT_LISTED,,
Biabelle Tan Bundle-Ultra Dark,Beauty > Tanning,True,NOT_LISTED,,
Biabelle Velvet Tan Mitt,Beauty > Tanning,True,NOT_LISTED,,
Bio-Kult Candea 60Pk,Supplements > Probiotics & Gut,True,NOT_LISTED,,
Bio-Kult Caps 120Pk,Supplements > Probiotics & Gut,True,NOT_LISTED,,
Bio-Kult Caps 30Pk,Supplements > Probiotics & Gut,True,NOT_LISTED,,
Bio-Kult Caps 60Pk,Supplements > Probiotics & Gut,True,NOT_LISTED,,
Bio-Kult Migrea,Supplements > Probiotics & Gut,True,NOT_LISTED,,
Bio-Kult Pro Cyan 45Pk,Supplements > Probiotics & Gut,True,NOT_LISTED,,
Bio-Oil Dry Skin Gel 100Ml,Baby > Maternity Care,True,NOT_LISTED,,
Bio-Oil Dry Skin Gel 50Ml,Baby > Maternity Care,True,NOT_LISTED,,
Bio-Oil Skincare Oil 200Ml,Baby > Maternity Care,True,NOT_LISTED,,
Bio-Oil Skincare Oil 60Ml,Baby > Maternity Care,True,NOT_LISTED,,
Bioactive D Pearls 38Ug 240Pk,Supplements > Immune Support,True,NOT_LISTED,,
Bioactive D-Pearls 75Ug 240Pk,Supplements > Immune Support,True,NOT_LISTED,,
Bioactive D-Pearls 75Ug 80Pk,Supplements > Immune Support,True,NOT_LISTED,,
Biodance Cera-Nol Gel Toner Pads 60's,Skincare,True,NOT_LISTED,,
Biodance Collagen Gel Toner Pads 60's,Skincare,True,NOT_LISTED,,
Biodance Hydro Cera-Nol Real Deep Mask 4 Pack,Skincare,True,NOT_LISTED,,
Biomiracle Staysafe Hand Cleansing Towlettes 20Pk,Skincare > Hands & Feet,True,NOT_LISTED,,
Biotene Oral Balance Gel 50G,Pharmacy > Oral Health,True,NOT_LISTED,,
Bioxtra Dry Mouth Oral Gel 40Ml,Pharmacy > Oral Health,True,NOT_LISTED,,
Bioxtra Mouthrinse 250Ml Dry Mouth,Pharmacy > Oral Health,True,NOT_LISTED,,
Bioxtra Oral Gel Mouthspray 50Ml Dry Mouth,Pharmacy > Oral Health,True,NOT_LISTED,,
Bleu De Chanel Edp 100Ml,Gifts > Men's Fragrance,True,NOT_LISTED,,
Bleu De Chanel Edp 50Ml,Gifts > Men's Fragrance,True,NOT_LISTED,,
Bloateze Tablets 20Pk Phoenix,Pharmacy > Stomach & Digestion,True,NOT_LISTED,,
Bloom And Blossom Baby Pillow Spray 75Ml,Baby > Bathing & Skincare,True,NOT_LISTED,,
Boss Alive Ladies 30Ml 2Pc Gift Set,Gifts > Women's Fragrance,True,NOT_LISTED,,
Boss Bottled (Grey) 50Ml Edt Spr,Gifts > Men's Fragrance,True,NOT_LISTED,,
Boss Bottled (Grey) Mens 100Ml Edt Spr,Gifts > Gifts for Him,True,NOT_LISTED,,
Boss Bottled Tonic Mens 50Ml Edt,Gifts > Men's Fragrance,True,NOT_LISTED,,
Boss Femme 75Ml Edp Spr,Gifts > Women's Fragrance,True,NOT_LISTED,,
Boss Orange Mens 100Ml Edt Spr,Gifts > Men's Fragrance,True,NOT_LISTED,,
Boss The Scent Ladies 50Ml Edp Spray,Gifts > Women's Fragrance,True,NOT_LISTED,,
Boss The Scent Mens 100Ml 2Pc Gift Set,Gifts > Men's Fragrance,True,NOT_LISTED,,
Bperfect 10 Sec Strawberry Medium Lotion,Beauty > Tanning,True,NOT_LISTED,,
Bperfect 10 Second Strawberry Dark Lotion,Beauty > Tanning,True,NOT_LISTED,,
Bperfect 10 Second Tan Bronze Boost Instant Tan Gel - Light/Medium,Beauty > Tanning,True,NOT_LISTED,,
Bperfect 10 Second Tan Bronze Boost Instant Tan Gel - Medium/Dark,Beauty > Tanning,True,NOT_LISTED,,
Bperfect Annalivia Cosmetic Bag,Brands > BPerfect,True,NOT_LISTED,,
Bperfect Annalivia Cronzer Cream Bronzer,Brands > BPerfect,True,NOT_LISTED,,
Bperfect Annalivia Dream Duo Bronze & Blush Face Palette,Brands > BPerfect,True,NOT_LISTED,,
Bperfect Annalivia Lip Library Creamy Lip Liner,Brands > BPerfect,True,NOT_LISTED,,
Bperfect Annalivia Lip Library Hydrating Lip Oil,Brands > BPerfect,True,NOT_LISTED,,
Bperfect Annalivia Lip Library Satin Lipstick,Brands > BPerfect,True,NOT_LISTED,,
Bperfect Annalivia Mini Empress Base Brush,Brands > BPerfect,True,NOT_LISTED,,
Bperfect Annalivia Perfection Primer,Beauty,True,NOT_LISTED,,
Bperfect Chroma Cover Luminous Foundation - W5,Face,False,NOT_LISTED,,
Bperfect Chroma Cover Matte Foundation - C1,Beauty > Face,True,NOT_LISTED,,
Bperfect Chroma Cover Matte Foundation - N2,Beauty > Face,True,NOT_LISTED,,
Bperfect Chroma Cover Matte Foundation - W1,Beauty > Face,True,NOT_LISTED,,
Bperfect Chroma Cover Matte Foundation - W4,Beauty > Face,True,NOT_LISTED,,
Bperfect Chroma Cover Matte Foundation - W6,Beauty > Face,True,NOT_LISTED,,
Bperfect Chroma Cover Matte Foundation - W9,Beauty > Face,True,NOT_LISTED,,
Bperfect Double Sided Luxury Velvet Tanning Mitt,Beauty > Tanning,True,NOT_LISTED,,
Bperfect Ekin Su Radiant Blush (Turkish Delight),Beauty > Face,True,NOT_LISTED,,
Bperfect Ekin Su Radiant Glo (02 Light Medium),Beauty > Face,True,NOT_LISTED,,
Bperfect Ekin Su Radiant Glo (06 Deep),Beauty > Face,True,NOT_LISTED,,
Bperfect Ekin Su Radiant Glow (03- Medium),Beauty > Face,True,NOT_LISTED,,
Bperfect Empress Base&Body Brush,Beauty > Brushes & Accessories,True,NOT_LISTED,,
Bperfect Erin Mcgregor Lip Library Creamy Lip Oil Blushing,Beauty,True,NOT_LISTED,,
Bperfect Erin Mcgregor Lip Library Lip Oil Smitten,Beauty,True,NOT_LISTED,,
Bperfect Erin Mcgregor Mini Harmony Shadow Palette Travel,Beauty,True,NOT_LISTED,,
Bperfect Ex-Foliate Tan Removing Scrub,Beauty > Tanning,True,NOT_LISTED,,
Bperfect Eye Duo Collection Gift Set,Gifts > Christmas Shop,True,NOT_LISTED,,
Bperfect Eyeshadow Priming Base Perfect Prime,Beauty > Eyes,True,NOT_LISTED,,
Bperfect Flawless Base Bundle,Beauty,True,NOT_LISTED,,
Bperfect Indestruct'brow Soap,Beauty > Brows & Lashes,True,NOT_LISTED,,
Bperfect Indestructi'brow Charcoal,Beauty > Brows & Lashes,True,NOT_LISTED,,
Bperfect Indestructi'brow Dark Brown Pomade,Beauty > Brows & Lashes,True,NOT_LISTED,,
Bperfect Indestructi'brow Wax,Beauty > Brows & Lashes,True,NOT_LISTED,,
Bperfect Instant Bronze Boost Gel Drops,Beauty > Face,True,NOT_LISTED,,
Bperfect Katie Daley Perfect Powder Candyfloss,Brands > BPerfect,True,NOT_LISTED,,
Bperfect Katie Daley Perfect Powder Honeycomb,Brands > BPerfect,True,NOT_LISTED,,
Bperfect Katie Daley Perfect Powder Vanilla,Brands > BPerfect,True,NOT_LISTED,,
Bperfect Mini Empress Base & Body Brush,Beauty,True,NOT_LISTED,,
Bperfect Mrs Glam Honey Glazed Lip Oil,Brands > BPerfect,True,NOT_LISTED,,
Bperfect Mrs Glam Ice Ice Baby Lip Oil,Brands > BPerfect,True,NOT_LISTED,,
Bperfect Mrs Glam Raspberry Zest Lip Oil,Brands > BPerfect,True,NOT_LISTED,,
Bperfect Mrs Glam Snatch Stick Cool Moon 02 Light Tan,Brands > BPerfect,True,NOT_LISTED,,
Bperfect Mrs Glam Snatch Stick Golden Hour 04 Warm Tan,Brands > BPerfect,True,NOT_LISTED,,
Bperfect Mrs Glam Snatch Stick Golden Moon 01 Light Peach,Brands > BPerfect,True,NOT_LISTED,,
Bperfect Mrs Glam Snatch Stick Sun Drenched 05 Neutral Tan,Brands > BPerfect,True,NOT_LISTED,,
Bperfect Mrs Glam Snatch Stick Sunset 03 Medium Tan,Brands > BPerfect,True,NOT_LISTED,,
Bperfect Mrs Glam Snatch Stick Tantalizing 06 Deep Tan,Brands > BPerfect,True,NOT_LISTED,,
Bperfect Mrs Glam Sunset Glow Disco Diva Cream Blush,Brands > BPerfect,True,NOT_LISTED,,
Bperfect Mrs Glam Sunset Glow Gold Leaf Cream Bronze,Brands > BPerfect,True,NOT_LISTED,,
Bperfect Mrs Glam Sunset Glow Mystic Moonlight Cream Highlight,Brands > BPerfect,True,NOT_LISTED,,
Bperfect Mrs Glam Sunset Glow Peach Melba Cream Blush,Brands > BPerfect,True,NOT_LISTED,,
Bperfect Mrs Glam Sunset Glow Rosemantic Cream Blush,Brands > BPerfect,True,NOT_LISTED,,
Bperfect Mrs Glam Sunset Glow Showstopper Cream Highlight,Brands > BPerfect,True,NOT_LISTED,,
Bperfect Perfection Primer,Beauty > Face,True,NOT_LISTED,,
Bperfect Prep & Set Collection Gift Set,Gifts > Christmas Shop,True,NOT_LISTED,,
Bperfect Skin Studio Glow Boost Moisture Cream 50Ml,Beauty,True,NOT_LISTED,,
Bperfect Skin Studio Hydro Burst Eye Gel 13Ml,Beauty,True,NOT_LISTED,,
Bperfect Skin Studio Replenish & Revive Recovery Cream 50Ml,Beauty,True,NOT_LISTED,,
Bperfect Skin Studio Reset & Recharge Cleansing Balm 90G,Beauty,True,NOT_LISTED,,
Bperfect Skin Studio Spf50 Hydrosheer Skin Glaze 50Ml,Skincare,True,NOT_LISTED,,
Bperfect Tan Studio Instant Aerosol Tan Dark 125ml,Beauty,True,NOT_LISTED,,
Bperfect Tan Studio Instant Aerosol Tan Medium 125ml,Beauty,True,NOT_LISTED,,
Bperfect Tan Studio Instant Aerosol Tan Ultra Dark 125ml,Beauty,True,NOT_LISTED,,
Bperfect Tan Studio Self Tanning Body Butter Dark 200ml,Beauty,True,NOT_LISTED,,
Bperfect Tan Studio Self Tanning Oil Medium 150ml,Beauty,True,NOT_LISTED,,
Bperfect Tan Studio Tanning Facial Mist Light-Medium 150ml,Beauty,True,NOT_LISTED,,
Bperfect Tan Studio Tanning Liquid Dark 175ml,Beauty,True,NOT_LISTED,,
Bperfect Tan Studio Tanning Mousse Ultra Dark 200ml,Beauty,True,NOT_LISTED,,
Bperfect The Cheek Liquid Blush Pretty Pink,Beauty,True,NOT_LISTED,,
Bperfect X Laura B The One Lashes,Beauty > Brows & Lashes,True,NOT_LISTED,,
Braggs Apple Cid Vin 946Ml,Supplements > Weight Management,True,NOT_LISTED,,
Braun Nasal Aspirator,Baby > Soothers & Accessories,True,NOT_LISTED,,
Braun Thermoscan Refill Lf40,Baby > Soothers & Accessories,True,NOT_LISTED,,
Bright Xmas Led Ball Large Black,Gifts > Christmas Shop,True,NOT_LISTED,,
Bright Xmas Led Ball Large Gold,Gifts > Christmas Shop,True,NOT_LISTED,,
Bright Xmas Led Ball Large Red,Gifts > Christmas Shop,True,NOT_LISTED,,
Broncho Stop Junior Cough Strawberry 120Ml,Pharmacy > Children's Medicine,True,NOT_LISTED,,
Brush Works Micro Needle Derma Roller,Skincare > Face,True,NOT_LISTED,,
Brylcream Gel Cream 2 For €6,Toiletries > Men's Grooming,True,NOT_LISTED,,
Brylcreem Orig 150Ml Prot Enrich,Toiletries > Men's Grooming,True,NOT_LISTED,,
Brylcreem Orig 250Ml Prot Enrich,Toiletries > Men's Grooming,True,NOT_LISTED,,
Burberry For Men 30Ml,Gifts > Men's Fragrance,True,NOT_LISTED,,
Burberry For Women (Original) 100Ml Edp Spray,Gifts > Women's Fragrance,True,NOT_LISTED,,
Burberry For Women (Original) 50Ml Edp Spr,Gifts > Gifts for Her,True,NOT_LISTED,,
Burberry Touch Mens 100Ml Edt Spr,Gifts > Gifts for Her,True,NOT_LISTED,,
Burnshield Hydrogel 50Ml,Pharmacy > Medicated Skincare,True,NOT_LISTED,,
Burts Bees Hemp Chanvre Lip Balm,,True,NOT_LISTED,,
C And H Mixed Fruit Drops,Toiletries > Travel,True,NOT_LISTED,,
COCOA BROWN 1 HOUR TAN MOUSSE MEDIUM 150ML,Beauty,True,NOT_LISTED,,
Cacharel Yes I Am Pink 50Ml Edp Spr,Gifts > Women's Fragrance,True,NOT_LISTED,,
Caldebaby Teething Gel 20Ml,Baby > Baby Health,True,NOT_LISTED,,
Cali Coast Golden Hour,Beauty,True,NOT_LISTED,,
Cali Coast Malibu Mist,Beauty,True,NOT_LISTED,,
Cali Coast Palm Paradise,Beauty,True,NOT_LISTED,,
Cali Coast Wave Whip Shower Foam Berry Breeze 250ml,Toiletries,True,NOT_LISTED,,
Cali Coast Wave Whip Shower Foam Orange Sunset 250ml,Toiletries,True,NOT_LISTED,,
Cali Coast Wave Whip Shower Foam Passionfruit Sunrise 250ml,Toiletries,True,NOT_LISTED,,
Cali Coast Wave Whip Shower Foam Pomegranate Paradise 250ml,Toiletries,True,NOT_LISTED,,
Calvin Klein Eternity For Men 50Ml Edt Spr,Gifts for Him,False,NOT_LISTED,,
Camomile Syrup Foran 40Ml,Baby > Baby Health,True,NOT_LISTED,,
Carefree Aloe Vera Liner 20Pk,Toiletries > Feminine Care,True,NOT_LISTED,,
Carex Hw Original 250Ml,Toiletries > Handsoap & Sanitiser,True,NOT_LISTED,,
Carex The Original Dermacare Eco Refill 500Ml Hand Wash,Clearance > 3 for €10,True,NOT_LISTED,,
Carmex Cherry Pot 7.5G Spf15,Beauty > Lips,True,NOT_LISTED,,
Carmex Cherry Tube 10G Spf15,Beauty > Lips,True,NOT_LISTED,,
Carmex Classic Orig Tube 10G,Beauty > Lips,True,NOT_LISTED,,
Carmex Classic Pot 7.5G On Card,Beauty > Lips,True,NOT_LISTED,,
Castor Oil 100M;,,True,NOT_LISTED,,
Cb12 Oral Rinse Blue 250Ml,Toiletries > Dental,True,NOT_LISTED,,
Celti Can Jar Lime,Gifts > Candles & Diffusers,True,NOT_LISTED,,
Celtic Can Diffuser Blk Pom,Gifts > Candles & Diffusers,True,NOT_LISTED,,
Celtic Can Diffuser Pomelo/Grape,Gifts > Candles & Diffusers,True,NOT_LISTED,,
Celtic Can Mini Box Gs Lime/Basil,Gifts > Candles & Diffusers,True,NOT_LISTED,,
Celtic Can Pot Round Pink Grapefruit & Champagne,Gifts > Candles & Diffusers,True,NOT_LISTED,,
Celtic Can Round Pot Black Pomegranate,Gifts > Candles & Diffusers,True,NOT_LISTED,,
Celtic Candle Pot Round Lime/ Mandarin,Gifts > Candles & Diffusers,True,NOT_LISTED,,
Celtic Candle Round Pot Pomelo Grapefruit,Gifts > Candles & Diffusers,True,NOT_LISTED,,
Celtic Wind Cbd Oil 5% 10Ml,Pharmacy > Pain Relief,True,NOT_LISTED,,
Centrum Advance 30Pk,Supplements > Immune Support,True,NOT_LISTED,,
Centrum Advance 50+ 60Pk,Supplements > Immune Support,True,NOT_LISTED,,
Centrum Men 30Pk,Supplements > Men's Wellbeing,True,NOT_LISTED,,
Centrum Men 50+,Men's Wellbeing,False,NOT_LISTED,,
Centrum Women 30Pk,Supplements > Women's Wellbeing,True,NOT_LISTED,,
Centrum Women 50+ 30Pk,Supplements > Women's Wellbeing,True,NOT_LISTED,,
Cerave Reparative Hand Cream 50Ml,Skincare > Hands & Feet,True,NOT_LISTED,,
Cerumol Ear Drops,Pharmacy > Eye & Ear Care,True,NOT_LISTED,,
Cerumol Olive Oil Ear Drops 10Ml,Pharmacy > Eye & Ear Care,True,NOT_LISTED,,
Cetaphil Cleanser 236Ml,Cleanse,False,NOT_LISTED,,
Cetaphil Moist Lotion 236Ml,Body Care,False,NOT_LISTED,,
Chance Eau Tendre Edp Spray 50Ml,Gifts > Women's Fragrance,True,NOT_LISTED,,
Chance-Spray Deodorant 100Ml,Gifts > Women's Fragrance,True,NOT_LISTED,,
Chanel Chance Eau De Parfum 100Ml,Gifts > Women's Fragrance,True,NOT_LISTED,,
Chanel Chance Eau De Parfum 50Ml,Gifts > Women's Fragrance,True,NOT_LISTED,,
Chanel Chance Eau Tendre Eau De Toilette 50Ml,Gifts > Women's Fragrance,True,NOT_LISTED,,
Chanel Coco Mademoiselle Eau De Parfum 35Ml,Gifts > Women's Fragrance,True,NOT_LISTED,,
Chanel Coco Mademoiselle Eau De Parfum 50Ml,Gifts > Women's Fragrance,True,NOT_LISTED,,
Chanel No5 Eau De Parfum 100Ml,Gifts > Women's Fragrance,True,NOT_LISTED,,
Chanel No5 Eau De Parfum 35Ml,Gifts > Women's Fragrance,True,NOT_LISTED,,
Chanel No5 Eau De Parfum 50Ml,Gifts > Women's Fragrance,True,NOT_LISTED,,
Childs Farm Baby Moisturiser 250Ml Shea & Cocoa Bu,Baby > Bathing & Skincare,True,NOT_LISTED,,
Childs Farm Bubble Bath 250Ml Raspberry Extract,Baby > Bathing & Skincare,True,NOT_LISTED,,
Childs Farm Bubble Bath 250Ml Tangerine,Baby > Bathing & Skincare,True,NOT_LISTED,,
Childs Farm Conditioner 250Ml Strawbery,Baby > Bathing & Skincare,True,NOT_LISTED,,
Childs Farm Hair & Body Wash 250Ml Sweet Orange,Baby > Bathing & Skincare,True,NOT_LISTED,,
Childs Farm Nappy Cream 100Ml,,True,NOT_LISTED,,
Childs Farm Shampoo 250Ml Strawberry & Mint,Baby > Bathing & Skincare,True,NOT_LISTED,,
Chloe (New) Signature Ladies 50Ml Edp Spr,Gifts > Gifts for Her,True,NOT_LISTED,,
Christmas Tree Hand Cream & Nail File,Gifts > Christmas Shop,True,NOT_LISTED,,
Chroma Cover Luminous Foundation - C2,Beauty,True,NOT_LISTED,,
Chroma Cover Luminous Foundation - N2,Beauty,True,NOT_LISTED,,
Chroma Cover Luminous Foundation - N3,Beauty,True,NOT_LISTED,,
Chroma Cover Luminous Foundation - W1,Beauty,True,NOT_LISTED,,
Chroma Cover Luminous Foundation - W2,Beauty,True,NOT_LISTED,,
Chroma Cover Luminous Foundation - W3,Beauty,True,NOT_LISTED,,
Chroma Cover Luminous Foundation - W6,Beauty,True,NOT_LISTED,,
Chroma Cover Luminous Foundation -N5,Beauty,True,NOT_LISTED,,
Chroma Cover Matte Foundation - N4,Beauty,True,NOT_LISTED,,
Chroma Cover Matte Foundation - W3,Beauty,True,NOT_LISTED,,
Chroma Cover Matte Foundation - W5,Beauty,True,NOT_LISTED,,
Chroma Cover Matte Foundation - W8,Beauty,True,NOT_LISTED,,
Chroma Liquid Concealer C2,Beauty,True,NOT_LISTED,,
Chroma Liquid Concealer C3,Beauty,True,NOT_LISTED,,
Chroma Liquid Concealer N3,Beauty,True,NOT_LISTED,,
Chroma Liquid Concealer N4,Beauty,True,NOT_LISTED,,
Chroma Liquid Concealer W1,Beauty,True,NOT_LISTED,,
Chroma Liquid Concealer W2,Beauty,True,NOT_LISTED,,
Chroma Liquid Concealer W3,Beauty,True,NOT_LISTED,,
Chroma Liquid Concealer W6,Beauty,True,NOT_LISTED,,
Chummi Lip Mask Berry 20G,Skincare > Face,True,NOT_LISTED,,
Chummi Lip Mask Coconut 20G,Skincare > Face,True,NOT_LISTED,,
Chummi Lip Mask Vanilla 20G,Skincare > Face,True,NOT_LISTED,,
Citric Acid 100G,Supplements > Women's Wellbeing,True,NOT_LISTED,,
Ck Eternity Ladies 100Ml Edp,,True,NOT_LISTED,,
Ck Eternity Ladies 50Ml 3Pc Gift Set,Gifts > Women's Fragrance,True,NOT_LISTED,,
Ck Eternity Mens 100Ml Edt Spr,Gifts > Men's Fragrance,True,NOT_LISTED,,
Ck Eternity Mens 50Ml Edt Spr,Gifts > Gifts for Him,True,NOT_LISTED,,
Ck Eternity Moments Ladies 100Ml Edp Spr,Gifts > Women's Fragrance,True,NOT_LISTED,,
Ck Euphoria Ladies 100Ml Edp Spr,Gifts > Women's Fragrance,True,NOT_LISTED,,
Ck Euphoria Ladies 30Ml Edp Spr,Gifts > Gifts for Her,True,NOT_LISTED,,
Ck Euphoria Ladies 50Ml Edp,,True,NOT_LISTED,,
Ck Euphoria Mens 100Ml Edt Spr,Gifts > Men's Fragrance,True,NOT_LISTED,,
Ck In 2U Ladies 100Ml Edp Spr,Gifts > Women's Fragrance,True,NOT_LISTED,,
Ck In 2U Mens 150Ml Edt Spr,Gifts > Men's Fragrance,True,NOT_LISTED,,
Ck Men 50Ml Edt Spr,Gifts > Gifts for Him,True,NOT_LISTED,,
Ck Obsession Ladies 100Ml Edp Spr,Gifts > Women's Fragrance,True,NOT_LISTED,,
Ck One 200Ml Edt Spr,Gifts > Men's Fragrance,True,NOT_LISTED,,
Cl-Ear Ear Relief Drops,Pharmacy > Eye & Ear Care,True,NOT_LISTED,,
Cl-Ear Express Dual Action Ear Drops,Pharmacy > Eye & Ear Care,True,NOT_LISTED,,
Cl-Ear Olive Oil Ear Drops,Pharmacy > Eye & Ear Care,True,NOT_LISTED,,
Classics Pure Acetone 150Ml False Nail Remover,Beauty > Nails,True,NOT_LISTED,,
Cleanmarine For Women 60Caps,Supplements > Women's Wellbeing,True,NOT_LISTED,,
Cleanmarine Krill Oil Capsules 60Pk,Supplements > Women's Wellbeing,True,NOT_LISTED,,
Cleanmarine Memin For Women 60Pk,Supplements > Women's Wellbeing,True,NOT_LISTED,,
Cleanse Duo,Sale > Christmas Shop,True,NOT_LISTED,,
Cleanse Off Mitt 1Pk,Skincare > Cleanse,True,NOT_LISTED,,
Cleanse Off Mitt Pink,Skincare > Cleanse,True,NOT_LISTED,,
Cleanse Washbag,Sale > Christmas Shop,True,NOT_LISTED,,
Clearblue Digital 1Pk Pregnancy Test,Pharmacy > Sexual Health,True,NOT_LISTED,,
Clearblue Digital 2Pk Pregnancy Test,Toiletries > Feminine Care,True,NOT_LISTED,,
Clearblue Ovulation Digital Test 10Pk,Toiletries > Feminine Care,True,NOT_LISTED,,
Clearblue Plus 1Pk Pregnancy Test,Pharmacy > Sexual Health,True,NOT_LISTED,,
Clearblue Plus 2Pk Pregnancy Test,Pharmacy > Sexual Health,True,NOT_LISTED,,
Coco Mademoiselle - Fresh Moisture Mist 100Ml,Gifts > Women's Fragrance,True,NOT_LISTED,,
Coco Mademoiselle Chanel Eau De Parfum 100Ml,Gifts > Women's Fragrance,True,NOT_LISTED,,
Cocoa Brown 1Hr Tan Mousse 150Ml Dark,Beauty > Tanning,True,NOT_LISTED,,
Cocoa Brown 1Hr Ultra Dark Tan 150Ml,Beauty > Tanning,True,NOT_LISTED,,
Cocoa Brown Double Sided Pink Velvet Tan Mitt,Beauty > Tanning,True,NOT_LISTED,,
Cocoa Brown Kabuki Brush,Beauty > Tanning,True,NOT_LISTED,,
Cocoa Brown Thumb Tanning Mitt,Beauty > Tanning,True,NOT_LISTED,,
Colgate Tg Blue Minty Fresh Gel 100Ml,Toiletries > Dental,True,NOT_LISTED,,
Colgate Tp 100Ml Whitening,Toiletries > Dental,True,NOT_LISTED,,
Colgate Tp Max White One 75Ml,Toiletries > Dental,True,NOT_LISTED,,
Colgate Tp Sensation Whitening 100Ml Tube 100Ml,Toiletries > Dental,True,NOT_LISTED,,
Colgate Triple Action Toothpaste 100Ml,Toiletries > Dental,True,NOT_LISTED,,
Colief Infant Drops 15Ml,Baby > Baby Health,True,NOT_LISTED,,
Compeed Blister Medium 5Pk,Pharmacy > Medicated Skincare,True,NOT_LISTED,,
Compeed Blister Mix 5Pk,Pharmacy > Medicated Skincare,True,NOT_LISTED,,
Compeed Blister Small 6Pk,Pharmacy > Foot & Nail Care,True,NOT_LISTED,,
Compeed Blister Underfoot 5Pk,Pharmacy > Foot & Nail Care,True,NOT_LISTED,,
Compeed Cs Patch 15Pk,Pharmacy > Oral Health,True,NOT_LISTED,,
Compeed Discreet Cold Sore,Pharmacy > Medicated Skincare,True,NOT_LISTED,,
Compeed Toe Blister Pack,Pharmacy > Foot & Nail Care,True,NOT_LISTED,,
Complan Original 425G Pk,Supplements > Health Foods,True,NOT_LISTED,,
Complan Strawberry 4 X 55G Pk,Supplements > Health Foods,True,NOT_LISTED,,
Complan Vanilla 4 X 55G Pk,Supplements > Health Foods,True,NOT_LISTED,,
Cool Water Ladies 30Ml 2Pc Gift Set,Gifts > Women's Fragrance,True,NOT_LISTED,,
Coral Baby Sponges,Baby > Soothers & Accessories,True,NOT_LISTED,,
Coral Massage Sponge 3Pk,Baby > Bathing & Skincare,True,NOT_LISTED,,
Cotton Wool 500G,Baby > Baby Wipes & Changing,True,NOT_LISTED,,
Creme Gommante Corps 200Ml,Skincare > Body Care,True,NOT_LISTED,,
Cronzer Cream Bronzer Tan,Beauty,True,NOT_LISTED,,
Cronzer Cream Brozer Sand,Beauty,True,NOT_LISTED,,
Cutex Moisture Rich Npr 100Ml,Beauty > Nails,True,NOT_LISTED,,
Cutex Ultra Powerful Npr 100Ml,Beauty > Nails,True,NOT_LISTED,,
Cydonia Cooling Polar Ice 100Ml,Pharmacy > Pain Relief,True,NOT_LISTED,,
Cydonia Horse Balm 100Ml,Pharmacy > Pain Relief,True,NOT_LISTED,,
Cydonia Lively Tigers Ointment 30Ml,Pharmacy > Pain Relief,True,NOT_LISTED,,
Cydonia Soothing Arnica Ultra Gel 100Ml,Pharmacy > Pain Relief,True,NOT_LISTED,,
Cydonia Uplifting Horse Balm 250Ml,Pharmacy > Pain Relief,True,NOT_LISTED,,
D&G The One Mens 50Ml Edp Spr,Gifts > Gifts for Him,True,NOT_LISTED,,
Dax Wax C0848 Red Wave & Groom,Toiletries > Men's Grooming,True,NOT_LISTED,,
Dax Wax Purple Super Neat,Toiletries > Men's Grooming,True,NOT_LISTED,,
Declaré Age Control Multi Lift Cream 50Ml,Skincare,True,NOT_LISTED,,
Declaré Age Control Multi Lift Serum 50Ml,Skincare,True,NOT_LISTED,,
Declaré Age Control Night Essential Serum 50Ml,Skincare,True,NOT_LISTED,,
Declaré Age Control Night Revitalizer 50Ml,Skincare,True,NOT_LISTED,,
Declaré Eye Contour Bi-Phase Sensitive Eye Make-Up Remover 100Ml,Skincare,True,NOT_LISTED,,
Declaré Eye Contour Essential Eye Lifting Serum 15Ml,Skincare,True,NOT_LISTED,,
Declaré Hydro Balance Bb Cream Spf 30 50Ml,Skincare,True,NOT_LISTED,,
Declaré Hydro Balance Oceans Best Cream 50Ml,Skincare,True,NOT_LISTED,,
Declaré Hydro Balance Oceans Best Eye Cream 15Ml,Skincare,True,NOT_LISTED,,
Declaré Hydro Energy Moisture Boost Cream-Gel 50Ml,Skincare,True,NOT_LISTED,,
Declaré Oceans Best Hyaluron Triple Booster 50Ml,Skincare,True,NOT_LISTED,,
Declaré Soft Cleansing Anti-Pollution Cleansing Balm 150Ml,Skincare,True,NOT_LISTED,,
Declaré Soft Cleansing Cleansing Milk 400Ml,Skincare,True,NOT_LISTED,,
Declaré Soft Cleansing Cleansing Powder 90G,Skincare,True,NOT_LISTED,,
Declaré Soft Cleansing Tonifying Lotion 400Ml,Skincare,True,NOT_LISTED,,
Declaré Soft Peeling Extra Gentle Exfoliant 100Ml,Skincare,True,NOT_LISTED,,
Declaré Stress Balance 5 Secrets Night Cream 50Ml,Skincare,True,NOT_LISTED,,
Declaré Stress Balance Anti-Irritation Serum 50Ml,Skincare,True,NOT_LISTED,,
Declaré Stress Balance Couperose Solution 50Ml,Skincare,True,NOT_LISTED,,
Dermal Adex Gel 100G,Skincare > Body Care,True,NOT_LISTED,,
Dextro Energy Blackcurrant + Vit C 47G,Supplements > Energy & Vitality,True,NOT_LISTED,,
Dextro Energy Lemon + Vit C 47G,Supplements > Energy & Vitality,True,NOT_LISTED,,
Dextro Energy Orange + Vit C 47G,Supplements > Energy & Vitality,True,NOT_LISTED,,
Diesel D By Diesel 50Ml 2Pc Gift Set,Gifts > Men's Fragrance,True,NOT_LISTED,,
Diesel Only The Brave 50Ml Edt Spr,Gifts > Men's Fragrance,True,NOT_LISTED,,
Dior Sauvage 60Ml Edt Spr,Gifts > Gifts for Him,True,NOT_LISTED,,
Discover Beauty Bag Gift Set,Gifts > Christmas Shop,True,NOT_LISTED,,
Discreet Nasal Sring Aid Large,,True,NOT_LISTED,,
Dkny Be Delicious Fresh Blossom 50Ml Edp Spr,Gifts > Women's Fragrance,True,NOT_LISTED,,
Dlux 3000 Oral Spray 15Ml,Supplements > Other Supplements,True,NOT_LISTED,,
Dlux Junior Vitamin D Oral Spray 15Ml,Supplements > Children's Supplements,True,NOT_LISTED,,
Dlux Vit D Spray 1000Iu 15Ml,Supplements > Immune Support,True,NOT_LISTED,,
Double Glazed High Shine Gloss Pink Frosting,Beauty,True,NOT_LISTED,,
Double Glazed High Shine Gloss Salted Caramel,Beauty,True,NOT_LISTED,,
Doublebase Emollient Gel 250G,Skincare > Body Care,True,NOT_LISTED,,
Doubole Glazed High Shine Gloss Iced,Beauty,True,NOT_LISTED,,
Dove Advanced Care Deeply Nourishing Body Wash 225Ml,Clearance > 3 for €10,True,NOT_LISTED,,
Dove Advanced Care Gentle Scrub Body Wash 225Ml,Clearance > 3 for €10,True,NOT_LISTED,,
Dove Advanced Care Nourishing Silk Body Wash 225Ml,Clearance > 3 for €10,True,NOT_LISTED,,
Dove Advanced Care Pampering Shea Butter & Vanilla Body Wash 225Ml,Clearance > 3 for €10,True,NOT_LISTED,,
Dove Advanced Care Reviving Pomegranate & Hibiscus Body Wash 225Ml,Clearance > 3 for €10,True,NOT_LISTED,,
Dove Cleansing Bar Original,Toiletries > Handsoap & Sanitiser,True,NOT_LISTED,,
Dove Lotion 200Ml Summer Revive Fair/Medium,Body Care,False,NOT_LISTED,,
Dove Lotion 200Ml Summer Revive Medium/Dark,Beauty > Tanning,True,NOT_LISTED,,
Dove Men + Care Bodywash Sport,Toiletries > Men's Grooming,True,NOT_LISTED,,
Dove Men Care Clean Comfort Duo Pk 150Ml,Toiletries > Men's Grooming,True,NOT_LISTED,,
Dove Men S/Gel 250Ml Extra Fresh,Toiletries > Men's Grooming,True,NOT_LISTED,,
Dr Denti Tooth-Fil 3G 10 Pack Fillings,Toiletries > Dental,True,NOT_LISTED,,
Dr Squatch Coastal Mist Deodorant 75G,Men's Grooming,False,NOT_LISTED,,
Dr Squatch Coastal Mist Soap Bar 141G,Men's Skincare,False,NOT_LISTED,,
Dr Squatch Rainforest Rapids Deodorant 75G,Men's Grooming,False,NOT_LISTED,,
Dr Squatch Rainforest Rapids Soap Bar 141G,Men's Skincare,False,NOT_LISTED,,
Dr Squatch Wood Barrel Bourbon Deodorant 75G,Men's Grooming,False,NOT_LISTED,,
Dr Squatch Wood Barrel Bourbon Soap Bar 141G,Men's Skincare,False,NOT_LISTED,,
Dr Teals Pure Epsom Salt Post Workout,,True,NOT_LISTED,,
Driclor Solution 20Ml,Toiletries > Deodorant,True,NOT_LISTED,,
Drink Spike Test,Pharmacy,True,NOT_LISTED,,
Dripping Gold Define And Sculpt Face And Body Brush,Toiletries > Hair Care,True,NOT_LISTED,,
Dripping Gold Pre-Party Polish,Beauty > Tanning,True,NOT_LISTED,,
Duo Striplash Adhesive 7G White/Clear,Beauty > Brows & Lashes,True,NOT_LISTED,,
Duracell Hearing Aid Da13 Orange,,True,NOT_LISTED,,
Durex Extra Safe 12Pk,Toiletries > Men's Grooming,True,NOT_LISTED,,
Durex Extra Safe 20Pk,Toiletries > Men's Grooming,True,NOT_LISTED,,
Durex Extra Safe 3Pk,Toiletries > Men's Grooming,True,NOT_LISTED,,
Durex Intense 12Pk,Toiletries > Men's Grooming,True,NOT_LISTED,,
Durex Intimate Feel 12Pk,Toiletries > Men's Grooming,True,NOT_LISTED,,
Durex Invisible Extra Thin 12Pk,Toiletries > Men's Grooming,True,NOT_LISTED,,
Durex Play 50Ml Feel Lube,Toiletries > Men's Grooming,True,NOT_LISTED,,
Durex Pleasure Me 12Pk,Toiletries > Men's Grooming,True,NOT_LISTED,,
Durex Pleasure Me 6Pk,Toiletries > Men's Grooming,True,NOT_LISTED,,
Durex Thin Feel 12Pk,Toiletries > Men's Grooming,True,NOT_LISTED,,
Durex Thin Feel 3Pk,Toiletries > Men's Grooming,True,NOT_LISTED,,
Elave Baby Caring Shampoo 400Ml,Baby > Bathing & Skincare,True,NOT_LISTED,,
Elave Baby Intensive Cream 125Ml,Baby > Bathing & Skincare,True,NOT_LISTED,,
Elave Bodywash 250Ml,Skincare > Body Care,True,NOT_LISTED,,
Elave Facial Intense Moisture Surge 50Ml,Skincare > Body Care,True,NOT_LISTED,,
Elave Hair Conditoner 250Ml,Toiletries > Hair Care,True,NOT_LISTED,,
Elave Oil Free Moisturiser 50Ml,Skincare > Body Care,True,NOT_LISTED,,
Elave Shampoo 250Ml,Toiletries > Hair Care,True,NOT_LISTED,,
Electric Picnic Bundle,Bundles,False,NOT_LISTED,,
Ella & Jo 3 In 1 Hyaluronic Skin Mist 100Ml,Skincare > Face,True,NOT_LISTED,,
Ella & Jo Brighten And Glow Hydrating Exfoliating Cleanser,Skincare > Face,True,NOT_LISTED,,
Ella & Jo Melt The Day Away Cleansing Balm,Skincare > Face,True,NOT_LISTED,,
Ella & Jo Squeaky Clean Brush Cleaner 200Ml,Beauty > Face,True,NOT_LISTED,,
Elvive Fibrology Conditioner Xxl 700Ml,Toiletries > Hair Care,True,NOT_LISTED,,
Emergen-C Super Orange 8Pk,Supplements > Energy & Vitality,True,NOT_LISTED,,
Epaderm Cream Pump 500G,Skincare > Body Care,True,NOT_LISTED,,
Epaderm Cream Pump 50G,Skincare > Body Care,True,NOT_LISTED,,
Epaderm Ointment 500G,Skincare > Body Care,True,NOT_LISTED,,
Eskimo Brainsharp 120 Caps,Supplements > Brain Health & Omega Oils,True,NOT_LISTED,,
Eskimo Oil Eskimo Brain 3-6-9 210Ml,Supplements > Brain Health & Omega Oils,True,NOT_LISTED,,
Eskimo-3 Kids Chewable Dha+ Orange Flavour,Supplements > Children's Supplements,True,NOT_LISTED,,
Estee Lauder Double Wear Makeup Pump,Beauty > Face,True,NOT_LISTED,,
Eucerin 10% Urea Foot Cream,Skincare > Hands & Feet,True,NOT_LISTED,,
Eucerin 10% Urea Lotion,Baby > Bathing & Skincare,True,NOT_LISTED,,
Eucerin Bath & Shower Oil,Baby > Bathing & Skincare,True,NOT_LISTED,,
Eucerin Calming Urea Scalp Treatment,Toiletries > Hair Care,True,NOT_LISTED,,
Eucerin Urearepair Plus Hand Cream,Skincare > Hands & Feet,True,NOT_LISTED,,
Eucryl Powder 50G Smokers Freshmint,Toiletries > Dental,True,NOT_LISTED,,
Eucryl Pwdr 50G Original,Toiletries > Dental,True,NOT_LISTED,,
Euthymol 75Ml Toothpaste,Toiletries > Dental,True,NOT_LISTED,,
Eylure Brow Dye (Black),Toiletries > Hair Care,True,NOT_LISTED,,
Eylure Brow Dye (Dark Brown),Toiletries > Hair Care,True,NOT_LISTED,,
Eylure Brow Dye (Light Brown),Toiletries > Hair Care,True,NOT_LISTED,,
Eylure Lash Tint (Black),Toiletries > Hair Care,True,NOT_LISTED,,
Fabu Focus Brain 60Pk,Supplements > Brain Health & Omega Oils,True,NOT_LISTED,,
Fabu R&R Relax 60Pk,Supplements > Other Supplements,True,NOT_LISTED,,
Fabu Shrooms Gut 60Pk,Supplements > Probiotics & Gut,True,NOT_LISTED,,
Fabu Shrooms Immune 60Pk,Supplements > Immune Support,True,NOT_LISTED,,
Fabu Shrooms Meno & Peri 60Pk,Supplements > Women's Wellbeing,True,NOT_LISTED,,
Fabu Skin Glow 60Pk,Supplements > Other Supplements,True,NOT_LISTED,,
Fathers Day Bundle,Gift Recipient > Gifts for Him,True,NOT_LISTED,,
Feel Fully Sensitive Bumper Gift Pack,Gifts > Black Friday,True,NOT_LISTED,,
Feel Ultimate Bumper Gift Pack,Gifts > Black Friday,True,NOT_LISTED,,
Femfresh Wash 250Ml Daily Intimate,Toiletries > Feminine Care,True,NOT_LISTED,,
Ffp2 Mask,"Toiletries > Masks, Gloves & PPE",True,NOT_LISTED,,
First Response Preg Test Single,Toiletries > Feminine Care,True,NOT_LISTED,,
Fishermans Friend Lozenges 25G Aniseed,Pharmacy > Cold & Flu,True,NOT_LISTED,,
Fishermans Friend Lozenges 25G Original,Pharmacy > Cold & Flu,True,NOT_LISTED,,
Fixodent Denture Cream 47G Original,Toiletries > Dental,True,NOT_LISTED,,
Fixodent Food Seal 35Ml,Toiletries > Dental,True,NOT_LISTED,,
Fleaway Plus Cat,Pharmacy > Companion Animal,True,NOT_LISTED,,
Fleaway Plus Large Dog,Pharmacy > Companion Animal,True,NOT_LISTED,,
Fleaway Plus Medium Dog,Pharmacy > Companion Animal,True,NOT_LISTED,,
Fleaway Plus Small Dog,Pharmacy > Companion Animal,True,NOT_LISTED,,
Fleaway Plus X-Large Dog,Pharmacy > Companion Animal,True,NOT_LISTED,,
Floradix Floravital Liquid 250Ml,Supplements > Immune Support,True,NOT_LISTED,,
Floradix Floravital Liquid 500Ml,Supplements > Immune Support,True,NOT_LISTED,,
Floradix Kindervital 250Ml,Supplements > Immune Support,True,NOT_LISTED,,
Floradix Kindervital 500Ml,Supplements > Immune Support,True,NOT_LISTED,,
Floradix Liquid Iron 250Ml,Supplements > Other Supplements,True,NOT_LISTED,,
Floradix Liquid Iron 500Ml,Supplements > Other Supplements,True,NOT_LISTED,,
Floradix Magnesium Liquid 250Ml,Supplements > Immune Support,True,NOT_LISTED,,
Floradix Tablets (84 Pk),Supplements > Immune Support,True,NOT_LISTED,,
Flormar Fl1084 Illuminating Primer Make Up,Beauty > Face,True,NOT_LISTED,,
Flow Flex Antigen Test 1 Pack,"Toiletries > Masks, Gloves & PPE",True,NOT_LISTED,,
Flowerbomb Ladies 30Ml Edp Spr,Gifts > Gifts for Her,True,NOT_LISTED,,
Fluor-Kin Mouthwash 500Ml Children's,Toiletries > Dental,True,NOT_LISTED,,
Foot Soak Bundle,Skincare,True,NOT_LISTED,,
Formoline L112 Extra Weight Management 64 Tablets,Vitamins & Supplements,True,NOT_LISTED,,
Fresh Breath Mouthspray Peppermi,Toiletries > Dental,True,NOT_LISTED,,
Fsc Waterfall Tabs 30Pk (Excess Water),Supplements > Weight Management,True,NOT_LISTED,,
Full Impact Complere Coverage Concealer Shade L4,Beauty > Face,True,NOT_LISTED,,
Full Impact Complete Coverage Concealer Shade L3,Beauty > Face,True,NOT_LISTED,,
Full Impact Complete Coverage Concealer Shade L5,Beauty > Face,True,NOT_LISTED,,
Full Impact Complete Coverage Concealer Shade M1,Beauty > Face,True,NOT_LISTED,,
Full Impact Complete Coverage Concealer Shade M2,Beauty > Face,True,NOT_LISTED,,
Full Impact Complete Coverage Concealer Shade M3,Beauty > Face,True,NOT_LISTED,,
Full Impact Complete Coverage Concealer Shade M4,Beauty > Face,True,NOT_LISTED,,
Full Impact Complete Coverage Concealer Shade Md1,Beauty > Face,True,NOT_LISTED,,
Full Marks Solution 100Ml,Pharmacy > Sensitive Conditions,True,NOT_LISTED,,
Full Marks Solution 200Ml,Pharmacy > Sensitive Conditions,True,NOT_LISTED,,
Fusion 5 Gift Set,Gifts > Christmas Shop,True,NOT_LISTED,,
Fusion Allergy Cooling Mask,Pharmacy > Allergy Relief,True,NOT_LISTED,,
Fusion Allergy Eye Drops,Pharmacy > Allergy Relief,True,NOT_LISTED,,
Fusion Allergy Eye Spray 10Ml,Pharmacy > Allergy Relief,True,NOT_LISTED,,
Fusion Allergy Lozenges 24,Pharmacy > Allergy Relief,True,NOT_LISTED,,
Fusion Allergy Nasal Spray 20Ml,Pharmacy > Allergy Relief,True,NOT_LISTED,,
Garnier Nutrisse 1 Black Permanent Hair Dye,Toiletries > Hair Care,True,NOT_LISTED,,
Garnier Nutrisse 4.3 Dark Golden Brown Permanent Hair Dye,Toiletries > Hair Care,True,NOT_LISTED,,
Garnier Nutrisse 6 Light Brown Permanent Hair Dye,Toiletries > Hair Care,True,NOT_LISTED,,
Garnier Olia 4.0 Dark Brown No Ammonia Permanent Hair Dye,Toiletries > Hair Care,True,NOT_LISTED,,
Garnier Olia 5.0 Brown No Ammonia Permanent Hair Dye,Toiletries > Hair Care,True,NOT_LISTED,,
Garnier Olia 5.3 Golden Brown No Ammonia Permanent Hair Dye,Toiletries > Hair Care,True,NOT_LISTED,,
Garnier Olia 6.60 Intense Red No Ammonia Permanent Hair Dye,Toiletries > Hair Care,True,NOT_LISTED,,
Garnier Olia 9.0 Light Blonde No Ammonia Permanent Hair Dye,Toiletries > Hair Care,True,NOT_LISTED,,
Garnier Ultimate Blends Kids 2In1 Shampoo & Detangler,Toiletries > Hair Care,True,NOT_LISTED,,
Garnier Ultimate Blends Nourishing Hair Food Banana & Coconut Conditioner,Toiletries > Hair Care,True,NOT_LISTED,,
Garnier Ultimate Blends Nourishing Hair Food Banana & Coconut Shampoo,Toiletries > Hair Care,True,NOT_LISTED,,
Garnier Ultimate Blends Nourishing Hair Food Banana & Shea 3 In 1 Hair Mask,Toiletries > Hair Care,True,NOT_LISTED,,
Garnier Ultimate Blends Smoothing Hair Food Coconut & Macadamia 3 In 1 Hair Mask,Toiletries > Hair Care,True,NOT_LISTED,,
Garnier Ultimate Blends Smoothing Hair Food Coconut & Macadamia Conditioner,Toiletries > Hair Care,True,NOT_LISTED,,
Garnier Ultimate Blends Smoothing Hair Food Coconut & Macadamia Shampoo,Toiletries > Hair Care,True,NOT_LISTED,,
Gelorevoice Blackcurrant,Pharmacy > Cold & Flu,True,NOT_LISTED,,
Gelorevoice Cherry,Pharmacy > Cold & Flu,True,NOT_LISTED,,
Gillette 2 Disposable Razor,Toiletries > Men's Grooming,True,NOT_LISTED,,
Gillette Fusion Blades 4Pk,Toiletries > Hair Removal,True,NOT_LISTED,,
Gillette Fusion Power 4Pk Blades,Toiletries > Men's Grooming,True,NOT_LISTED,,
Gillette Mach 3 Blades 4Pk,Toiletries > Men's Grooming,True,NOT_LISTED,,
Gillette Mach 3 Blades 8Pk,Toiletries > Men's Grooming,True,NOT_LISTED,,
Gillette Mach 3 Razor 1Pk,Toiletries > Men's Grooming,True,NOT_LISTED,,
Gillette Sensitive Shave Gel 200Ml,Toiletries > Men's Grooming,True,NOT_LISTED,,
Gillette Shave Foam 200Ml Sensitive,Toiletries > Men's Grooming,True,NOT_LISTED,,
Gillette Shaving Foam 200Ml,Toiletries > Men's Grooming,True,NOT_LISTED,,
Gillette Shaving Gel Reg 200Ml,Toiletries > Hair Removal,True,NOT_LISTED,,
Gillette Venus Blades 4Pk,Toiletries > Hair Removal,True,NOT_LISTED,,
Glow & Go Essentials Gift Set,Gifts > Christmas Shop,True,NOT_LISTED,,
Glow Hub Skin Drink Hydrating Set,Gifts > New Year Sale,True,NOT_LISTED,,
Glycerine & Rosewater Ultrapure 125Ml,Skincare > Face,True,NOT_LISTED,,
Glycerine B.P Ultrapure 150Ml,Baby > Baby Health,True,NOT_LISTED,,
Gosh! Beige Rabbit Softie 30cm,Gifts,True,NOT_LISTED,,
Gosh! Blue Bunny Softie 30cm,Gifts,True,NOT_LISTED,,
Gosh! Crocodile Softie 30cm,Gifts,True,NOT_LISTED,,
Gosh! Duck Softie 20cm,Gifts,True,NOT_LISTED,,
Gosh! Goose Softie 30cm,Gifts,True,NOT_LISTED,,
Gosh! Hen Softie 30cm,Gifts,True,NOT_LISTED,,
Gosh! Mallard Softie 30cm,Gifts,True,NOT_LISTED,,
Gosh! Pink Bunny Softie 30cm,Gifts,True,NOT_LISTED,,
Gosh! Sheep Softie 30cm,Gifts,True,NOT_LISTED,,
Gosh! Tiger Softie 30cm,Gifts,True,NOT_LISTED,,
Gosh! Unicorn Softie 30cm,Gifts,True,NOT_LISTED,,
Got2b Glued,Beauty > Brows & Lashes,True,NOT_LISTED,,
Got2b Glued Blasting Freeze Hairspray 300Ml,Toiletries > Hair Care,True,NOT_LISTED,,
Got2b Glued Spiking Wax,Toiletries > Hair Care,True,NOT_LISTED,,
Got2b Volumania 24Hr Volumising Mousee 250Ml,Toiletries > Hair Care,True,NOT_LISTED,,
Gucci Guilty Ladies 50Ml Edt Spr,Gifts > Gifts for Her,True,NOT_LISTED,,
Gucci Guilty Pour Femme 50Ml 2Pc Gift Set,Gifts > Women's Fragrance,True,NOT_LISTED,,
Hair Removing Cream 100Ml Dimple,Toiletries > Hair Removal,True,NOT_LISTED,,
Haliborange The Big Multi 90 Strawberry Flavour Softies,Supplements,True,NOT_LISTED,,
Halls Original,Pharmacy > Cold & Flu,True,NOT_LISTED,,
Halls Soothers Blackcurrant,Pharmacy > Cold & Flu,True,NOT_LISTED,,
Halls Soothers Honey & Lemon 45G,Pharmacy > Cold & Flu,True,NOT_LISTED,,
Halls Soothers Peach & Raspberry,Pharmacy > Cold & Flu,True,NOT_LISTED,,
Halls Soothers Strawberry,Pharmacy > Cold & Flu,True,NOT_LISTED,,
Harry's Exfoliating Facial Cleanser 150Ml,Men's Skincare,False,NOT_LISTED,,
Harry's Foaming Shave Gel 200Ml,Men's Grooming,False,NOT_LISTED,,
Harry's Plus Razor And 5 Blades Starter Set,Men's Grooming,False,NOT_LISTED,,
Harry's Post Shave Balm With Aloe Vera 100Ml,Men's Grooming,False,NOT_LISTED,,
Harry's Razor And 10 Blades Indigo Set,Men's Grooming,False,NOT_LISTED,,
Harry's Razor And 5 Blades Starter Pack,Men's Grooming,False,NOT_LISTED,,
Harry's Shave Cream With Aloe Vera 100Ml,Men's Grooming,False,NOT_LISTED,,
Hayfever Heroes Bundle,Pharmacy > Allergy Relief,True,NOT_LISTED,,
Head & Shoulder Men Ultra 225Ml,Toiletries > Men's Grooming,True,NOT_LISTED,,
Head And Shoulders Shampoo Classic 250Ml,Toiletries > Hair Care,True,NOT_LISTED,,
Hero Mighty Patch Invisible+,Skincare,True,NOT_LISTED,,
Hero Mighty Patch The Original,Skincare,True,NOT_LISTED,,
Hismile Everyday Smilecare Mango Sorbet Toothpaste,Toiletries > Dental,True,NOT_LISTED,,
Hismile Everyday Smilecare Watermelon Toothpaste,Toiletries > Dental,True,NOT_LISTED,,
Hismile Teeth Whitening & Brightening Bundle,Toiletries > Dental,True,NOT_LISTED,,
Hismile Teeth Whitening Pap+ Strips 14 Applications,Toiletries > Dental,True,NOT_LISTED,,
Hismile Teeth Whitening Pap+ Toothpaste,Toiletries > Dental,True,NOT_LISTED,,
Hismile Teeth Whitening Pap+ Whitening Powder,Toiletries > Dental,True,NOT_LISTED,,
Hismile V34 Colour Corrector Teeth Brightening Serum 30Ml,Toiletries > Dental,True,NOT_LISTED,,
Homme Allure Sport-Spray Deodorant 100Ml,Gifts > Men's Fragrance,True,NOT_LISTED,,
Homme Allure Sport-Spray Edt 100Ml,Gifts > Men's Fragrance,True,NOT_LISTED,,
Homme Allure Sport-Spray Edt 50Ml,Gifts > Men's Fragrance,True,NOT_LISTED,,
Hugo Boss Reversed 75Ml Edt Spr,Gifts > Men's Fragrance,True,NOT_LISTED,,
Hugo Deep Red Ladies 90Ml Edp Spr,Gifts > Women's Fragrance,True,NOT_LISTED,,
Hugo Extreme Mens 75Ml Edp Spr,Gifts > Men's Fragrance,True,NOT_LISTED,,
Hugo Man (Green) 75Ml Edt Spr,Gifts > Men's Fragrance,True,NOT_LISTED,,
Hydration Station 12G,Supplements,True,NOT_LISTED,,
Hydration Station 14 Pk,Supplements,True,NOT_LISTED,,
Hygie Crisp Apple Hydrating Hand Cleanser 35ml,Toiletries,True,NOT_LISTED,,
Hygie Sugared Plum Hydrating Hand Cleanser 35ml,Toiletries,True,NOT_LISTED,,
Hygie Sweet Clementine Hydrating Hand Cleanser 35ml,Toiletries,True,NOT_LISTED,,
Hygie Wild Raspberry Hydrating Hand Cleanser 35ml,Toiletries,True,NOT_LISTED,,
Hylo Care 0.1%/2% Eye Drops 7.5Ml,Pharmacy > Eye & Ear Care,True,NOT_LISTED,,
Hylo Dual Pres Free Eye Drops 7.5Ml 0.05%,Pharmacy > Eye & Ear Care,True,NOT_LISTED,,
Hylo Night Ointment,Pharmacy > Eye & Ear Care,True,NOT_LISTED,,
Hylo Tear 0.1% Eye Drops 7.5Ml,Pharmacy > Eye & Ear Care,True,NOT_LISTED,,
Hylo-Forte Lubricating Eye Drops 7.5Ml,Pharmacy > Eye & Ear Care,True,NOT_LISTED,,
Iglow Chilli Lips Lip Plumper Cool Fuchsia,Beauty > Eyes,True,NOT_LISTED,,
Iglow Chilli Lips Lip Plumper Peach,Beauty > Eyes,True,NOT_LISTED,,
Iglow Chilli Lips Lip Plumper Soft Pink,Beauty > Eyes,True,NOT_LISTED,,
Inadine Dressings 5Cm X 5Cm (Single),Pharmacy > First Aid,True,NOT_LISTED,,
Indestructi'brow Pencil Ash Brown,Beauty,True,NOT_LISTED,,
Indestructi'brow Pencil Brown,Beauty,True,NOT_LISTED,,
Indestructi'brow Pencil Charcoal,Beauty,True,NOT_LISTED,,
Indestructi'brow Pencil Dark Brown,Beauty,True,NOT_LISTED,,
Indestructi'brow Pencil Irid Brown,Beauty,True,NOT_LISTED,,
Indestructi'brow Pencil Ultra Dark Brown,Beauty,True,NOT_LISTED,,
Infacol 40Mg/Ml 85Ml Oral Suspension Simeticone,Baby > Baby Health,True,NOT_LISTED,,
Infinity Black Tweezer Straight,Beauty > Brushes & Accessories,True,NOT_LISTED,,
Infinity M0068/I 7 Way Maxi Buffer,Beauty > Nails,True,NOT_LISTED,,
Infinity M0307 Toe Nail Clipperpk,Beauty > Nails,True,NOT_LISTED,,
Infinity Nail Scissors Straight,Beauty > Nails,True,NOT_LISTED,,
Infinity Pumice Stone,Beauty > Nails,True,NOT_LISTED,,
Invictus 2 Piece 100Ml Giftset,,True,NOT_LISTED,,
Isoclean Makeup Brush Cleaner,Beauty,True,NOT_LISTED,,
J&J Baby More Tears Shampoo 500Ml,Baby > Bathing & Skincare,True,NOT_LISTED,,
J&J Baby Oil 300Ml,Baby > Baby Wipes & Changing,True,NOT_LISTED,,
J&J Baby Powder 500G,Baby > Baby Wipes & Changing,True,NOT_LISTED,,
J&J Cotton Buds 100Pk,,True,NOT_LISTED,,
J&J Cotton Buds 200Pk,,True,NOT_LISTED,,
J&J Cotton Pads 50Pk,Baby > Baby Wipes & Changing,True,NOT_LISTED,,
Jakemans 100G Bag Blackcurrant & Menthol,Pharmacy > Cold & Flu,True,NOT_LISTED,,
Jakemans 100G Bag Honey & Lemon,Pharmacy > Cold & Flu,True,NOT_LISTED,,
Jakemans 100G Bag Throat & Chest,Pharmacy > Cold & Flu,True,NOT_LISTED,,
Jakemans 41G Stick Honey & Lemon,Pharmacy > Cold & Flu,True,NOT_LISTED,,
Jakemans Cherry Soothing Menthol Lozenges 73G,Pharmacy > Cold & Flu,True,NOT_LISTED,,
Jan De Vires Concentration Essence,Supplements > Brain Health & Omega Oils,True,NOT_LISTED,,
Jan De Vries Child Essence 30Ml,Supplements > Children's Supplements,True,NOT_LISTED,,
Jenny Glow 2 Piece Ladies Set Angelic,Gifts > All Fragrances,True,NOT_LISTED,,
Jenny Glow 2 Piece Ladies Set Blooming,Gifts > All Fragrances,True,NOT_LISTED,,
Jenny Glow 2 Piece Ladies Set Just Kloé,Gifts > All Fragrances,True,NOT_LISTED,,
Jenny Glow 2 Piece Ladies Set Liberté,Gifts > All Fragrances,True,NOT_LISTED,,
Jenny Glow 2 Piece Ladies Set Ufo,Gifts > All Fragrances,True,NOT_LISTED,,
Jenny Glow 3 Piece Ladies Set Adoor,Gifts > All Fragrances,True,NOT_LISTED,,
Jenny Glow 3 Piece Ladies Set Her Way,Gifts > All Fragrances,True,NOT_LISTED,,
Jenny Glow 3 Piece Ladies Set Paradocs Bloom,Gifts > All Fragrances,True,NOT_LISTED,,
Jenny Glow 3 Piece Ladies Set She,Gifts > All Fragrances,True,NOT_LISTED,,
Jenny Glow 3 Piece Ladies Set The Shoe,Gifts > All Fragrances,True,NOT_LISTED,,
Jenny Glow 3 Piece Mens Set Billionaire,Gifts > All Fragrances,True,NOT_LISTED,,
Jenny Glow 3 Piece Mens Set Midnight Blue,Gifts > All Fragrances,True,NOT_LISTED,,
Jenny Glow 3 Piece Mens Set Savage,Gifts > All Fragrances,True,NOT_LISTED,,
Jenny Glow 3 Piece Mens Set The Man,Gifts > All Fragrances,True,NOT_LISTED,,
Jenny Glow 3 Piece Mens Set Undefeated,Gifts > All Fragrances,True,NOT_LISTED,,
Jenny Glow Belle 15Ml Eau De Parfum,Gifts > Women's Fragrance,True,NOT_LISTED,,
Jenny Glow Belle Inspired By Lancome La Vie Est Belle 30Ml,Gifts > Women's Fragrance,True,NOT_LISTED,,
Jenny Glow Billionaire Inspird By Pack Rabanne 1 Million,Gifts > Men's Fragrance,True,NOT_LISTED,,
Jenny Glow Billionaire Inspired By Paco Rabanne Lady Million 15Ml,Gifts > Women's Fragrance,True,NOT_LISTED,,
Jenny Glow Billionaire Inspired By Paco Rabanne Lady Million 30Ml,Gifts > Women's Fragrance,True,NOT_LISTED,,
Jenny Glow Carot Red 54 30Ml Inspired By Baccarat Rouge 540,Gifts,True,NOT_LISTED,,
Jenny Glow Chance It 30Ml Inspired By Chanel Chance,Gifts > Gifts for Her,True,NOT_LISTED,,
Jenny Glow Coding Inspired By Armani Code 50Ml,Gifts > Men's Fragrance,True,NOT_LISTED,,
Jenny Glow Floral Explosion Inspired By Victor & Ralph Flower Bomb 15Ml,Gifts > Women's Fragrance,True,NOT_LISTED,,
Jenny Glow Just Kloe Inspired By Chloe,Gifts > Women's Fragrance,True,NOT_LISTED,,
Jenny Glow Liberte Inspired By Ysl Libre 15Ml,Gifts > Women's Fragrance,True,NOT_LISTED,,
Jenny Glow Madame 30Ml,Gifts > Women's Fragrance,True,NOT_LISTED,,
Jenny Glow Madame Inspired By Coco Mademoiselle 15Ml,Gifts > Women's Fragrance,True,NOT_LISTED,,
Jenny Glow Olympia Inspired By Paco Rabanne Olympea 30Ml,Gifts > Women's Fragrance,True,NOT_LISTED,,
Jenny Glow Olympia Inspired By Paco Robanne Olympea 15Ml,Gifts > Women's Fragrance,True,NOT_LISTED,,
Jenny Glow Origins Inspired By Jimmy Choo Original 30Ml,Gifts > Women's Fragrance,True,NOT_LISTED,,
Jenny Glow Peony Inspired By Jo Malone Peony & Blush 15Ml,Gifts > Women's Fragrance,True,NOT_LISTED,,
Jenny Glow Peony Inspired By Jo Malone Peony & Blush 30Ml,Gifts > Women's Fragrance,True,NOT_LISTED,,
Jenny Glow Posies Inspired By Marc Jacobs Daisy,Gifts > Women's Fragrance,True,NOT_LISTED,,
Jenny Glow Posies Inspired By Marc Jacobs Daisy Edp 15Ml,Gifts > Women's Fragrance,True,NOT_LISTED,,
Jenny Glow San Tel Tri Tri 30Ml Inspired By Santal 33,Gifts,True,NOT_LISTED,,
Jenny Glow Savage Inspired By Dior Sauvage 50Ml,Gifts > Men's Fragrance,True,NOT_LISTED,,
Jenny Glow She Inspired By Armani Si 15Ml,Gifts > Women's Fragrance,True,NOT_LISTED,,
Jenny Glow She Inspired By Armani Si 30Ml,Gifts > Women's Fragrance,True,NOT_LISTED,,
"Jenny Glow The Shoe Inspired By Carolina Herrera, Good Girl 15Ml",Gifts > Women's Fragrance,True,NOT_LISTED,,
Jenny Glow Ufo Inspired By Thierry Mugler Alien 15Ml,Gifts > Women's Fragrance,True,NOT_LISTED,,
Jimmy Choo Blossom Ladies 100Ml Edp Spray,Gifts > Women's Fragrance,True,NOT_LISTED,,
Jimmy Choo I Want Choo 40Ml Edp Spray,Gifts > Women's Fragrance,True,NOT_LISTED,,
Jimmy Choo I Want Choo 60Ml 2Pc Gift Set,Gifts > Women's Fragrance,True,NOT_LISTED,,
Jimmy Choo I Want Choo Forever 60Ml 2Pc Gift Set,Gifts > Women's Fragrance,True,NOT_LISTED,,
Jimmy Choo Illicit Ladies 100Ml Edp Spray,Gifts > Women's Fragrance,True,NOT_LISTED,,
Jimmy Choo Ladies 40Ml Edp Spray,Gifts > Women's Fragrance,True,NOT_LISTED,,
Jimmy Choo Ladies 40Ml Edt Spray,Gifts > Gifts for Her,True,NOT_LISTED,,
Jimmy Choo Man 100Ml Edt Spray,Gifts > Men's Fragrance,True,NOT_LISTED,,
Jimmy Choo Rose Passion 60Ml 2Pc Gift Set,Gifts > Women's Fragrance,True,NOT_LISTED,,
Johnson's Soft & Energise Body Wash 400Ml,Clearance > 3 FOR €5,True,NOT_LISTED,,
Johnson's Soft & Nourish Body Wash 400Ml,Clearance > 3 FOR €5,True,NOT_LISTED,,
Johnson's Soft & Pamper Body Wash 400Ml,Clearance > 3 FOR €5,True,NOT_LISTED,,
Johnsons Baby Cotton Balls 75'S,Baby > Baby Wipes & Changing,True,NOT_LISTED,,
Joop Homme 200Ml Edt Spr,Gifts > Men's Fragrance,True,NOT_LISTED,,
Joop Homme 75Ml Edt Spr,Gifts > Gifts for Him,True,NOT_LISTED,,
Joop Jump Mens 30Ml Edt Spr,Gifts > Men's Fragrance,True,NOT_LISTED,,
Jungle Formula Maximum Spray 150Ml,Pharmacy > Allergy Relief,True,NOT_LISTED,,
Jungle Fresh Duo,Sale > Christmas Shop,True,NOT_LISTED,,
Just For Men Hair Light Brown 110G,Toiletries > Men's Grooming,True,NOT_LISTED,,
Just Smells Good No Messing About Gift Set,Gifts > Christmas Shop,True,NOT_LISTED,,
Juvaré Com-Plex Blonde-Toning Shampoo 250Ml,Toiletries > Hair Care,True,NOT_LISTED,,
Juvaré Com-Plex Bond Leave-In Conditioner 120Ml,Toiletries > Hair Care,True,NOT_LISTED,,
Juvaré Com-Plex Bond Oil 75Ml,Toiletries > Hair Care,True,NOT_LISTED,,
Juvaré Com-Plex Bond Repair Shampoo 250Ml,Toiletries > Hair Care,True,NOT_LISTED,,
Juvaré Com-Plex Intensive Repair Treatment 250Ml,Toiletries > Hair Care,True,NOT_LISTED,,
Kelkin Effervescent Vit C 1000Mg 20Pk,Supplements > Immune Support,True,NOT_LISTED,,
Kelkin Tea Tree Conditioner 250Ml,Toiletries > Hair Care,True,NOT_LISTED,,
Kelkin Tea Tree Shampoo 250Ml,Toiletries > Hair Care,True,NOT_LISTED,,
Kidsner Anti Allergic Spray,Pharmacy > Children's Medicine,True,NOT_LISTED,,
Kidsner Cooling Foam For Chickenpox 100Ml,Pharmacy > Children's Medicine,True,NOT_LISTED,,
Kin Aloe Vera Mouthwash 500Ml,Toiletries > Dental,True,NOT_LISTED,,
Kin Baby Teething Gel,Baby,True,NOT_LISTED,,
Kin Care Gel 15Ml Apthous Ulcers,Toiletries > Dental,True,NOT_LISTED,,
Kin Caspiselen Anti Dandruff Shampoo,Kin,True,NOT_LISTED,,
Kin Gingival Mouthwash 250Ml,Toiletries > Dental,True,NOT_LISTED,,
Kin Gingival Mouthwash 500Ml,Toiletries > Dental,True,NOT_LISTED,,
Kin Gingival Toothpaste 75Ml,Toiletries > Dental,True,NOT_LISTED,,
Kin Toothbrush Soft,Toiletries > Dental,True,NOT_LISTED,,
Kin Whitening Toothpaste 75Ml,Toiletries > Dental,True,NOT_LISTED,,
King Drench & Repair Luxury Conditioning Hair Mask,Toiletries > Hair Care,True,NOT_LISTED,,
King Drench & Repair Luxury Shampoo,Toiletries > Hair Care,True,NOT_LISTED,,
King Hair & Beauty Bye Bye Baby Hairs Wand,Toiletries > Hair Care,True,NOT_LISTED,,
King Hair & Beauty Gold Dust Luxury Dry Shampoo,Toiletries > Hair Care,True,NOT_LISTED,,
King Hair & Beauty Miracle Mist 7 In 1 Spray,Toiletries > Hair Care,True,NOT_LISTED,,
King Hair & Beauty Mircale Root Touch Up (Dark Brown),Toiletries > Hair Care,True,NOT_LISTED,,
King Hair & Beauty Mircale Root Touch Up (Medium Brown),Toiletries > Hair Care,True,NOT_LISTED,,
King Hair & Beauty The Jewel Brush (Black),Toiletries > Hair Care,True,NOT_LISTED,,
King Hair & Beauty The Jewel Brush (Pink),Toiletries > Hair Care,True,NOT_LISTED,,
Kinvara Absolute Cleansing Oil 100Ml,Skincare > Cleanse,True,NOT_LISTED,,
Kit & Kaboodle Hair Clamp Black,Toiletries > Hair Care,True,NOT_LISTED,,
Kit & Kaboodle Hair Elastics Black Thick 24Pk,Toiletries > Hair Care,True,NOT_LISTED,,
Kit & Kaboodle Hair Roller Velcro Med 6Pk,Toiletries > Hair Care,True,NOT_LISTED,,
Kit & Kaboodle Hair Roller Velcro Sml 8Pk,Toiletries > Hair Care,True,NOT_LISTED,,
Kit & Kaboodle Kids Snaps 8Pk Floral,Toiletries > Hair Care,True,NOT_LISTED,,
Kit & Kaboodle Nail File Blue Med Fine,Beauty > Nails,True,NOT_LISTED,,
Kit & Kaboodle Nail File Floral Coarse Med,Beauty > Nails,True,NOT_LISTED,,
Kit & Kaboodle Nail File Pink Ex Fine,Beauty > Nails,True,NOT_LISTED,,
Kit & Kaboodle Nail Files 4Pk,Beauty > Nails,True,NOT_LISTED,,
Kit & Kaboodle Nail Files Brown 12Pk,Beauty > Nails,True,NOT_LISTED,,
Kit & Kaboodle Nail Scissors Curved,Beauty > Nails,True,NOT_LISTED,,
Kit & Kaboodle Toe Nail Clippers,Beauty > Nails,True,NOT_LISTED,,
Kleenex G2988 Balsam Pocket Tissues 9Pk Single,Toiletries > Travel,True,NOT_LISTED,,
Kool N Soothe Migraine Strip 4Pk,Pharmacy > Pain Relief,True,NOT_LISTED,,
Kyolic Garlic 1000Mg Tabs Quest 30Pk,Supplements > Other Supplements,True,NOT_LISTED,,
L'il Critters Gummy Vites Multi Vitamin & Mineral Formula 70Pk,Pharmacy > Back to School,True,NOT_LISTED,,
L'oreal Elvive Cond 300Ml Col Protect,Toiletries > Hair Care,True,NOT_LISTED,,
L'oreal Elvive Shamp 400Ml Fibrology,Toiletries > Hair Care,True,NOT_LISTED,,
L'oreal Magic Retouch 1 Black 75Ml,Toiletries > Hair Care,True,NOT_LISTED,,
L'oreal Magic Retouch 2 Dark Brown 75Ml,Toiletries > Hair Care,True,NOT_LISTED,,
L'oreal Magic Retouch 3 Brown 75Ml,Toiletries > Hair Care,True,NOT_LISTED,,
"L'oreal Paris Casting Creme Gloss Semi-Permanent Hair Dye, Dark Brown 400",Toiletries > Hair Care,True,NOT_LISTED,,
"L'oreal Paris Casting Creme Gloss Semi-Permanent Hair Dye, Dark Chocolate 323",Toiletries > Hair Care,True,NOT_LISTED,,
"L'oreal Paris Casting Creme Gloss Semi-Permanent Hair Dye, Darkest Brown 300",Toiletries > Hair Care,True,NOT_LISTED,,
"L'oreal Paris Casting Creme Gloss Semi-Permanent Hair Dye, Light Brown 600",Toiletries > Hair Care,True,NOT_LISTED,,
"L'oreal Paris Casting Creme Gloss Semi-Permanent Hair Dye, Medium Brown 500",Toiletries > Hair Care,True,NOT_LISTED,,
L'oreal Paris Elvive Dream Lengths Conditioner For Long Damaged Hair 300Ml,Toiletries > Hair Care,True,NOT_LISTED,,
L'oreal Paris Elvive Dream Lengths Shampoo For Long Damaged Hair 400Ml,Toiletries > Hair Care,True,NOT_LISTED,,
L'oréal Paris Elvive Bond Repair Conditioner 150Ml,Toiletries > Hair Care,True,NOT_LISTED,,
L'oréal Paris Elvive Bond Repair Pre-Shampoo Treatment 200Ml,Toiletries > Hair Care,True,NOT_LISTED,,
L'oréal Paris Elvive Bond Repair Shampoo 200Ml,Toiletries > Hair Care,True,NOT_LISTED,,
La Vida Caribena Guava Glow Hydrating Body Fragrance Mist 35ml,Skincare,True,NOT_LISTED,,
La Vida Caribena Island Vibes Hydrating Body Fragrance Mist 35ml,Skincare,True,NOT_LISTED,,
La Vida Caribena Papaya Sunset Hydrating Body Fragrance Mist 35ml,Skincare,True,NOT_LISTED,,
La Vida Caribena Tropical Nights Hydrating Body Fragrance Mist 35ml,Skincare,True,NOT_LISTED,,
Lacabine 5 X Pure Hyaluronic Amp 2Ml,Skincare > Face,True,NOT_LISTED,,
Lacabine Anti-Aging + Amp 2Ml,Skincare > Face,True,NOT_LISTED,,
Lacabine Anti-Aging Reviving Elixar Amp 2Ml,Skincare > Face,True,NOT_LISTED,,
Lacabine Collagen Boost Amp 2Ml,Skincare > Face,True,NOT_LISTED,,
Lacabine Eye Contour Amp 2Ml,Skincare > Face,True,NOT_LISTED,,
Lacabine Flash Effect Amp 2Ml,Skincare > Face,True,NOT_LISTED,,
Lacabine Pure Retinol Amp 2Ml,Skincare > Face,True,NOT_LISTED,,
Lacabine Vitamin C Amp 2Ml,Skincare > Face,True,NOT_LISTED,,
Lacoste Red Eau De Toilette 125Ml,Gifts > Christmas Shop,True,NOT_LISTED,,
Lacoste Red Mens 125Ml Edt Spr,Gifts > Men's Fragrance,True,NOT_LISTED,,
Lacoste Touch Of Pink Ladies 90Ml Edt Spr,Gifts > Women's Fragrance,True,NOT_LISTED,,
Lancome La Vie Est Belle 30Ml Edp Spr,Gifts > Gifts for Her,True,NOT_LISTED,,
Laneige Lip Sleeping Mask Berry 20g,Skincare,True,NOT_LISTED,,
Laneige Water Sleeping Mask 70ml,Skincare,True,NOT_LISTED,,
Lansih Cream 40Ml,Baby > Maternity Care,True,NOT_LISTED,,
Lansih Ultra Thin Nursing Pads 24Pk,Baby > Maternity Care,True,NOT_LISTED,,
Lash Out Black Mascara,Beauty,True,NOT_LISTED,,
Lashes2love Bio Natural Lash Booster Mascara,Brows & Lashes,False,NOT_LISTED,,
Lavender Oil Ultra Pure 10Ml,Skincare > Body Care,True,NOT_LISTED,,
Lecithin Granules 250G,Supplements > Health Foods,True,NOT_LISTED,,
Lecithin Granules 500G,Supplements > Health Foods,True,NOT_LISTED,,
Lens Plus Ocupure Saline 120Ml,Pharmacy > Eye & Ear Care,True,NOT_LISTED,,
Lerelle Beauty Aimx Brighten Me Sheet Mask With Vitamin C,Masks & Peels,False,NOT_LISTED,,
Lerelle Beauty Aimx Hydrate Me Moisturising Sheet Mask With Peptides,Masks & Peels,False,NOT_LISTED,,
Lerelle Beauty Aimx Renew Me Sheet Mask With Peptides And Collagen,Masks & Peels,False,NOT_LISTED,,
Lerelle Beauty Aimx Revive Me Eye Mask With Hyaluronic Acid,Masks & Peels,False,NOT_LISTED,,
Lerelle Beauty Brows2love Brow Growth Serum,Brows & Lashes,False,NOT_LISTED,,
Lerelle Beauty Lashes2love Biopeptides Lash Growth Serum,Brows & Lashes,False,NOT_LISTED,,
Lerelle Beauty Lashes2love Lash Growth Serum,Brows & Lashes,False,NOT_LISTED,,
Lice Dr Defence Spray 125Ml,Toiletries > Hair Care,True,NOT_LISTED,,
Lice Dr Preventation Elastics 4'S,Pharmacy > Sensitive Conditions,True,NOT_LISTED,,
Lil Critters Immune C (60 Pk),Supplements > Children's Supplements,True,NOT_LISTED,,
Lippy Aperol Spritz Pearly Shine Natural Lip Balm,Lips,False,NOT_LISTED,,
Lippy Mojito Natural Lip Balm,Lips,False,NOT_LISTED,,
Lippy Pina Colada Natural Lip Balm,Lips,False,NOT_LISTED,,
Lippy Prosecco Pearly Shine Natural Lip Balm,Lips,False,NOT_LISTED,,
Lippy Tequila Sunrise Natural Lip Balm,Lips,False,NOT_LISTED,,
Listerine 250Ml Coolmint,Toiletries > Dental,True,NOT_LISTED,,
Listerine 250Ml Freshburst,Dental,False,NOT_LISTED,,
Loreal Magic Retouch Gold Brow,Toiletries > Hair Care,True,NOT_LISTED,,
Loreal Magic Retouch Medium Iced Brown 75Ml,Toiletries > Hair Care,True,NOT_LISTED,,
Loreal Magic Root Touch Light Blonde 75Ml,Toiletries > Hair Care,True,NOT_LISTED,,
Luna By Lisa Airbrush 3In1 Primer - Beige,Beauty > Face,True,NOT_LISTED,,
Luna By Lisa Airbrush 3In1 Primer - Deep Tan,Beauty > Face,True,NOT_LISTED,,
Luna By Lisa Airbrush 3In1 Primer - Light,Beauty > Face,True,NOT_LISTED,,
Luna By Lisa Airbrush 3In1 Primer - Nude,Beauty > Face,True,NOT_LISTED,,
Luna By Lisa Airbrush 3In1 Primer - Tan,Beauty > Face,True,NOT_LISTED,,
Luna By Lisa Airbrush Touch Nude,Beauty,True,NOT_LISTED,,
Luna By Lisa Blusher - Peachy,Beauty > Face,True,NOT_LISTED,,
Luna By Lisa Blusher - Pink Petal,Beauty > Face,True,NOT_LISTED,,
Luna By Lisa Blusher - Sassy,Beauty > Face,True,NOT_LISTED,,
Luna By Lisa Bronze Glow Primer,Luna Face Collection,True,NOT_LISTED,,
Luna By Lisa Brow Brush,Beauty > Brushes & Accessories,True,NOT_LISTED,,
Luna By Lisa Eye Paddle Brush,Beauty > Brushes & Accessories,True,NOT_LISTED,,
Luna By Lisa Foundation Brush,Beauty > Brushes & Accessories,True,NOT_LISTED,,
Luna By Lisa Highlighter - Candy Beam,Luna Face Collection,True,NOT_LISTED,,
Luna By Lisa Highlighter - Star Beam,Luna Face Collection,True,NOT_LISTED,,
Luna By Lisa Highlighter - Sun Beam,Luna Face Collection,True,NOT_LISTED,,
Luna By Lisa Hydrate Conditioner,Luna Haircare,True,NOT_LISTED,,
Luna By Lisa Hydrate Masque,Luna Haircare,True,NOT_LISTED,,
Luna By Lisa Hydrate Shampoo,Luna Haircare,True,NOT_LISTED,,
Luna By Lisa Jordan Lip Balm & Scrub Duo,Beauty > Lips,True,NOT_LISTED,,
Luna By Lisa Pencil Brush,Beauty > Brushes & Accessories,True,NOT_LISTED,,
Luna By Lisa Repair Conditioner,Luna Haircare,True,NOT_LISTED,,
Luna By Lisa Repair Leave-In Treatment,Luna Haircare,True,NOT_LISTED,,
Luna By Lisa Repair Shampoo,Luna Haircare,True,NOT_LISTED,,
Luna By Lisa Setting Spray - Glow,Luna Face Collection,True,NOT_LISTED,,
Luna By Lisa Setting Spray - Matte,Luna Face Collection,True,NOT_LISTED,,
Luna By Lisa Setting Spray - Vitamin,Luna Face Collection,True,NOT_LISTED,,
Luna By Lisa Strobe Primer,Luna Face Collection,True,NOT_LISTED,,
Luna By Lisa Volume Conditioner,Luna Haircare,True,NOT_LISTED,,
Luna By Lisa Volume Foam,Luna Haircare,True,NOT_LISTED,,
Luna By Lisa Volume Shampoo,Luna Haircare,True,NOT_LISTED,,
Luna By Lisa Weekly Detox Shampoo 300Ml,Luna Haircare,True,NOT_LISTED,,
Luna Filter Finish Concealer - Light/Neutral,Beauty > Face,True,NOT_LISTED,,
Luna Filter Finish Concealer -Beige,Beauty > Face,True,NOT_LISTED,,
Luna Filter Finish Concealer -Porcelain,Beauty > Face,True,NOT_LISTED,,
Luna Filter Finish Concealer -Sand,Beauty > Face,True,NOT_LISTED,,
Luna Filter Finish Concealer -Vanilla,Beauty > Face,True,NOT_LISTED,,
Luna Filter Finish Naturally Matte Foundation - Fair,Beauty > Face,True,NOT_LISTED,,
Luna Filter Finish Naturally Matte Foundation - Light,Beauty > Face,True,NOT_LISTED,,
Luna Filter Finish Naturally Matte Foundation - Medium,Beauty > Face,True,NOT_LISTED,,
Luna Filter Finish Naturally Matte Foundation - Medium Plus,Beauty > Face,True,NOT_LISTED,,
Luna Filter Finish Naturally Matte Foundation - Medium Tan,Beauty > Face,True,NOT_LISTED,,
Luna Filter Finish Naturally Matte Foundation - Rich,Beauty > Face,True,NOT_LISTED,,
Luna Filter Finish Naturally Matte Foundation - Rich Plus,Beauty > Face,True,NOT_LISTED,,
Luna Filter Finish Naturally Matte Foundation - Tan,Beauty > Face,True,NOT_LISTED,,
Luna Filter Finish Naturally Matte Foundation - Tan Plus,Beauty > Face,True,NOT_LISTED,,
Luna Filter Finish Silk Foundation - Beige,Beauty > Face,True,NOT_LISTED,,
Luna Filter Finish Silk Foundation - Fair,Beauty > Face,True,NOT_LISTED,,
Luna Filter Finish Silk Foundation - Light,,True,NOT_LISTED,,
Luna Filter Finish Silk Foundation - Light Plus,Beauty > Face,True,NOT_LISTED,,
Luna Filter Finish Silk Foundation - Medium,Beauty > Face,True,NOT_LISTED,,
Luna Filter Finish Silk Foundation - Medium Plus,Beauty > Face,True,NOT_LISTED,,
Luna Filter Finish Silk Foundation - Rich,Beauty > Face,True,NOT_LISTED,,
Luna Filter Finish Silk Foundation - Rich Plus,Beauty > Face,True,NOT_LISTED,,
Luna Filter Finish Silk Foundation - Tan,Beauty > Face,True,NOT_LISTED,,
Luna Filter Finish Silk Foundation - Tan Plus,Beauty > Face,True,NOT_LISTED,,
Lynx Body Spray 150Ml Africa,Toiletries > Men's Grooming,True,NOT_LISTED,,
Lynx Ice Chill S/Gel,Toiletries > Men's Grooming,True,NOT_LISTED,,
Lynx Showergel 250Ml Africa,Toiletries > Men's Grooming,True,NOT_LISTED,,
Lynx Showergel 250Ml Black,Toiletries > Men's Grooming,True,NOT_LISTED,,
L’Oréal Paris Elvive Bond Repair Leave-In Serum 150Ml,Toiletries > Hair Care,True,NOT_LISTED,,
Macushield Caps 30Pk,Supplements > Eyes & Ears,True,NOT_LISTED,,
Macushield Caps 90Pk,Supplements > Eyes & Ears,True,NOT_LISTED,,
Macushield Gold 30Pk,Supplements > Eyes & Ears,True,NOT_LISTED,,
Mam Air 12+ Months (White/Blue Fox),Baby > Soothers & Accessories,True,NOT_LISTED,,
Mam Clip Double Set 0+Months,Baby > Soothers & Accessories,True,NOT_LISTED,,
Mam Clip Double Set 0+Months Blue,Baby > Soothers & Accessories,True,NOT_LISTED,,
Mam Colours Of Nature 0+ Months (Blue/White Fox),Baby > Soothers & Accessories,True,NOT_LISTED,,
Mam Easy Start Anti Colic 2+Months Blue,Baby > Baby Health,True,NOT_LISTED,,
Mam Easy Start Anti Colic 2+Months Light Pink,Baby > Baby Health,True,NOT_LISTED,,
Mam Easy Start Anti Colic 2+Months Pink,Baby > Baby Health,True,NOT_LISTED,,
Mam Easy Start Anti-Colic 0+Months,Baby > Soothers & Accessories,True,NOT_LISTED,,
Mam Fun To Drink Cup Night 8+ Months Girl,,True,NOT_LISTED,,
Mam Fun To Drink Cup Night 8+Months Blue,,True,NOT_LISTED,,
Mam Learn To Drink Cup 6+Months Blue,Baby > Baby Health,True,NOT_LISTED,,
Mam Learn To Drink Cup 6+Months Pink,Baby > Baby Health,True,NOT_LISTED,,
Mam Night Soother 12Mths+ Silicone,Baby > Soothers & Accessories,True,NOT_LISTED,,
Mam Original 6+ Months (Blue/White),Baby > Soothers & Accessories,True,NOT_LISTED,,
Mam Original 6+ Months (Pink Cat/Blue Flowers),Baby > Soothers & Accessories,True,NOT_LISTED,,
Mam Original Night 0+ Months (Light Purple/Light Pink Stars),Baby > Soothers & Accessories,True,NOT_LISTED,,
Mam Original Night 0+ Months (White),Baby > Soothers & Accessories,True,NOT_LISTED,,
Mam Original Night 12+ Months (Navy/White),Baby > Soothers & Accessories,True,NOT_LISTED,,
Mam Original Night 12+ Months (Purple Owl/White),Baby > Soothers & Accessories,True,NOT_LISTED,,
Mam Original Night 6+ Months (Baby Pink/ White),Baby > Soothers & Accessories,True,NOT_LISTED,,
Mam Original Night 6+ Months (Blue/White Moon),Baby > Soothers & Accessories,True,NOT_LISTED,,
Mam Original Night 6+ Months (Dark Blue/Light Blue),Baby > Soothers & Accessories,True,NOT_LISTED,,
Mam Original Night 6+Months,Baby > Soothers & Accessories,True,NOT_LISTED,,
Mam Original Soother 12Mths+,Baby > Soothers & Accessories,True,NOT_LISTED,,
Mam Start Pure Soothers 0-2 Months Assorted,,True,NOT_LISTED,,
Mam Starter Cup Night 4+Months Green,Baby > Baby Health,True,NOT_LISTED,,
Mam Starter Cup Night 4+Months Pink,Baby > Soothers & Accessories,True,NOT_LISTED,,
Man'stuff Feelin' Fresh Gift Set,Gifts > Christmas Shop,True,NOT_LISTED,,
Marc Jacobs Daisy 100Ml Edt,,True,NOT_LISTED,,
Marc Jacobs Daisy 50Ml 3Pc Gift Set,Gifts > Women's Fragrance,True,NOT_LISTED,,
Marc Jacobs Daisy 50Ml Edt Spray,Gifts > Women's Fragrance,True,NOT_LISTED,,
Marc Jacobs Perfect 50Ml 2Pc Gift Set,Gifts > Women's Fragrance,True,NOT_LISTED,,
Matchstick Monkey Starter Set,Baby,True,NOT_LISTED,,
Maternity Pads,Baby > Maternity Care,True,NOT_LISTED,,
Mccormacks Pharmacy E-Gift Card €10,Gifts > Gift Vouchers,True,NOT_LISTED,,
Mccormacks Pharmacy E-Gift Card €100,Gifts > Gift Vouchers,True,NOT_LISTED,,
Mccormacks Pharmacy E-Gift Card €20,Gifts > Gift Vouchers,True,NOT_LISTED,,
Mccormacks Pharmacy E-Gift Card €30,Gifts > Gift Vouchers,True,NOT_LISTED,,
Mccormacks Pharmacy E-Gift Card €40,Gifts > Gift Vouchers,True,NOT_LISTED,,
Mccormacks Pharmacy E-Gift Card €50,Gifts > Gift Vouchers,True,NOT_LISTED,,
Mccormacks Pharmacy E-Gift Card €75,Gifts > Gift Vouchers,True,NOT_LISTED,,
Meda Vitamin D3 2000Iu 60Pk,Supplements > Other Supplements,True,NOT_LISTED,,
Medi Sport Zinc Oxidetape 1.5X14,Pharmacy > First Aid,True,NOT_LISTED,,
Medi Spray Plaster 32.5Ml Can509,Pharmacy > First Aid,True,NOT_LISTED,,
Medi Tubular Gauze With Applicat,Pharmacy > First Aid,True,NOT_LISTED,,
Medicare 7 Day Pillbox,Pharmacy > Medical Devices,True,NOT_LISTED,,
Medicare Blister Plasters 6Pk Medium,Pharmacy > First Aid,True,NOT_LISTED,,
Medicare Blister Plasters Assort 6Pk,Pharmacy > First Aid,True,NOT_LISTED,,
Medicare Blue Detectable Plasters 1 Size 100 Pk,Pharmacy > First Aid,True,NOT_LISTED,,
Medicare Burn Dressing 10 X 10Cm 40G,Pharmacy > First Aid,True,NOT_LISTED,,
Medicare Calico Triangular Bandage 96 X 96 X 135Cm,Pharmacy > First Aid,True,NOT_LISTED,,
Medicare Digital Pulse Oximeter,Pharmacy > Covid19,True,NOT_LISTED,,
Medicare Elbow Large Support 31Cm-33Cm,Pharmacy > First Aid,True,NOT_LISTED,,
Medicare Elbow Sml Supp 18Cm-25Cm,Pharmacy > First Aid,True,NOT_LISTED,,
Medicare Eye Patch Black 1Pk,Pharmacy > First Aid,True,NOT_LISTED,,
Medicare Fabric Assorted Plasters 30Pk,Pharmacy > First Aid,True,NOT_LISTED,,
Medicare Fabric Long Finger Plaster,Pharmacy > First Aid,True,NOT_LISTED,,
Medicare Fabric Plasters 30Pk,Pharmacy > First Aid,True,NOT_LISTED,,
Medicare Fabric Strip 1M X 6M,Pharmacy > First Aid,True,NOT_LISTED,,
Medicare Family Pack Fabric 50+ Assorted Plasters,Pharmacy > First Aid,True,NOT_LISTED,,
Medicare Female Heel Cushion 2'S,Pharmacy > First Aid,True,NOT_LISTED,,
Medicare Foam Toe Protector Large,Pharmacy > First Aid,True,NOT_LISTED,,
Medicare Foam Toe Protector Small 2'S,Pharmacy > First Aid,True,NOT_LISTED,,
Medicare Instant Hot Pack,Pharmacy > Pain Relief,True,NOT_LISTED,,
Medicare Instant Ice Pack,Pharmacy > First Aid,True,NOT_LISTED,,
Medicare Instant Ice Spray 200Ml,Pharmacy > First Aid,True,NOT_LISTED,,
Medicare Lifesense Thermometer,Baby > Baby Health,True,NOT_LISTED,,
Medicare Male Heel Cushions 2'S,Pharmacy > First Aid,True,NOT_LISTED,,
Medicare Maternity Pads 10Pk,Baby > Maternity Care,True,NOT_LISTED,,
Medicare Multipore Plasters 30Pk,Pharmacy > First Aid,True,NOT_LISTED,,
Medicare Neoprene Thumb Stall Medium,Pharmacy > First Aid,True,NOT_LISTED,,
Medicare One Week Pillbox,Pharmacy > First Aid,True,NOT_LISTED,,
Medicare Pill Crusher,Pharmacy > Medical Devices,True,NOT_LISTED,,
Medicare Pill Splitter,Pharmacy > Medical Devices,True,NOT_LISTED,,
Medicare Reusable Hot Cold Pack,Pharmacy > First Aid,True,NOT_LISTED,,
Medicare Sensitive Strip 1M X 6Cm,Pharmacy > First Aid,True,NOT_LISTED,,
Medicare Size A 1M Tubular Supp Bandage,Pharmacy > First Aid,True,NOT_LISTED,,
Medicare Size B 1M Tubular Supp Bandage,Pharmacy > First Aid,True,NOT_LISTED,,
Medicare Size C 1M Tubular Supp Bandage,Pharmacy > First Aid,True,NOT_LISTED,,
Medicare Size D 1M Tubular Supp Bandage,Pharmacy > First Aid,True,NOT_LISTED,,
Medicare Size E 1M Tubular Supp Bandage,Pharmacy > First Aid,True,NOT_LISTED,,
Medicare Size F 1M Tubular Supp Bandage,Pharmacy > First Aid,True,NOT_LISTED,,
Medicare Sterile Burn Plasters 6Pk,Pharmacy > First Aid,True,NOT_LISTED,,
Medicare Sterile Saline Solution Wound & Eyewash Wash Spray,Medicare,True,NOT_LISTED,,
Medicare Thermometer Infrared,Pharmacy > Medical Devices,True,NOT_LISTED,,
Medicare Tough Cut Shears,Pharmacy > First Aid,True,NOT_LISTED,,
Medicare Transparent Plasters 30Pk Assorted,Pharmacy > First Aid,True,NOT_LISTED,,
Medicare Tubular Gauze & 4 Finger Cots,Pharmacy > First Aid,True,NOT_LISTED,,
Medicare Wart & Verruca Removal Pen,Medicare,True,NOT_LISTED,,
Medicare Waterproof Plasters 30Pk,Pharmacy > First Aid,True,NOT_LISTED,,
Medicare Waterproof Strip 6Cm X 1M,Pharmacy > First Aid,True,NOT_LISTED,,
Medicare Weekly Pill Pack,Pharmacy > Medical Devices,True,NOT_LISTED,,
Medicare Wound Closure Strips 10,Pharmacy > First Aid,True,NOT_LISTED,,
Medicare Wrist Support,Pharmacy > First Aid,True,NOT_LISTED,,
Medicare Zoo Fun Kids Plasters 30Pk,Pharmacy > First Aid,True,NOT_LISTED,,
Medicrepe Elastic Bandage 8Cmx5m,Pharmacy > First Aid,True,NOT_LISTED,,
Medicrepe Elastic Crepe 10Cmx5m,Pharmacy > First Aid,True,NOT_LISTED,,
Medicrepe Elastic Crepe 6Cmx5m,Pharmacy > First Aid,True,NOT_LISTED,,
Medicube Collagen Night Wrapping Mask 75ml,Skincare,True,NOT_LISTED,,
Medicube Zero Pore Pad 2.0 70's,Skincare,True,NOT_LISTED,,
Mediform Conforming 10Cmx4m,Pharmacy > First Aid,True,NOT_LISTED,,
Mediform Conforming 15Cmx4m,Pharmacy > First Aid,True,NOT_LISTED,,
Mediform Conforming 5Cmx4m,Pharmacy > First Aid,True,NOT_LISTED,,
Mediform Conforming Bandage 8X4m,Pharmacy > First Aid,True,NOT_LISTED,,
Medigauze Ns Swap 10X10cm 8Ply 100Pk,Pharmacy > First Aid,True,NOT_LISTED,,
Medilite Paper Tape 2.5Cmx5m,Pharmacy > First Aid,True,NOT_LISTED,,
Medisilk Silk Tape 1.25X5m,Pharmacy > First Aid,True,NOT_LISTED,,
Medisilk Silk Tape 2.5X5m,Pharmacy > First Aid,True,NOT_LISTED,,
Mediswab 10Cm X10cm 100Pk,Pharmacy > First Aid,True,NOT_LISTED,,
Meditape 1.25X5m Zinc Oxide Tape,Pharmacy > First Aid,True,NOT_LISTED,,
Meditape 2.5X5m Zinc Oxide Tape,Pharmacy > First Aid,True,NOT_LISTED,,
Meditape Stretch 2.5Cm X 4M,Pharmacy > First Aid,True,NOT_LISTED,,
Meditrans 2.5Cmx5m Transparent Tape,Pharmacy > First Aid,True,NOT_LISTED,,
Medporex Surgical Adhesive Dress 6 X 7Cm 50Pk,Pharmacy > First Aid,True,NOT_LISTED,,
Melolin N-Adh Dressing 10Cm X 10Cm,Pharmacy > First Aid,True,NOT_LISTED,,
Melolin N-Adh Dressing 20Cm X 10Cm,Pharmacy > First Aid,True,NOT_LISTED,,
Menoelle Plus Tablets 30Pk,Supplements > Women's Wellbeing,True,NOT_LISTED,,
Menopause Test,Pharmacy > Women's Health,True,NOT_LISTED,,
Mepore 6Cm X 7Cm Single,Pharmacy > First Aid,True,NOT_LISTED,,
Mepore 9Cm X 10Cm Single,Pharmacy > First Aid,True,NOT_LISTED,,
Mepore 9Cm X 15Cm Single,Pharmacy > First Aid,True,NOT_LISTED,,
Mepore 9Cm X 20Cm Single,Pharmacy > First Aid,True,NOT_LISTED,,
Mepore 9Cm X 30Cm Single,Pharmacy > First Aid,True,NOT_LISTED,,
Mepore Ultra 10Cm X 11Cm Single,Pharmacy > First Aid,True,NOT_LISTED,,
Mepore Ultra 7Cm X 8Cm Single,Pharmacy > First Aid,True,NOT_LISTED,,
Micropore 50Mmx5m,Pharmacy > First Aid,True,NOT_LISTED,,
Micropore Surgical Tape 2.5Cm,Pharmacy > First Aid,True,NOT_LISTED,,
Micropore Tape Sml 1.25Cm X 5M Long,Pharmacy > First Aid,True,NOT_LISTED,,
Midnight Fantasy Ladies 100Ml Edp Spr,Gifts > Women's Fragrance,True,NOT_LISTED,,
Midnight Gaze,Gifts > Christmas Shop,True,NOT_LISTED,,
Milton Sterilising Fluid 1000Ml,Baby > Soothers & Accessories,True,NOT_LISTED,,
Milton Sterilising Tablets 28Pk,Baby > Soothers & Accessories,True,NOT_LISTED,,
Milton Surface Spray 500Ml,Baby > Baby Health,True,NOT_LISTED,,
Milton Wipes 30Pk,Baby > Soothers & Accessories,True,NOT_LISTED,,
Mitchum 48Hr Sport Protection,Toiletries > Deodorant,True,NOT_LISTED,,
Mitchum Anti-Pers Pwdr Frsh 150Ml,Toiletries > Deodorant,True,NOT_LISTED,,
Mitchum Anti-Persp Men Ultimate Clean Control 41G,Toiletries > Men's Grooming,True,NOT_LISTED,,
Mitchum Pure Fresh Roll On Deo,Toiletries > Deodorant,True,NOT_LISTED,,
Mitchum Roll-On Shwr Frsh 100Ml,Toiletries > Deodorant,True,NOT_LISTED,,
Mitchum Roll-On Unperfumed 100Ml,Toiletries > Deodorant,True,NOT_LISTED,,
Mitchum Women Spray Shower Fresh 200Ml,Toiletries > Deodorant,True,NOT_LISTED,,
Mm Giraffe Training Toothbrush,Baby,True,NOT_LISTED,,
Mm Teddy Tiger Teething Soother & Comforter,Baby,True,NOT_LISTED,,
Mm Zippy Zebra Tething Soother & Comforter,Baby,True,NOT_LISTED,,
Moogoo Conditioner 500Ml,Toiletries > Hair Care,True,NOT_LISTED,,
Moogoo Milk Wash 500Ml,Toiletries > Bath & Shower,True,NOT_LISTED,,
Moogoo Shampoo 500Ml,Toiletries > Hair Care,True,NOT_LISTED,,
Morepa Platinum (60 Pk),Supplements > Brain Health & Omega Oils,True,NOT_LISTED,,
Morepa Smart Fats (30 Pk),Supplements > Brain Health & Omega Oils,True,NOT_LISTED,,
Moxi Powder Pod Cleanser,Cleanse,False,NOT_LISTED,,
Mrs Glam - Glorious Skin Powder Foundation (Golden Deep),Beauty > Face,True,NOT_LISTED,,
Mrs Glam - Glorious Skin Powder Foundation (Light Pink),Beauty > Face,True,NOT_LISTED,,
Mrs Glam - Glorious Skin Powder Foundation (Medium Tan),Beauty > Face,True,NOT_LISTED,,
Mrs Glam - Glorious Skin Powder Foundation (Medium Warm),Beauty > Face,True,NOT_LISTED,,
Mrs Glam Flawless Beauty,Beauty > Brushes & Accessories,True,NOT_LISTED,,
Mrs Glam Lip Gloss Peachy,Beauty > Face,True,NOT_LISTED,,
Mrs Glam Magnificent Palette,Beauty > Eyes,True,NOT_LISTED,,
Mrs Glam Peachy Elixir Strobe Cream,Beauty > Face,True,NOT_LISTED,,
Mx Health Iron Ferritin Deficiency Rapid Home Test 1Pk,Medical Devices,False,NOT_LISTED,,
Mx Health Multi-Drug 7 In 1 Panel Rapid Home Test 1Pk,Medical Devices,False,NOT_LISTED,,
Mx Health Ovulation Rapid Home Test Kit 7Pk,Medical Devices,False,NOT_LISTED,,
Mx Health Pregnancy Early Detection Rapid Home Test 2Pk,Medical Devices,False,NOT_LISTED,,
Mx Health Uti Rapid Home Test 3Pk,Medical Devices,False,NOT_LISTED,,
Mx Health Vitamin D Deficiency Rapid Home Test 1Pk,Medical Devices,False,NOT_LISTED,,
Mycosan Athletes Foot Gel,Skincare > Hands & Feet,True,NOT_LISTED,,
Mycosan Fungal Nail Treatment Set 5Ml,Pharmacy > Foot & Nail Care,True,NOT_LISTED,,
Neilmed Sinus Rinse Orig Kit 240Ml + 60Pk,Pharmacy > Allergy Relief,True,NOT_LISTED,,
Neilmed Sinus Rinse Original Refill 120Pk,Pharmacy > Allergy Relief,True,NOT_LISTED,,
Neilmed Starter Kit Bottle 15 Sachets,Pharmacy > Allergy Relief,True,NOT_LISTED,,
New Nordic Apple Cider Mega 1000Mg Tabs 30Pk,Supplements > Weight Management,True,NOT_LISTED,,
New Rdic Apple Cider 720Mg High Strength 60Pk,Supplements > Weight Management,True,NOT_LISTED,,
Nivea Aftersun Lotion 200Ml,Skincare > Sun Care & SPF,True,NOT_LISTED,,
Nivea Aftersun Lotion 400Ml,Skincare > Sun Care & SPF,True,NOT_LISTED,,
Nivea Aftersun Spray 200Ml,Skincare > Sun Care & SPF,True,NOT_LISTED,,
Nivea Black & White Invisible Deo Twin Pack,Toiletries > Deodorant,True,NOT_LISTED,,
Nivea Body Firming Lotion Q10 Plus 250Ml,Skincare > Body Care,True,NOT_LISTED,,
Nivea Body Rich Urishing Body Moisturiser 250Ml,Skincare > Body Care,True,NOT_LISTED,,
Nivea Deo 150Ml 2Pk Pearl & Beauty,Toiletries > Deodorant,True,NOT_LISTED,,
Nivea Dly Ess Gentle Cleansing Cream Wash Dry/Sens Skin 150Ml,Skincare > Face,True,NOT_LISTED,,
Nivea Feel Heavenly Set,Gifts > New Year Sale,True,NOT_LISTED,,
Nivea Men Clean Shave Kit,Gifts > New Year Sale,True,NOT_LISTED,,
Nivea Men Deo 150Ml 2Pk Cool Kick €4.00,Toiletries > Men's Grooming,True,NOT_LISTED,,
Nivea Men Deo 150Ml Sensitive Protect,Toiletries > Men's Grooming,True,NOT_LISTED,,
Nivea Men Dry Impact Double Pack,Toiletries > Men's Grooming,True,NOT_LISTED,,
Nivea Men Feeling Protected Gift Set,Gifts > New Year Sale,True,NOT_LISTED,,
Nivea Men Post Shave Balm 100Ml Replenishing,Toiletries > Men's Grooming,True,NOT_LISTED,,
Nivea Men Post Shave Balm 100Ml Sensitive,Toiletries > Men's Grooming,True,NOT_LISTED,,
Nivea Men Sensitive Moisturiser 75Ml,Skincare > Men's Skincare,True,NOT_LISTED,,
Nivea Men Shave Foam 200Ml Sensitive,Toiletries > Men's Grooming,True,NOT_LISTED,,
Nivea Men Shave Gel 200Ml Moisturising,Toiletries > Men's Grooming,True,NOT_LISTED,,
Nivea Men Shave Gel 200Ml Sensitive,Toiletries > Men's Grooming,True,NOT_LISTED,,
Nivea Sun Babies & Kids Sensitive Protect SPF 50+ Water Resistant Lotion 200ml,Skincare,True,NOT_LISTED,,
Nivea Sun Babies & Kids Sensitive Protect SPF 50+ Water Resistant Spray 200ml,Skincare,True,NOT_LISTED,,
Nivea Sun P&S Lotion Spf Spf30 200M,Skincare > Sun Care & SPF,True,NOT_LISTED,,
Nivea Sun P&S Lotion Spf Spf50 200M,Skincare > Sun Care & SPF,True,NOT_LISTED,,
Nivea Sun Protect & Moisture Sun Lotion Spf15 200Ml,Skincare > Sun Care & SPF,True,NOT_LISTED,,
Nivea Sun Protect & Moisture Sun Lotion Spf30 200Ml,Skincare > Sun Care & SPF,True,NOT_LISTED,,
Nivea Sun Protect & Moisture Sun Lotion Spf50+ 200Ml,Skincare > Sun Care & SPF,True,NOT_LISTED,,
Nivea Sun Protect & Moisture Sun Spray Spf50+ 200Ml,Skincare > Sun Care & SPF,True,NOT_LISTED,,
Nivea Sun Protect & Mositure SPF 20 Water Resistant Lotion 200ml,Skincare,True,NOT_LISTED,,
Nivea Sun Protect & Mositure SPF 20 Water Resistant Spray 200ml,Skincare,True,NOT_LISTED,,
Nivea Sun Swim & Play Spf50+ 150Ml,Skincare > Sun Care & SPF,True,NOT_LISTED,,
Nourish Duo,Sale > Christmas Shop,True,NOT_LISTED,,
Novomins Kids Night-Time Gummies 30Pk,Children's Supplements,False,NOT_LISTED,,
Novomins Magnesium Gummies 60Pk,Sleep & Stress,False,NOT_LISTED,,
Novomins Women's Bio-Balance Gummies 60Pk,Women's Health,False,NOT_LISTED,,
Nuage Hayfever Barrier Balm 50G,Pharmacy > Allergy Relief,True,NOT_LISTED,,
Nuage Hayfever Relief Wipes 30Pk,Pharmacy > Allergy Relief,True,NOT_LISTED,,
Nubit,Pharmacy > Pain Relief,True,NOT_LISTED,,
Nutrogena Hand Cream 50Ml,Skincare > Hands & Feet,True,NOT_LISTED,,
Nuun Sport Orange Electrolytes,Supplements > Other Supplements,True,NOT_LISTED,,
O'keefe's Lip Balm Cooling,Beauty > Lips,True,NOT_LISTED,,
O'keeffe's Lip Balm Unscented,Beauty > Lips,True,NOT_LISTED,,
O'keeffe's Working Hands 85G Tube,Skincare > Hands & Feet,True,NOT_LISTED,,
Ogam Clove Bud 5Ml,Gifts > Candles & Diffusers,True,NOT_LISTED,,
Ogam Eucalyptus 10Ml,Gifts > Candles & Diffusers,True,NOT_LISTED,,
Ogam Lavender 10Ml,Gifts > Candles & Diffusers,True,NOT_LISTED,,
Ogam Lemongrass 10Ml,Gifts > Candles & Diffusers,True,NOT_LISTED,,
Ogam Marjoram 5Ml,Gifts > Candles & Diffusers,True,NOT_LISTED,,
Ogam Patchouli 5Ml,Gifts > Candles & Diffusers,True,NOT_LISTED,,
Ogam Peppermint 10Ml,Gifts > Candles & Diffusers,True,NOT_LISTED,,
Ogam Tea Tree 10Ml,Gifts > Candles & Diffusers,True,NOT_LISTED,,
Ogam Ylang Ylang 10Ml,Gifts > Candles & Diffusers,True,NOT_LISTED,,
Old Spice Original Deo Stick 50Ml,Toiletries > Men's Grooming,True,NOT_LISTED,,
One Mutrition S3-Max 30Ml Spray,Supplements > Immune Support,True,NOT_LISTED,,"One-Alpha 0.25 micrograms soft capsules [PA2239/017/002, POM]; One-Alpha 1 microgram soft capsules [PA2239/017/001, POM]; One-Alpha 1 microgram soft capsules [PPA0465/134/002, POM]; One-Alpha 1 microgram soft capsules [PPA1463/167/001, POM]; One-Alpha 2 micrograms/ml oral drops [PA2239/017/003, POM]"
Optase Allergy Eye Drop 0.5Mlsdu,Pharmacy > Eye & Ear Care,True,NOT_LISTED,,
Optase Moist Heat Eye Mask,Pharmacy > Eye & Ear Care,True,NOT_LISTED,,
Optase Tea Tree Oil Lid Wipes,Pharmacy > Eye & Ear Care,True,NOT_LISTED,,
Optibac Babies & Children 0-12 Years (30 Sachets),Supplements > Probiotics & Gut,True,NOT_LISTED,,
Optibac Bifido & Fibre,Supplements > Probiotics & Gut,True,NOT_LISTED,,
Optibac For Kids - Gummies,Supplements > Probiotics & Gut,True,NOT_LISTED,,
Optibac For Pregnancy,Supplements > Probiotics & Gut,True,NOT_LISTED,,
Optibac For Those On Antibiotics,Supplements > Probiotics & Gut,True,NOT_LISTED,,
Optibac For Women (30 Caps),Supplements > Probiotics & Gut,True,NOT_LISTED,,
Optibac For Your Baby Drops,Supplements > Probiotics & Gut,True,NOT_LISTED,,
Optibac Immune Support Caps 30Pk,Supplements > Probiotics & Gut,True,NOT_LISTED,,
Optibac One Week Flat (28 Pk),Supplements > Probiotics & Gut,True,NOT_LISTED,,
Optibac Pb Everyday Caps 30Pk,Supplements > Probiotics & Gut,True,NOT_LISTED,,
Optibac Pb Everyday Extra Caps 30Pk,Supplements > Probiotics & Gut,True,NOT_LISTED,,
Optibac Probiotics One Week Flat Sachets 7S,Supplements > Probiotics & Gut,True,NOT_LISTED,,
Optibac S.Boulardii (16 Pk),Supplements > Probiotics & Gut,True,NOT_LISTED,,
Optibac S.Boulardii (40 Pk),Supplements > Probiotics & Gut,True,NOT_LISTED,,
Optibac Travel Abroad,Toiletries > Travel,True,NOT_LISTED,,
Optiplus Anti Fog Spray,"Toiletries > Masks, Gloves & PPE",True,NOT_LISTED,,
Optiplus Anti Fog Wipes,Pharmacy > Eye & Ear Care,True,NOT_LISTED,,
Oral B Satin Floss Mint 25M,Toiletries > Dental,True,NOT_LISTED,,
Oral B Satin Tape Mint 25M Floss,Toiletries > Dental,True,NOT_LISTED,,
Oral B Superfloss Strands Pre Cut 50Pk,Toiletries > Dental,True,NOT_LISTED,,
Ortho Kin Mouthwash 500Ml,Toiletries > Dental,True,NOT_LISTED,,
Orthokin Toothpaste Strawberry Mint Flavour 75Ml,Toiletries > Dental,True,NOT_LISTED,,
Ov Aqueous Cream 500G,Skincare > Body Care,True,NOT_LISTED,,
Ov Calamine Cream 100Ml,Skincare > Body Care,True,NOT_LISTED,,
Ov Calamine Lotion 100Ml,Skincare > Body Care,True,NOT_LISTED,,
Ov Calamine Lotion 200Ml,Skincare > Body Care,True,NOT_LISTED,,
Ov Coconut Oil 100G,Skincare > Body Care,True,NOT_LISTED,,
Ov Cotton Gloves Medium,Skincare > Hands & Feet,True,NOT_LISTED,,
Ov Iodine Tincture 30Ml,Pharmacy > First Aid,True,NOT_LISTED,,
Ov Paraffin Gel 100G,Skincare > Body Care,True,NOT_LISTED,,
Ov Paraffin Gel 500G,Skincare > Body Care,True,NOT_LISTED,,
Ov Surgical Spirits 100Ml,,True,NOT_LISTED,,
P&M Nmf Toner 200Ml,Skincare > Face,True,NOT_LISTED,,
Paco Lady Million 30Ml Edp Spr,Gifts > Gifts for Her,True,NOT_LISTED,,
Paco Lady Million 50Ml Edp Spr,Gifts > Gifts for Her,True,NOT_LISTED,,
Paco Rabanne 1 Million Mens 50Ml Edt Spr,Gifts > Men's Fragrance,True,NOT_LISTED,,
Paco Rabanne 4Pc Miniature Gift Set,Gifts > Men's Fragrance,True,NOT_LISTED,,
Paco Rabanne Invictus 50Ml Edt Spr,Gifts > Gifts for Him,True,NOT_LISTED,,
Paco Rabanne Lady Million 80Ml Edp,,True,NOT_LISTED,,
Paco Rabanne Olympea Ladies 30Ml Edp Spr,Gifts > Gifts for Her,True,NOT_LISTED,,
Paco Rabanne Olympea Ladies 50Ml Edp Spr,Gifts > Gifts for Her,True,NOT_LISTED,,
Paco Robanne Phantom 50Ml Edt Spr,Gifts > Gifts for Him,True,NOT_LISTED,,
Paddington - Paint Your Own Bug Hotel,Gifts > Christmas Shop,True,NOT_LISTED,,
Palmers Cocoa Butter Lotion 250Ml,Skincare > Body Care,True,NOT_LISTED,,
Palmers Natural Bronze Gradual Tan 250Ml,Beauty > Tanning,True,NOT_LISTED,,
Palmolive Naturals Milk & Honey Hand Wash 300Ml,Clearance > 3 FOR €5,True,NOT_LISTED,,
Pampering Moments Of Joy,Gifts > Christmas Shop,True,NOT_LISTED,,
Papilocare Vaginal Gel,Pharmacy,True,NOT_LISTED,,
Pears Transparent Mint Soap 125G,Toiletries > Handsoap & Sanitiser,True,NOT_LISTED,,
Pears Transparent Soap 125G 1Pk,Toiletries > Handsoap & Sanitiser,True,NOT_LISTED,,
Perfect Prep Baby Machine,Baby > Feeding,True,NOT_LISTED,,
Perfection Primer Bronze Glow,Beauty,True,NOT_LISTED,,
Perfection Primer Champagne Glow,Beauty,True,NOT_LISTED,,
Perfection Primer Golden Glow,Beauty,True,NOT_LISTED,,
Pernaton Gel 250Ml,Pharmacy > Medicated Skincare,True,NOT_LISTED,,
Pestle & Mortar Balance Spritz 80Ml,Skincare > Face,True,NOT_LISTED,,
Pestle & Mortar Brightening Bundle,Skincare,True,NOT_LISTED,,
Pestle & Mortar Double Sided Face Cloth 3Pk,Skincare > Face,True,NOT_LISTED,,
Pestle & Mortar Erase Balm Cleanser 100Ml,Skincare > Cleanse,True,NOT_LISTED,,
Pestle & Mortar Essentials Body Cream 500Ml,Skincare > Body Care,True,NOT_LISTED,,
Pestle & Mortar Essentials Body Wash & Body Cream 500Ml Bundle,Skincare > Body Care,True,NOT_LISTED,,
Pestle & Mortar Essentials Body Wash 500Ml,Skincare > Body Care,True,NOT_LISTED,,
Pestle & Mortar Essentials Bundle,Skincare > Face,True,NOT_LISTED,,
Pestle & Mortar Essentials Hand Cream 300Ml,Skincare > Hands & Feet,True,NOT_LISTED,,
Pestle & Mortar Essentials Hand Wash 300Ml,Skincare > Hands & Feet,True,NOT_LISTED,,
Pestle & Mortar Essentials Sensitive Skin Rescue Kit,Gifts > Christmas Shop,True,NOT_LISTED,,
Pestle & Mortar Essentials The Face Cream,Face,False,NOT_LISTED,,
Pestle & Mortar Essentials The Facial Cleanser 100Ml,Skincare > Face,True,NOT_LISTED,,
Pestle & Mortar Exfoliate Toner 180Ml,Skincare > Face,True,NOT_LISTED,,
Pestle & Mortar Face Rescue Kit,Gifts > Christmas Shop,True,NOT_LISTED,,
Pestle & Mortar Glow Drops 30Mls,Skincare > Face,True,NOT_LISTED,,
Pestle & Mortar Hand Wash & Hand Cream Bundle,Skincare,True,NOT_LISTED,,
Pestle & Mortar Hydrate And Vit C Bundle,Skincare,True,NOT_LISTED,,
Pestle & Mortar Hydrate Moisturiser 50Ml,Skincare > Face,True,NOT_LISTED,,
Pestle & Mortar Hydration Bundle,Skincare,True,NOT_LISTED,,
Pestle & Mortar Pure Hyaluronic Serum 30Ml,Skincare > Face,True,NOT_LISTED,,
Pestle & Mortar Recover Eye Cream 15Ml,Skincare > Eye Care,True,NOT_LISTED,,
Pestle & Mortar Renew Gel Cleanser 100Ml,Skincare > Cleanse,True,NOT_LISTED,,
Pestle & Mortar Superstar Retil Night Oil 30Ml,Skincare > Face,True,NOT_LISTED,,
Pestle & Mortar The Heroes Collection Double Cleanse,Christmas Shop,True,NOT_LISTED,,
Pestle & Mortar The Spot Dots,Skincare,True,NOT_LISTED,,
Pestle And Mortar 2 Phase Vitamin C Serum 40Ml,Skincare > Face,True,NOT_LISTED,,
Pestle And Mortar Hand Sanitiser 50Ml,"Toiletries > Masks, Gloves & PPE",True,NOT_LISTED,,
Pestle&Mortar Essentials Sensitive Body Rescue Kit,Gifts > Christmas Shop,True,NOT_LISTED,,
Pharmanord Jointcare 60Pk,"Supplements > Muscle, Joint & Bone",True,NOT_LISTED,,
Pharmanord Q10 Gold 60Pk,Supplements > Energy & Vitality,True,NOT_LISTED,,
Pharmard Chromium 60Pk,Supplements > Weight Management,True,NOT_LISTED,,
Pharmard D Pearls Junior 80Pk,Supplements > Immune Support,True,NOT_LISTED,,
Pharmard Magnesium 60Pk,Supplements > Sleep & Stress,True,NOT_LISTED,,
Pharmaton Caps 30Pk,Supplements > Immune Support,True,NOT_LISTED,,
Pharmaton Immuno10 Caps (30 Pk),Supplements > Immune Support,True,NOT_LISTED,,
Pharmaton Vitality 11 Caps (30 Pk),Supplements > Immune Support,True,NOT_LISTED,,
Pharmony Gripe Water 150Ml,Baby > Baby Health,True,NOT_LISTED,,
Physiologix Level 3 Ankle Support One Size,Pharmacy > First Aid,True,NOT_LISTED,,
Physiologix Ultimate Shoulder Support - Large To Extra Large,Pharmacy > First Aid,True,NOT_LISTED,,
Physiologix Ultimate Shoulder Support - Small To Medium,Pharmacy > First Aid,True,NOT_LISTED,,
"Phyto Anti Hair Loss Treatment For Women (Progressive Hair-Loss: Ageing, Menopause, Heredity)",Toiletries > Hair Care,True,NOT_LISTED,,
"Phyto Anti Hair Loss Treatment For Women (Reactional Hair-Loss: Stress, Diet, Post-Preg)",Toiletries > Hair Care,True,NOT_LISTED,,
Phyto Phytocyane Anti Hair Loss Treatment For Men,Toiletries > Hair Care,True,NOT_LISTED,,
Piz Buin After Sun Tan Intensifying Moisturising Lotion 200ml,Skincare,True,NOT_LISTED,,
Piz Buin Allergy Sun Sensitive Skin Lotion SPF 30 200ml,Skincare,True,NOT_LISTED,,
Piz Buin Allergy Sun Sensitive Skin Lotion SPF 30 400ml,Skincare,True,NOT_LISTED,,
Piz Buin Allergy Sun Sensitive Skin Lotion SPF 50+ 200ml,Skincare,True,NOT_LISTED,,
Piz Buin Allergy Sun Sensitive Skin Lotion SPF 50+ 400ml,Skincare,True,NOT_LISTED,,
Piz Buin Tan & Protect Tan Intensifying Sun Spray SPF 30 150ml,Skincare,True,NOT_LISTED,,
Potted Gelousy Matte Gel Liner Black Out,Beauty,True,NOT_LISTED,,
Potted Gelousy Matte Gel Liner Foxy,Beauty,True,NOT_LISTED,,
Potted Gelousy Matte Gel Liner Mute,Beauty,True,NOT_LISTED,,
Poxclin Coolmousse 100Ml,Baby > Baby Health,True,NOT_LISTED,,
Preparation H Gel 25G,Pharmacy > Stomach & Digestion,True,NOT_LISTED,,
Preparation H Gel 50G,Pharmacy > Sensitive Conditions,True,NOT_LISTED,,
Preparation H Ointment 25G,Pharmacy > Sensitive Conditions,True,NOT_LISTED,,
Prime Eyes Cream Shadow Sticks (Pearl Vanilla),Beauty > Eyes,True,NOT_LISTED,,
Proceive Pregnancy First Trimester - 60 Capsules,Supplements > Women's Wellbeing,True,NOT_LISTED,,
Proceive Pregnancy Second Trimester -60 Capsules,Supplements > Women's Wellbeing,True,NOT_LISTED,,
Proceive Women Fertility Supplement 28 Caps,Supplements > Women's Wellbeing,True,NOT_LISTED,,
Promo Pack Brylcreem Gel 150Ml 2Pk €7 Strong,Toiletries > Men's Grooming,True,NOT_LISTED,,
Pure by Coppercraft Magnetic Bracelet CMB09,Gifts,True,NOT_LISTED,,
Pure by Coppercraft Magnetic Bracelet CMB21,Gifts,True,NOT_LISTED,,
Pure by Coppercraft Magnetic Bracelet CMB22,Gifts,True,NOT_LISTED,,
Pure by Coppercraft Magnetic Bracelet CMB31,Gifts,True,NOT_LISTED,,
Puressential Purifying Air Spray 75Ml,Gifts > Candles & Diffusers,True,NOT_LISTED,,
Purified Water 5L,,True,NOT_LISTED,,
Purismio Reusable Mask Black 1Pk,"Toiletries > Masks, Gloves & PPE",True,NOT_LISTED,,
Purismio Reusable Mask Oatmeal 1Pk,"Toiletries > Masks, Gloves & PPE",True,NOT_LISTED,,
Quest Kyolic Garlic 1000 60Tabs,Supplements > Other Supplements,True,NOT_LISTED,,
Quest L-Lysine 1000Mg 45Pk,Supplements > Other Supplements,True,NOT_LISTED,,
Quest Stress B Complex & Vitamin C 60Pk,Supplements > Sleep & Stress,True,NOT_LISTED,,
Quest Stress B Complex With Vitamin C 30Pk,Supplements > Sleep & Stress,True,NOT_LISTED,,
Quest Super Once A Day 30Pk,Supplements > Immune Support,True,NOT_LISTED,,
Quest Super Once A Day Multi Tabs 60,Supplements > Immune Support,True,NOT_LISTED,,
Quest Synergistic Zinc Tabs 30Pk,Supplements > Other Supplements,True,NOT_LISTED,,
Quest Synergisyic Selenium Tabs 30Pk,Supplements > Other Supplements,True,NOT_LISTED,,
Quest Vegan Multi Vitamin One A Day 30Pk,Supplements > Immune Support,True,NOT_LISTED,,
Quest Vitamin B12 1000Mcg 60Pk,Supplements > Immune Support,True,NOT_LISTED,,
Quest Zinc Citrate 30Mg Tabs 60Pk,Supplements > Immune Support,True,NOT_LISTED,,
Quies Foam Ear Plugs 3Pk,Toiletries > Travel,True,NOT_LISTED,,
Quies Pure Wax 8Pk,Toiletries > Travel,True,NOT_LISTED,,
Radox Bath 500Ml Muscle Soak,Toiletries > Bath & Shower,True,NOT_LISTED,,
Red Door 100Ml Edt,,True,NOT_LISTED,,
Refresh Duo,Gifts > Christmas Shop,True,NOT_LISTED,,
Relactagel Vaginal Ph Reg 5Ml,Toiletries > Feminine Care,True,NOT_LISTED,,
Remind Softgel Capsules 90S,Supplements > Brain Health & Omega Oils,True,NOT_LISTED,,
Remington Hygiene Trimmer,Toiletries > Electrical,True,NOT_LISTED,,
Reno N5 Body Lotion 200Ml,Gifts > Women's Fragrance,True,NOT_LISTED,,
Reusable Face Mask,"Toiletries > Masks, Gloves & PPE",True,NOT_LISTED,,
Revive Active 3 Month Supply - 90 Sachets,Supplements > Energy & Vitality,True,NOT_LISTED,,
Revive Active 6 Month Supply -180 Sachets,Supplements > Energy & Vitality,True,NOT_LISTED,,
Revive Active Calm Capsules 60Pk,Supplements,True,NOT_LISTED,,
Revive Active Collagen Complex 3 Month Supply 90 Sachets,Brands > Revive Active,True,NOT_LISTED,,
Revive Active Collagen Complex 30Pk,Brands > Revive Active,True,NOT_LISTED,,
Revive Active Joint Complex - 3 Month Supply,"Supplements > Muscle, Joint & Bone",True,NOT_LISTED,,
Revive Active Joint Complex - 6 Month Supply,"Supplements > Muscle, Joint & Bone",True,NOT_LISTED,,
Revive Active Joint Complex 30Pk,"Supplements > Muscle, Joint & Bone",True,NOT_LISTED,,
Revive Active Joint Complex 7Pk,"Supplements > Muscle, Joint & Bone",True,NOT_LISTED,,
Revive Active Junior 20Pk,Supplements > Children's Supplements,True,NOT_LISTED,,
Revive Active Magnesium Complex 60Pk,Supplements,True,NOT_LISTED,,
Revive Active Mastermind 30Pk,Supplements > Brain Health & Omega Oils,True,NOT_LISTED,,
Revive Active Meno Active,Supplements > Women's Wellbeing,True,NOT_LISTED,,
Revive Active Meno Active -3 Month Supply,Supplements > Women's Wellbeing,True,NOT_LISTED,,
Revive Active Meno Active -6 Month Supply,Supplements > Women's Wellbeing,True,NOT_LISTED,,
Revive Active Omega Active 60 Capsules,Supplements,True,NOT_LISTED,,
Revive Active Original 210 Sachets 7 Months Supply,Brands > Revive Active,True,NOT_LISTED,,
Revive Active Original 30Pk,Supplements > Energy & Vitality,True,NOT_LISTED,,
Revive Active Original 7Pk,Supplements > Energy & Vitality,True,NOT_LISTED,,
Revive Active Sleep Capsules 60Pk,Supplements,True,NOT_LISTED,,
Revive Active Teen 20 Pk,Supplements > Immune Support,True,NOT_LISTED,,
Revive Active Tropical 210 Sachets 7 Months Supply,Vitamins,True,NOT_LISTED,,
Revive Active Tropical 6 Month Supply - 180 Sachets,Supplements,True,NOT_LISTED,,
Revive Active Tropical Flavour 30 Sachets,Revive Active,False,NOT_LISTED,,
Revive Active Zest 7Pk,Supplements > Energy & Vitality,True,NOT_LISTED,,
Revive Active Zest Active Ages 20-35 30Pk,Supplements > Energy & Vitality,True,NOT_LISTED,,
Revive Active Zest Active Berry Burst,Supplements,True,NOT_LISTED,,
Revive Active Zest- 3 Month Supply-90 Sachets,Supplements > Energy & Vitality,True,NOT_LISTED,,
Revive Original 1 Year Supply 360 Sachets,Revive Active,True,NOT_LISTED,,
Revive Tropical 1 Year Supply 360 Sachets,Supplements,True,NOT_LISTED,,
Revive Tropical 3 Month Supply - 90 Sachets,Brands > Revive Active,True,NOT_LISTED,,
Revive Zest Active - 6 Month Supply,Supplements > Energy & Vitality,True,NOT_LISTED,,
Revlon Uniq One Hair Treatment 150Ml,Toiletries > Hair Care,True,NOT_LISTED,,
Rocket Fuel 11G,Supplements,True,NOT_LISTED,,
Rocket Fuel 14 Pk,Supplements,True,NOT_LISTED,,
Rosewater 500Ml Ultrapure,Skincare > Face,True,NOT_LISTED,,
Rowa Yummy Gummy Bears 60Pk,Supplements > Children's Supplements,True,NOT_LISTED,,
Rs Epsom Salts 100G,Toiletries > Bath & Shower,True,NOT_LISTED,,
Rs Epsom Salts 250G,Toiletries > Bath & Shower,True,NOT_LISTED,,
Rs Epsom Salts 500G,Toiletries > Bath & Shower,True,NOT_LISTED,,
Rs Witch Hazel 125Ml,Skincare > Face,True,NOT_LISTED,,
SCULPTED LIQUID LIGHTS WARM,Brands,True,NOT_LISTED,,
Sambucol Tonic For Kids 120Ml,Supplements > Children's Supplements,True,NOT_LISTED,,
Sambucol Tonic Immu Forte 120Ml,Supplements > Children's Supplements,True,NOT_LISTED,,
Sambucol Tonic Liquid Original 120Ml,Supplements > Children's Supplements,True,NOT_LISTED,,
Sanex 500Ml Shwr Dermo Sensitive,Toiletries > Bath & Shower,True,NOT_LISTED,,
Scholl Corn Removal Plasters Waterproof,Pharmacy > Foot & Nail Care,True,NOT_LISTED,,
Scholl Cracked Heel Repair Cream Active 60Ml,Skincare > Hands & Feet,True,NOT_LISTED,,
Scholl Fresh Step Deodrant Foot Spray 150Ml,Pharmacy > Foot & Nail Care,True,NOT_LISTED,,
Scholl Gel Activ Insole Everyday Men,Pharmacy > Foot & Nail Care,True,NOT_LISTED,,
Scholl Gel Activ Insole Work Men,Pharmacy > Foot & Nail Care,True,NOT_LISTED,,
Scholl Verruca & Wart Freeze Spray 80Ml,Pharmacy > Foot & Nail Care,True,NOT_LISTED,,
Sculpted Beauty Base Oil Control,Beauty > Face,True,NOT_LISTED,,
Sculpted Beauty Base Original 50Ml Pump,Beauty > Face,True,NOT_LISTED,,
Sculpted Beauty Base Pearl 50Ml Pump,Beauty > Face,True,NOT_LISTED,,
Sculpted Body Base Light Shimmer,Beauty > Tanning,True,NOT_LISTED,,
Sculpted Brighten & Define Eyeliner Duo - Nude/Black,Beauty > Eyes,True,NOT_LISTED,,
Sculpted Brighten & Define Eyeliner Duo - Nude/Brown,Beauty > Eyes,True,NOT_LISTED,,
Sculpted Brighten & Define Eyeliner Duo - Nude/Rust Brown,Beauty > Eyes,True,NOT_LISTED,,
Sculpted Brighten Up Concealer Beige,Beauty > Eyes,True,NOT_LISTED,,
Sculpted Brighten Up Concealer Golden,Beauty > Eyes,True,NOT_LISTED,,
Sculpted Brighten Up Concealer Ivory,Beauty > Eyes,True,NOT_LISTED,,
Sculpted Brighten Up Concealer Sand,Beauty > Face,True,NOT_LISTED,,
Sculpted Brighten Up Concealer Vanilla,Beauty > Eyes,True,NOT_LISTED,,
Sculpted Bronze Base 30Ml Pump Light/ Medium,Beauty > Tanning,True,NOT_LISTED,,
Sculpted Bronze Base 30Ml Pump Medium/ Dark,Beauty > Face,True,NOT_LISTED,,
Sculpted Bronze Base Refill Pouch Light / Medium,Beauty > Tanning,True,NOT_LISTED,,
Sculpted Bronze Base Refill Pouch Medium / Dark,Beauty > Tanning,True,NOT_LISTED,,
Sculpted By Aimee Brighten Up Energising Eye Cream 10Ml,Skincare,True,NOT_LISTED,,
Sculpted By Aimee Connolly Cloud Cream,Skincare > Face,True,NOT_LISTED,,
Sculpted By Aimee Easyglide Precision Liquid Liner ( Ultra Black),Sculpted By Aimee,True,NOT_LISTED,,
Sculpted By Aimee Line & Shine Duo Blush,Beauty > Lips,True,NOT_LISTED,,
Sculpted By Aimee Line & Shine Duo Buff,Beauty > Lips,True,NOT_LISTED,,
Sculpted By Aimee Line & Shine Duo Rose,Beauty > Lips,True,NOT_LISTED,,
Sculpted By Aimee Liquidglo Brightening Essence 100Ml,Skincare,True,NOT_LISTED,,
Sculpted By Aimee My Mascara Brown,Beauty > Eyes,True,NOT_LISTED,,
Sculpted By Aimee My Mascara Ultra Black,Beauty > Eyes,True,NOT_LISTED,,
Sculpted By Aimee Oily Skin Morning Routine Bundle,Beauty,True,NOT_LISTED,,
Sculpted By Aimee Oily Skin Nighttime Routine Bundle,Beauty,True,NOT_LISTED,,
Sculpted By Aimee Sculpted Hydratint 3.0,Beauty,True,NOT_LISTED,,
Sculpted By Aimee Sculpted Hydratint 4.0,Beauty,False,NOT_LISTED,,
Sculpted By Aimee Sculpted Hydratint 5.0,Beauty,True,NOT_LISTED,,
Sculpted By Aimee Sculpted Hydratint 6.0,Beauty,True,NOT_LISTED,,
Sculpted By Aimee Shape & Set Brow Pencil & Fixing Gel (Deep Brown),Brands > Sculpted By Aimee,True,NOT_LISTED,,
Sculpted By Aimee Shape & Set Brow Pencil & Fixing Gel (Medium Brown),Brands > Sculpted By Aimee,True,NOT_LISTED,,
Sculpted By Aimee Shape & Set Brow Pencil & Fixing Gel (Soft Brown),Brands > Sculpted By Aimee,True,NOT_LISTED,,
Sculpted Complete Cover Up 2.0 Fair,Beauty > Eyes,True,NOT_LISTED,,
Sculpted Complete Cover Up 2.5 Fair Plus,Beauty > Eyes,True,NOT_LISTED,,
Sculpted Complete Cover Up 3.0 Llight,Beauty > Face,True,NOT_LISTED,,
Sculpted Complete Cover Up 3.5 Light Plus,Beauty > Eyes,True,NOT_LISTED,,
Sculpted Complete Cover Up 4.0 Medium,Beauty > Eyes,True,NOT_LISTED,,
Sculpted Complete Cover Up 4.5 Medium Plus,Beauty > Face,True,NOT_LISTED,,
Sculpted Cream Cushion Foundation 2.75N,Beauty > Face,True,NOT_LISTED,,
Sculpted Cream Cushion Foundation 2W,Beauty > Face,True,NOT_LISTED,,
Sculpted Cream Cushion Foundation 3C,Beauty > Face,True,NOT_LISTED,,
Sculpted Cream Cushion Foundation 4N,Beauty > Face,True,NOT_LISTED,,
Sculpted Cream Cushion Foundation 5W,Beauty > Face,True,NOT_LISTED,,
Sculpted Cream Cushion Foundation 6N,Beauty > Face,True,NOT_LISTED,,
Sculpted Cream Luxe Blush Dusty Rose,Beauty,True,NOT_LISTED,,
Sculpted Cream Luxe Blush Pink Supreme,Beauty,True,NOT_LISTED,,
Sculpted Cream Luxe Bronze Shade Light,Beauty,True,NOT_LISTED,,
Sculpted Cream Luxe Bronze Shade Medium,Beauty,True,NOT_LISTED,,
Sculpted Cream Luxe Highlight Champagne Cream,Beauty,True,NOT_LISTED,,
Sculpted Duocleanse Cleanse & Clarify,Sculpted By Aimee,True,NOT_LISTED,,
Sculpted Easybrow Clear,Brands > Sculpted By Aimee,True,NOT_LISTED,,
Sculpted Easybrow Medium Brown,Brands > Sculpted By Aimee,True,NOT_LISTED,,
Sculpted Hydrabright Illuminating Serum 50Ml,Skincare,True,NOT_LISTED,,
Sculpted Hydraglow Skin Serum,Beauty > Face,True,NOT_LISTED,,
Sculpted Hydralip - Berry,Beauty > Lips,True,NOT_LISTED,,
Sculpted Hydralip - Blush,Lips,False,NOT_LISTED,,
Sculpted Hydralip - Bronze,Beauty > Lips,True,NOT_LISTED,,
Sculpted Hydralip - Mauve,Beauty > Lips,True,NOT_LISTED,,
Sculpted Hydralip - Rose,Beauty > Lips,True,NOT_LISTED,,
Sculpted Hydralip- Peach,Beauty > Lips,True,NOT_LISTED,,
Sculpted Lashlift Rich Brown,Brands > Sculpted By Aimee,True,NOT_LISTED,,
Sculpted Lip Duo Undressed- Naked,Beauty > Lips,True,NOT_LISTED,,
Sculpted Lip Duo Undressed- Nude,Beauty > Lips,True,NOT_LISTED,,
Sculpted Liquid Lights Blush,Beauty > Face,True,NOT_LISTED,,
Sculpted Mauve Match,Beauty > Lips,True,NOT_LISTED,,
Sculpted Perfecting Duo Brush,Beauty > Brushes & Accessories,True,NOT_LISTED,,
Sculpted Prime Eyes Cream Shadow Sticks ( Tan Topaz),Beauty > Eyes,True,NOT_LISTED,,
Sculpted Satin Silk Longwear Concealer - Vanilla,Beauty > Face,True,NOT_LISTED,,
Sculpted Satin Silk Longwear Concealer- Beige,Beauty > Face,True,NOT_LISTED,,
Sculpted Satin Silk Longwear Concealer- Creme,Beauty > Face,True,NOT_LISTED,,
Sculpted Satin Silk Longwear Concealer- Golden,Beauty > Face,True,NOT_LISTED,,
Sculpted Satin Silk Longwear Concealer- Ivory,Beauty > Face,True,NOT_LISTED,,
Sculpted Satin Silk Longwear Concealer- Sand,Beauty > Face,True,NOT_LISTED,,
Sculpted Satin Silk Longwear Foundation - Fair,Beauty > Face,True,NOT_LISTED,,
Sculpted Satin Silk Longwear Foundation - Fair Plus,Beauty > Face,True,NOT_LISTED,,
Sculpted Satin Silk Longwear Foundation - Light,Beauty > Face,True,NOT_LISTED,,
Sculpted Satin Silk Longwear Foundation - Light Plus,Beauty > Face,True,NOT_LISTED,,
Sculpted Satin Silk Longwear Foundation - Medium,Beauty > Face,True,NOT_LISTED,,
Sculpted Satin Silk Longwear Foundation - Medium Plus,Beauty > Face,True,NOT_LISTED,,
Sculpted Satin Silk Longwear Foundation - Rich,Beauty > Face,True,NOT_LISTED,,
Sculpted Satin Silk Longwear Foundation - Tan,Beauty > Face,True,NOT_LISTED,,
Sculpted Satin Silk Longwear Foundation- Porcelain,Beauty > Face,True,NOT_LISTED,,
Sculpted Second Skin Dewy Fair Plus 2.5,Beauty > Face,True,NOT_LISTED,,
Sculpted Second Skin Dewy Tan 5.0,Beauty > Face,True,NOT_LISTED,,
Sculpted Second Skin Fair Dewy 2.0,Beauty > Face,True,NOT_LISTED,,
Sculpted Second Skin Fair Plus Matte 2.5,Beauty > Face,True,NOT_LISTED,,
Sculpted Second Skin Light Dewy 3.0,Beauty > Face,True,NOT_LISTED,,
Sculpted Second Skin Light Matte 3.0,Beauty > Face,True,NOT_LISTED,,
Sculpted Second Skin Light Plus Dewy 3.5,Beauty > Face,True,NOT_LISTED,,
Sculpted Second Skin Light Plus Matte 3.5,Beauty > Face,True,NOT_LISTED,,
Sculpted Second Skin Medium Dewy 4.0,Beauty > Face,True,NOT_LISTED,,
Sculpted Second Skin Medium Matte 4.0,Beauty > Face,True,NOT_LISTED,,
Sculpted Second Skin Medium Plus Dewy 4.5,Beauty > Face,True,NOT_LISTED,,
Sculpted Second Skin Medium Plus Matte 4.5,Beauty > Face,True,NOT_LISTED,,
Sculpted Set & Perfect Powder Brush,Beauty > Brushes & Accessories,True,NOT_LISTED,,
Sculpted Tint & Glow Skin Enhancer 2.0,Beauty > Face,True,NOT_LISTED,,
Sculpted Tint & Glow Skin Enhancer 3.0,Beauty > Face,True,NOT_LISTED,,
Sculpted Tint & Glow Skin Enhancer 4.0,Beauty > Face,True,NOT_LISTED,,
Sculpted Tint & Glow Skin Enhancer 5.0,Beauty > Face,True,NOT_LISTED,,
Sculpted Tint & Glow Skin Enhancer 6.0,Beauty > Face,True,NOT_LISTED,,
Sculpted Tint & Glow Skin Enhancer 7.0,Beauty > Face,True,NOT_LISTED,,
Sculpted Velvet Veil Invisible Loose Setting Powder,Beauty > Face,True,NOT_LISTED,,
Scuplted Duocleanse Cleanse & Brighten,Sculpted By Aimee,True,NOT_LISTED,,
Scuplted Duocleanse Cleanse & Exfoliate,Sculpted By Aimee,True,NOT_LISTED,,
Scuplted Easybrow Deep Brown,Brands > Sculpted By Aimee,True,NOT_LISTED,,
Scuplted Lashlift Ultra Black,Brands > Sculpted By Aimee,True,NOT_LISTED,,
Seaband Hay-Band Acupressure Band 1Pk,Pharmacy > Allergy Relief,True,NOT_LISTED,,
Selfscreen Home Drug Test 1Pk,Pharmacy > Sensitive Conditions,True,NOT_LISTED,,
Selfscreen Home Drug Test 2Pk,Pharmacy > Sensitive Conditions,True,NOT_LISTED,,
Senset Cleans Foam Vernacare 300Ml,Pharmacy > Sensitive Conditions,True,NOT_LISTED,,
Sensi-Kin Gel 15Ml Hypersensitivity,Dental,False,NOT_LISTED,,
Sensi-Kin Mouthwash 250Ml Daily Hypersensitivity,Toiletries > Dental,True,NOT_LISTED,,
Sensi-Kin Toothpaste 75Ml Daily Hypersensitivity,Toiletries > Dental,True,NOT_LISTED,,
Sensodyne Pronamel Tp Mint 75Ml,Toiletries > Dental,True,NOT_LISTED,,
Sensodyne Pronamel Tp Whitening 75Ml,Toiletries > Dental,True,NOT_LISTED,,
Sensodyne Rapid Relief Mint 75Ml,Toiletries > Dental,True,NOT_LISTED,,
Sensodyne Repair & Protect 75Ml Original Mint,Toiletries > Dental,True,NOT_LISTED,,
Sensodyne Toothpaste 75Ml,Toiletries > Dental,True,NOT_LISTED,,
Seoulista Beauty Charcoal Detox Instant Facial Mask,Skincare > Face,True,NOT_LISTED,,
Seoulista Beauty Wonderberry Skin Defence Instant Facial,Skincare > Face,True,NOT_LISTED,,
Seven Seas Active 55+ Original (60 Pk),"Supplements > Muscle, Joint & Bone",True,NOT_LISTED,,
Seven Seas Cod Live Oil One A Day 60Pk,Supplements > Brain Health & Omega Oils,True,NOT_LISTED,,
Seven Seas Cod Liver Oil 150Ml,Supplements > Immune Support,True,NOT_LISTED,,
Seven Seas Hb Fruit Softies Stawberry 30Pk,Supplements > Children's Supplements,True,NOT_LISTED,,
Seven Seas Jointcare Supplex & Turmeric (30 Pk),"Muscle, Joint & Bone",False,NOT_LISTED,,
Seven Seas Pure Cod Liver Oil One A Day 30Pk,Supplements > Brain Health & Omega Oils,True,NOT_LISTED,,
Shape Stick Bronze & Define Caramel,Beauty,True,NOT_LISTED,,
Shape Stick Bronze & Define Espresso,Beauty,True,NOT_LISTED,,
Shape Stick Bronze & Define Frappe,Beauty,True,NOT_LISTED,,
Shape Stick Bronze & Define Swirl,Beauty,True,NOT_LISTED,,
Sheet Mask Collection,Gifts > Christmas Shop,True,NOT_LISTED,,
Simple Gentle Conditioner 200Ml,Toiletries > Hair Care,True,NOT_LISTED,,
Simple Kts Cleanser 200Ml Micellar,Skincare > Cleanse,True,NOT_LISTED,,
Simple Kts Cleansing Ltn 200Ml Purifying,Skincare > Cleanse,True,NOT_LISTED,,
Simple Kts Replenishing Rich Moist 125Ml,Skincare > Face,True,NOT_LISTED,,
Simple Soap Pure 125G 2Pk,Toiletries > Handsoap & Sanitiser,True,NOT_LISTED,,
"Skingredients 15% Vit C, E + Tri-Mushroom Serum 30Ml",Skincare,True,NOT_LISTED,,
Skingredients Aha Cleanse Brightening And Exfoliating Lactic Acid Cleanser 100Ml Primary,Skincare,True,NOT_LISTED,,
Skingredients Prebiotic Cleanser 100Ml Primary,Skincare,True,NOT_LISTED,,
Skingredients Sally Clenase 2% Salicylic Acid Oil Control Cleanser Primary 100Ml,Skincare,True,NOT_LISTED,,
Skingredients Sally Clenase 2% Salicylic Acid Oil Control Cleanser Refill 100Ml,Skincare,True,NOT_LISTED,,
Skingredients Skin Good Fats Ultra-Hydrating Ceramide Moisturiser Primary 45Ml,Skincare,True,NOT_LISTED,,
Skingredients Skin Protein Anti-Ageing Retinoid Serum 45Ml Primary,Skincare,True,NOT_LISTED,,
Skingredients Skin Protein Anti-Ageing Retinoid Serum 45Ml Refill,Skincare,True,NOT_LISTED,,
Skingredients Skin Shield Mosturising And Priming Spf 50 Pa+++ Primary,Skincare,True,NOT_LISTED,,
Skingredients Skin Veg Hylauronic Acid Hydrating Serum 45Ml Primary,Skincare,True,NOT_LISTED,,
Skingredients Skin Veg Hylauronic Acid Hydrating Serum 45Ml Refill,Skincare,True,NOT_LISTED,,
Smith & Nephew Jelonet 10Cm X 10Cm Single,Pharmacy > First Aid,True,NOT_LISTED,,
Snufflebabe Vapour Rub 24Gm,Baby > Baby Health,True,NOT_LISTED,,
So? Ibiza Dreams Body Mist 200Ml,Beauty,True,NOT_LISTED,,
So? Seychelle Sands Body Mist 200Ml,Beauty,True,NOT_LISTED,,
SoSu Mystery Box,Gifts,True,NOT_LISTED,,
Sol Beauty Coconut Lip Oil,Skincare > Body Care,True,NOT_LISTED,,
Sol Beauty Dry Body Oil With Coconut,Skincare > Body Care,True,NOT_LISTED,,
Sol Beauty Dry Body Oil With Salted Caramel,Skincare > Body Care,True,NOT_LISTED,,
Sol Beauty Dry Body Oil With Watermelon,Skincare > Body Care,True,NOT_LISTED,,
Sol Beauty Salted Caramel Vanilla Lip Oil,Skincare > Body Care,True,NOT_LISTED,,
Sol Beauty Shower Cream Watermelon 500Ml,Skincare > Body Care,True,NOT_LISTED,,
Sol Beauty Shower Cream With Coconut 500Ml,Skincare > Body Care,True,NOT_LISTED,,
Sol Beauty Shower Cream With Salted Caramel 500Ml,Skincare > Body Care,True,NOT_LISTED,,
Sol Beauty Watermelon Lip Oil,Skincare > Body Care,True,NOT_LISTED,,
Solar Buddies Sunscreen Applicator Blue,Skincare > Sun Care & SPF,True,NOT_LISTED,,
Solar Buddies Sunscreen Applicator Green,Sun Care & SPF,False,NOT_LISTED,,
Solar Buddies Sunscreen Applicator Pink,Sun Care & SPF,False,NOT_LISTED,,
Solaresse The Orange One Body Mist,Skincare > Body Care,True,NOT_LISTED,,
Solaresse The Pink One Body Mist,Skincare > Body Care,True,NOT_LISTED,,
Solaresse The Purple One Body Mist,Skincare > Body Care,True,NOT_LISTED,,
Solaresse The Red One Body Mist,Skincare > Body Care,True,NOT_LISTED,,
Solgar 7 Joint Support 30 Caps,"Muscle, Joint & Bone",False,NOT_LISTED,,
Solgar Advanced Acidophilus Plus 60 Tabs,Supplements > Probiotics & Gut,True,NOT_LISTED,,
"Solgar B Complex ""50"" Caps (50Pk)",Supplements > Immune Support,True,NOT_LISTED,,
Solgar B12 1000Ug 100Pk,Supplements > Immune Support,True,NOT_LISTED,,
Solgar Boitin 5000Ug 50Caps,Supplements > Women's Wellbeing,True,NOT_LISTED,,
Solgar Calcium Magnesium 50 Tabs,Supplements > Sleep & Stress,True,NOT_LISTED,,
Solgar Chromium Picolinate Tabs 100Ug,Supplements > Weight Management,True,NOT_LISTED,,
Solgar Collagen Hyalurinic Acid Complex (30 Pk),Supplements > Women's Wellbeing,True,NOT_LISTED,,
Solgar Coq10 Vegetarian 120Mg (30 Pk),Supplements > Energy & Vitality,True,NOT_LISTED,,
Solgar Cran Flora Vegtable Caps 60Pk,Supplements > Women's Wellbeing,True,NOT_LISTED,,
Solgar Curcumin 30 Soft Gels,Supplements > Other Supplements,True,NOT_LISTED,,
Solgar Dandelion 520Mg Caps 100S,Supplements > Women's Wellbeing,True,NOT_LISTED,,
Solgar Ester C 1000Mg 90 Caps,Supplements > Immune Support,True,NOT_LISTED,,
Solgar Ester-C Plus 1000Mg (30 Pk),Supplements > Immune Support,True,NOT_LISTED,,
Solgar Evening Primrose Oil 1300Mgs,Supplements > Women's Wellbeing,True,NOT_LISTED,,
Solgar Flaxseed 1250Mg Capsules 100Pk,Supplements > Health Foods,True,NOT_LISTED,,
Solgar Garlic Oil 100 Softgels,Supplements > Other Supplements,True,NOT_LISTED,,
Solgar Gentle Iron 20Mg 90Cap,Supplements > Women's Wellbeing,True,NOT_LISTED,,
Solgar L-Arginine 1000Mg (90 Pk),Supplements > Other Supplements,True,NOT_LISTED,,
Solgar Magnesium L-Threonate 60 Capsules,Vitamins & Supplements,False,NOT_LISTED,,
Solgar Megasorb Vit B-Comp 50'S,Supplements > Immune Support,True,NOT_LISTED,,
Solgar Niacin (B3) 500Mg 100 Caps,Supplements > Other Supplements,True,NOT_LISTED,,
Solgar Omega 3 Double Strength Softgels 30Pk,Supplements > Brain Health & Omega Oils,True,NOT_LISTED,,
Solgar Omega 3-6-9 Sgel 60Pack,Supplements > Brain Health & Omega Oils,True,NOT_LISTED,,
Solgar Potassium 100Tabs,Supplements > Other Supplements,True,NOT_LISTED,,
Solgar Prenatal Nutrients Tablets 60Pk,Supplements > Women's Wellbeing,True,NOT_LISTED,,
"Solgar Skin, Hair And Nail 60Tab",Supplements > Women's Wellbeing,True,NOT_LISTED,,
Solgar Soya Lecithin 1360Mg 100 Softgels,Supplements > Other Supplements,True,NOT_LISTED,,
Solgar Ultimate B+C Comp 60 Tab,Supplements > Immune Support,True,NOT_LISTED,,
Solgar Vitamin B Complex With Vit C (100 Pk),Supplements > Immune Support,True,NOT_LISTED,,
Solgar Vitamin B6 Vegetable Capsules 100Mg,Supplements > Other Supplements,True,NOT_LISTED,,
Solgar Vitamin C 1000Mg 100Cap,Supplements > Immune Support,True,NOT_LISTED,,
Solgar Vitamin D3 1000Mcg Softgels (100 Pk),Supplements > Immune Support,True,NOT_LISTED,,
Solgar Vitamin D3 4000Iu 60 Vegetable Capsules,Supplements > Immune Support,True,NOT_LISTED,,
Solgar Vitamin D3 50Tabs,Supplements > Immune Support,True,NOT_LISTED,,
Solgar Vm-Prime Women 90 Tabs,Supplements > Women's Wellbeing,True,NOT_LISTED,,
Solgar Zinc Picolinate 22Mg 100S,Supplements > Other Supplements,True,NOT_LISTED,,
Sona B-Complex Tabs (30 Pk),Supplements,True,NOT_LISTED,,
Sona B-Complex Tabs 60Pk,Supplements > Immune Support,True,NOT_LISTED,,
Sona C500 Chewable - Vitamin C 500Mg 30Pk,Supplements > Immune Support,True,NOT_LISTED,,
Sona Calcium With Vit. D Tabs 90Pk,Supplements > Immune Support,True,NOT_LISTED,,
Sona D1000 Iu Tabs 30Pk,Supplements > Immune Support,True,NOT_LISTED,,
Sona Evening Primrose Oil 1000Mg Caps (30Pk),Supplements > Women's Wellbeing,True,NOT_LISTED,,
Sona L-Lysine Tabs 1000Mg 45Pk,Supplements > Other Supplements,True,NOT_LISTED,,
Sona L-Lysine Tabs 500Mg 60Pk,Supplements > Immune Support,True,NOT_LISTED,,
Sona Magnesium 250Mg 60Pk,Supplements > Sleep & Stress,True,NOT_LISTED,,
Sona Magnesium 500Mg (60 Pk),"Supplements > Muscle, Joint & Bone",True,NOT_LISTED,,
Sona Multiplus Junior Chewable Tabs (30 Pk),Children's Supplements,False,NOT_LISTED,,
Sona Multiplus Tabs (90 Pk),Supplements,True,NOT_LISTED,,
Sona Revital C Effervescent 1000Mg 20Pk,Supplements > Immune Support,True,NOT_LISTED,,
Sona S02a Beta Carotene Caps 60Pk,Supplements > Other Supplements,True,NOT_LISTED,,
Sona Thiamin 100Mg 60Pk,Supplements > Other Supplements,True,NOT_LISTED,,
Sona Thiamin 100Mg Tabs (120Pk),Supplements > Other Supplements,True,NOT_LISTED,,
Sona Zinc & Vitamin C Chewable Tab (30 Pk),Supplements > Immune Support,True,NOT_LISTED,,
Sona Zinc 25Mg 60Pk,Supplements > Sleep & Stress,True,NOT_LISTED,,
Sonisk Sonic Pulse Toothbrush (Black),Toiletries > Dental,True,NOT_LISTED,,
Sonisk Sonic Pulse Toothbrush (Rose Gold),Toiletries > Dental,True,NOT_LISTED,,
Sonisk Sonic Pulse Toothbrush (Silver),Toiletries > Dental,True,NOT_LISTED,,
Sorefix Rescue Cold Sore Cream,Pharmacy > Cold & Flu,True,NOT_LISTED,,
Sosu 6Pce Nude Premium Brush Collection Face Set,Gifts > New Year Sale,True,NOT_LISTED,,
Sosu False Nails Soft Sage,Beauty > Nails,True,NOT_LISTED,,
Sosu False Nails Sparkle Season,Brands > SOSU by Suzanne Jackson,True,NOT_LISTED,,
Spatone Apple Iron Supplement 25Ml 28Pk,Supplements > Other Supplements,True,NOT_LISTED,,
Spatone Iron Plus 14 Sachets,Supplements > Other Supplements,True,NOT_LISTED,,
Spatone Iron Plus Sachets 28Pk,Supplements > Other Supplements,True,NOT_LISTED,,
Spice Original Deodrant Spray 150Ml,Toiletries > Deodorant,True,NOT_LISTED,,
Spicebomb Mens 50Ml Edt Spr,Gifts > Men's Fragrance,True,NOT_LISTED,,
Spotlight Oral Care - Kit For Sensitive Teeth,Toiletries > Dental,True,NOT_LISTED,,
Spotlight Oral Care Fresh Breath Whitening Mouthwash,,True,NOT_LISTED,,
Spotlight Oral Care Graphite Grey Sonic Toothbrush,Toiletries > Dental,True,NOT_LISTED,,
Spotlight Oral Care Pregnancy Toothpaste,Toiletries > Dental,True,NOT_LISTED,,
Spotlight Oral Care Rose Gold Sonic Toothbrush,Toiletries > Dental,True,NOT_LISTED,,
Spotlight Sonic Brush Heads 3Pk,Toiletries > Dental,True,NOT_LISTED,,
Spotlight Sonic Toothbrush,Toiletries > Dental,True,NOT_LISTED,,
Spotlight Teeth White Pen 90G,Toiletries > Dental,True,NOT_LISTED,,
Spotlight Teeth White System,Toiletries > Dental,True,NOT_LISTED,,
Spotlight Teeth Whitening Mouthwash 500Ml,Toiletries > Dental,True,NOT_LISTED,,
Spotlight Toothpaste For Gum Health 100Ml,Toiletries > Dental,True,NOT_LISTED,,
Spotlight Toothpaste For Whitening Teeth,Toiletries > Dental,True,NOT_LISTED,,
Spotlight Ultra Whitening Professional Toothpaste,,True,NOT_LISTED,,
Sreeze Nasal Spray 10Ml,Pharmacy > Allergy Relief,True,NOT_LISTED,,
Sreeze Oral Strips 14Pk,Pharmacy > Sensitive Conditions,True,NOT_LISTED,,
Steradent Active Plus 30Pk,Toiletries > Dental,True,NOT_LISTED,,
Steradent Fresh Tabs 30Pk,Toiletries > Dental,True,NOT_LISTED,,
Steradent Pro Extr Strength Tablets 30P,Toiletries > Dental,True,NOT_LISTED,,
Sterimar Allergy 50Ml,Pharmacy > Allergy Relief,True,NOT_LISTED,,
Sterimar Allergy Response 20Ml,Pharmacy > Allergy Relief,True,NOT_LISTED,,
Sterimar Isotonic Allergies & Sinus 100Ml,Pharmacy > Allergy Relief,True,NOT_LISTED,,
Sula Sugar Free Sweets 42G Fruit Mix,,True,NOT_LISTED,,
Sula Sugar Free Sweets 42G Strawberry & Cream,,True,NOT_LISTED,,
Sultry Eye Duo,Gifts > Christmas Shop,True,NOT_LISTED,,
Sunset Fresh Trio,Gifts > Christmas Shop,True,NOT_LISTED,,
Sure For Women 250Ml 2Pk €5 Cotton Dry,Toiletries > Dental,True,NOT_LISTED,,
Surgical Spirits 200Ml Ovelle,Pharmacy > First Aid,True,NOT_LISTED,,
Svr Biotic C20 Regenerating Radiance Cream 50Ml,Skincare,True,NOT_LISTED,,
Svr Biotic Cera Regenerating Filling Balm 50Ml,Skincare,True,NOT_LISTED,,
Svr Biotic Collagen Bouncing Regenerating Cream 50Ml,Skincare,True,NOT_LISTED,,
Svr Biotic Pepti Smoothing Regenerating Matte Gel 50Ml,Skincare,True,NOT_LISTED,,
Svr Densitium Eye Contour Global Correction 15Ml,Skincare,True,NOT_LISTED,,
Svr Densitium Rich Cream Mature Skin Dry To Very Dry 50Ml,Skincare,True,NOT_LISTED,,
Svr Eye & Lip Filler Biotic 15Ml,Skincare,True,NOT_LISTED,,
Svr Hydraliane Creme Riche 50Ml,Skincare,True,NOT_LISTED,,
Svr Physiopure Eau Micellaire Refill 400Ml,Skincare,True,NOT_LISTED,,
Svr Sebiaclear Creme Hydra 40Ml -,Skincare,True,NOT_LISTED,,
Svr Sebiaclear Mat+Pores 40Ml,Skincare,True,NOT_LISTED,,
Svr Sebiaclear Serum 30Ml,Skincare,True,NOT_LISTED,,
Svr Sensifine Ar Anti Redness Creme 40Ml,Skincare,True,NOT_LISTED,,
Svr Sensifine Ar Creme Riche 40Ml,Skincare,True,NOT_LISTED,,
Svr Sensifine Ar Eau Micellaire 400Ml,Skincare,True,NOT_LISTED,,
Svr Sensifine Hydra-Creme 40Ml,Skincare,True,NOT_LISTED,,
Svr Spirial 48H Intense Anti-Perspirant Deodorant Roll-On 50Ml,Toiletries > Deodorant,True,NOT_LISTED,,
Svr Spirial Extreme- Intensive De-Perspirant Treatment 20Ml,Toiletries > Deodorant,True,NOT_LISTED,,
Svr Topialyse Palpebral Cream 15Ml,Skincare,True,NOT_LISTED,,
Swisss O.Par Brow Dye Brown,Christmas Shop,True,NOT_LISTED,,
Sylliflor Psyllium Husks Cocoa 2510G,Supplements > Probiotics & Gut,True,NOT_LISTED,,
Sylliflor Psyllium Husks Plain 250G,Supplements > Probiotics & Gut,True,NOT_LISTED,,
Symprove 4 Week Supply Original,Supplements > Probiotics & Gut,True,NOT_LISTED,,
Symprove 4 Week Supply Strawberry & Raspberry,Probiotics & Gut Health,False,NOT_LISTED,,
Symprove On The Go Original 7 X 70Ml,Supplements > Probiotics & Gut,True,NOT_LISTED,,
Symprove On The Go Strawberry & Raspberry 7 X 70Ml,Supplements > Probiotics & Gut,True,NOT_LISTED,,
Synergistic Magnesium 150Mg Plus Vit B6,Supplements > Sleep & Stress,True,NOT_LISTED,,
Tampax Bb Regular 20Pk,Toiletries > Feminine Care,True,NOT_LISTED,,
Tampax Bb Super 20Pk,Toiletries > Feminine Care,True,NOT_LISTED,,
Tampax Bb Superplus 20Pk,Toiletries > Feminine Care,True,NOT_LISTED,,
Tampax Compak Pearl Super Plus 18,Toiletries > Feminine Care,True,NOT_LISTED,,
Tampax Compak Super 18Pk,Toiletries > Feminine Care,True,NOT_LISTED,,
Tampax Compax Pearl Super 18,Toiletries > Feminine Care,True,NOT_LISTED,,
Tampax Pearl Regular 18Pk,Toiletries > Feminine Care,True,NOT_LISTED,,
Tampax Pearl Super 18Pk,Toiletries > Feminine Care,True,NOT_LISTED,,
Tears Naturale 15Ml Eye Drops,Pharmacy > Eye & Ear Care,True,NOT_LISTED,,
Tena Lady Discreet Med Pant 6Pk,Toiletries > Feminine Care,True,NOT_LISTED,,
Tena Lady Discreet Mini 20Pk,Toiletries > Feminine Care,True,NOT_LISTED,,
Tena Lady Duo Pack,Toiletries > Feminine Care,True,NOT_LISTED,,
Tena Lady Extra 10Pk,Toiletries > Feminine Care,True,NOT_LISTED,,
Tena Lady Extra Plus 8Pk,Toiletries > Feminine Care,True,NOT_LISTED,,
Tena Lady Maxi Night 6'S-5069,Toiletries > Feminine Care,True,NOT_LISTED,,
Tena Lady Pants Discreet Large 5Pk,Toiletries > Feminine Care,True,NOT_LISTED,,
Tena Lady Rmal,Toiletries > Feminine Care,True,NOT_LISTED,,
Tena Lady Rmal Discreeet 12Pk,Toiletries > Feminine Care,True,NOT_LISTED,,
Tena Men Extra Level Two 10Pk,Toiletries > Men's Grooming,True,NOT_LISTED,,
Tena Men Rmal Level One 12Pk,Toiletries > Men's Grooming,True,NOT_LISTED,,
Tena Pants Plus (Extra Large),Toiletries > Feminine Care,True,NOT_LISTED,,
Tepe Angle G4141 Orange 0.45Mm 6Pk,Toiletries > Dental,True,NOT_LISTED,,
Tepe Angle G4145 Green 0.8Mm 6Pk,Toiletries > Dental,True,NOT_LISTED,,
Tepe G4100 Yellow 0.7Mm 6Pk,Toiletries > Dental,True,NOT_LISTED,,
Tepe G4101 Blue 0.6Mm 6Pk,Toiletries > Dental,True,NOT_LISTED,,
Tepe G4102 Red 0.5Mm 6Pk,Toiletries > Dental,True,NOT_LISTED,,
Tepe G4103 Orange 0.45Mm 6Pk,Toiletries > Dental,True,NOT_LISTED,,
Tepe G4104 Pink 0.4Mm 6Pk,Toiletries > Dental,True,NOT_LISTED,,
Tepe G4105 Green 0.8Mm 6Pk,Toiletries > Dental,True,NOT_LISTED,,
Tepe G4107 Grey 1.3Mm 6Pk,Toiletries > Dental,True,NOT_LISTED,,
Tepe G4111 Mini Flossers 36Pk,Toiletries > Dental,True,NOT_LISTED,,
Tepe Green Size 5 6Pk,Toiletries > Dental,True,NOT_LISTED,,
Tepe Interdental Brush Fine 0.45Mm Oran 1,Toiletries > Dental,True,NOT_LISTED,,
Tepe Yellow Size 4 6 Pk,Toiletries > Dental,True,NOT_LISTED,,
The Belle Backcomb,Toiletries > Hair Care,True,NOT_LISTED,,
The Belle Bobbin - Original Style 3 Pk,Toiletries > Hair Care,True,NOT_LISTED,,
The Belle Bobbin - Skinny Style 3Pk,Toiletries > Hair Care,True,NOT_LISTED,,
The Belle Brush Baby Belle,Toiletries > Hair Care,True,NOT_LISTED,,
The Belle Brush Blowdry Medium,Toiletries > Hair Care,True,NOT_LISTED,,
The Belle Brush Blowdry Small,Toiletries > Hair Care,True,NOT_LISTED,,
The Belle Brush Original,Toiletries > Hair Care,True,NOT_LISTED,,
The Belle Brush Scalp Brush,Toiletries > Hair Care,True,NOT_LISTED,,
The Cheek Liquid Blush Cherub,Beauty,True,NOT_LISTED,,
The Cheek Liquid Blush Just Peachy,Beauty,True,NOT_LISTED,,
The Cheek Liquid Blush Rosie,Beauty,True,NOT_LISTED,,
The Gentleman's Emporium Golf Mug & Sock Set,Gifts > Christmas Shop,True,NOT_LISTED,,
The Great Defender 14Pk,Supplements,True,NOT_LISTED,,
The Great Defender 9G,Supplements,True,NOT_LISTED,,
The Handmade Soap Company 3 X Hand Cream Tube Giftset,Gifts > Gifts for the Home,True,NOT_LISTED,,
The Handmade Soap Company Because You're Amazing Giftset,Gifts > Gifts for the Home,True,NOT_LISTED,,
The Handmade Soap Company Bitter Orange & Pink Pepper Hand Cream 30Ml,Skincare > Hands & Feet,True,NOT_LISTED,,
The Handmade Soap Company Bitter Orange & Pink Pepper Hand Cream 50Ml,Skincare > Hands & Feet,True,NOT_LISTED,,
The Handmade Soap Company Bitter Orange & Pink Pepper Hand Lotion 250Ml,Skincare > Hands & Feet,True,NOT_LISTED,,
The Handmade Soap Company Bitter Orange & Pink Pepper Hand Wash & Hand Lotion Duo Set,Gifts > Gifts for the Home,True,NOT_LISTED,,
The Handmade Soap Company Bitter Orange & Pink Pepper Hand Wash 250Ml,Toiletries > Handsoap & Sanitiser,True,NOT_LISTED,,
The Handmade Soap Company Bitter Orange & Pink Pepper Pillow Mist 100Ml,Gifts > Homeware,True,NOT_LISTED,,
The Handmade Soap Company Bitter Orange & Pink Pepper Shower Gel 250Ml,Toiletries > Bath & Shower,True,NOT_LISTED,,
The Handmade Soap Company Bitter Orange & Pink Pepper Soap Bar 100G,Toiletries > Handsoap & Sanitiser,True,NOT_LISTED,,
The Handmade Soap Company Lemongrass & Cedarwood Body Lotion 250Ml,Skincare > Body Care,True,NOT_LISTED,,
The Handmade Soap Company Lemongrass & Cedarwood Hand Cream 30Ml,Skincare > Hands & Feet,True,NOT_LISTED,,
The Handmade Soap Company Lemongrass & Cedarwood Hand Cream 50Ml,Skincare > Hands & Feet,True,NOT_LISTED,,
The Handmade Soap Company Lemongrass & Cedarwood Hand Lotion 250Ml,Skincare > Hands & Feet,True,NOT_LISTED,,
The Handmade Soap Company Lemongrass & Cedarwood Hand Wash & Hand Lotion Duo,Gifts > Gifts for the Home,True,NOT_LISTED,,
The Handmade Soap Company Lemongrass & Cedarwood Hand Wash 250Ml,Toiletries > Handsoap & Sanitiser,True,NOT_LISTED,,
The Handmade Soap Company Lemongrass & Cedarwood Pillow Mist 100Ml,Gifts > Homeware,True,NOT_LISTED,,
The Handmade Soap Company Lemongrass & Cedarwood Shower Gel 250Ml,Toiletries > Bath & Shower,True,NOT_LISTED,,
The Handmade Soap Company Lemongrass & Cedarwood Soap Bar 100G,Toiletries > Handsoap & Sanitiser,True,NOT_LISTED,,
The Handmade Soap Company Sink Essentials 4 X Hand Wash Set,Gifts > Gifts for the Home,True,NOT_LISTED,,
The Handmade Soap Company Soap Gift Set Three Pack,Gifts > Gifts for the Home,True,NOT_LISTED,,
The Handmade Soap Company Travel Suitcase Gift Set,Gifts > Gifts for Her,True,NOT_LISTED,,
The Heritage Collection - Pure Hyaluronic Serum 15Ml,Gifts > Christmas Shop,True,NOT_LISTED,,
The Original Bug Band Co Insect Repellent Bracelet 12Pk,Travel Essentials,False,NOT_LISTED,,
Thea Blephaclean Eyelid Wipes 20Pk Blepharitis,Pharmacy > Eye & Ear Care,True,NOT_LISTED,,
Thealoz Duo Gel 0.4G 30Pk,Pharmacy > Eye & Ear Care,True,NOT_LISTED,,
Thermacare 2Pk Lower Back & Hip,Pharmacy > Pain Relief,True,NOT_LISTED,,
"Thermacare 3Pk Neck, Shoulder, Wrist",Pharmacy > Pain Relief,True,NOT_LISTED,,
Thermal Micellar Water Comb To Oily Skin 250Ml,Skincare > Cleanse,True,NOT_LISTED,,
Tidy Whiskers,Gifts > Christmas Shop,True,NOT_LISTED,,
Tipple Hangover Defence 2Pk,Vitamins & Supplements,False,NOT_LISTED,,
Tommee Tippee Essential Baby Nail Clippers 0M+ 1Pk,Baby > Soothers & Accessories,True,NOT_LISTED,,
Tommee Tippee Essential Baby Sissors 0M+ 1Pk,Baby > Soothers & Accessories,True,NOT_LISTED,,
Tommy Girl 50Ml Edt Spr,Gifts > Women's Fragrance,True,NOT_LISTED,,
Tommy Mens 100Ml Edt Spr,Gifts > Men's Fragrance,True,NOT_LISTED,,
Tos Daily Conditioner 200Ml,Toiletries > Hair Care,True,NOT_LISTED,,
Tos Daily Maint Shampoo 200Ml,Toiletries > Hair Care,True,NOT_LISTED,,
Tos Intensive Treatment Conditioner 150Ml,Toiletries > Hair Care,True,NOT_LISTED,,
Tos Twice Weekly 150Ml Shampoo Brightening,Toiletries > Hair Care,True,NOT_LISTED,,
Tramma Gel,Pharmacy > Pain Relief,True,NOT_LISTED,,
Travel Blue Comfort Bands,Toiletries > Travel,True,NOT_LISTED,,
Treat Yo Self Funky Fizz 100G Grab N Go Pouch,New,True,NOT_LISTED,,
Treat Yo Self Funky Fizz Mega 800G Pouch,New,True,NOT_LISTED,,
Treat Yo Self Zero Fizz 100G Grab N Go Pouch,New,True,NOT_LISTED,,
Treat Yo Self Zero Fizz Mega 800G Pouch,New,True,NOT_LISTED,,
Tresemme Lamellar Shine Shampoo 300Ml,Clearance > 3 for €10,True,NOT_LISTED,,
Trilogy Botanical Body Wash 500Ml,Skincare > Face,True,NOT_LISTED,,
Trilogy Cream Cleanser 200Ml,Skincare > Cleanse,True,NOT_LISTED,,
Trilogy Hydrating Mist Toner,Skincare,True,NOT_LISTED,,
Trilogy Pure Plant Body Oil 110Ml,Skincare,True,NOT_LISTED,,
Trilogy Rosapene Night Cream 60Ml,Skincare > Face,True,NOT_LISTED,,
Trilogy Rosehip Transformation Cleansing Oil,Cleanse,False,NOT_LISTED,,
Trilogy Vital Moisturising Cream 60Ml,Skincare > Face,True,NOT_LISTED,,
Tt Fun Style Soothers 18-36M,Baby > Soothers & Accessories,True,NOT_LISTED,,
Tubigrip Bandage 0.5M Natural F 1,Pharmacy > First Aid,True,NOT_LISTED,,
Tubigrip Size E,Pharmacy > First Aid,True,NOT_LISTED,,
Tubigrip Tubular Bandage Size G 12Cm X 0.5M,Pharmacy > First Aid,True,NOT_LISTED,,
Uddermint Cream 600ml,Vitamins & Supplements,True,NOT_LISTED,,
Udo's Choice Adult Blend Mb 30Pk,Supplements > Immune Support,True,NOT_LISTED,,
Udo's Choice Childrens Blend Microbiotics 60Pk,Supplements > Children's Supplements,True,NOT_LISTED,,
Udo's Infants Blend Microbiotic 75G,Supplements > Probiotics & Gut,True,NOT_LISTED,,
Udos Digestive Enzymes 60 Capsules,Supplements > Weight Management,True,NOT_LISTED,,
Udos Super 8 Probiotics 30 Caps,Supplements > Probiotics & Gut,True,NOT_LISTED,,
Ultrapure Hydrogen Peroxide 250Ml,Pharmacy > First Aid,True,NOT_LISTED,,
Ultrapure Hydrogen Peroxide130ml,Pharmacy > Medicated Skincare,True,NOT_LISTED,,
Ultrapure Liquid Paraffin 500Ml,,True,NOT_LISTED,,
Ultrapure Surgical Spirits 200Ml,,True,NOT_LISTED,,
Umbro Ice 2 Piece Gift Set,Gifts > Christmas Shop,True,NOT_LISTED,,
Umbro Ice Toiletry Bag Set For Him,Gifts > Christmas Shop,True,NOT_LISTED,,
Unicorn Magic Soap Sponge,Gifts > Christmas Shop,True,NOT_LISTED,,
Unisex Festival Essentials Bundle,,True,NOT_LISTED,,
Uriage 1St Bebe Cu-Zn Spray 100Ml,Baby > Bathing & Skincare,True,NOT_LISTED,,
Uriage 1St Change Nappy Cream 100Ml,Baby > Baby Wipes & Changing,True,NOT_LISTED,,
Uriage Age Absolute Redensifying Masque 50Ml,Uriage,True,NOT_LISTED,,
Uriage Age Absolute Redensifying Rosy Cream 50Ml,Uriage,True,NOT_LISTED,,
Uriage Age Lift Firming Smoothing Day Cream,Skincare > Face,True,NOT_LISTED,,
Uriage Age Lift Firming Smoothing Day Cream 40Ml,Skincare > Face,True,NOT_LISTED,,
Uriage Age Lift Intensive Firming Smoothing Serum,Skincare > Face,True,NOT_LISTED,,
Uriage Age Lift Protective Smoothing Day Cream Spf30 40Ml,Uriage,True,NOT_LISTED,,
Uriage Age Lift Revitalizing Night Smoothing Cream,Skincare > Face,True,NOT_LISTED,,
Uriage Age Lift Smoothing Eye Care,Skincare > Eye Care,True,NOT_LISTED,,
Uriage Baby 1St Moisturizing Milk,Baby > Bathing & Skincare,True,NOT_LISTED,,
Uriage Baby 1St Shampoo,Baby > Bathing & Skincare,True,NOT_LISTED,,
Uriage Bariederm Cica Cleansing Gel 200Ml,Skincare > Body Care,True,NOT_LISTED,,
Uriage Bariederm Cica Cream Spf50+ 40Ml,Skincare > Face,True,NOT_LISTED,,
Uriage Bariederm Cica Lips Repairing Balm 15Ml,Skincare > Body Care,True,NOT_LISTED,,
Uriage Bariederm Cica-Daily Gel 40Ml,Skincare > Face,True,NOT_LISTED,,
Uriage Bariederm Cica-Daily Serum 30Ml,Skincare > Face,True,NOT_LISTED,,
Uriage Bariederm Drying Repairing Cica Spray 100Ml,Skincare > Body Care,True,NOT_LISTED,,
Uriage Bariederm Handcream 50Ml,Skincare > Hands & Feet,True,NOT_LISTED,,
Uriage Bariederm Isnulating Repairing Cream 75Ml,Skincare > Body Care,True,NOT_LISTED,,
Uriage Bariederm Repairing Cica Cream 100Ml,Skincare > Body Care,True,NOT_LISTED,,
Uriage Bariederm Repairing Cica Cream 40Ml,Skincare > Body Care,True,NOT_LISTED,,
Uriage Bariederm Stick Fissures Crack 22G,Skincare > Hands & Feet,True,NOT_LISTED,,
Uriage Bariedm Fissures Ointment Treatment 40Ml,Skincare > Hands & Feet,True,NOT_LISTED,,
Uriage Bariesun After Sun Repair Balm,Skincare > Sun Care & SPF,True,NOT_LISTED,,
Uriage Bariesun Invisible Spray 50+,Skincare > Sun Care & SPF,True,NOT_LISTED,,
Uriage Bariesun Mineral Cream Spf 50+,Skincare > Sun Care & SPF,True,NOT_LISTED,,
Uriage Bariesun Moisrturizing Dry Mist,Skincare > Sun Care & SPF,True,NOT_LISTED,,
Uriage Bariesun Moisturizing Cream Spf 50+,Skincare > Sun Care & SPF,True,NOT_LISTED,,
Uriage Bariesun Refreshing Thermal Mist After Sun 150Ml,Skincare > Sun Care & SPF,True,NOT_LISTED,,
Uriage Bariesun Silky Lotion Spf 50+,Skincare > Sun Care & SPF,True,NOT_LISTED,,
Uriage Bariesun Suncare Spray 200Ml,Skincare > Sun Care & SPF,True,NOT_LISTED,,
Uriage Bariesun Water Resistant Sensitive Areas Stick,Skincare > Sun Care & SPF,True,NOT_LISTED,,
Uriage Bebe 1St Cleansing Cream 1Ltr,Baby > Bathing & Skincare,True,NOT_LISTED,,
Uriage Bebe 1St Cleansing Cream 200Ml,Baby > Bathing & Skincare,True,NOT_LISTED,,
Uriage Bebe 1St Cleansing Water 1Litre,Baby > Bathing & Skincare,True,NOT_LISTED,,
Uriage Bebe 1St Cleansing Water 500Ml,Baby > Bathing & Skincare,True,NOT_LISTED,,
Uriage Bebe 1St Cradle Cap Care Cream 40Ml,Baby > Bathing & Skincare,True,NOT_LISTED,,
Uriage Bebe 1St Peri-Oral 30Ml,Baby > Bathing & Skincare,True,NOT_LISTED,,
Uriage Cleansing Cream 200Ml,Skincare > Body Care,True,NOT_LISTED,,
Uriage Cleansing Cream 500Ml,Skincare > Body Care,True,NOT_LISTED,,
Uriage Cleansing Milk 250Ml,Skincare > Body Care,True,NOT_LISTED,,
Uriage Cleansing Soothing Oil 500Ml,Skincare > Body Care,True,NOT_LISTED,,
Uriage D.S. Regulating Anti Dandruff Lotion 100Ml,Skincare > Body Care,True,NOT_LISTED,,
Uriage D.S.Regulating Emulsion 40Ml,Skincare > Body Care,True,NOT_LISTED,,
Uriage D.S.Regulating Foaming Gel 150Ml,Skincare > Body Care,True,NOT_LISTED,,
Uriage Ds Hair Anti Dandruff Treatment Shampoo 200Ml,Toiletries > Hair Care,True,NOT_LISTED,,
Uriage Ds Hair Kerato Reducing Treatment Shampoo 150Ml,Toiletries > Hair Care,True,NOT_LISTED,,
Uriage Ds Hair Soft Balancing Shampoo 200Ml,Toiletries > Hair Care,True,NOT_LISTED,,
Uriage Ds Hair Soft Balancing Shampoo 500Ml,Toiletries > Hair Care,True,NOT_LISTED,,
Uriage Eau Micellaire Cleansing Water 250Ml,Skincare > Cleanse,True,NOT_LISTED,,
Uriage Eau Thermal D'uriage Water Mist 50Ml,Skincare > Face,True,NOT_LISTED,,
Uriage Eau Thermal Micellaire Water Sensitive 250Ml,Skincare > Cleanse,True,NOT_LISTED,,
Uriage Eau Thermal Water Mist 150Ml,Skincare > Cleanse,True,NOT_LISTED,,
Uriage Eau Thermale Body Balm 200Ml,Skincare > Body Care,True,NOT_LISTED,,
Uriage Eau Thermale Light Water Cream 40Ml,Skincare > Face,True,NOT_LISTED,,
Uriage Eau Thermale Light Water Cream Spf20 40Ml,Skincare > Face,True,NOT_LISTED,,
Uriage Eau Thermale Micellar Water 500Ml,Skincare,True,NOT_LISTED,,
Uriage Eau Thermale Rich Water Cream 40Ml,Skincare > Face,True,NOT_LISTED,,
Uriage Eau Thermale Silky Body Lotion 500Ml,Skincare > Body Care,True,NOT_LISTED,,
Uriage Eau Thermale Water Eye Contour Cream 15Ml,Skincare > Eye Care,True,NOT_LISTED,,
Uriage Eau Thermale Water Jelly,Skincare > Face,True,NOT_LISTED,,
Uriage Eau Thermale Water Serum 30Ml,Skincare > Face,True,NOT_LISTED,,
Uriage Eau Thermale Water Sleeping Mask 50Ml,Skincare > Masks & Peels,True,NOT_LISTED,,
Uriage Eau Thermale Water Spray 300Ml,Skincare,True,NOT_LISTED,,
Uriage Extra Rich Dermatological Gel 500Ml,,True,NOT_LISTED,,
Uriage Gentle Jelly Face Scrub 50Ml,Skincare > Body Care,True,NOT_LISTED,,
Uriage Glow Up Water Essence 100Ml,Skincare > Face,True,NOT_LISTED,,
Uriage Gyn Phy Refreshing Gel Intimate Hygeine 200Ml,Toiletries > Feminine Care,True,NOT_LISTED,,
Uriage H.A Booster Serum 30Ml,Skincare > Face,True,NOT_LISTED,,
Uriage Hyseac 3 Regul Global Skincare 40Ml,Skincare > Face,True,NOT_LISTED,,
Uriage Hyseac 3 Regul Global Tinted Skin Care Spf50+ 40Ml,Face,False,NOT_LISTED,,
Uriage Hyseac Cleansing Cream 150Ml,Skincare > Body Care,True,NOT_LISTED,,
Uriage Hyseac Cleansing Gel 150Ml,Skincare > Face,True,NOT_LISTED,,
Uriage Hyseac Exfoliating Masque 100Ml,Skincare > Masks & Peels,True,NOT_LISTED,,
Uriage Hyseac Fluid Spf50+ 50Ml,Skincare > Face,True,NOT_LISTED,,
Uriage Hyseac Mattifying Emulsion 40Ml,Skincare > Face,True,NOT_LISTED,,
Uriage Hyseac New Skin Serum 40Ml,Skincare > Face,True,NOT_LISTED,,
Uriage Hyseac Oily Skin Bundle,Skincare > Face,True,NOT_LISTED,,
Uriage Hyseac Pate Sos Spot Control Paste 15G,Skincare > Face,True,NOT_LISTED,,
Uriage Hyseac Purifying Peel Off Mask 50Ml,Skincare > Masks & Peels,True,NOT_LISTED,,
Uriage Hyseac Reconstructing Skincare 40Ml,Skincare > Face,True,NOT_LISTED,,
Uriage Keratosane 30- Gel Treatment For Callused Skin 75Ml,Skincare > Body Care,True,NOT_LISTED,,
Uriage Kératosane 30 Cream-Gel 40Ml,Skincare > Face,True,NOT_LISTED,,
Uriage Pruriced Soothing Creme 100Ml,Skincare > Body Care,True,NOT_LISTED,,
Uriage Pruriced Soothing Gel 100Ml,Skincare > Body Care,True,NOT_LISTED,,
Uriage Refreshing Make-Up Removing Jelly 150Ml,Skincare > Face,True,NOT_LISTED,,
Uriage Roseliane Anti Redness Cream 40Ml,Skincare > Face,True,NOT_LISTED,,
Uriage Roseliane Anti Redness Masque 40Ml,Skincare > Masks & Peels,True,NOT_LISTED,,
Uriage Roseliane Anti Redness Rich Cream 50Ml,Skincare > Face,True,NOT_LISTED,,
Uriage Roseliane Demo- Cleansing Fluid 250Ml,Skincare > Body Care,True,NOT_LISTED,,
Uriage Thermal Micellar Water Oil/Combination Skin 500Ml,Skincare > Face,True,NOT_LISTED,,
Uriage Tolederm Control Soothing Care 40Ml,Skincare > Face,True,NOT_LISTED,,
Uriage Water Cleansing Gel 200Ml,Skincare > Body Care,True,NOT_LISTED,,
Uriage Water Cream Compact Spf30 10G,Skincare > Sun Care & SPF,True,NOT_LISTED,,
Uriage Waterproof Eye Make-Up Remover 100Ml,Beauty > Eyes,True,NOT_LISTED,,
Uriage Xemose Anti Irritation Lipid Replenishing Cream 200Ml,Skincare > Body Care,True,NOT_LISTED,,
Uriage Xemose Anti Itch Soothing Oil Balm 200Ml,Skincare > Body Care,True,NOT_LISTED,,
Uriage Xemose Cleansing Soothing Oil 500Ml,Skincare > Body Care,True,NOT_LISTED,,
Uriage Xemose Face Cream 40Ml,Skincare > Face,True,NOT_LISTED,,
Uriage Xemose Gentle Cleansing Syndet 200Ml,Skincare > Face,True,NOT_LISTED,,
Uriage Xemose Lipid Replenishing Anti Irritation Cream 200Ml,Skincare > Body Care,True,NOT_LISTED,,
Uriage Xemose Lipid-Replenishing Anti-Irritation Cream 400Ml,Pharmacy > Medicated Skincare,True,NOT_LISTED,,
Uriage Xemose Moisturising Lipstick 4G,Skincare > Face,True,NOT_LISTED,,
Uriage Xemose Pso Soothing Concentrate 150Ml,Pharmacy > Medicated Skincare,True,NOT_LISTED,,
Uriage Xemose Soothing Cleansing Oil 500Ml,Skincare > Body Care,True,NOT_LISTED,,
Uriage Xemose Soothing Eye Contour Care 15Ml,Skincare > Eye Care,True,NOT_LISTED,,
Uriage Xemose Sos Anti Itch Mist,Skincare > Body Care,True,NOT_LISTED,,
Uriahe Hyseac Purifying Oil,Skincare > Face,True,NOT_LISTED,,
Valentines Day 8 Piece Pamper Box,Beauty,True,NOT_LISTED,,
Vamousse Head Lice Treatment Mousse,Pharmacy > Children's Medicine,True,NOT_LISTED,,
Vaseline Aloe Soothe Int Care,Skincare > Body Care,True,NOT_LISTED,,
Vaseline Cocoa Rad 400Ml,Skincare > Body Care,True,NOT_LISTED,,
Vaseline Hand & Nail Cream 200Ml,Skincare > Hands & Feet,True,NOT_LISTED,,
Vaseline Lip Therapy 20G Aloe Vera,Skincare > Body Care,True,NOT_LISTED,,
Vaseline Lip Therapy 20G Cocoa,Beauty > Lips,True,NOT_LISTED,,
Vaseline Lip Therapy 20G Orig,Beauty > Lips,True,NOT_LISTED,,
Vaseline Lip Therapy 20G Rosy,Beauty > Lips,True,NOT_LISTED,,
Vaseline Lotion 200Ml Cocoa,Skincare > Body Care,True,NOT_LISTED,,
Vaseline Pet Jelly 100Ml Tub,Baby > Baby Wipes & Changing,True,NOT_LISTED,,
Vaseline Pet Jelly 250Ml Tub,Baby > Baby Health,True,NOT_LISTED,,
Vaseline Pet Jelly 50Ml Tub,Baby > Baby Wipes & Changing,True,NOT_LISTED,,
Vaseline Spray & Go 190Ml Cocoa,Skincare > Body Care,True,NOT_LISTED,,
Veet Expert Wax Strips Sensitive Legs and Body 20pk,Toiletries,True,NOT_LISTED,,
Velvet Kiss Collection,Gifts > Christmas Shop,True,NOT_LISTED,,
Vera Wang Princess 100Ml Edt Spr,Gifts > Women's Fragrance,True,NOT_LISTED,,
Virasoothe Gel,Pharmacy > Children's Medicine,True,NOT_LISTED,,
Vit.E 400I.U.Mixed Soft Gels400i,Supplements > Other Supplements,True,NOT_LISTED,,
Vitabiotics Conception His & Hers (60 Pk),Supplements > Other Supplements,True,NOT_LISTED,,
Vitabiotics Feroglobin B12 Caps,Supplements > Probiotics & Gut,True,NOT_LISTED,,
Vitabiotics Feroglobin B12 Liquid 200Ml,Supplements > Women's Wellbeing,True,NOT_LISTED,,
Vitabiotics Jointace Chondroitin & Glucosamine 30Pk Orange,"Supplements > Muscle, Joint & Bone",True,NOT_LISTED,,
Vitabiotics Perfectil Original 30Pk,Supplements > Women's Wellbeing,True,NOT_LISTED,,
Vitabiotics Pregnacare Breastfeeding 84Pk,Baby > Maternity Care,True,NOT_LISTED,,
Vitabiotics Pregnacare Max 84Pk,Baby > Maternity Care,True,NOT_LISTED,,
Vitabiotics Pregnacare New Mum 56Pk,Supplements > Women's Wellbeing,True,NOT_LISTED,,
Vitabiotics Pregnacare Original 30Pk,Supplements > Women's Wellbeing,True,NOT_LISTED,,
Vitabiotics Pregnacare Plus Omega 3 56Pk,Supplements > Women's Wellbeing,True,NOT_LISTED,,
Vitabiotics Wellkid Chewable Tabs (30 Pk),Supplements > Children's Supplements,True,NOT_LISTED,,
Vitabiotics Wellkid Muti Vitamin Liquid 4-12 Years,Supplements,True,NOT_LISTED,,
Vitabiotics Wellkid Peppa Pig Multi Vits Vegan 3-7 Years,Supplements,True,NOT_LISTED,,
Vitabiotics Wellkid Peppa Pig Omega 3 Dha Vegan 3-7 Years,Supplements,True,NOT_LISTED,,
Vitabiotics Wellteen For Him 30Pk,Supplements > Men's Wellbeing,True,NOT_LISTED,,
Vitabiotics Wellteen Her 13-19 Years,Supplements,True,NOT_LISTED,,
Vitabiotics Wellteen Him Plus 13-19 Years,Supplements,True,NOT_LISTED,,
Vitabiotics Wellten Her Plus 13-19 Years,Supplements,True,NOT_LISTED,,
Vital Proteins Collagen Peptides 10 Satchets,Vitamins,True,NOT_LISTED,,
Vital Proteins Marine Collagen 10 Satchets,Vitamins,True,NOT_LISTED,,
Vivio Junior Multi Vit Tonic 250Ml,Children's Supplements,False,NOT_LISTED,,
Vivo Tummies 10Pk,Supplements > Children's Supplements,True,NOT_LISTED,,
Voduz All Rounder Thermal Brush V3,Toiletries > Hair Care,True,NOT_LISTED,,
Voduz All Rounder Thermal Brush V4,Toiletries > Hair Care,True,NOT_LISTED,,
Voduz Black Hair Straightener,Gifts > New Year Sale,True,NOT_LISTED,,
Voduz Blow Out Infrared Hair Dryer Black,Voduz,True,NOT_LISTED,,
Voduz Blow Out Pro Hairdryer,Toiletries > Hair Care,True,NOT_LISTED,,
Voduz Buff It Exfoliating Scalp Brush,Voduz hair care,True,NOT_LISTED,,
Voduz Calm It Re-Balancing Scalp Lotion 100Ml,Toiletries > Hair Care,True,NOT_LISTED,,
Voduz Care For It Illuminating Leave In Conditioning Spray,Toiletries > Hair Care,True,NOT_LISTED,,
Voduz Care For It Nourishing Leave In Conditioner Spray,Toiletries > Hair Care,True,NOT_LISTED,,
Voduz Care For It Re-Energising Scalp Spray 100Ml,Toiletries > Hair Care,True,NOT_LISTED,,
Voduz Care For It Repair Anti Snap Spray,Toiletries > Hair Care,True,NOT_LISTED,,
Voduz Cleanse It Illuminating Shampoo,Toiletries > Hair Care,True,NOT_LISTED,,
Voduz Cleanse It Nourishing Shampoo,Toiletries > Hair Care,True,NOT_LISTED,,
Voduz Cleanse It Re-Balancing Shampoo 300Ml,Toiletries > Hair Care,True,NOT_LISTED,,
Voduz Cleanse It Re-Energising Shampoo 300Ml,Toiletries > Hair Care,True,NOT_LISTED,,
Voduz Cleanse It Repair Shampoo,Toiletries > Hair Care,True,NOT_LISTED,,
Voduz Cleanse It Volumising Shampoo,Toiletries > Hair Care,True,NOT_LISTED,,
Voduz Clear It Exfoliating Scalp Scrub,Toiletries > Hair Care,True,NOT_LISTED,,
Voduz Complete It Illuminating Hair Treatment,Toiletries > Hair Care,True,NOT_LISTED,,
Voduz Complete It Nourishing Hair Treatment,Toiletries > Hair Care,True,NOT_LISTED,,
Voduz Complete It Repair Hair Treatment,Toiletries > Hair Care,True,NOT_LISTED,,
Voduz Condition It Volumising Conditioner 300Ml,Toiletries > Hair Care,True,NOT_LISTED,,
Voduz Conquer It Re-Energising Scalp Treatment 150Ml,Toiletries > Hair Care,True,NOT_LISTED,,
Voduz Defender Heat Protection Spray,Toiletries > Hair Care,True,NOT_LISTED,,
Voduz Hair Diffuser,Toiletries > Electrical,True,NOT_LISTED,,
Voduz Healthy Hair Bundle,Sale > Bundles,True,NOT_LISTED,,
Voduz Heat Protective Glove,Toiletries > Hair Care,True,NOT_LISTED,,
Voduz High Riser Volumising Root Spray,Toiletries > Hair Care,True,NOT_LISTED,,
Voduz Hold Tight Creaseless Clips,Voduz hair care,True,NOT_LISTED,,
Voduz Hold Tight Styling Clips,Voduz hair care,True,NOT_LISTED,,
Voduz Illuminating Conditioner 300Ml,Voduz hair care,True,NOT_LISTED,,
Voduz In-Vented 3D Flat Brush,Beauty > Brushes & Accessories,True,NOT_LISTED,,
Voduz Jet Set Go Aerosol Trio 3 X 75Ml,Pharmacy > Travel Essentials,True,NOT_LISTED,,
Voduz Knot Anymore Detangling Brush,Beauty > Brushes & Accessories,True,NOT_LISTED,,
Voduz Nourishing Conditioner,Toiletries > Hair Care,True,NOT_LISTED,,
Voduz On Point Tail Comb,Voduz hair care,True,NOT_LISTED,,
Voduz Prep Talk Dry Texture Spray,Toiletries > Hair Care,True,NOT_LISTED,,
Voduz Prep Talk Dry Texture Spray 75Ml,Toiletries > Hair Care,True,NOT_LISTED,,
Voduz Pure Silk Hair And Body Oil,Toiletries > Hair Care,True,NOT_LISTED,,
Voduz R'oil And Hairdryer Bundle,Sale,True,NOT_LISTED,,
Voduz R'oil Hydrating Hair Oil,Toiletries > Hair Care,True,NOT_LISTED,,
Voduz Root Reviver Black 75Ml,Toiletries > Hair Care,True,NOT_LISTED,,
Voduz Root Reviver Blonde 75Ml,Toiletries > Hair Care,True,NOT_LISTED,,
Voduz Root Reviver Brown 75Ml,Toiletries > Hair Care,True,NOT_LISTED,,
Voduz Root Reviver Dark Blonde 75Ml,Toiletries > Hair Care,True,NOT_LISTED,,
Voduz Root Reviver Dark Brown 75Ml,Toiletries > Hair Care,True,NOT_LISTED,,
"Voduz Set, Spray, Slay Styling Bundle",Brands > Voduz,True,NOT_LISTED,,
Voduz Slumber Satin Sleep Set,Toiletries > Hair Care,True,NOT_LISTED,,
Voduz Smooth & Sleek Bundle,Sale > Bundles,True,NOT_LISTED,,
Voduz Smooth Start Mini Travel Set,Pharmacy > Travel Essentials,True,NOT_LISTED,,
Voduz So Hooked Shower Comb,Toiletries > Hair Care,True,NOT_LISTED,,
Voduz Spectrum 3 In 1 Waver,Voduz hair care,True,NOT_LISTED,,
Voduz Spectrum 4In1 Curling Tong,Toiletries > Electrical,True,NOT_LISTED,,
Voduz Sun Scalp – Sun Cream For Scalp And Hairline,Toiletries > Hair Care,True,NOT_LISTED,,
Voduz Sun Soak After Sun Shampoo 90Ml,Toiletries > Hair Care,True,NOT_LISTED,,
Voduz Sun Soothe After Sun Leave In Fluid 90Ml,Skincare > Sun Care & SPF,True,NOT_LISTED,,
Voduz Trend Setter Extra Strong Hair Spray,Toiletries > Hair Care,True,NOT_LISTED,,
Voduz Trendsetter Extra Strong Hold Hairspray 75Ml,Toiletries > Hair Care,True,NOT_LISTED,,
Voduz Ultimate Shine Bundle,Sale > Bundles,True,NOT_LISTED,,
Voduz Unbreaka'bobble - Neutral,Toiletries > Hair Care,True,NOT_LISTED,,
Voduz Unbreaka'bobble - Pastel,Voduz hair care,True,NOT_LISTED,,
Voduz Velvet Crown 200Ml,Voduz hair care,True,NOT_LISTED,,
Warmies Long Hot Water Bottle Unicorn,Gifts > Christmas Shop,True,NOT_LISTED,,
Warmies Rolled Long Hot Water Bottle - Grey,Gifts > Christmas Shop,True,NOT_LISTED,,
Wartner Freeze Wart & Verruca 50Ml 2Nd Gen,Pharmacy > Foot & Nail Care,True,NOT_LISTED,,
Wartner Wart & Verruca Cryo Freeze Pen,Pharmacy,True,NOT_LISTED,,
Waterwipes 12Pk And Biomiracle Hand Wipes 20Pk X 12 Bundle,Sale > Bundles,True,NOT_LISTED,,
Waxperts Beautiful Body Oil,Pharmacy > Women's Health,True,NOT_LISTED,,
Waxperts Calm Down After Wax Ice Gel,Toiletries > Hair Removal,True,NOT_LISTED,,
Waxperts Wonder Pads,Toiletries > Hair Removal,True,NOT_LISTED,,
Wellman Original (30 Pk),Supplements > Men's Wellbeing,True,NOT_LISTED,,
Wild Aqua Case And Fresh Cotton & Sea Salt Deodorant Starter Pack,Toiletries > Deodorant,True,NOT_LISTED,,
Wild Black Case Fresh Cotton & Sea Salt Deodorant Starter Pack (Mens),Toiletries > Deodorant,True,NOT_LISTED,,
Wild Cherry Blossom Refill 40G,WILD,True,NOT_LISTED,,
Wild Cherry Blossom Refillable Natural Deodorant,WILD,True,NOT_LISTED,,
Wild Coconut Dreams Deodorant Refill 43G,Toiletries > Deodorant,True,NOT_LISTED,,
Wild Coconut Starter Pack With Refill Mix 1,Toiletries > Deodorant,True,NOT_LISTED,,
Wild Coconut Starter Pack With Refill Mix 2,Toiletries > Deodorant,True,NOT_LISTED,,
Wild Coconut Starter Pack With Refill Mix 3,Toiletries > Deodorant,True,NOT_LISTED,,
Wild Coconut Starter Pack With Refill Mix 4,Toiletries > Deodorant,True,NOT_LISTED,,
Wild Coconut Starter Pack With Refill Mix 5,Toiletries > Deodorant,True,NOT_LISTED,,
Wild Coconut Starter Pack With Refill Mix 6,Toiletries > Deodorant,True,NOT_LISTED,,
Wild Cotton Starter Pack With Refill Mix 1,Toiletries > Deodorant,True,NOT_LISTED,,
Wild Cotton Starter Pack With Refill Mix 2,Toiletries > Deodorant,True,NOT_LISTED,,
Wild Cotton Starter Pack With Refill Mix 3,Toiletries > Deodorant,True,NOT_LISTED,,
Wild Cotton Starter Pack With Refill Mix 4,Toiletries > Deodorant,True,NOT_LISTED,,
Wild Cotton Starter Pack With Refill Mix 5,Toiletries > Deodorant,True,NOT_LISTED,,
Wild Cotton Starter Pack With Refill Mix 6,Toiletries > Deodorant,True,NOT_LISTED,,
Wild Fresh Cotton & Sea Salt Deodorant Refill 43G,Toiletries > Deodorant,True,NOT_LISTED,,
Wild Fresh Cotton & Sea Salt Mens Refill,Toiletries > Deodorant,True,NOT_LISTED,,
Wild Green Case Mint & Aloe Vera Mens Starter Pack,Toiletries > Deodorant,True,NOT_LISTED,,
Wild Jasmine Starter Pack With Refill Mix 1,Toiletries > Deodorant,True,NOT_LISTED,,
Wild Jasmine Starter Pack With Refill Mix 2,Toiletries > Deodorant,True,NOT_LISTED,,
Wild Jasmine Starter Pack With Refill Mix 3,Toiletries > Deodorant,True,NOT_LISTED,,
Wild Jasmine Starter Pack With Refill Mix 4,Toiletries > Deodorant,True,NOT_LISTED,,
Wild Jasmine Starter Pack With Refill Mix 5,Toiletries > Deodorant,True,NOT_LISTED,,
Wild Jasmine Starter Pack With Refill Mix 6,Toiletries > Deodorant,True,NOT_LISTED,,
Wild Lemon Basil & Blood Orange Refillable Natural Deodorant,WILD,True,NOT_LISTED,,
Wild Mint & Aloe Vera Refill Mens,Toiletries > Deodorant,True,NOT_LISTED,,
Wild Pink Case And Jasmine & Mandarin Blossom Deodorant Starter Pack,Toiletries > Deodorant,True,NOT_LISTED,,
Wild Purple Case And Coconut Dreams Deodorant Starter Pack,Toiletries > Deodorant,True,NOT_LISTED,,
Wild Refill Mix,Toiletries > Deodorant,True,NOT_LISTED,,
Wilkinson Double Edge 5S,Toiletries > Men's Grooming,True,NOT_LISTED,,
Witch Hazel & Rosewater 125Ml,Skincare > Face,True,NOT_LISTED,,
Witch Hazel 500Ml Ultrapure,Skincare > Face,True,NOT_LISTED,,
Wrap Up Microfibre Hair Wrap,Toiletries > Hair Care,True,NOT_LISTED,,
Ws Double Edge Classsic Razor,Toiletries > Men's Grooming,True,NOT_LISTED,,
Xemose Creme Anti Irritation Cre,Skincare > Body Care,True,NOT_LISTED,,
Xmas Glow Lamp Forest Large Black,Gifts > Christmas Shop,True,NOT_LISTED,,
Xmas Glow Lamp Forest Large Gold,Gifts > Christmas Shop,True,NOT_LISTED,,
Xmas Glow Lamp Forest Large Red,Gifts > Christmas Shop,True,NOT_LISTED,,
Xpel Adult & Kids Tropical Formula Mosquito And Insect Repellent Pens,Pharmacy > Travel Essentials,True,NOT_LISTED,,
Xpel Mosquito & Insect Repellent Pump Spray,Toiletries > Travel,True,NOT_LISTED,,
Yankee Candle Ss24 And Sharpie Giftset,YANKEE CANDLE,True,NOT_LISTED,,
Yardley English Lavender Collection,Gifts > Christmas Shop,True,NOT_LISTED,,
Yardley English Rose Collection,Gifts > Christmas Shop,True,NOT_LISTED,,
Your Zooki - Vitamin C Mixed Berry Single Sachet,Supplements,True,NOT_LISTED,,
Your Zooki- Citrus Orange Vit C 30 Sachets,Supplements,True,NOT_LISTED,,
Your Zooki- Vitamin D Mixed Berry 20 Sachets,Supplements,True,NOT_LISTED,,
Ysl Black Opium Ladies 50Ml Edp Spr,Gifts > Gifts for Her,True,NOT_LISTED,,
Zarbees Immune Support 120Ml,Supplements > Immune Support,True,NOT_LISTED,,
Zarbees Multi Vitamin Liquid 120Ml,Supplements > Immune Support,True,NOT_LISTED,,
Zenflore Calm,Supplements > Probiotics & Gut,True,NOT_LISTED,,
Zenflore Capsules 30Pk,Supplements > Sleep & Stress,True,NOT_LISTED,,
Zooki - Collagen Citrus Lime 14 Sachets,Supplements,True,NOT_LISTED,,
Zooki - Collagen Grape 14 Sachets,Supplements,True,NOT_LISTED,,
Zooki Vitamin C Orange Single Sachet,Supplements,True,NOT_LISTED,,
