product_id,variant_id,handle,sku,barcode_before,barcode_after,change
15671254024523,57050810810699,dioralyte-diorahydrate-with-electrolytes-blackcurrant-20-effervescent-tablets,5000283662303,,5000283662303,copy barcode from SKU
15671254090059,57050810876235,bperfect-mrs-glam-snatch-stick-cool-moon-02-light-tan,5060938588952,,5060938588952,copy barcode from SKU
15671254122827,57050810909003,aveeno-body-wash,3574661490212,,3574661490212,copy barcode from SKU
15671254253899,57050811269451,boss-alive-ladies-30ml-2pc-gift-set,3616304197918,,3616304197918,copy barcode from SKU
15671254286667,57050811302219,l-oreal-paris-elvive-dream-lengths-conditioner-for-long-damaged-hair-300ml,3600523586912,,3600523586912,copy barcode from SKU
15671254417739,57050811433291,jenny-glow-billionaire-inspired-by-paco-rabanne-lady-million-15ml,6294015179484,,6294015179484,copy barcode from SKU
15671254450507,57050811466059,vera-wang-princess-100ml-edt-spr,688575179415,,688575179415,copy barcode from SKU
15671254516043,57050811531595,scuplted-lashlift-ultra-black,5391545124791,,5391545124791,copy barcode from SKU
15671254581579,57050811760971,uriage-eau-thermal-water-mist-150ml,3661434000515,,3661434000515,copy barcode from SKU
15671254679883,57050811859275,quest-super-once-a-day-multi-tabs-60,50764204,,50764204,copy barcode from SKU
15671254810955,57050812088651,kin-gingival-mouthwash-250ml,8436026210826,,8436026210826,copy barcode from SKU
15671254876491,57050812154187,got2b-glued-spiking-wax,5012583203797,,5012583203797,copy barcode from SKU
15671254909259,57050812186955,sculpted-cream-cushion-foundation-2w,5391548381504,,5391548381504,copy barcode from SKU
15671255073099,57050812318027,optrex-actimist-10ml-eye-spray-2n1-dry-irritated,5000158101241,,5000158101241,copy barcode from SKU
15671255204171,57050812449099,uriage-eau-micellaire-cleansing-water-250ml,3661434009389,,3661434009389,copy barcode from SKU
15671255236939,57050812481867,sensodyne-pronamel-tp-whitening-75ml,5000347034091,,5000347034091,copy barcode from SKU
15671255269707,57050812514635,batiste-dry-shampoo-tropical-200ml,5010724527511,,5010724527511,copy barcode from SKU
15671255400779,57050812973387,medicare-7-day-pillbox,5099390404777,,5099390404777,copy barcode from SKU
15671255433547,57050813006155,medicare-foam-toe-protector-large,5099390407846,,5099390407846,copy barcode from SKU
15671255630155,57050813202763,anbesol-liquid-10ml,96183465,,96183465,copy barcode from SKU
15671255662923,57050813235531,bperfect-mrs-glam-raspberry-zest-lip-oil,5061045652642,,5061045652642,copy barcode from SKU
15671255761227,57050813333835,spatone-apple-iron-supplement-25ml-28pk,5000488107623,,5000488107623,copy barcode from SKU
15671255793995,57050813366603,mam-easy-start-anti-colic-2-months-blue,9001616908255,,9001616908255,copy barcode from SKU
15671255826763,57050813399371,nicorette-freshmint-2mg-30pk,3574661145488,,3574661145488,copy barcode from SKU
15671255892299,57050813464907,vitabiotics-perfectil-original-30pk,5021265220038,,5021265220038,copy barcode from SKU
15671255925067,57050813497675,the-handmade-soap-company-bitter-orange-pink-pepper-pillow-mist-100ml,5391520236426,,5391520236426,copy barcode from SKU
15671255957835,57050813530443,medicare-instant-ice-spray-200ml,5099390418071,,5099390418071,copy barcode from SKU
15671256023371,57050813595979,first-response-preg-test-single,5010724506370,,5010724506370,copy barcode from SKU
15671256088907,57050813792587,optrex-soothing-eye-drops-for-itchy-eyes-10ml,50160181,,50160181,copy barcode from SKU
15671256121675,57050813825355,kyolic-garlic-1000mg-tabs-quest-30pk,5022339261018,,5022339261018,copy barcode from SKU
15671256219979,57050814218571,jenny-glow-3-piece-mens-set-midnight-blue,6295199808634,,6295199808634,copy barcode from SKU
15671256285515,57050814284107,the-handmade-soap-company-lemongrass-cedarwood-shower-gel-250ml,5391520236105,,5391520236105,copy barcode from SKU
15671256383819,57050814382411,the-belle-bobbin-skinny-style-3pk,5391532760353,,5391532760353,copy barcode from SKU
15671256482123,57050814480715,loreal-magic-root-touch-light-blonde-75ml,3600523388233,,3600523388233,copy barcode from SKU
15671256645963,57050814644555,centrum-advance-30pk,5000309008146,,5000309008146,copy barcode from SKU
15671256678731,57050814808395,the-great-defender-9g,5034033000527,,5034033000527,copy barcode from SKU
15671256908107,57050815398219,medicare-maternity-pads-10pk,5605622248653,,5605622248653,copy barcode from SKU
15671256940875,57050815430987,the-great-defender-14pk,5034033000534,,5034033000534,copy barcode from SKU
15671257071947,57050815562059,optibac-probiotics-one-week-flat-sachets-7s,5060086610086,,5060086610086,copy barcode from SKU
15671257104715,57050815594827,uriage-eau-thermale-water-jelly,3661434007835,,3661434007835,copy barcode from SKU
15671257301323,57050815791435,savlon-antiseptic-cream-60g,5099562923952,,5099562923952,copy barcode from SKU
15671257399627,57050815889739,bach-rr-drops-10ml,741273021001,,741273021001,copy barcode from SKU
15671257465163,57050815955275,ella-jo-3-in-1-hyaluronic-skin-mist-100ml,5392000150324,,5392000150324,copy barcode from SKU
15671257727307,57050816348491,voduz-cleanse-it-illuminating-shampoo,5060938583223,,5060938583223,copy barcode from SKU
15671257825611,57050816446795,dettol-antiseptic-liquid-750ml,50158225,,50158225,copy barcode from SKU
15671257858379,57050816479563,swisss-o-par-brow-dye-brown,7612567135618,,7612567135618,copy barcode from SKU
15671257956683,57050816577867,tos-twice-weekly-150ml-shampoo-brightening,5012008467506,,5012008467506,copy barcode from SKU
15671258120523,57050816840011,zarbees-immune-support-120ml,3574661730578,,3574661730578,copy barcode from SKU
15671258153291,57050816872779,skingredients-skin-protein-anti-ageing-retinoid-serum-45ml-primary,634240001659,,634240001659,copy barcode from SKU
15671258218827,57050816938315,juvar-com-plex-bond-leave-in-conditioner-120ml,0698596599192,,0698596599192,copy barcode from SKU
15671258317131,57050817167691,tampax-pearl-regular-18pk,8001090733795,,8001090733795,copy barcode from SKU
15671258448203,57050818085195,bioxtra-mouthrinse-250ml-dry-mouth,5425005120020,,5425005120020,copy barcode from SKU
15671258513739,57050818150731,citric-acid-100g,5391510470021,,5391510470021,copy barcode from SKU
15671258644811,57050818281803,bayliss-harding-wild-lavender-geranium-luxury-hand-wash-500ml,017854120020,,017854120020,copy barcode from SKU
15671258743115,57050818412875,nivea-black-white-invisible-deo-twin-pack,5011076802042,,5011076802042,copy barcode from SKU
15671258775883,57050818445643,bepanthen-nappy-ointment-100g,5010605292330,,5010605292330,copy barcode from SKU
15671258874187,57050818543947,pestle-mortar-essentials-hand-wash-300ml,855238006771,,855238006771,copy barcode from SKU
15671258906955,57050818576715,bperfect-the-cheek-liquid-blush-pretty-pink,5061007281347,,5061007281347,copy barcode from SKU
15671258939723,57050818609483,sensodyne-pronamel-tp-mint-75ml,5000347022999,,5000347022999,copy barcode from SKU
15671259103563,57050818773323,emergen-c-super-orange-8pk,5000309007620,,5000309007620,copy barcode from SKU
15671259234635,57050818904395,bperfect-indestructi-brow-charcoal,793618273675,,793618273675,copy barcode from SKU
15671259300171,57050818969931,uriage-waterproof-eye-make-up-remover-100ml,3661434003691,,3661434003691,copy barcode from SKU
15671259365707,57050819035467,jimmy-choo-i-want-choo-40ml-edp-spray,3386460119276,,3386460119276,copy barcode from SKU
15671259398475,57050819068235,burberry-for-men-30ml,5045252667453,,5045252667453,copy barcode from SKU
15671259464011,57050819133771,zooki-vitamin-c-orange-single-sachet,5060518930201,,5060518930201,copy barcode from SKU
15671259496779,57050819166539,eskimo-brainsharp-120-caps,7391325633336,,7391325633336,copy barcode from SKU
15671259627851,57050819395915,uriage-age-lift-firming-smoothing-day-cream,3661434009242,,3661434009242,copy barcode from SKU
15671259726155,57050819690827,regaine-men-foam-5-3pk,3574661023700,,3574661023700,copy barcode from SKU
15671259758923,57050819723595,bperfect-skin-studio-spf50-hydrosheer-skin-glaze-50ml,5061007284119,,5061007284119,copy barcode from SKU
15671259824459,57050819789131,dulcolax-supp-10mg-adult-12pk,5012917020489,,5012917020489,copy barcode from SKU
15671259857227,57050819821899,2-piece-mens-set-bad-guy,6294015192230,,6294015192230,copy barcode from SKU
15671259922763,57050819887435,mrs-glam-flawless-beauty,5060806560608,,5060806560608,copy barcode from SKU
15671259955531,57050819920203,lemsip-max-strength-hot-lemon-5pk,5000158064188,,5000158064188,copy barcode from SKU
15671260119371,57050820542795,elave-baby-caring-shampoo-400ml,5098928123814,,5098928123814,copy barcode from SKU
15671260184907,57050820608331,lice-dr-preventation-elastics-4-s,5060016143172,,5060016143172,copy barcode from SKU
15671260250443,57050820673867,solgar-vitamin-b-complex-with-vit-c-100-pk,033984002005,,033984002005,copy barcode from SKU
15671260283211,57050820706635,bperfect-annalivia-mini-empress-base-brush,5061045651423,,5061045651423,copy barcode from SKU
15671260381515,57050821034315,revive-active-original-30pk,5391517512175,,5391517512175,copy barcode from SKU
15671260610891,57050821263691,spotlight-teeth-whitening-mouthwash-500ml,5391531560107,,5391531560107,copy barcode from SKU
15671260676427,57050821558603,uriage-k-ratosane-30-cream-gel-40ml,3661434000829,,3661434000829,copy barcode from SKU
15671260807499,57050821722443,berocca-boost-15pk-eff,5010605952067,,5010605952067,copy barcode from SKU
15671260840267,57050821755211,chanel-no5-eau-de-parfum-100ml,3145891255300,,3145891255300,copy barcode from SKU
15671260938571,57050821853515,gillette-shaving-foam-200ml,3014260000318,,3014260000318,copy barcode from SKU
15671261036875,57050821951819,jenny-glow-she-inspired-by-armani-si-15ml,6294015179507,,6294015179507,copy barcode from SKU
15671261135179,57050822050123,bach-rr-spray-20ml,5000488201383,,5000488201383,copy barcode from SKU
15671261167947,57050822082891,paco-rabanne-1-million-mens-50ml-edt-spr,3349666007891,,3349666007891,copy barcode from SKU
15671261266251,57050822181195,uriage-bariesun-refreshing-thermal-mist-after-sun-150ml,3661434001475,,3661434001475,copy barcode from SKU
15671261364555,57050822508875,hero-mighty-patch-the-original,5010724000328,,5010724000328,copy barcode from SKU
15671261397323,57050822541643,2-piece-ladies-set-coding,6294015186420,,6294015186420,copy barcode from SKU
15671261462859,57050822607179,vaseline-hand-nail-cream-200ml,8712561485548,,8712561485548,copy barcode from SKU
15671261528395,57050822672715,night-nurse-caps-10pk-gsk,5000347071232,,5000347071232,copy barcode from SKU
15671261593931,57050822738251,the-handmade-soap-company-because-you-re-amazing-giftset,5391520237928,,5391520237928,copy barcode from SKU
15671261626699,57050822771019,abidec-multivitamin-syrup-omega-3-150ml,5012616264320,,5012616264320,copy barcode from SKU
15671261725003,57050822869323,otrivine-adult-nasal-spray-10ml,5012131645802,,5012131645802,copy barcode from SKU
15671261888843,57050823164235,chroma-liquid-concealer-w1,5060907054556,,5060907054556,copy barcode from SKU
15671261954379,57050823229771,medicare-size-d-1m-tubular-supp-bandage,5099390403114,,5099390403114,copy barcode from SKU
15671262282059,57050823885131,berocca-orange-30pk-eff,5391404000402,,5391404000402,copy barcode from SKU
15671262478667,57050824343883,colgate-tp-max-white-one-75ml,8714789625454,,8714789625454,copy barcode from SKU
15671262511435,57050824376651,voduz-hold-tight-creaseless-clips,5060806564224,,5060806564224,copy barcode from SKU
15671262609739,57050824474955,quest-synergisyic-selenium-tabs-30pk,50709717,,50709717,copy barcode from SKU
15671262675275,57050824540491,chroma-liquid-concealer-n3,5060907054587,,5060907054587,copy barcode from SKU
15671262740811,57050824606027,luna-by-lisa-repair-shampoo,5391532528328,,5391532528328,copy barcode from SKU
15671262773579,57050824638795,benylin-125ml-chesty-cough-n-d,5010123649852,,5010123649852,copy barcode from SKU
15671262806347,57050824671563,avogel-milk-thistle-tablets-60pk,7610313404056,,7610313404056,copy barcode from SKU
15671263199563,57050825130315,garnier-ultimate-blends-kids-2in1-shampoo-detangler,3612623262535,,3612623262535,copy barcode from SKU
15671263265099,57050825195851,floradix-tablets-84-pk,4004148350030,,4004148350030,copy barcode from SKU
15671263330635,57050825261387,full-marks-solution-200ml,5038483224441,,5038483224441,copy barcode from SKU
15671263396171,57050825326923,fabu-shrooms-gut-60pk,3743184122782,,3743184122782,copy barcode from SKU
15671263428939,57050825359691,symprove-on-the-go-original-7-x-70ml,5060221910378,,5060221910378,copy barcode from SKU
15671263494475,57050825425227,lynx-body-spray-150ml-africa,8717644012208,,8717644012208,copy barcode from SKU
15671263527243,57050825457995,revlon-uniq-one-hair-treatment-150ml,8432225129785,,8432225129785,copy barcode from SKU
15671263625547,57050825556299,buttercup-broncho-stop-cough-syrup-120ml,5012616262654,,5012616262654,copy barcode from SKU
15671263691083,57050825621835,luna-by-lisa-airbrush-3in1-primer-beige,5391532521893,,5391532521893,copy barcode from SKU
15671263756619,57050825687371,uriage-bariederm-cica-cream-spf50-40ml,3661434006548,,3661434006548,copy barcode from SKU
15671263822155,57050825883979,lacoste-touch-of-pink-ladies-90ml-edt-spr,0737052191324,,0737052191324,copy barcode from SKU
15671263887691,57050825949515,tropex-5-ear-drops-10ml,5390387006012,,5390387006012,copy barcode from SKU
15671263953227,57050826015051,sylliflor-psyllium-husks-plain-250g,5711315110104,,5711315110104,copy barcode from SKU
15671264018763,57050826080587,chroma-cover-matte-foundation-w5,5060907055904,,5060907055904,copy barcode from SKU
15671264182603,57050826604875,voduz-cleanse-it-repair-shampoo,5060907059186,,5060907059186,copy barcode from SKU
15671264248139,57050826768715,skingredients-sally-clenase-2-salicylic-acid-oil-control-cleanser-primary-100ml,634240001697,,634240001697,copy barcode from SKU
15671264280907,57050826801483,sona-folic-acid-400ug-90-pk,5390612004905,,5390612004905,copy barcode from SKU
15671264346443,57050826867019,nivea-feel-heavenly-set,5025970014494,,5025970014494,copy barcode from SKU
15671264543051,57050827194699,sculpted-bronze-base-30ml-pump-medium-dark,0793591321813,,0793591321813,copy barcode from SKU
15671264608587,57050827293003,sensi-kin-toothpaste-75ml-daily-hypersensitivity,8470002191709,,8470002191709,copy barcode from SKU
15671264936267,57050827915595,chroma-cover-matte-foundation-w8,5060907055959,,5060907055959,copy barcode from SKU
15671265198411,57050828407115,johnson-s-soft-energise-body-wash-400ml,3574661384580,,3574661384580,copy barcode from SKU
15671265395019,57050828603723,king-hair-beauty-the-jewel-brush-black,735850853499,,735850853499,copy barcode from SKU
15671265460555,57050828669259,neutrogena-t-gel-dry-hair-shampoo-125ml,3574660007015,,3574660007015,copy barcode from SKU
15671265526091,57050828734795,ilvico-tabs-20pk,5013837204072,,5013837204072,copy barcode from SKU
15671265886539,57050829357387,mm-giraffe-training-toothbrush,5060679072680,,5060679072680,copy barcode from SKU
15671265919307,57050829390155,gaviscon-peppermint-liquid-600ml,5000158065956,,5000158065956,copy barcode from SKU
15671265984843,57050829455691,pharmanord-q10-gold-60pk,5709976170209,,5709976170209,copy barcode from SKU
15671266017611,57050829488459,cronzer-cream-brozer-sand,5060907058806,,5060907058806,copy barcode from SKU
15671266148683,57050829717835,pestle-mortar-face-rescue-kit,855717008388,,855717008388,copy barcode from SKU
15671266214219,57050829783371,spotlight-ultra-whitening-professional-toothpaste,5391531563344,,5391531563344,copy barcode from SKU
15671266246987,57050829816139,voduz-all-rounder-thermal-brush-v4,793618107970,,793618107970,copy barcode from SKU
15671266574667,57050830176587,quies-foam-ear-plugs-3pk,3435171190071,,3435171190071,copy barcode from SKU
15671266705739,57050833158475,declar-age-control-multi-lift-serum-50ml,9007867007501,,9007867007501,copy barcode from SKU
15671266836811,57050838335819,dove-advanced-care-reviving-pomegranate-hibiscus-body-wash-225ml,8720181460111,,8720181460111,copy barcode from SKU
15671267098955,57050840957259,bperfect-mrs-glam-sunset-glow-showstopper-cream-highlight,5061045651027,,5061045651027,copy barcode from SKU
15671267295563,57050846921035,just-smells-good-no-messing-about-gift-set,8710522646854,,8710522646854,copy barcode from SKU
15671267361099,57050846986571,the-handmade-soap-company-lemongrass-cedarwood-hand-cream-30ml,5391520236167,,5391520236167,copy barcode from SKU
15671267492171,57050847117643,velvet-kiss-collection,5391545562036,,5391545562036,copy barcode from SKU
15671267524939,57050847150411,jimmy-choo-ladies-40ml-edt-spray,3386460025522,,3386460025522,copy barcode from SKU
15671267590475,57050847347019,fleaway-plus-x-large-dog,5099299224988,,5099299224988,copy barcode from SKU
15671267656011,57050847412555,king-hair-beauty-mircale-root-touch-up-medium-brown,0745178915922,,0745178915922,copy barcode from SKU
15671267721547,57050847543627,voduz-defender-heat-protection-spray,793591864518,,793591864518,copy barcode from SKU
15671267852619,57050847674699,lamisil-once-4g,5051562016706,,5051562016706,copy barcode from SKU
15671268049227,57050847871307,trilogy-cream-cleanser-200ml,9421017760090,,9421017760090,copy barcode from SKU
15671268147531,57050847969611,uriage-bariesun-moisrturizing-dry-mist,3661434006500,,3661434006500,copy barcode from SKU
15671268213067,57050848067915,durex-invisible-extra-thin-12pk,5011417569269,,5011417569269,copy barcode from SKU
15671268245835,57050848100683,melolin-n-adh-dressing-20cm-x-10cm,5000223417321,,5000223417321,copy barcode from SKU
15671268311371,57050848166219,cleanse-washbag,8720181655166,,8720181655166,copy barcode from SKU
15671268344139,57050848198987,pestle-and-mortar-hand-sanitiser-50ml,855238006658,,855238006658,copy barcode from SKU
15671268376907,57050848231755,vicks-inhaler-nasal-stick,5000174025637,,5000174025637,copy barcode from SKU
15671268475211,57050848330059,tears-naturale-15ml-eye-drops,5038487002793,,5038487002793,copy barcode from SKU
15671268507979,57050848362827,solgar-skin-hair-and-nail-60tab,033984017351,,033984017351,copy barcode from SKU
15671268606283,57050848461131,cydonia-lively-tigers-ointment-30ml,3870112000307,,3870112000307,copy barcode from SKU
15671268639051,57050848493899,cerumol-ear-drops,5099562923501,,5099562923501,copy barcode from SKU
15671268770123,57050848723275,voduz-condition-it-volumising-conditioner-300ml,5061007286755,,5061007286755,copy barcode from SKU
15671268901195,57050848854347,solaresse-the-pink-one-body-mist,5060991070944,,5060991070944,copy barcode from SKU
15671269065035,57050849247563,jenny-glow-olympia-inspired-by-paco-rabanne-olympea-30ml,6294015153422,,6294015153422,copy barcode from SKU
15671269097803,57050849280331,tena-lady-rmal-discreeet-12pk,7322541124261,,7322541124261,copy barcode from SKU
15671269196107,57050849378635,hugo-boss-reversed-75ml-edt-spr,3614225297687,,3614225297687,copy barcode from SKU
15671269327179,57050849640779,your-zooki-vitamin-d-mixed-berry-20-sachets,5060518930706,,5060518930706,copy barcode from SKU
15671269392715,57050849837387,boss-bottled-grey-mens-100ml-edt-spr,737052351100,,737052351100,copy barcode from SKU
15671269458251,57050849902923,ck-eternity-moments-ladies-100ml-edp-spr,088300139491,,088300139491,copy barcode from SKU
15671269556555,57050850099531,eucryl-powder-50g-smokers-freshmint,5011309895612,,5011309895612,copy barcode from SKU
15671269720395,57050850394443,declar-age-control-multi-lift-cream-50ml,9007867003282,,9007867003282,copy barcode from SKU
15671269785931,57050850459979,uriage-xemose-gentle-cleansing-syndet-200ml,3661434000171,,3661434000171,copy barcode from SKU
15671270048075,57050851082571,uriage-1st-bebe-cu-zn-spray-100ml,3661434008641,,3661434008641,copy barcode from SKU
15671270113611,57050851180875,jenny-glow-3-piece-mens-set-billionaire,6295199808610,,6295199808610,copy barcode from SKU
15671270179147,57050851246411,kin-baby-teething-gel,8436026216101,,8436026216101,copy barcode from SKU
15671270277451,57050851344715,quest-synergistic-zinc-tabs-30pk,50764273,,50764273,copy barcode from SKU
15671270408523,57050851475787,hismile-teeth-whitening-pap-toothpaste,93571142,,93571142,copy barcode from SKU
15671270441291,57050851508555,imodium-plus-tabs-12pk,5027097377339,,5027097377339,copy barcode from SKU
15671270572363,57050851869003,halls-original,50696925,,50696925,copy barcode from SKU
15671270605131,57050851901771,disprin-extra-strength-tablets-16pk,5000158063853,,5000158063853,copy barcode from SKU
15671270637899,57050851934539,bio-oil-dry-skin-gel-100ml,6001159120933,,6001159120933,copy barcode from SKU
15671270703435,57050852000075,rennie-peppermint-48pk,5010605295065,,5010605295065,copy barcode from SKU
15671271063883,57050852491595,svr-sebiaclear-mat-pores-40ml,3662361002726,,3662361002726,copy barcode from SKU
15671271096651,57050855506251,paco-rabanne-olympea-ladies-30ml-edp-spr,3349668528653,,3349668528653,copy barcode from SKU
15671271752011,57050865729867,solaresse-the-purple-one-body-mist,5060991071101,,5060991071101,copy barcode from SKU
15671271817547,57050868253003,anusol-hc-suppositories-12pk,5010724531105,,5010724531105,copy barcode from SKU
15671271850315,57050868285771,iglow-chilli-lips-lip-plumper-peach,7073186000105,,7073186000105,copy barcode from SKU
15671271883083,57050868318539,jenny-glow-posies-inspired-by-marc-jacobs-daisy-edp-15ml,6294015179538,,6294015179538,copy barcode from SKU
15671271948619,57050868384075,spotlight-toothpaste-for-whitening-teeth,5391531560374,,5391531560374,copy barcode from SKU
15671271981387,57050868416843,paralink-180mg-supp-10pk,5099172033072,,5099172033072,copy barcode from SKU
15671272014155,57050868449611,aveeno-300ml-dly-moist-pump,3574661285894,,3574661285894,copy barcode from SKU
15671272145227,57050868580683,sona-calcium-with-vit-d-tabs-90pk,5390612002703,,5390612002703,copy barcode from SKU
15671272243531,57050868678987,cleanse-off-mitt-pink,630941002001,,630941002001,copy barcode from SKU
15671272276299,57050868711755,perfect-prep-baby-machine,5010415237088,,5010415237088,copy barcode from SKU
15671272440139,57050869530955,medicare-waterproof-plasters-30pk,5099390413595,,5099390413595,copy barcode from SKU
15671272472907,57050871923019,rennie-peppermint-24pk,5010605295287,,5010605295287,copy barcode from SKU
15671272538443,57050871988555,sudocrem-tub-60g,50953349,,50953349,copy barcode from SKU
15671272571211,57050872021323,bperfect-mrs-glam-snatch-stick-golden-hour-04-warm-tan,5060938583728,,5060938583728,copy barcode from SKU
15671272866123,57050872611147,uriage-roseliane-anti-redness-cream-40ml,3661434003394,,3661434003394,copy barcode from SKU
15671273128267,57050875658571,medicare-zoo-fun-kids-plasters-30pk,5099390413922,,5099390413922,copy barcode from SKU
15671273619787,57050884211019,sculpted-complete-cover-up-4-5-medium-plus,794712143390,,794712143390,copy barcode from SKU
15671273652555,57050884243787,morepa-platinum-60-pk,8713975500100,,8713975500100,copy barcode from SKU
15671273685323,57050884309323,actifed-tabs-12pk,5010123667290,,5010123667290,copy barcode from SKU
15671273750859,57050884374859,solgar-cran-flora-vegtable-caps-60pk,033984314054,,033984314054,copy barcode from SKU
15671273783627,57050884407627,avogel-milk-thistle-complex-drops-50ml,7610313414062,,7610313414062,copy barcode from SKU
15671273849163,57050884473163,bperfect-annalivia-lip-library-satin-lipstick,5061045651386,,5061045651386,copy barcode from SKU
15671273980235,57050884866379,declar-eye-contour-bi-phase-sensitive-eye-make-up-remover-100ml,9007867003299,,9007867003299,copy barcode from SKU
15671274045771,57050884931915,dlux-3000-oral-spray-15ml,96032879,,96032879,copy barcode from SKU
15671274144075,57050885030219,yardley-english-rose-collection,5056179308022,,5056179308022,copy barcode from SKU
15671274209611,57050885095755,kit-kaboodle-hair-roller-velcro-sml-8pk,5391531140415,,5391531140415,copy barcode from SKU
15671274275147,57050885161291,sure-for-women-250ml-2pk-5-cotton-dry,8710908549588,,8710908549588,copy barcode from SKU
15671274307915,57050885194059,l-oreal-paris-casting-creme-gloss-semi-permanent-hair-dye-dark-chocolate-323,3600521366035,,3600521366035,copy barcode from SKU
15671274602827,57050885751115,medicare-lifesense-thermometer,5099390416206,,5099390416206,copy barcode from SKU
15671274635595,57050885783883,jenny-glow-2-piece-ladies-set-angelic,6294015186390,,6294015186390,copy barcode from SKU
15671274832203,57050885980491,uriage-bariederm-cica-daily-gel-40ml,3661434011924,,3661434011924,copy barcode from SKU
15671274996043,57050886275403,the-handmade-soap-company-3-x-hand-cream-tube-giftset,5391520236600,,5391520236600,copy barcode from SKU
15671275094347,57050886570315,sonisk-sonic-pulse-toothbrush-silver,5060679070730,,5060679070730,copy barcode from SKU
15671275225419,57050886734155,bbold-xtra-dark-mousse-175ml,5060298550514,,5060298550514,copy barcode from SKU
15671275356491,57050886865227,vamousse-head-lice-treatment-mousse,1358962180100,,1358962180100,copy barcode from SKU
15671275422027,57050887061835,luna-by-lisa-airbrush-3in1-primer-nude,5391532521886,,5391532521886,copy barcode from SKU
15671275520331,57050887127371,brolene-eye-drops-10ml,50982790,,50982790,copy barcode from SKU
15671275585867,57050887192907,sona-c500-chewable-vitamin-c-500mg-30pk,5390612008316,,5390612008316,copy barcode from SKU
15671275651403,57050887258443,uriage-age-absolute-redensifying-rosy-cream-50ml,3661434009181,,3661434009181,copy barcode from SKU
15671275684171,57050887291211,pestle-mortar-double-sided-face-cloth-3pk,855238006351,,855238006351,copy barcode from SKU
15671275913547,57050887651659,smith-nephew-jelonet-10cm-x-10cm-single,5099390406641,,5099390406641,copy barcode from SKU
15671275946315,57050887717195,audiclean-ear-cleansing-wash-115ml,3401060760045,,3401060760045,copy barcode from SKU
15671276011851,57050887749963,meditrans-2-5cmx5m-transparent-tape,5099390201109,,5099390201109,copy barcode from SKU
15671276044619,57050887782731,lens-plus-ocupure-saline-120ml,5050474103818,,5050474103818,copy barcode from SKU
15671276142923,57050888012107,jimmy-choo-ladies-40ml-edp-spray,3386460025492,,3386460025492,copy barcode from SKU
15671276175691,57050888044875,cleanmarine-krill-oil-capsules-60pk,5391500071337,,5391500071337,copy barcode from SKU
15671276241227,57050888110411,voduz-nourishing-conditioner,5060907052965,,5060907052965,copy barcode from SKU
15671276273995,57050888143179,beckham-classic-mens-60ml-edt-spr,3607346570906,,3607346570906,copy barcode from SKU
15671276306763,57050888175947,ogam-lemongrass-10ml,5390600001152,,5390600001152,copy barcode from SKU
15671276339531,57050888208715,panadol-actifast-20pk,5011080181997,,5011080181997,copy barcode from SKU
15671276372299,57050888241483,vaseline-cocoa-rad-400ml,8712561483162,,8712561483162,copy barcode from SKU
15671276405067,57050888274251,medicare-size-b-1m-tubular-supp-bandage,5099390403091,,5099390403091,copy barcode from SKU
15671276470603,57050888339787,sol-beauty-dry-body-oil-with-watermelon,5013692278072,,5013692278072,copy barcode from SKU
15671276568907,57050888438091,the-handmade-soap-company-bitter-orange-pink-pepper-hand-cream-50ml,5391520236396,,5391520236396,copy barcode from SKU
15671276634443,57050888503627,vitabiotics-wellkid-peppa-pig-multi-vits-vegan-3-7-years,5021265248384,,5021265248384,copy barcode from SKU
15671276699979,57050888569163,refresh-duo,8720181655067,,8720181655067,copy barcode from SKU
15671276831051,57050888962379,bperfect-ekin-su-radiant-glo-06-deep,5060938587351,,5060938587351,copy barcode from SKU
15671276929355,57050889060683,burnshield-hydrogel-50ml,6007645000123,,6007645000123,copy barcode from SKU
15671277125963,57050889388363,3-piece-ladies-set-olympia,6294015191240,,6294015191240,copy barcode from SKU
15671277191499,57050889453899,tena-men-extra-level-two-10pk,7322540016413,,7322540016413,copy barcode from SKU
15671277322571,57050889617739,optrex-refreshing-eye-drops-10ml,50007592,,50007592,copy barcode from SKU
15671277420875,57050889716043,vitabiotics-pregnacare-breastfeeding-84pk,5021265232062,,5021265232062,copy barcode from SKU
15671277453643,57050889748811,jenny-glow-3-piece-mens-set-savage,6295199808603,,6295199808603,copy barcode from SKU
15671277617483,57050890010955,mam-original-night-6-months,9001616203862,,9001616203862,copy barcode from SKU
15671277650251,57050890043723,curanail-5-nail-lacquer-2-5ml,5020465200581,,5020465200581,copy barcode from SKU
15671277683019,57050890076491,bperfect-skin-studio-reset-recharge-cleansing-balm-90g,5061007282474,,5061007282474,copy barcode from SKU
15671278403915,57050903118155,the-handmade-soap-company-bitter-orange-pink-pepper-hand-wash-hand-lotion-duo-set,5391520236624,,5391520236624,copy barcode from SKU
15671278567755,57050908328267,canesten-2-thrush-cream-20g,5010605950094,,5010605950094,copy barcode from SKU
15671279059275,57050917175627,optibac-pb-everyday-extra-caps-30pk,5060086610376,,5060086610376,copy barcode from SKU
15671279124811,57050917241163,tampax-bb-superplus-20pk,4015400363064,,4015400363064,copy barcode from SKU
15671279190347,57050917568843,easofen-child-3m-100ml-strawberry,5099562205355,,5099562205355,copy barcode from SKU
15671279255883,57050917634379,tepe-g4107-grey-1-3mm-6pk,7317400015484,,7317400015484,copy barcode from SKU
15671279288651,57050917667147,lacabine-pure-retinol-amp-2ml,8435534405816,,8435534405816,copy barcode from SKU
15671279321419,57050917863755,seven-seas-pure-cod-liver-oil-one-a-day-30pk,045879001307,,045879001307,copy barcode from SKU
15671279419723,57050918093131,iglow-chilli-lips-lip-plumper-cool-fuchsia,7073186000068,,7073186000068,copy barcode from SKU
15671279485259,57050918158667,feel-fully-sensitive-bumper-gift-pack,5025970017617,,5025970017617,copy barcode from SKU
15671279518027,57050918191435,africa-washbag,8720181652059,,8720181652059,copy barcode from SKU
15671280140619,57050927661387,full-impact-complete-coverage-concealer-shade-m3,5060907054808,,5060907054808,copy barcode from SKU
15671280206155,57050927759691,sosu-false-nails-sparkle-season,5391545371690,,5391545371690,copy barcode from SKU
15671280304459,57050927857995,simple-soap-pure-125g-2pk,5011451401068,,5011451401068,copy barcode from SKU
15671280337227,57050927890763,shape-stick-bronze-define-caramel,5060806561209,,5060806561209,copy barcode from SKU
15671280402763,57050927956299,mam-learn-to-drink-cup-6-months-pink,9001616698392,,9001616698392,copy barcode from SKU
15671280468299,57050928021835,medicare-sensitive-strip-1m-x-6cm,5099390100457,,5099390100457,copy barcode from SKU
15671280730443,57050928283979,sona-magnesium-500mg-60-pk,5390612006596,,5390612006596,copy barcode from SKU
15671280927051,57050933625163,xemose-creme-anti-irritation-cre,3661434005428,,3661434005428,copy barcode from SKU
15671281058123,57050938900811,jenny-glow-she-inspired-by-armani-si-30ml,6294015153453,,6294015153453,copy barcode from SKU
15671281090891,57050941063499,wrap-up-microfibre-hair-wrap,5060806560950,,5060806560950,copy barcode from SKU
15671281123659,57050941096267,magnesium-oil-joint-spray-100ml,5060148520315,,5060148520315,copy barcode from SKU
15671281221963,57050941325643,lemsip-original-hot-lemon-5pk,5000158064256,,5000158064256,copy barcode from SKU
15671281320267,57050941423947,actifed-syrup-100ml,5010123667344,,5010123667344,copy barcode from SKU
15671281353035,57050941456715,fleaway-plus-small-dog,5099299224971,,5099299224971,copy barcode from SKU
15671281484107,57050941849931,sculpted-by-aimee-sculpted-hydratint-3-0,0796548127025,,0796548127025,copy barcode from SKU
15671281549643,57050942177611,biabelle-hydrating-self-tan-ultra-dark,5391534620938,,5391534620938,copy barcode from SKU
15671281582411,57050942210379,voduz-heat-protective-glove,793618273217,,793618273217,copy barcode from SKU
15671281615179,57050942243147,telfast-allergy-120mg-tabs-30pk,5000283662235,,5000283662235,copy barcode from SKU
15671281647947,57050942275915,isoclean-makeup-brush-cleaner,9504139565184,,9504139565184,copy barcode from SKU
15671281680715,57050942308683,jenny-glow-2-piece-ladies-set-libert,6294015174564,,6294015174564,copy barcode from SKU
15671281713483,57050942341451,potted-gelousy-matte-gel-liner-black-out,5060806561643,,5060806561643,copy barcode from SKU
15671281746251,57050942374219,svr-biotic-collagen-bouncing-regenerating-cream-50ml,3662361002719,,3662361002719,copy barcode from SKU
15671281811787,57050942570827,gillette-2-disposable-razor,3014260287030,,3014260287030,copy barcode from SKU
15671281844555,57050942603595,vital-proteins-marine-collagen-10-satchets,8445290113436,,8445290113436,copy barcode from SKU
15671281877323,57050942636363,sensodyne-repair-protect-75ml-original-mint,5054563100832,,5054563100832,copy barcode from SKU
15671281910091,57050942669131,azio-beauty-rejuvenating-night-cream,5070000552620,,5070000552620,copy barcode from SKU
15671281975627,57050942734667,daktarin-2-cream-30g,5027097909950,,5027097909950,copy barcode from SKU
15671282041163,57050942800203,aroma-works-basil-lime-10ml,5060283074995,,5060283074995,copy barcode from SKU
15671282073931,57050942832971,jimmy-choo-illicit-ladies-100ml-edp-spray,3386460071727,,3386460071727,copy barcode from SKU
15671282139467,57050942996811,medicare-multipore-plasters-30pk,5099390100259,,5099390100259,copy barcode from SKU
15671282172235,57050943029579,brylcreem-orig-250ml-prot-enrich,5000231039546,,5000231039546,copy barcode from SKU
15671282205003,57050943062347,lacabine-flash-effect-amp-2ml,8435534405731,,8435534405731,copy barcode from SKU
15671282303307,57050943160651,castor-oil-100m,5391510474173,,5391510474173,copy barcode from SKU
15671282401611,57050943258955,2-piece-mens-set-adventure,6294015163704,,6294015163704,copy barcode from SKU
15671282434379,57050943291723,neilmed-sinus-rinse-original-refill-120pk,705928002005,,705928002005,copy barcode from SKU
15671282499915,57050943488331,2-piece-mens-set-stronger,6294015186703,,6294015186703,copy barcode from SKU
15671282532683,57050943521099,witch-hazel-rosewater-125ml,5099172230259,,5099172230259,copy barcode from SKU
15671282565451,57050943553867,uriage-eau-thermale-water-eye-contour-cream-15ml,3661434005015,,3661434005015,copy barcode from SKU
15671282663755,57050943947083,fleaway-plus-medium-dog,5099299224957,,5099299224957,copy barcode from SKU
15671282762059,57050944045387,indestructi-brow-pencil-brown,793591326771,,793591326771,copy barcode from SKU
15671282827595,57050944241995,hismile-everyday-smilecare-mango-sorbet-toothpaste,93568654,,93568654,copy barcode from SKU
15671282860363,57050944274763,solaresse-the-red-one-body-mist,5060991070968,,5060991070968,copy barcode from SKU
15671282991435,57050944569675,l-or-al-paris-elvive-bond-repair-conditioner-150ml,3600524074807,,3600524074807,copy barcode from SKU
15671283056971,57050944635211,sculpted-cream-cushion-foundation-3c,5391548381597,,5391548381597,copy barcode from SKU
15671283089739,57050944667979,l-oreal-paris-casting-creme-gloss-semi-permanent-hair-dye-darkest-brown-300,3600520987699,,3600520987699,copy barcode from SKU
15671283122507,57050944700747,ov-aqueous-cream-500g,5098928121575,,5098928121575,copy barcode from SKU
15671283155275,57050944733515,jenny-glow-peony-inspired-by-jo-malone-peony-blush-30ml,6294015110333,,6294015110333,copy barcode from SKU
15671283188043,57050944766283,glycerine-rosewater-ultrapure-125ml,5391510474210,,5391510474210,copy barcode from SKU
15671283220811,57050944799051,uriage-bebe-1st-cleansing-water-1litre,3661434008726,,3661434008726,copy barcode from SKU
15671283319115,57050945061195,sculpted-by-aimee-line-shine-duo-rose,0796548511091,,0796548511091,copy barcode from SKU
15671283351883,57050945093963,batiste-200ml-lgt-blonde-dry-shampoo,5010724527467,,5010724527467,copy barcode from SKU
15671283581259,57050945847627,solgar-vitamin-b6-vegetable-capsules-100mg,033984031104,,033984031104,copy barcode from SKU
15671283614027,57050945880395,cystopurin-cranb-3g-sachets-6pk,5010605190094,,5010605190094,copy barcode from SKU
15671283646795,57050945913163,seoulista-beauty-wonderberry-skin-defence-instant-facial,5060524850357,,5060524850357,copy barcode from SKU
15671283745099,57050946142539,voduz-so-hooked-shower-comb,5060907052460,,5060907052460,copy barcode from SKU
15671283777867,57050946175307,revive-active-zest-active-ages-20-35-30pk,793618039950,,793618039950,copy barcode from SKU
15671283810635,57050946208075,rocket-fuel-11g,5034033000442,,5034033000442,copy barcode from SKU
15671283876171,57050946273611,svr-sensifine-ar-anti-redness-creme-40ml,3401360167872,,3401360167872,copy barcode from SKU
15671283908939,57050946306379,compeed-cs-patch-15pk,3574660277364,,3574660277364,copy barcode from SKU
15671284007243,57050946404683,sculpted-beauty-base-oil-control,0754590360296,,0754590360296,copy barcode from SKU
15671284040011,57050946437451,eucerin-bath-shower-oil,4005808858729,,4005808858729,copy barcode from SKU
15671284105547,57050946765131,aveeno-200ml-daily-moisturising-after-shower-mist,3574661288826,,3574661288826,copy barcode from SKU
15671284138315,57050946797899,biomiracle-staysafe-hand-cleansing-towlettes-20pk,810004102118,,810004102118,copy barcode from SKU
15671284203851,57050946961739,uriage-bariederm-stick-fissures-crack-22g,3661434005442,,3661434005442,copy barcode from SKU
15671284269387,57050947027275,abercrombie-fitch-authentic-homme-50ml-edt-spr,085715166029,,085715166029,copy barcode from SKU
15671284302155,57050947060043,revive-active-calm-capsules-60pk,5391546180239,,5391546180239,copy barcode from SKU
15671284433227,57050947387723,compeed-toe-blister-pack,3574660127720,,3574660127720,copy barcode from SKU
15671284597067,57050947551563,elave-oil-free-moisturiser-50ml,5098928124613,,5098928124613,copy barcode from SKU
15671284629835,57050947584331,seven-seas-cod-live-oil-one-a-day-60pk,045879002304,,045879002304,copy barcode from SKU
15671284662603,57050947617099,sculpted-complete-cover-up-3-0-llight,794712143307,,794712143307,copy barcode from SKU
15671284728139,57050947682635,nexium-control-tabs-7pk,5391523250146,,5391523250146,copy barcode from SKU
15671284760907,57050947715403,kidsner-anti-allergic-spray,8719325830903,,8719325830903,copy barcode from SKU
15671284826443,57050947780939,the-handmade-soap-company-sink-essentials-4-x-hand-wash-set,5391520237324,,5391520237324,copy barcode from SKU
15671284891979,57050947846475,lacabine-anti-aging-amp-2ml,8435534405748,,8435534405748,copy barcode from SKU
15671284924747,57050947879243,deep-heat-patch-for-back-pain-2pk,5011501006731,,5011501006731,copy barcode from SKU
15671285023051,57050948436299,nurofen-child-suppositories-60mg-10pk,5000158067707,,5000158067707,copy barcode from SKU
15671285055819,57050948469067,diclac-1-relief-gel-50g,5390387020629,,5390387020629,copy barcode from SKU
15671285088587,57050948501835,nicorette-invisi-patch-15mg-7pk,3574661146454,,3574661146454,copy barcode from SKU
15671285154123,57050948567371,l-oreal-paris-casting-creme-gloss-semi-permanent-hair-dye-medium-brown-500,3600520987743,,3600520987743,copy barcode from SKU
15671285219659,57050948665675,canesten-1-cream-20g,5010605950032,,5010605950032,copy barcode from SKU
15671285285195,57050948829515,medicare-eye-patch-black-1pk,079573100134,,079573100134,copy barcode from SKU
15671285317963,57050948862283,benylin-4-flu-tabs-24pk,5010123702984,,5010123702984,copy barcode from SKU
15671285383499,57050948927819,calpol-6-sf-60ml-s-berry-susp,3574661150024,,3574661150024,copy barcode from SKU
15671285416267,57050948960587,astral-cream-200ml,5011784080701,,5011784080701,copy barcode from SKU
15671285449035,57050948993355,calpol-6-sf-140ml-s-berry-susp,3574661150048,,3574661150048,copy barcode from SKU
15671285481803,57050949026123,mam-night-soother-12mths-silicone,9001616709654,,9001616709654,copy barcode from SKU
15671285645643,57050949288267,canesten-pessary-500mg-1pk,5010605950186,,5010605950186,copy barcode from SKU
15671285940555,57050949583179,lacabine-collagen-boost-amp-2ml,8435534405830,,8435534405830,copy barcode from SKU
15671286169931,57050954334539,vaseline-spray-go-190ml-cocoa,8712561676106,,8712561676106,copy barcode from SKU
15671286628683,57050971177291,declar-hydro-balance-oceans-best-eye-cream-15ml,9007867116050,,9007867116050,copy barcode from SKU
15671286759755,57050974519627,jenny-glow-billionaire-inspired-by-paco-rabanne-lady-million-30ml,6294015136890,,6294015136890,copy barcode from SKU
15671286792523,57050974552395,nicorette-classic-4mg-210pk,3574661146782,,3574661146782,copy barcode from SKU
15671286825291,57050974585163,macushield-gold-30pk,5036631001524,,5036631001524,copy barcode from SKU
15671286956363,57050974814539,oraldene-liquid-200ml,5010123728250,,5010123728250,copy barcode from SKU
15671286989131,57050974847307,sculpted-by-aimee-sculpted-hydratint-6-0,0796548127117,,0796548127117,copy barcode from SKU
15671287054667,57050974912843,hylo-forte-lubricating-eye-drops-7-5ml,4031626710901,,4031626710901,copy barcode from SKU
15671287152971,57050975371595,l-oreal-paris-casting-creme-gloss-semi-permanent-hair-dye-dark-brown-400,3600520987712,,3600520987712,copy barcode from SKU
15671287251275,57050975469899,pestle-mortar-hydrate-moisturiser-50ml,855238006009,,855238006009,copy barcode from SKU
15671287284043,57050975502667,trilogy-rosapene-night-cream-60ml,9421017762056,,9421017762056,copy barcode from SKU
15671287349579,57050975568203,orthokin-toothpaste-strawberry-mint-flavour-75ml,8470001508249,,8470001508249,copy barcode from SKU
15671287710027,57050975928651,celti-can-jar-lime,5038871042985,,5038871042985,copy barcode from SKU
15671287906635,57050983629131,svr-sensifine-ar-creme-riche-40ml,3662361000081,,3662361000081,copy barcode from SKU
15671287972171,57050985660747,boss-bottled-grey-50ml-edt-spr,0737052351018,,0737052351018,copy barcode from SKU
15671288201547,57050993361227,2-piece-mens-set-billionaire,6294015163711,,6294015163711,copy barcode from SKU
15671288430923,57050997555531,sculpted-hydralip-peach,0754590489379,,0754590489379,copy barcode from SKU
15671288660299,57051004207435,garnier-ultimate-blends-nourishing-hair-food-banana-coconut-conditioner,3600542342896,,3600542342896,copy barcode from SKU
15671288725835,57051008958795,maternity-pads,5605622212616,,5605622212616,copy barcode from SKU
15671288922443,57051009810763,voduz-in-vented-3d-flat-brush,0793591683911,,0793591683911,copy barcode from SKU
15671289151819,57051018461515,dripping-gold-define-and-sculpt-face-and-body-brush,5391541763000,,5391541763000,copy barcode from SKU
15671289217355,57051018527051,ck-obsession-ladies-100ml-edp-spr,088300603404,,088300603404,copy barcode from SKU
15671289250123,57051018559819,phyto-phytocyane-anti-hair-loss-treatment-for-men,3701436910303,,3701436910303,copy barcode from SKU
15671289282891,57051018592587,2-piece-mens-set-ferocious,6294015163735,,6294015163735,copy barcode from SKU
15671289315659,57051018625355,uriahe-hyseac-purifying-oil,3661434008276,,3661434008276,copy barcode from SKU
15671289348427,57051018658123,vitabiotics-wellkid-peppa-pig-omega-3-dha-vegan-3-7-years,5021265250257,,5021265250257,copy barcode from SKU
15671289446731,57051019084107,diclac-1-relief-gel-30g,5390387020612,,5390387020612,copy barcode from SKU
15671289479499,57051019116875,ov-calamine-cream-100ml,5098928121667,,5098928121667,copy barcode from SKU
15671289708875,57051019346251,medicare-transparent-plasters-30pk-assorted,5099390405781,,5099390405781,copy barcode from SKU
15671290036555,57051033076043,sculpted-hydralip-rose,0754590489430,,0754590489430,copy barcode from SKU
15671290167627,57051037532491,mm-teddy-tiger-teething-soother-comforter,5060679073489,,5060679073489,copy barcode from SKU
15671290233163,57051037598027,bperfect-eye-duo-collection-gift-set,5061045654592,,5061045654592,copy barcode from SKU
15671290364235,57051038187851,bperfect-mini-empress-base-body-brush,5060938584664,,5060938584664,copy barcode from SKU
15671290495307,57051039105355,spatone-iron-plus-sachets-28pk,5000488105292,,5000488105292,copy barcode from SKU
15671290528075,57051040481611,juvar-com-plex-bond-oil-75ml,0698596599215,,0698596599215,copy barcode from SKU
15671290626379,57051040743755,salatac-gel-8g,5016379321009,,5016379321009,copy barcode from SKU
15671290790219,57051041136971,celtic-can-mini-box-gs-lime-basil,5038871040196,,5038871040196,copy barcode from SKU
15671290822987,57051041169739,lacoste-red-mens-125ml-edt-spr,737052074740,,737052074740,copy barcode from SKU
15671290888523,57051041235275,medicare-instant-ice-pack,5099390403176,,5099390403176,copy barcode from SKU
15671290954059,57051041300811,jenny-glow-san-tel-tri-tri-30ml-inspired-by-santal-33,6294015179880,,6294015179880,copy barcode from SKU
15671291019595,57051041366347,murine-ref-resh-clean-eye-drop,5060018880365,,5060018880365,copy barcode from SKU
15671291052363,57051041399115,nivea-aftersun-lotion-400ml,4005808483204,,4005808483204,copy barcode from SKU
15671291150667,57051041661259,biabelle-hydrating-self-tan-dark,5391534620921,,5391534620921,copy barcode from SKU
15671291216203,57051041726795,l-oreal-paris-elvive-dream-lengths-shampoo-for-long-damaged-hair-400ml,3600523586370,,3600523586370,copy barcode from SKU
15671291314507,57051041988939,tampax-bb-regular-20pk,4015400363033,,4015400363033,copy barcode from SKU
15671291380043,57051042054475,voduz-all-rounder-thermal-brush-v3,793618107987,,793618107987,copy barcode from SKU
15671291445579,57051042120011,pestle-mortar-renew-gel-cleanser-100ml,855238006344,,855238006344,copy barcode from SKU
15671291543883,57051042382155,water-wipes-baby-wipes,5099514400142,,5099514400142,copy barcode from SKU
15671291609419,57051042447691,chroma-liquid-concealer-w2,5060907054594,,5060907054594,copy barcode from SKU
15671291642187,57051042480459,solgar-garlic-oil-100-softgels,033984012202,,033984012202,copy barcode from SKU
15671291740491,57051042906443,the-belle-backcomb,5391532760056,,5391532760056,copy barcode from SKU
15671291773259,57051042939211,uriage-roseliane-anti-redness-rich-cream-50ml,3661434003400,,3661434003400,copy barcode from SKU
15671291904331,57051043037515,bio-kult-candea-60pk,5027314502599,,5027314502599,copy barcode from SKU
15671291937099,57051043070283,uriage-eau-thermale-water-spray-300ml,3661434000522,,3661434000522,copy barcode from SKU
15671292068171,57051043135819,medi-spray-plaster-32-5ml-can509,5099390403954,,5099390403954,copy barcode from SKU
15671292100939,57051043168587,full-impact-complere-coverage-concealer-shade-l4,5060907054761,,5060907054761,copy barcode from SKU
15671292133707,57051043201355,mrs-glam-glorious-skin-powder-foundation-golden-deep,5060806561803,,5060806561803,copy barcode from SKU
15671292166475,57051043234123,burberry-for-women-original-50ml-edp-spr,3614226905697,,3614226905697,copy barcode from SKU
15671292363083,57051043430731,alka-seltzer-20pk-lemon,5010605920295,,5010605920295,copy barcode from SKU
15671292592459,57051043823947,the-handmade-soap-company-travel-suitcase-gift-set,5391520238727,,5391520238727,copy barcode from SKU
15671293051211,57051044282699,jenny-glow-floral-explosion-inspired-by-victor-ralph-flower-bomb-15ml,6294015179453,,6294015179453,copy barcode from SKU
15671293280587,57051044512075,uriage-xemose-face-cream-40ml,3661434004865,,3661434004865,copy barcode from SKU
15671294460235,57051045855563,lanes-olbas-inhaler-nasal-stick-1pk,5000477324994,,5000477324994,copy barcode from SKU
15671294820683,57051046216011,tampax-bb-super-20pk,4015400363002,,4015400363002,copy barcode from SKU
15671295115595,57051046510923,voduz-blow-out-infrared-hair-dryer-black,0793591505480,,0793591505480,copy barcode from SKU
15671295639883,57051047199051,paco-rabanne-4pc-miniature-gift-set,3349668630813,,3349668630813,copy barcode from SKU
15671296328011,57051047919947,elvive-fibrology-conditioner-xxl-700ml,3600523650248,,3600523650248,copy barcode from SKU
15671296753995,57051049230667,sudafed-15ml-nasal-spray,5010123711986,,5010123711986,copy barcode from SKU
15671296852299,57051049328971,declar-oceans-best-hyaluron-triple-booster-50ml,9007867007655,,9007867007655,copy barcode from SKU
15671297114443,57051049591115,chanel-chance-eau-tendre-eau-de-toilette-50ml,3145891263107,,3145891263107,copy barcode from SKU
15671297212747,57051049689419,dulcolax-tabs-60pk,5000283659389,,5000283659389,copy barcode from SKU
15671297835339,57051050541387,the-handmade-soap-company-lemongrass-cedarwood-body-lotion-250ml,5391520236112,,5391520236112,copy barcode from SKU
15671297933643,57051050869067,kit-kaboodle-hair-elastics-black-thick-24pk,5391531140378,,5391531140378,copy barcode from SKU
15671297966411,57051050901835,ultrapure-surgical-spirits-200ml,5391510474074,,5391510474074,copy barcode from SKU
15671297999179,57051050934603,bperfect-annalivia-cronzer-cream-bronzer,5061045651362,,5061045651362,copy barcode from SKU
15671298031947,57051050967371,voduz-spectrum-4in1-curling-tong,793591864525,,793591864525,copy barcode from SKU
15671298097483,57051051032907,sculpted-bronze-base-30ml-pump-light-medium,0793591321806,,0793591321806,copy barcode from SKU
15671298163019,57051051098443,double-glazed-high-shine-gloss-pink-frosting,793618107109,,793618107109,copy barcode from SKU
15671298228555,57051051163979,canesten-1-cream-50g,5010605950063,,5010605950063,copy barcode from SKU
15671298261323,57051051196747,ck-men-50ml-edt-spr,031655644295,,031655644295,copy barcode from SKU
15671298294091,57051051229515,quest-kyolic-garlic-1000-60tabs,5022339262015,,5022339262015,copy barcode from SKU
15671298359627,57051051295051,tena-lady-discreet-med-pant-6pk,7322540679137,,7322540679137,copy barcode from SKU
15671298425163,57051051360587,scuplted-easybrow-deep-brown,5391545120588,,5391545120588,copy barcode from SKU
15671298457931,57051051393355,gillette-fusion-power-4pk-blades,7702018852475,,7702018852475,copy barcode from SKU
15671298490699,57051051426123,declar-hydro-balance-oceans-best-cream-50ml,9007867006153,,9007867006153,copy barcode from SKU
15671298621771,57051051819339,jenny-glow-peony-inspired-by-jo-malone-peony-blush-15ml,6294015179552,,6294015179552,copy barcode from SKU
15671298687307,57051051884875,scholl-fresh-step-deodrant-foot-spray-150ml,5052197017724,,5052197017724,copy barcode from SKU
15671298752843,57051051950411,rennie-deflatine-18pk-chew-tabs,5010605296017,,5010605296017,copy barcode from SKU
15671298883915,57051052081483,joop-jump-mens-30ml-edt-spr,3414202486413,,3414202486413,copy barcode from SKU
15671299014987,57051052540235,nicorette-freshmint-4mg-30pk,3574661145495,,3574661145495,copy barcode from SKU
15671299047755,57051052573003,kin-aloe-vera-mouthwash-500ml,8470001574114,,8470001574114,copy barcode from SKU
15671299113291,57051052638539,bperfect-annalivia-dream-duo-bronze-blush-face-palette,5061045651447,,5061045651447,copy barcode from SKU
15671299146059,57051052671307,uriage-ds-hair-soft-balancing-shampoo-200ml,3661434007408,,3661434007408,copy barcode from SKU
15671299178827,57051052704075,king-hair-beauty-the-jewel-brush-pink,745125757872,,745125757872,copy barcode from SKU
15671299211595,57051052736843,chummi-lip-mask-coconut-20g,855717008623,,855717008623,copy barcode from SKU
15671299244363,57051052769611,fabu-shrooms-meno-peri-60pk,3743184122768,,3743184122768,copy barcode from SKU
15671299277131,57051052802379,benylin-day-night-tabs-16pk,3574660439120,,3574660439120,copy barcode from SKU
15671299309899,57051052835147,panadol-baby-infant-susp-paracetamol-100ml,5011080162460,,5011080162460,copy barcode from SKU
15671299342667,57051052867915,pharmony-gripe-water-150ml,5099172011308,,5099172011308,copy barcode from SKU
15671299473739,57051052998987,l-oreal-paris-casting-creme-gloss-semi-permanent-hair-dye-light-brown-600,3600520987804,,3600520987804,copy barcode from SKU
15671299539275,57051053064523,dextro-energy-lemon-vit-c-47g,50184248,,50184248,copy barcode from SKU
15671299572043,57051053097291,luna-by-lisa-volume-conditioner,5391532528373,,5391532528373,copy barcode from SKU
15671299637579,57051053162827,compeed-blister-small-6pk,5708932006903,,5708932006903,copy barcode from SKU
15671299670347,57051053195595,uriage-eau-thermal-micellaire-water-sensitive-250ml,3661434009327,,3661434009327,copy barcode from SKU
15671299899723,57051053490507,c-and-h-mixed-fruit-drops,4013197767010,,4013197767010,copy barcode from SKU
15671299965259,57051053556043,bleu-de-chanel-edp-50ml,3145891073508,,3145891073508,copy barcode from SKU
15671300030795,57051053719883,johnsons-baby-cotton-balls-75-s,3574669907439,,3574669907439,copy barcode from SKU
15671300096331,57051053883723,aveeno-500ml-daily-moisturising-bodywash,3574661250984,,3574661250984,copy barcode from SKU
15671300194635,57051054080331,one-mutrition-s3-max-30ml-spray,5391500076967,,5391500076967,copy barcode from SKU
15671300260171,57051054145867,gillette-mach-3-razor-1pk,3014260251147,,3014260251147,copy barcode from SKU
15671300325707,57051054473547,revive-active-sleep-capsules-60pk,5391546180215,,5391546180215,copy barcode from SKU
15671300391243,57051054637387,aveeno-75ml-relief-hand-cream,3574661286167,,3574661286167,copy barcode from SKU
15671300424011,57051054670155,tampax-pearl-super-18pk,4015400269793,,4015400269793,copy barcode from SKU
15671300456779,57051054702923,chance-spray-deodorant-100ml,3145891269000,,3145891269000,copy barcode from SKU
15671300522315,57051054866763,svr-sebiaclear-creme-hydra-40ml,3662361003594,,3662361003594,copy barcode from SKU
15671300555083,57051054899531,menoelle-plus-tablets-30pk,5391132000156,,5391132000156,copy barcode from SKU
15671300587851,57051054932299,medicare-sterile-saline-solution-wound-eyewash-wash-spray,5099390416763,,5099390416763,copy barcode from SKU
15671300620619,57051054965067,jungle-fresh-duo,8720181651892,,8720181651892,copy barcode from SKU
15671300653387,57051054997835,bperfect-mrs-glam-sunset-glow-peach-melba-cream-blush,5061045650891,,5061045650891,copy barcode from SKU
15671300718923,57051055063371,sona-zinc-25mg-60pk,5390612001607,,5390612001607,copy barcode from SKU
15671300751691,57051055096139,declar-stress-balance-anti-irritation-serum-50ml,9007867007068,,9007867007068,copy barcode from SKU
15671300817227,57051055161675,sona-evening-primrose-oil-1000mg-caps-30pk,5390612000587,,5390612000587,copy barcode from SKU
15671300981067,57051055423819,gillette-mach-3-blades-8pk,7702018263783,,7702018263783,copy barcode from SKU
15671301013835,57051055456587,voduz-care-for-it-repair-anti-snap-spray,5060907059209,,5060907059209,copy barcode from SKU
15671301046603,57051055489355,optibac-immune-support-caps-30pk,5060086610093,,5060086610093,copy barcode from SKU
15671301308747,57051056144715,old-spice-original-deo-stick-50ml,5000174003451,,5000174003451,copy barcode from SKU
15671301341515,57051056177483,cerumol-olive-oil-ear-drops-10ml,5011309010114,,5011309010114,copy barcode from SKU
15671301407051,57051056243019,so-ibiza-dreams-body-mist-200ml,5018389015862,,5018389015862,copy barcode from SKU
15671301439819,57051056275787,physiologix-ultimate-shoulder-support-large-to-extra-large,5099390415537,,5099390415537,copy barcode from SKU
15671301669195,57051056767307,solgar-vitamin-d3-50tabs,033984033160,,033984033160,copy barcode from SKU
15671301701963,57051056800075,uriage-eau-thermal-d-uriage-water-mist-50ml,3661434000539,,3661434000539,copy barcode from SKU
15671301800267,57051056898379,easofen-ibuprofen-200mg-12pk,5099562205157,,5099562205157,copy barcode from SKU
15671301865803,57051056963915,revive-active-zest-active-berry-burst,5391546180031,,5391546180031,copy barcode from SKU
15671301898571,57051056996683,strepsils-strawberry-sugar-free-lozenge-16pk,5000167090345,,5000167090345,copy barcode from SKU
15671301996875,57051057094987,declar-stress-balance-couperose-solution-50ml,9007867007846,,9007867007846,copy barcode from SKU
15671302095179,57051057226059,medporex-surgical-adhesive-dress-6-x-7cm-50pk,5099390403541,,5099390403541,copy barcode from SKU
15671302160715,57051057291595,the-handmade-soap-company-lemongrass-cedarwood-hand-wash-hand-lotion-duo,5391520236655,,5391520236655,copy barcode from SKU
15671302259019,57051057520971,nurofen-express-400mg-maximum-strength-12p,5000158102941,,5000158102941,copy barcode from SKU
15671302291787,57051057553739,lemsip-max-cough-cold-sachets-5pk,5000158066540,,5000158066540,copy barcode from SKU
15671302357323,57051057586507,medicare-blister-plasters-assort-6pk,5099390410525,,5099390410525,copy barcode from SKU
15671302422859,57051058602315,broncho-stop-junior-cough-strawberry-120ml,5012616264290,,5012616264290,copy barcode from SKU
15671302455627,57051058635083,sinutab-n-d-tabs-15pk,5010123121945,,5010123121945,copy barcode from SKU
15671302521163,57051058700619,corsodyl-300ml-mouthwash-aniseed,5011080010600,,5011080010600,copy barcode from SKU
15671302586699,57051058733387,berocca-immuno-eff-30pk,5010605402388,,5010605402388,copy barcode from SKU
15671302619467,57051058929995,tramma-gel,3870112003780,,3870112003780,copy barcode from SKU
15671302717771,57051059028299,durex-thin-feel-3pk,5010232967649,,5010232967649,copy barcode from SKU
15671302783307,57051059093835,warmies-long-hot-water-bottle-unicorn,5060075686771,,5060075686771,copy barcode from SKU
15671302848843,57051059290443,sol-beauty-dry-body-oil-with-salted-caramel,5013692278089,,5013692278089,copy barcode from SKU
15671302881611,57051059323211,perfection-primer-golden-glow,5060806562275,,5060806562275,copy barcode from SKU
15671302947147,57051059388747,medicare-family-pack-fabric-50-assorted-plasters,5099390415957,,5099390415957,copy barcode from SKU
15671302979915,57051059421515,fishermans-friend-lozenges-25g-original,50357185,,50357185,copy barcode from SKU
15671303078219,57051059650891,bbold-instant-airbrush-medium-75ml,5060298553980,,5060298553980,copy barcode from SKU
15671303143755,57051059716427,ella-jo-melt-the-day-away-cleansing-balm,5392000189331,,5392000189331,copy barcode from SKU
15671303242059,57051059913035,floradix-liquid-iron-500ml,4004148047503,,4004148047503,copy barcode from SKU
15671303274827,57051059945803,dextro-energy-blackcurrant-vit-c-47g,50184262,,50184262,copy barcode from SKU
15671303307595,57051059978571,the-gentleman-s-emporium-golf-mug-sock-set,5051237093650,,5051237093650,copy barcode from SKU
15671303340363,57051060011339,lecithin-granules-500g,5029354000011,,5029354000011,copy barcode from SKU
15671303373131,57051060044107,mrs-glam-peachy-elixir-strobe-cream,793618273231,,793618273231,copy barcode from SKU
15671303504203,57051060175179,pestle-mortar-the-heroes-collection-double-cleanse,855238006665,,855238006665,copy barcode from SKU
15671303536971,57051060207947,pharmard-chromium-60pk,5709976061200,,5709976061200,copy barcode from SKU
15671303569739,57051060240715,lanes-kalms-night-28-tablets,5000477829239,,5000477829239,copy barcode from SKU
15671303602507,57051060273483,bperfect-eyeshadow-priming-base-perfect-prime,793591326757,,793591326757,copy barcode from SKU
15671303700811,57051060633931,indestructi-brow-pencil-ultra-dark-brown,5060806560592,,5060806560592,copy barcode from SKU
15671303831883,57051060765003,fusion-allergy-eye-spray-10ml,5391531760293,,5391531760293,copy barcode from SKU
15671303864651,57051060797771,niquitin-clear-step-2-14mg-patch-7pk,5011080105412,,5011080105412,copy barcode from SKU
15671303897419,57051060830539,solgar-boitin-5000ug-50caps,033984003132,,033984003132,copy barcode from SKU
15671303930187,57051060863307,cydonia-soothing-arnica-ultra-gel-100ml,3870112001151,,3870112001151,copy barcode from SKU
15671304061259,57051061125451,invictus-2-piece-100ml-giftset,3349668576890,,3349668576890,copy barcode from SKU
15671304094027,57051061158219,pestle-mortar-exfoliate-toner-180ml,855717008180,,855717008180,copy barcode from SKU
15671304192331,57051061485899,pestle-mortar-essentials-body-wash-500ml,856149007376,,856149007376,copy barcode from SKU
15671304257867,57051061551435,uriage-hyseac-pate-sos-spot-control-paste-15g,3661434010118,,3661434010118,copy barcode from SKU
15671304356171,57051061649739,eskimo-3-kids-chewable-dha-orange-flavour,7391325900117,,7391325900117,copy barcode from SKU
15671304388939,57051061682507,jimmy-choo-i-want-choo-forever-60ml-2pc-gift-set,3386406013415,,3386406013415,copy barcode from SKU
15671304421707,57051061715275,voduz-unbreaka-bobble-neutral,5060806563241,,5060806563241,copy barcode from SKU
15671304520011,57051061813579,voduz-pure-silk-hair-and-body-oil,5060938582066,,5060938582066,copy barcode from SKU
15671304552779,57051061846347,simple-kts-cleanser-200ml-micellar,8712561669825,,8712561669825,copy barcode from SKU
15671304585547,57051061879115,optibac-bifido-fibre,5060086610383,,5060086610383,copy barcode from SKU
15671304651083,57051061944651,nizoral-dandruff-shampoo-100ml,5099562743055,,5099562743055,copy barcode from SKU
15671304683851,57051061977419,sosu-false-nails-soft-sage,5391545371683,,5391545371683,copy barcode from SKU
15671304749387,57051062042955,bayliss-harding-jasmine-apple-blossom-luxury-hand-wash-500ml,017854064836,,017854064836,copy barcode from SKU
15671304782155,57051062075723,cali-coast-palm-paradise,5060298554550,,5060298554550,copy barcode from SKU
15671304880459,57051062272331,natures-aid-ginger-tumeric-3in1-60-tablets,5023652302068,,5023652302068,copy barcode from SKU
15671304913227,57051062305099,cotton-wool-500g,5098983000471,,5098983000471,copy barcode from SKU
15671305077067,57051062567243,svr-sebiaclear-serum-30ml,3662361000364,,3662361000364,copy barcode from SKU
15671305142603,57051062632779,beconase-hayfever-100-dose,5012616262128,,5012616262128,copy barcode from SKU
15671305306443,57051062796619,infinity-m0307-toe-nail-clipperpk,5391018024221,,5391018024221,copy barcode from SKU
15671305339211,57051062829387,easofen-max-400mg-ibuprofen-24pk,5099562205300,,5099562205300,copy barcode from SKU
15671305371979,57051062862155,medicare-pill-splitter,079573011157,,079573011157,copy barcode from SKU
15671305535819,57051063320907,phyto-anti-hair-loss-treatment-for-women-reactional-hair-loss-stress-diet-post-preg,3701436910143,,3701436910143,copy barcode from SKU
15671305699659,57051063484747,puressential-purifying-air-spray-75ml,3401351625466,,3401351625466,copy barcode from SKU
15671305732427,57051063517515,yankee-candle-ss24-and-sharpie-giftset,5038581160894,,5038581160894,copy barcode from SKU
15671305765195,57051063746891,fusion-allergy-cooling-mask,5391531760392,,5391531760392,copy barcode from SKU
15671305797963,57051063779659,kelkin-tea-tree-shampoo-250ml,5011032579964,,5011032579964,copy barcode from SKU
15671305830731,57051063812427,vicks-vaporub-100g-tub,8006540034910,,8006540034910,copy barcode from SKU
15671305863499,57051063845195,dove-advanced-care-deeply-nourishing-body-wash-225ml,8720181443367,,8720181443367,copy barcode from SKU
15671305896267,57051063877963,zirtek-plus-decongestant-6pk,5015313013673,,5015313013673,copy barcode from SKU
15671305929035,57051063910731,infinity-m0068-i-7-way-maxi-buffer,5022638000400,,5022638000400,copy barcode from SKU
15671305994571,57051063976267,gucci-guilty-ladies-50ml-edt-spr,737052777238,,737052777238,copy barcode from SKU
15671306092875,57051064861003,solgar-vitamin-d3-4000iu-60-vegetable-capsules,033984529076,,033984529076,copy barcode from SKU
15671306125643,57051064893771,pepcid-ac-tabs-12pk,5027097010090,,5027097010090,copy barcode from SKU
15671306191179,57051064959307,nurofen-cold-flu-24pk,5000158102163,,5000158102163,copy barcode from SKU
15671306289483,57051065155915,nexium-control-capsules-14pk,5391523250283,,5391523250283,copy barcode from SKU
15671306355019,57051065221451,deep-heat-spray-150ml,5011501001088,,5011501001088,copy barcode from SKU
15671306387787,57051065254219,sculpted-by-aimee-sculpted-hydratint-5-0,0796548127087,,0796548127087,copy barcode from SKU
15671306420555,57051065286987,scuplted-duocleanse-cleanse-exfoliate,5391545121042,,5391545121042,copy barcode from SKU
15671306453323,57051065319755,jenny-glow-coding-inspired-by-armani-code-50ml,6294015153613,,6294015153613,copy barcode from SKU
15671306486091,57051065352523,jenny-glow-just-kloe-inspired-by-chloe,6294015174595,,6294015174595,copy barcode from SKU
15671306584395,57051065549131,revive-active-collagen-complex-30pk,5391546180406,,5391546180406,copy barcode from SKU
15671306649931,57051065614667,melolin-n-adh-dressing-10cm-x-10cm,5000223417307,,5000223417307,copy barcode from SKU
15671306748235,57051065975115,physiologix-ultimate-shoulder-support-small-to-medium,5099390415544,,5099390415544,copy barcode from SKU
15671306846539,57051066138955,macushield-caps-30pk,5036631001494,,5036631001494,copy barcode from SKU
15671306879307,57051066171723,armolipid-food-supplement-30pk,5391521890481,,5391521890481,copy barcode from SKU
15671306912075,57051066204491,bperfect-mrs-glam-sunset-glow-rosemantic-cream-blush,5061045650914,,5061045650914,copy barcode from SKU
15671306944843,57051066237259,active-iron-pregnancy-capsules-30pk,793591058610,,793591058610,copy barcode from SKU
15671307010379,57051066466635,senset-cleans-foam-vernacare-300ml,800239060154,,800239060154,copy barcode from SKU
15671307043147,57051066499403,baby-vit-d3-dropper-10-7ml,5098983001379,,5098983001379,copy barcode from SKU
15671307075915,57051066532171,the-cheek-liquid-blush-just-peachy,5060907052606,,5060907052606,copy barcode from SKU
15671307108683,57051066564939,bioxtra-dry-mouth-oral-gel-40ml,5425005120037,,5425005120037,copy barcode from SKU
15671307141451,57051066597707,declar-soft-cleansing-cleansing-powder-90g,9007867005118,,9007867005118,copy barcode from SKU
15671307174219,57051066630475,skingredients-sally-clenase-2-salicylic-acid-oil-control-cleanser-refill-100ml,634240001703,,634240001703,copy barcode from SKU
15671307206987,57051066663243,uriage-pruriced-soothing-creme-100ml,3661434009686,,3661434009686,copy barcode from SKU
15671307272523,57051066728779,mm-zippy-zebra-tething-soother-comforter,5060679073496,,5060679073496,copy barcode from SKU
15671307305291,57051066761547,lansih-cream-40ml,5060062996104,,5060062996104,copy barcode from SKU
15671307338059,57051066794315,sona-thiamin-100mg-tabs-120pk,5390612004202,,5390612004202,copy barcode from SKU
15671307370827,57051066827083,nourish-duo,8720181653063,,8720181653063,copy barcode from SKU
15671307403595,57051066859851,nivea-body-rich-urishing-body-moisturiser-250ml,4005808246014,,4005808246014,copy barcode from SKU
15671307436363,57051066892619,e45-wash-250ml,5000167014716,,5000167014716,copy barcode from SKU
15671307501899,57051066958155,uriage-tolederm-control-soothing-care-40ml,3661434008504,,3661434008504,copy barcode from SKU
15671307534667,57051066990923,l-or-al-paris-elvive-bond-repair-leave-in-serum-150ml,3600524075583,,3600524075583,copy barcode from SKU
15671307567435,57051067023691,uriage-pruriced-soothing-gel-100ml,3661434009679,,3661434009679,copy barcode from SKU
15671307632971,57051067089227,the-handmade-soap-company-bitter-orange-pink-pepper-soap-bar-100g,5391520236310,,5391520236310,copy barcode from SKU
15671307665739,57051067121995,medi-sport-zinc-oxidetape-1-5x14,5099390409154,,5099390409154,copy barcode from SKU
15671307698507,57051067154763,gaviscon-aniseed-liquid-300ml,5000158065925,,5000158065925,copy barcode from SKU
15671307731275,57051067187531,chanel-no5-eau-de-parfum-35ml,3145891252309,,3145891252309,copy barcode from SKU
15671307862347,57051067318603,carbosan-gel,5390387416019,,5390387416019,copy barcode from SKU
15671307895115,57051067351371,viagra-connect-50mg-tablets-8-pack,1210001168503,,1210001168503,copy barcode from SKU
15671307960651,57051067384139,buttercup-broncho-stop-cough-syrup-290ml,5012616264597,,5012616264597,copy barcode from SKU
15671308026187,57051067449675,luna-by-lisa-blusher-sassy,5391532521695,,5391532521695,copy barcode from SKU
15671308058955,57051067482443,lice-dr-defence-spray-125ml,5391018048647,,5391018048647,copy barcode from SKU
15671308091723,57051067515211,voduz-hair-diffuser,793618107796,,793618107796,copy barcode from SKU
15671308157259,57051067580747,micropore-50mmx5m,5037015010989,,5037015010989,copy barcode from SKU
15671308222795,57051067646283,ov-silcocks-base-250ml-tube,5098928124637,,5098928124637,copy barcode from SKU
15671308255563,57051067679051,lansih-ultra-thin-nursing-pads-24pk,5060062991420,,5060062991420,copy barcode from SKU
15671308321099,57051067875659,declar-age-control-night-revitalizer-50ml,9007867005910,,9007867005910,copy barcode from SKU
15671308353867,57051067908427,nytol-50mg-diphenhydramine-20pk-perrigo,5012616264887,,5012616264887,copy barcode from SKU
15671308419403,57051068105035,complan-original-425g-pk,4008976682004,,4008976682004,copy barcode from SKU
15671308484939,57051068170571,sculpted-duocleanse-cleanse-clarify,5391545120984,,5391545120984,copy barcode from SKU
15671308583243,57051068563787,solgar-vitamin-d3-1000mcg-softgels-100-pk,033984033405,,033984033405,copy barcode from SKU
15671308648779,57051068793163,optrex-10ml-eye-drops-clear-eyes,50350216,,50350216,copy barcode from SKU
15671308681547,57051068825931,compeed-blister-mix-5pk,3574660651751,,3574660651751,copy barcode from SKU
15671308747083,57051068891467,cydonia-horse-balm-100ml,3870112001168,,3870112001168,copy barcode from SKU
15671308779851,57051068924235,viralief-cs-cream-2g,5099562922054,,5099562922054,copy barcode from SKU
15671308845387,57051068989771,medicare-tough-cut-shears,5099390800005,,5099390800005,copy barcode from SKU
15671308976459,57051069153611,burts-bees-hemp-chanvre-lip-balm,792850908499,,792850908499,copy barcode from SKU
15671309009227,57051069186379,solgar-dandelion-520mg-caps-100s,033984038455,,033984038455,copy barcode from SKU
15671309041995,57051069219147,garnier-olia-5-0-brown-no-ammonia-permanent-hair-dye,3600541233621,,3600541233621,copy barcode from SKU
15671309107531,57051069284683,jenny-glow-the-shoe-inspired-by-carolina-herrera-good-girl-15ml,6294015179521,,6294015179521,copy barcode from SKU
15671309140299,57051069317451,poxclin-coolmousse-100ml,8718053573250,,8718053573250,copy barcode from SKU
15671309173067,57051071643979,solgar-omega-3-6-9-sgel-60pack,033984020276,,033984020276,copy barcode from SKU
15671309271371,57051071742283,skingredients-skin-veg-hylauronic-acid-hydrating-serum-45ml-refill,634240001642,,634240001642,copy barcode from SKU
15671309304139,57051071775051,motilium-tabs-10pk,3574661316994,,3574661316994,copy barcode from SKU
15671309336907,57051071807819,ultra-pure-citric-acid-50g,5391510473145,,5391510473145,copy barcode from SKU
15671309369675,57051071840587,chroma-cover-luminous-foundation-w6,5060907056291,,5060907056291,copy barcode from SKU
15671309402443,57051071873355,ogam-tea-tree-10ml,5390600001268,,5390600001268,copy barcode from SKU
15671309467979,57051072725323,sona-d1000-iu-tabs-30pk,5390612002710,,5390612002710,copy barcode from SKU
15671309500747,57051072758091,waxperts-calm-down-after-wax-ice-gel,5391530360272,,5391530360272,copy barcode from SKU
15671309533515,57051072790859,uriage-hyseac-cleansing-gel-150ml,3661434009983,,3661434009983,copy barcode from SKU
15671309631819,57051072889163,potted-gelousy-matte-gel-liner-mute,5060806561681,,5060806561681,copy barcode from SKU
15671309664587,57051072921931,uriage-cleansing-cream-500ml,3661434008788,,3661434008788,copy barcode from SKU
15671309697355,57051072954699,medicare-fabric-strip-1m-x-6m,5099390100402,,5099390100402,copy barcode from SKU
15671309730123,57051072987467,fabu-skin-glow-60pk,3743184122775,,3743184122775,copy barcode from SKU
15671309762891,57051073020235,sculpted-by-aimee-brighten-up-energising-eye-cream-10ml,5391545129253,,5391545129253,copy barcode from SKU
15671309795659,57051073053003,purified-water-5l,5391510473015,,5391510473015,copy barcode from SKU
15671309861195,57051073282379,uriage-bebe-1st-peri-oral-30ml,3661434008634,,3661434008634,copy barcode from SKU
15671309893963,57051073315147,homme-allure-sport-spray-edt-50ml,3145891236200,,3145891236200,copy barcode from SKU
15671309992267,57051073413451,jakemans-41g-stick-honey-lemon,5030104004944,,5030104004944,copy barcode from SKU
15671310057803,57051073478987,uriage-xemose-moisturising-lipstick-4g,3661434004452,,3661434004452,copy barcode from SKU
15671310156107,57051073806667,phyto-anti-hair-loss-treatment-for-women-progressive-hair-loss-ageing-menopause-heredity,3701436910174,,3701436910174,copy barcode from SKU
15671310254411,57051074265419,dove-advanced-care-nourishing-silk-body-wash-225ml,8720181457388,,8720181457388,copy barcode from SKU
15671310319947,57051074429259,microlax-5ml-tube-4pk,3574661203409,,3574661203409,copy barcode from SKU
15671310352715,57051074462027,nivea-men-shave-foam-200ml-sensitive,4005808222698,,4005808222698,copy barcode from SKU
15671310385483,57051074494795,durex-pleasure-me-12pk,5052197045390,,5052197045390,copy barcode from SKU
15671310418251,57051074527563,luna-by-lisa-hydrate-masque,5391532528403,,5391532528403,copy barcode from SKU
15671310483787,57051074593099,anthisan-cream-25g,5013011003545,,5013011003545,copy barcode from SKU
15671310516555,57051074625867,aveeno-200ml-skin-relief-shea,3574660325492,,3574660325492,copy barcode from SKU
15671310549323,57051074658635,voduz-black-hair-straightener,0735850859033,,0735850859033,copy barcode from SKU
15671310582091,57051074691403,buscopan-10mg-tabs-20pk,5012917022025,,5012917022025,copy barcode from SKU
15671310680395,57051074789707,the-handmade-soap-company-soap-gift-set-three-pack,5391520236617,,5391520236617,copy barcode from SKU
15671310713163,57051074822475,revive-active-teen-20-pk,735850563572,,735850563572,copy barcode from SKU
15671310844235,57051075215691,buplex-ibuprofen-400mg-tabs-12pk,5690528279214,,5690528279214,copy barcode from SKU
15671310877003,57051075248459,scuplted-duocleanse-cleanse-brighten,5391545121011,,5391545121011,copy barcode from SKU
15671310942539,57051075313995,uriage-bariederm-cica-lips-repairing-balm-15ml,3661434005459,,3661434005459,copy barcode from SKU
15671311040843,57051075412299,cerave-reparative-hand-cream-50ml,3337875597319,,3337875597319,copy barcode from SKU
15671311139147,57051075510603,galfer-caps-28pk,5011309870916,,5011309870916,copy barcode from SKU
15671311237451,57051075838283,bperfect-erin-mcgregor-lip-library-lip-oil-smitten,5061045652444,,5061045652444,copy barcode from SKU
15671311335755,57051076165963,gelorevoice-cherry,5000477718182,,5000477718182,copy barcode from SKU
15671311368523,57051076198731,king-drench-repair-luxury-shampoo,0745178675284,,0745178675284,copy barcode from SKU
15671311434059,57051076264267,steradent-fresh-tabs-30pk,5011417566329,,5011417566329,copy barcode from SKU
15671311597899,57051076559179,kelkin-tea-tree-conditioner-250ml,5011032579971,,5011032579971,copy barcode from SKU
15671311663435,57051076624715,cydonia-uplifting-horse-balm-250ml,3870112002196,,3870112002196,copy barcode from SKU
15671311728971,57051076690251,synergistic-magnesium-150mg-plus-vit-b6,50745241,,50745241,copy barcode from SKU
15671311761739,57051076723019,sculpted-by-aimee-shape-set-brow-pencil-fixing-gel-deep-brown,0796548963081,,0796548963081,copy barcode from SKU
15671311860043,57051077083467,vivo-tummies-10pk,5391531760590,,5391531760590,copy barcode from SKU
15671311892811,57051077312843,medicare-size-c-1m-tubular-supp-bandage,5099390403107,,5099390403107,copy barcode from SKU
15671311958347,57051077378379,niquitin-mini-4mg-60pk-mint-lozenges,5011080930779,,5011080930779,copy barcode from SKU
15671311991115,57051077411147,losec-control-20mg-gr-tabs-14pk,5010605952173,,5010605952173,copy barcode from SKU
15671312023883,57051077443915,luna-by-lisa-brow-brush,5391532521268,,5391532521268,copy barcode from SKU
15671312089419,57051077509451,bperfect-mrs-glam-snatch-stick-golden-moon-01-light-peach,5060938588945,,5060938588945,copy barcode from SKU
15671312122187,57051077542219,bperfect-erin-mcgregor-mini-harmony-shadow-palette-travel,5061045652420,,5061045652420,copy barcode from SKU
15671312154955,57051077574987,kool-n-soothe-migraine-strip-4pk,4987072014103,,4987072014103,copy barcode from SKU
15671312187723,57051077607755,quest-zinc-citrate-30mg-tabs-60pk,5022339944010,,5022339944010,copy barcode from SKU
15671312220491,57051077640523,svr-densitium-rich-cream-mature-skin-dry-to-very-dry-50ml,3662361002467,,3662361002467,copy barcode from SKU
15671312286027,57051077837131,lash-out-black-mascara,5060806567317,,5060806567317,copy barcode from SKU
15671312318795,57051077869899,johnson-s-soft-nourish-body-wash-400ml,3574661384627,,3574661384627,copy barcode from SKU
15671312384331,57051078033739,xpel-mosquito-insect-repellent-pump-spray,5060120160645,,5060120160645,copy barcode from SKU
15671312417099,57051078066507,voduz-buff-it-exfoliating-scalp-brush,5060806569816,,5060806569816,copy barcode from SKU
15671312613707,57051078263115,centrum-women-30pk,5000309008214,,5000309008214,copy barcode from SKU
15671312679243,57051078328651,hismile-everyday-smilecare-watermelon-toothpaste,93568609,,93568609,copy barcode from SKU
15671312712011,57051078361419,uniflu-immune-defence,5391513951916,,5391513951916,copy barcode from SKU
15671312777547,57051078426955,spotlight-oral-care-graphite-grey-sonic-toothbrush,5391531561395,,5391531561395,copy barcode from SKU
15671312875851,57051078525259,celtic-can-pot-round-pink-grapefruit-champagne,5038871058313,,5038871058313,copy barcode from SKU
15671312908619,57051078558027,potted-gelousy-matte-gel-liner-foxy,5060806561674,,5060806561674,copy barcode from SKU
15671312974155,57051078623563,lacabine-5-x-pure-hyaluronic-amp-2ml,8435534405786,,8435534405786,copy barcode from SKU
15671313039691,57051078689099,indestructi-brow-pencil-dark-brown,793591326795,,793591326795,copy barcode from SKU
15671313137995,57051078787403,declar-eye-contour-essential-eye-lifting-serum-15ml,9007867007471,,9007867007471,copy barcode from SKU
15671313269067,57051078951243,garnier-olia-6-60-intense-red-no-ammonia-permanent-hair-dye,3600541233928,,3600541233928,copy barcode from SKU
15671313400139,57051079344459,the-handmade-soap-company-bitter-orange-pink-pepper-hand-lotion-250ml,5391520236365,,5391520236365,copy barcode from SKU
15671313498443,57051079573835,svr-densitium-eye-contour-global-correction-15ml,3662361001965,,3662361001965,copy barcode from SKU
15671313563979,57051079639371,caldesene-adult-powder-10-w-w-100g,5099562727802,,5099562727802,copy barcode from SKU
15671313727819,57051079803211,chroma-liquid-concealer-c2,5060907054570,,5060907054570,copy barcode from SKU
15671313793355,57051079868747,micropore-surgical-tape-2-5cm,5037015010965,,5037015010965,copy barcode from SKU
15671314022731,57051080360267,uriage-water-cleansing-gel-200ml,3661434005411,,3661434005411,copy barcode from SKU
15671314088267,57051080425803,pestle-mortar-the-spot-dots,856149007048,,856149007048,copy barcode from SKU
15671314252107,57051080589643,carnation-heel-grips,5012654200878,,5012654200878,copy barcode from SKU
15671314350411,57051080687947,sculpted-mauve-match,0793591414287,,0793591414287,copy barcode from SKU
15671314415947,57051080753483,simple-gentle-conditioner-200ml,5011451102965,,5011451102965,copy barcode from SKU
15671314547019,57051080884555,uriage-age-lift-intensive-firming-smoothing-serum,3661434009273,,3661434009273,copy barcode from SKU
15671314612555,57051080950091,flowerbomb-ladies-30ml-edp-spr,3360374000004,,3360374000004,copy barcode from SKU
15671314776395,57051081113931,active-iron-for-women-b-complex-30pk,735850357454,,735850357454,copy barcode from SKU
15671314907467,57051081245003,svr-biotic-c20-regenerating-radiance-cream-50ml,3662361001187,,3662361001187,copy barcode from SKU
15671315005771,57051081343307,matchstick-monkey-starter-set,5060679070952,,5060679070952,copy barcode from SKU
15671315104075,57051081605451,nuun-sport-orange-electrolytes,8445290964960,,8445290964960,copy barcode from SKU
15671315333451,57051082654027,deep-heat-cream-100g,5011501040926,,5011501040926,copy barcode from SKU
15671315431755,57051082719563,medisilk-silk-tape-1-25x5m,5099390200409,,5099390200409,copy barcode from SKU
15671315497291,57051082785099,tena-lady-extra-plus-8pk,7322540592863,,7322540592863,copy barcode from SKU
15671315595595,57051082883403,ck-in-2u-ladies-100ml-edp-spr,088300196814,,088300196814,copy barcode from SKU
15671315923275,57051083440459,alflorex-for-children,5391528870363,,5391528870363,copy barcode from SKU
15671316054347,57051083735371,spotlight-oral-care-fresh-breath-whitening-mouthwash,5391531563337,,5391531563337,copy barcode from SKU
15671316283723,57051084292427,xpel-adult-kids-tropical-formula-mosquito-and-insect-repellent-pens,5060120160508,,5060120160508,copy barcode from SKU
15671316349259,57051084357963,nurofen-durance-200mg-plasters,5011417578018,,5011417578018,copy barcode from SKU
15671316545867,57051084587339,garnier-nutrisse-6-light-brown-permanent-hair-dye,5021044025168,,5021044025168,copy barcode from SKU
15671316906315,57051085308235,luna-by-lisa-repair-leave-in-treatment,5391532528342,,5391532528342,copy barcode from SKU
15671316971851,57051085537611,uriage-bariederm-repairing-cica-cream-40ml,3661434004735,,3661434004735,copy barcode from SKU
15671317037387,57051085603147,cacharel-yes-i-am-pink-50ml-edp-spr,3614272365124,,3614272365124,copy barcode from SKU
15671317102923,57051085668683,sculpted-by-aimee-shape-set-brow-pencil-fixing-gel-soft-brown,0796548963043,,0796548963043,copy barcode from SKU
15671317168459,57051085734219,voduz-jet-set-go-aerosol-trio-3-x-75ml,5060938583209,,5060938583209,copy barcode from SKU
15671317233995,57051085799755,jenny-glow-3-piece-ladies-set-paradocs-bloom,6295199805886,,6295199805886,copy barcode from SKU
15671317430603,57051086291275,sonisk-sonic-pulse-toothbrush-rose-gold,5060679070761,,5060679070761,copy barcode from SKU
15671317987659,57051087307083,voduz-on-point-tail-comb,5060806565009,,5060806565009,copy barcode from SKU
15671318053195,57051087405387,doublebase-emollient-gel-250g,5016379191206,,5016379191206,copy barcode from SKU
15671318151499,57051087733067,declar-stress-balance-5-secrets-night-cream-50ml,9007867007853,,9007867007853,copy barcode from SKU
15671318282571,57051087864139,mrs-glam-glorious-skin-powder-foundation-medium-warm,5060806561773,,5060806561773,copy barcode from SKU
15671318413643,57051088126283,declar-soft-cleansing-anti-pollution-cleansing-balm-150ml,9007867007754,,9007867007754,copy barcode from SKU
15671318544715,57051088257355,bperfect-mrs-glam-ice-ice-baby-lip-oil,5061045652659,,5061045652659,copy barcode from SKU
15671318643019,57051088388427,fusion-allergy-lozenges-24,5391531760316,,5391531760316,copy barcode from SKU
15671318708555,57051088453963,revive-active-joint-complex-30pk,799439659360,,799439659360,copy barcode from SKU
15671318774091,57051088519499,fixodent-denture-cream-47g-original,5000174305449,,5000174305449,copy barcode from SKU
15671318806859,57051088552267,tepe-g4105-green-0-8mm-6pk,7317400015422,,7317400015422,copy barcode from SKU
15671318872395,57051088617803,azio-beauty-intense-firming-face-serum,5070000552606,,5070000552606,copy barcode from SKU
15671318905163,57051088650571,mam-start-pure-soothers-0-2-months-assorted,9001616829413,,9001616829413,copy barcode from SKU
15671318970699,57051088716107,sudocrem-tube-30g,53996671,,53996671,copy barcode from SKU
15671319134539,57051088879947,bepanthen-tattoo-intense-care-ointment,5010605401329,,5010605401329,copy barcode from SKU
15671319200075,57051088945483,homme-allure-sport-spray-deodorant-100ml,3145891239300,,3145891239300,copy barcode from SKU
15671319298379,57051089043787,uriage-bariesun-silky-lotion-spf-50,3661434009846,,3661434009846,copy barcode from SKU
15671319429451,57051089174859,jimmy-choo-i-want-choo-60ml-2pc-gift-set,3386460139854,,3386460139854,copy barcode from SKU
15671319626059,57051089633611,dr-teals-pure-epsom-salt-post-workout,811068013648,,811068013648,copy barcode from SKU
15671319724363,57051089731915,bperfect-10-second-tan-bronze-boost-instant-tan-gel-medium-dark,5060938587016,,5060938587016,copy barcode from SKU
15671319822667,57051089830219,ella-jo-squeaky-clean-brush-cleaner-200ml,5392000150300,,5392000150300,copy barcode from SKU
15671320281419,57051091304779,fathers-day-bundle,5065003990708,,5065003990708,copy barcode from SKU
15671320314187,57051091337547,your-zooki-citrus-orange-vit-c-30-sachets,5060518930164,,5060518930164,copy barcode from SKU
15671320412491,57051091435851,galfer-syrup-140mg-5ml-100ml,5011309871715,,5011309871715,copy barcode from SKU
15671320674635,57051091697995,cialis-for-men-tadalafil-tablets-8pk,3664798072426,,3664798072426,copy barcode from SKU
15671320740171,57051091763531,boss-orange-mens-100ml-edt-spr,3616301623359,,3616301623359,copy barcode from SKU
15671320969547,57051091992907,pro-voke-touch-of-silver-brightening-shampoo-200ml,5012008719407,,5012008719407,copy barcode from SKU
15671321035083,57051092058443,vicks-first-defense-15ml-nasal-spray,5013965704666,,5013965704666,copy barcode from SKU
15671321100619,57051092123979,kin-care-gel-15ml-apthous-ulcers,8436026212103,,8436026212103,copy barcode from SKU
15671321297227,57051092681035,night-nurse-liquid-160ml-gsk,5000347071249,,5000347071249,copy barcode from SKU
15671321395531,57051092779339,easofen-child-6y-200ml-strawberry,5099562205508,,5099562205508,copy barcode from SKU
15671321461067,57051092844875,uriage-eau-thermale-water-sleeping-mask-50ml,3661434005503,,3661434005503,copy barcode from SKU
15671321559371,57051093074251,uriage-baby-1st-moisturizing-milk,3661434008610,,3661434008610,copy barcode from SKU
15671321657675,57051093172555,strepsils-orange-withvitamin-c-lozenge-36pk,5011417579183,,5011417579183,copy barcode from SKU
15671321690443,57051093205323,dulcolax-pico-liquid-300ml,5000283659297,,5000283659297,copy barcode from SKU
15671321755979,57051093270859,vermox-tabs-6pk,5027097904948,,5027097904948,copy barcode from SKU
15671321821515,57051093336395,bepanthen-nappy-ointment-30g,5010605292361,,5010605292361,copy barcode from SKU
15671322018123,57051093795147,voduz-prep-talk-dry-texture-spray,5060806562909,,5060806562909,copy barcode from SKU
15671322083659,57051094417739,spotlight-oral-care-rose-gold-sonic-toothbrush,5391531561388,,5391531561388,copy barcode from SKU
15671322149195,57051094483275,clarityn-tabs-loratadine-30pk,5010605240553,,5010605240553,copy barcode from SKU
15671322181963,57051094516043,dove-advanced-care-pampering-shea-butter-vanilla-body-wash-225ml,8720181462924,,8720181462924,copy barcode from SKU
15671322247499,57051094581579,sculpted-complete-cover-up-3-5-light-plus,794712143338,,794712143338,copy barcode from SKU
15671322313035,57051094647115,mrs-glam-glorious-skin-powder-foundation-light-pink,5060907051937,,5060907051937,copy barcode from SKU
15671322476875,57051094810955,voduz-complete-it-nourishing-hair-treatment,5060907052989,,5060907052989,copy barcode from SKU
15671322542411,57051094876491,motilium-fastmelts-10pk,3574660419566,,3574660419566,copy barcode from SKU
15671322706251,57051095040331,seaband-hay-band-acupressure-band-1pk,5015259006975,,5015259006975,copy barcode from SKU
15671322771787,57051095105867,symprove-on-the-go-strawberry-raspberry-7-x-70ml,5060221910392,,5060221910392,copy barcode from SKU
15671322935627,57051095400779,eucerin-calming-urea-scalp-treatment,4005800036712,,4005800036712,copy barcode from SKU
15671323230539,57051096449355,vitabiotics-jointace-chondroitin-glucosamine-30pk-orange,5021265222407,,5021265222407,copy barcode from SKU
15671323296075,57051096514891,jakemans-100g-bag-throat-chest,5030104001202,,5030104001202,copy barcode from SKU
15671323361611,57051096580427,fleaway-plus-cat,5099299224940,,5099299224940,copy barcode from SKU
15671323427147,57051096645963,bperfect-indestructi-brow-dark-brown-pomade,793618273668,,793618273668,copy barcode from SKU
15671323525451,57051096908107,valentines-day-8-piece-pamper-box,5391018006098,,5391018006098,copy barcode from SKU
15671323558219,57051096940875,the-belle-brush-scalp-brush,5391532760100,,5391532760100,copy barcode from SKU
15671323754827,57051097170251,otrivine-adult-nasal-drops-10ml,5012131646809,,5012131646809,copy barcode from SKU
15671323820363,57051097203019,anhydrol-forte-60ml,5016379105005,,5016379105005,copy barcode from SKU
15671323885899,57051097268555,centrum-women-50-30pk,5000309008221,,5000309008221,copy barcode from SKU
15671323951435,57051097334091,calpol-vapour-plug-nightlight,3574661369020,,3574661369020,copy barcode from SKU
15671324016971,57051097399627,uriage-gentle-jelly-face-scrub-50ml,3661434006494,,3661434006494,copy barcode from SKU
15671324115275,57051097497931,biotene-oral-balance-gel-50g,5000347039386,,5000347039386,copy barcode from SKU
15671324180811,57051097563467,sculpted-prime-eyes-cream-shadow-sticks-tan-topaz,0754590489294,,0754590489294,copy barcode from SKU
15671324344651,57051097727307,cali-coast-golden-hour,5060298554574,,5060298554574,copy barcode from SKU
15671324836171,57051100578123,gillette-fusion-blades-4pk,7702018851294,,7702018851294,copy barcode from SKU
15671324901707,57051100643659,luna-by-lisa-volume-shampoo,5391532528366,,5391532528366,copy barcode from SKU
15671324934475,57051100676427,nurofen-child-oral-suspension-strawberry-w-syringe-150ml,5000158067257,,5000158067257,copy barcode from SKU
15671324967243,57051100709195,uriage-cleansing-cream-200ml,3661434008795,,3661434008795,copy barcode from SKU
15671325032779,57051100774731,jakemans-100g-bag-blackcurrant-menthol,5030104004654,,5030104004654,copy barcode from SKU
15671325065547,57051100807499,lyclear-treatment-shampoo-200ml,5012616291401,,5012616291401,copy barcode from SKU
15671325163851,57051100905803,2-piece-ladies-set-floral-explosion,6294015163803,,6294015163803,copy barcode from SKU
15671325196619,57051100971339,nasacort-allergy-nasal-spray,5000283660002,,5000283660002,copy barcode from SKU
15671325327691,57051101331787,skingredients-skin-good-fats-ultra-hydrating-ceramide-moisturiser-primary-45ml,634240001710,,634240001710,copy barcode from SKU
15671325524299,57051101659467,radox-bath-500ml-muscle-soak,5000231050831,,5000231050831,copy barcode from SKU
15671325557067,57051101692235,spotlight-oral-care-kit-for-sensitive-teeth,5391531561418,,5391531561418,copy barcode from SKU
15671325622603,57051101757771,panadol-ets-tabs-24pk,5098802500137,,5098802500137,copy barcode from SKU
15671325688139,57051101823307,chloe-new-signature-ladies-50ml-edp-spr,3607346232347,,3607346232347,copy barcode from SKU
15671325720907,57051101856075,stugeron-tabs-15pk,5099467000390,,5099467000390,copy barcode from SKU
15671325786443,57051101921611,optibac-pb-everyday-caps-30pk,5060086610079,,5060086610079,copy barcode from SKU
15671325917515,57051102052683,armani-si-ladies-30ml-edp,3605521816511,,3605521816511,copy barcode from SKU
15671326081355,57051102511435,anadin-tabs-12pk,5054563245441,,5054563245441,copy barcode from SKU
15671326146891,57051102576971,paco-robanne-phantom-50ml-edt-spr,3349668582365,,3349668582365,copy barcode from SKU
15671326179659,57051102609739,voduz-hold-tight-styling-clips,5060806564217,,5060806564217,copy barcode from SKU
15671326277963,57051102708043,hismile-v34-colour-corrector-teeth-brightening-serum-30ml,0744109218965,,0744109218965,copy barcode from SKU
15671326441803,57051102871883,armani-code-mens-50ml-edt-spr,3360372100515,,3360372100515,copy barcode from SKU
15671326605643,57051103035723,jan-de-vires-concentration-essence,7610313807529,,7610313807529,copy barcode from SKU
15671326671179,57051103101259,luna-by-lisa-weekly-detox-shampoo-300ml,5391532521299,,5391532521299,copy barcode from SKU
15671326703947,57051103134027,the-cheek-liquid-blush-cherub,5060907052521,,5060907052521,copy barcode from SKU
15671326900555,57051103592779,ferrograd-c-tablets-325mg-500g,5013158773080,,5013158773080,copy barcode from SKU
15671326933323,57051103625547,nurofen-sinus-pain-24pk,5000158105577,,5000158105577,copy barcode from SKU
15671327031627,57051103756619,revive-active-zest-7pk,735850866857,,735850866857,copy barcode from SKU
15671327129931,57051103854923,ov-cotton-gloves-medium,5098928122688,,5098928122688,copy barcode from SKU
15671327228235,57051104215371,dove-men-care-bodywash-sport,8710522394830,,8710522394830,copy barcode from SKU
15671327261003,57051104248139,nurofen-child-oral-suspension-orange-w-syringe-150ml,5000158067011,,5000158067011,copy barcode from SKU
15671327359307,57051104346443,spotlight-toothpaste-for-gum-health-100ml,5391531560350,,5391531560350,copy barcode from SKU
15671327424843,57051104411979,sculpted-complete-cover-up-2-5-fair-plus,794712143277,,794712143277,copy barcode from SKU
15671327490379,57051104477515,bio-kult-caps-60pk,5027314502629,,5027314502629,copy barcode from SKU
15671327555915,57051104543051,sensodyne-toothpaste-75ml,5000347080685,,5000347080685,copy barcode from SKU
15671327621451,57051104608587,carnation-gel-toe-separators-2pk,5012654200632,,5012654200632,copy barcode from SKU
15671327686987,57051104674123,bperfect-mrs-glam-sunset-glow-disco-diva-cream-blush,5061045650907,,5061045650907,copy barcode from SKU
15671327850827,57051104969035,bperfect-10-second-strawberry-dark-lotion,793591864471,,793591864471,copy barcode from SKU
15671328014667,57051105395019,voduz-blow-out-pro-hairdryer,5060806564057,,5060806564057,copy barcode from SKU
15671328080203,57051105460555,nicorette-quickmist-1mg-2pk,3574661147000,,3574661147000,copy barcode from SKU
15671328145739,57051105526091,boss-the-scent-ladies-50ml-edp-spray,8005610298894,,8005610298894,copy barcode from SKU
15671328473419,57051105853771,sreeze-oral-strips-14pk,5035883004314,,5035883004314,copy barcode from SKU
15671328538955,57051105919307,voltarol-1-100g,5391511116355,,5391511116355,copy barcode from SKU
15671328571723,57051105952075,bperfect-mrs-glam-snatch-stick-sunset-03-medium-tan,5060938588969,,5060938588969,copy barcode from SKU
15671328735563,57051106345291,ck-eternity-ladies-50ml-3pc-gift-set,3616304678325,,3616304678325,copy barcode from SKU
15671329063243,57051106672971,dulcosoft-oral-solution-250ml-by-dulcolax,5000283659112,,5000283659112,copy barcode from SKU
15671329128779,57051106738507,celtic-can-diffuser-blk-pom,5038871056562,,5038871056562,copy barcode from SKU
15671329161547,57051106771275,murine-irritation-redness-eye-drops-10ml,5060018880204,,5060018880204,copy barcode from SKU
15671329227083,57051106836811,uriage-bariesun-invisible-spray-50,3661434008405,,3661434008405,copy barcode from SKU
15671329390923,57051107000651,sculpted-complete-cover-up-2-0-fair,794712143246,,794712143246,copy barcode from SKU
15671329456459,57051107066187,jakemans-100g-bag-honey-lemon,5030104001233,,5030104001233,copy barcode from SKU
15671329489227,57051107098955,nurofen-cold-and-flu-tabs-24pk,5391511112654,,5391511112654,copy barcode from SKU
15671329554763,57051107164491,revive-active-collagen-complex-3-month-supply-90-sachets,05391546180406,,05391546180406,copy barcode from SKU
15671329653067,57051107230027,solgar-prenatal-nutrients-tablets-60pk,033984022713,,033984022713,copy barcode from SKU
15671329751371,57051107492171,tena-men-rmal-level-one-12pk,7322540426335,,7322540426335,copy barcode from SKU
15671329816907,57051107623243,mycosan-athletes-foot-gel,8718309701253,,8718309701253,copy barcode from SKU
15671329980747,57051107787083,jan-de-vries-child-essence-30ml,7610313807512,,7610313807512,copy barcode from SKU
15671330013515,57051107819851,fusion-5-gift-set,8700216534048,,8700216534048,copy barcode from SKU
15671330144587,57051107950923,awaken-collection-and-reed-diffuser,8720181653162,,8720181653162,copy barcode from SKU
15671330177355,57051107983691,nurofen-child-oral-susp-3-orange-w-spoon-100m,5000158067288,,5000158067288,copy barcode from SKU
15671330308427,57051108409675,bbold-instant-airbrush-medium-dark-75ml,5060298554444,,5060298554444,copy barcode from SKU
15671330373963,57051108475211,eskimo-oil-eskimo-brain-3-6-9-210ml,7391325933337,,7391325933337,copy barcode from SKU
15671330472267,57051108704587,centrum-men-30pk,5000309008184,,5000309008184,copy barcode from SKU
15671330701643,57051108966731,bperfect-ekin-su-radiant-blush-turkish-delight,5061007282597,,5061007282597,copy barcode from SKU
15671330832715,57051109065035,j-j-cotton-buds-200pk,5000207584506,,5000207584506,copy barcode from SKU
15671330931019,57051109163339,sona-s02a-beta-carotene-caps-60pk,5390612000204,,5390612000204,copy barcode from SKU
15671331127627,57051109687627,solgar-b-complex-50-caps-50pk,033984011205,,033984011205,copy barcode from SKU
15671331225931,57051109785931,calpol-infant-syringe-60ml-strawberry-susp,3574661149295,,3574661149295,copy barcode from SKU
15671331357003,57051109917003,neilmed-starter-kit-bottle-15-sachets,705928003101,,705928003101,copy barcode from SKU
15671331455307,57051110015307,buttercup-broncho-stop-cough-syrup-200ml,5012616262661,,5012616262661,copy barcode from SKU
15671331520843,57051110080843,solgar-megasorb-vit-b-comp-50-s,033984017504,,033984017504,copy barcode from SKU
15671331586379,57051110146379,solgar-chromium-picolinate-tabs-100ug,033984013650,,033984013650,copy barcode from SKU
15671331619147,57051110179147,brupro-ibuprofen-200mg-tabs-24pk,5390387373107,,5390387373107,copy barcode from SKU
15671331684683,57051110244683,got2b-glued-blasting-freeze-hairspray-300ml,5012583105091,,5012583105091,copy barcode from SKU
15671331815755,57051110375755,l-or-al-paris-elvive-bond-repair-shampoo-200ml,3600524074661,,3600524074661,copy barcode from SKU
15671331881291,57051110441291,mam-fun-to-drink-cup-night-8-months-girl,9001616716157,,9001616716157,copy barcode from SKU
15671331946827,57051110506827,sudafed-n-d-tabs-12pk,5010123667696,,5010123667696,copy barcode from SKU
15671332012363,57051110572363,the-handmade-soap-company-lemongrass-cedarwood-hand-lotion-250ml,5391520236099,,5391520236099,copy barcode from SKU
15671332077899,57051110637899,revive-active-original-7pk,619613834690,,619613834690,copy barcode from SKU
15671332110667,57051110670667,voltarol-2-extra-strength-gel-30g,5054563014252,,5054563014252,copy barcode from SKU
15671332176203,57051110736203,kwells-12pk-travel-sickness-tabs,5010605242014,,5010605242014,copy barcode from SKU
15671332274507,57051110998347,deep-heat-cream-67g,5011501040919,,5011501040919,copy barcode from SKU
15671332569419,57051111686475,nicorette-cools-4mg-loz-80pk,3574661146089,,3574661146089,copy barcode from SKU
15671332602187,57051111719243,ck-euphoria-ladies-30ml-edp-spr,088300162567,,088300162567,copy barcode from SKU
15671332667723,57051111784779,viscolex-syrup-250ml,5099186000336,,5099186000336,copy barcode from SKU
15671332733259,57051111850315,solgar-omega-3-double-strength-softgels-30pk,033984020504,,033984020504,copy barcode from SKU
15671332798795,57051111915851,indestructi-brow-pencil-ash-brown,5060806560653,,5060806560653,copy barcode from SKU
15671332897099,57051112014155,drink-spike-test,0754590783804,,0754590783804,copy barcode from SKU
15671332962635,57051112079691,active-iron-caps-30pk,797776159482,,797776159482,copy barcode from SKU
15671333028171,57051112145227,clearblue-digital-1pk-pregnancy-test,4084500477360,,4084500477360,copy barcode from SKU
15671333192011,57051112702283,panadol-extra-24pk,5011080139196,,5011080139196,copy barcode from SKU
15671333224779,57051112735051,ogam-lavender-10ml,5390600001138,,5390600001138,copy barcode from SKU
15671333290315,57051112800587,cleanse-duo,8720181655005,,8720181655005,copy barcode from SKU
15671333355851,57051112866123,glow-hub-skin-drink-hydrating-set,5019607257255,,5019607257255,copy barcode from SKU
15671333552459,57051113062731,lacabine-vitamin-c-amp-2ml,8435534405762,,8435534405762,copy barcode from SKU
15671333814603,57051113357643,the-heritage-collection-pure-hyaluronic-serum-15ml,840202281094,,840202281094,copy barcode from SKU
15671333880139,57051113423179,childs-farm-conditioner-250ml-strawbery,5029066007186,,5029066007186,copy barcode from SKU
15671333978443,57051113521483,creme-gommante-corps-200ml,3661434006234,,3661434006234,copy barcode from SKU
15671334076747,57051113816395,cetrine-allergy-cetirizine-7pk,5390387082016,,5390387082016,copy barcode from SKU
15671334142283,57051114111307,chroma-cover-luminous-foundation-w2,5060907056185,,5060907056185,copy barcode from SKU
15671334207819,57051114176843,ck-one-200ml-edt-spr,088300107438,,088300107438,copy barcode from SKU
15671334306123,57051114275147,solgar-evening-primrose-oil-1300mgs,033984010567,,033984010567,copy barcode from SKU
15671334371659,57051114373451,medicare-fabric-long-finger-plaster,5099390415988,,5099390415988,copy barcode from SKU
15671334437195,57051114668363,mam-clip-double-set-0-months-blue,9001616205231,,9001616205231,copy barcode from SKU
15671334666571,57051114897739,jenny-glow-madame-30ml,6294015136241,,6294015136241,copy barcode from SKU
15671334764875,57051114996043,deep-heat-massage-roll-on-lotion-50ml,5011501013739,,5011501013739,copy barcode from SKU
15671334961483,57051115422027,sculpted-by-aimee-line-shine-duo-buff,0796548511121,,0796548511121,copy barcode from SKU
15671334994251,57051115454795,palmers-cocoa-butter-lotion-250ml,010181041808,,010181041808,copy barcode from SKU
15671335092555,57051115716939,sumatran-relief-50mg-2pk,5390387300202,,5390387300202,copy barcode from SKU
15671335158091,57051116732747,nurofen-tablets-12pk,5000158102248,,5000158102248,copy barcode from SKU
15671335354699,57051117388107,solgar-advanced-acidophilus-plus-60-tabs,033984007505,,033984007505,copy barcode from SKU
15671335387467,57051117420875,svr-topialyse-palpebral-cream-15ml,3401060256340,,3401060256340,copy barcode from SKU
15671335485771,57051118305611,disprin-tablets-12pk,5000158060012,,5000158060012,copy barcode from SKU
15671335551307,57051118371147,preparation-h-gel-50g,5000309005589,,5000309005589,copy barcode from SKU
15671335649611,57051118469451,garnier-ultimate-blends-smoothing-hair-food-coconut-macadamia-conditioner,3600542342810,,3600542342810,copy barcode from SKU
15671335682379,57051118502219,king-hair-beauty-bye-bye-baby-hairs-wand,796554770000,,796554770000,copy barcode from SKU
15671335747915,57051118567755,marc-jacobs-daisy-50ml-edt-spray,031655513027,,031655513027,copy barcode from SKU
15671335911755,57051118731595,steradent-pro-extr-strength-tablets-30p,5011417545652,,5011417545652,copy barcode from SKU
15671335977291,57051118829899,garnier-ultimate-blends-smoothing-hair-food-coconut-macadamia-shampoo,3600542342858,,3600542342858,copy barcode from SKU
15671336272203,57051119124811,lacabine-anti-aging-reviving-elixar-amp-2ml,8435534405793,,8435534405793,copy barcode from SKU
15671336337739,57051119354187,udo-s-choice-adult-blend-mb-30pk,5060102301851,,5060102301851,copy barcode from SKU
15671336403275,57051119419723,cl-ear-ear-relief-drops,5060133376255,,5060133376255,copy barcode from SKU
15671336501579,57051119518027,uriage-d-s-regulating-foaming-gel-150ml,3661434000089,,3661434000089,copy barcode from SKU
15671336665419,57051119812939,uriage-bebe-1st-cleansing-water-500ml,3661434008719,,3661434008719,copy barcode from SKU
15671336894795,57051120238923,trilogy-hydrating-mist-toner,9421017760052,,9421017760052,copy barcode from SKU
15671336993099,57051120337227,medi-tubular-gauze-with-applicat,5099390410228,,5099390410228,copy barcode from SKU
15671337025867,57051120369995,full-impact-complete-coverage-concealer-shade-md1,5060907054839,,5060907054839,copy barcode from SKU
15671337058635,57051120402763,medicare-wart-verruca-removal-pen,5099390416954,,5099390416954,copy barcode from SKU
15671337222475,57051121844555,floradix-floravital-liquid-250ml,4004148017179,,4004148017179,copy barcode from SKU
15671337320779,57051122401611,declar-soft-cleansing-tonifying-lotion-400ml,9007867005187,,9007867005187,copy barcode from SKU
15671337386315,57051122467147,chroma-liquid-concealer-c3,5060907054631,,5060907054631,copy barcode from SKU
15671337451851,57051122532683,chroma-cover-matte-foundation-w3,5060907055850,,5060907055850,copy barcode from SKU
15671337484619,57051122565451,unicorn-magic-soap-sponge,5055071798917,,5055071798917,copy barcode from SKU
15671337550155,57051122630987,sculpted-body-base-light-shimmer,0754590721516,,0754590721516,copy barcode from SKU
15671337582923,57051122663755,medicare-waterproof-strip-6cm-x-1m,5099390413588,,5099390413588,copy barcode from SKU
15671337615691,57051122696523,voduz-r-oil-hydrating-hair-oil,793591864532,,793591864532,copy barcode from SKU
15671337648459,57051122729291,annalivia-lip-library-tinted-lip-oil-sweety,5061045655520,,5061045655520,copy barcode from SKU
15671337713995,57051122794827,shape-stick-bronze-define-swirl,5060806561179,,5060806561179,copy barcode from SKU
15671337779531,57051122860363,sculpted-cream-cushion-foundation-4n,5391548381627,,5391548381627,copy barcode from SKU
15671337812299,57051122893131,eucerin-10-urea-lotion,6001051001606,,6001051001606,copy barcode from SKU
15671337943371,57051123384651,corsodyl-50g-dental-gel,5000347070761,,5000347070761,copy barcode from SKU
15671338008907,57051123450187,dlux-junior-vitamin-d-oral-spray-15ml,96170823,,96170823,copy barcode from SKU
15671338205515,57051124957515,lecithin-granules-250g,5029354000028,,5029354000028,copy barcode from SKU
15671338434891,57051125350731,solgar-potassium-100tabs,033984022607,,033984022607,copy barcode from SKU
15671338533195,57051125449035,pharmanord-jointcare-60pk,5709976464308,,5709976464308,copy barcode from SKU
15671338664267,57051125580107,ck-euphoria-ladies-100ml-edp-spr,088300162505,,088300162505,copy barcode from SKU
15671338697035,57051125612875,clarityn-tabs-loratadine-7pk,5010605240010,,5010605240010,copy barcode from SKU
15671338860875,57051126104395,emazole-20mg-tablets-14pk,5390387330223,,5390387330223,copy barcode from SKU
15671339024715,57051126268235,new-rdic-apple-cider-720mg-high-strength-60pk,5021807447220,,5021807447220,copy barcode from SKU
15671339090251,57051126333771,sculpted-by-aimee-my-mascara-ultra-black,0794712794394,,0794712794394,copy barcode from SKU
15671339221323,57051126694219,perfection-primer-bronze-glow,5060907052477,,5060907052477,copy barcode from SKU
15671339286859,57051126989131,dulcolax-tabs-40pk,5012917020397,,5012917020397,copy barcode from SKU
15671339352395,57051127054667,uriage-eau-thermale-light-water-cream-40ml,3661434005008,,3661434005008,copy barcode from SKU
15671339385163,57051127087435,indestructi-brow-pencil-irid-brown,793591326788,,793591326788,copy barcode from SKU
15671339417931,57051127120203,chroma-cover-luminous-foundation-n2,5060907056178,,5060907056178,copy barcode from SKU
15671339450699,57051127152971,uriage-xemose-soothing-eye-contour-care-15ml,3661434007903,,3661434007903,copy barcode from SKU
15671339483467,57051127185739,vitabiotics-wellteen-her-13-19-years,5021265247318,,5021265247318,copy barcode from SKU
15671339549003,57051127251275,wild-lemon-basil-blood-orange-refillable-natural-deodorant,5060968411664,,5060968411664,copy barcode from SKU
15671339647307,57051128168779,uriage-keratosane-30-gel-treatment-for-callused-skin-75ml,3661434000836,,3661434000836,copy barcode from SKU
15671339712843,57051128234315,jenny-glow-3-piece-ladies-set-her-way,6295199805879,,6295199805879,copy barcode from SKU
15671339843915,57051128594763,duracell-hearing-aid-da13-orange,96077566,,96077566,copy barcode from SKU
15671339876683,57051128627531,jenny-glow-2-piece-ladies-set-just-klo,6294015174557,,6294015174557,copy barcode from SKU
15671339909451,57051128660299,berocca-orange-15pk-eff,5010605152085,,5010605152085,copy barcode from SKU
15671340106059,57051129184587,the-handmade-soap-company-bitter-orange-pink-pepper-hand-cream-30ml,5391520236419,,5391520236419,copy barcode from SKU
15671340138827,57051129217355,solgar-coq10-vegetarian-120mg-30-pk,033984009240,,033984009240,copy barcode from SKU
15671340171595,57051129250123,tommee-tippee-essential-baby-sissors-0m-1pk,5010415330444,,5010415330444,copy barcode from SKU
15671340204363,57051129282891,sculpted-lip-duo-undressed-naked,794712143499,,794712143499,copy barcode from SKU
15671340237131,57051129315659,svr-sensifine-hydra-creme-40ml,3662361001842,,3662361001842,copy barcode from SKU
15671340302667,57051129381195,bloom-and-blossom-baby-pillow-spray-75ml,5060193641539,,5060193641539,copy barcode from SKU
15671340368203,57051129446731,uriage-roseliane-anti-redness-masque-40ml,3661434003424,,3661434003424,copy barcode from SKU
15671340400971,57051129479499,chanel-chance-eau-de-parfum-100ml,3145891265200,,3145891265200,copy barcode from SKU
15671340433739,57051129512267,yardley-english-lavender-collection,5056179308015,,5056179308015,copy barcode from SKU
15671340499275,57051129577803,declar-hydro-balance-bb-cream-spf-30-50ml,9007867007099,,9007867007099,copy barcode from SKU
15671340532043,57051129610571,complan-strawberry-4-x-55g-pk,4008976682080,,4008976682080,copy barcode from SKU
15671340597579,57051129774411,tena-lady-discreet-mini-20pk,7322540853377,,7322540853377,copy barcode from SKU
15671340630347,57051130003787,luna-by-lisa-blusher-pink-petal,5391532521664,,5391532521664,copy barcode from SKU
15671340663115,57051130036555,zirtek-oral-solution-1mg-ml-200ml,5015313013574,,5015313013574,copy barcode from SKU
15671340695883,57051130069323,uriage-baby-1st-shampoo,3661434008627,,3661434008627,copy barcode from SKU
15671340728651,57051130102091,luna-by-lisa-pencil-brush,5391532521237,,5391532521237,copy barcode from SKU
15671340826955,57051130167627,sheet-mask-collection,8720181703799,,8720181703799,copy barcode from SKU
15671340859723,57051130495307,lacoste-red-eau-de-toilette-125ml,3616302931781,,3616302931781,copy barcode from SKU
15671340892491,57051130528075,just-for-men-hair-light-brown-110g,5010934001795,,5010934001795,copy barcode from SKU
15671340925259,57051130560843,arret-2mg-hard-capsules-12pk,5099467000758,,5099467000758,copy barcode from SKU
15671340958027,57051130593611,solgar-niacin-b3-500mg-100-caps,033984018518,,033984018518,copy barcode from SKU
15671341187403,57051131838795,ck-eternity-mens-100ml-edt-spr,088300105519,,088300105519,copy barcode from SKU
15671341252939,57051131904331,proceive-women-fertility-supplement-28-caps,5392000077232,,5392000077232,copy barcode from SKU
15671341449547,57051132297547,revive-active-mastermind-30pk,797776114726,,797776114726,copy barcode from SKU
15671341547851,57051132395851,new-nordic-apple-cider-mega-1000mg-tabs-30pk,5021807447800,,5021807447800,copy barcode from SKU
15671341678923,57051132526923,gelorevoice-blackcurrant,5000477720185,,5000477720185,copy barcode from SKU
15671341777227,57051132625227,casacol-expectorant-sf-125ml-syrup,5391513950216,,5391513950216,copy barcode from SKU
15671341809995,57051132657995,sterimar-allergy-response-20ml,3331300097771,,3331300097771,copy barcode from SKU
15671341842763,57051132690763,sculpted-complete-cover-up-4-0-medium,794712143369,,794712143369,copy barcode from SKU
15671341875531,57051132723531,clonfolic-folic-acid-98pk-14wk,5099562906856,,5099562906856,copy barcode from SKU
15671341941067,57051132789067,the-handmade-soap-company-lemongrass-cedarwood-hand-wash-250ml,5391520236075,,5391520236075,copy barcode from SKU
15671341973835,57051132821835,sol-beauty-salted-caramel-vanilla-lip-oil,5013692278119,,5013692278119,copy barcode from SKU
15671342039371,57051132887371,chanel-chance-eau-de-parfum-50ml,3145891264203,,3145891264203,copy barcode from SKU
15671342465355,57051133509963,sona-b-complex-tabs-60pk,5390612002857,,5390612002857,copy barcode from SKU
15671342727499,57051133870411,gaviscon-extra-chew-tabs-24pk-peppermint,5011417569481,,5011417569481,copy barcode from SKU
15671343382859,57051134722379,sol-beauty-shower-cream-watermelon-500ml,5013692278140,,5013692278140,copy barcode from SKU
15671344202059,57051135541579,cleanmarine-memin-for-women-60pk,5391500077889,,5391500077889,copy barcode from SKU
15671344464203,57051135803723,solgar-calcium-magnesium-50-tabs,033984005082,,033984005082,copy barcode from SKU
15671344857419,57051136229707,preparation-h-ointment-25g,5000309005688,,5000309005688,copy barcode from SKU
15671345447243,57051136917835,uriage-gyn-phy-refreshing-gel-intimate-hygeine-200ml,3661434005268,,3661434005268,copy barcode from SKU
15671345742155,57051137245515,bach-rescue-remedy-drops-20ml,50761999,,50761999,copy barcode from SKU
15671346135371,57051137573195,calpol-vapour-refill-pads-5pk,3574661368597,,3574661368597,copy barcode from SKU
15671346397515,57051137900875,meda-vitamin-d3-2000iu-60pk,5391521890597,,5391521890597,copy barcode from SKU
15671346757963,57051138228555,desenex-55g-powder,5099562741501,,5099562741501,copy barcode from SKU
15671347020107,57051138490699,celtic-can-diffuser-pomelo-grape,5038871068077,,5038871068077,copy barcode from SKU
15671347609931,57051139211595,bperfect-annalivia-lip-library-hydrating-lip-oil,5061045651409,,5061045651409,copy barcode from SKU
15671347708235,57051139309899,uriage-bebe-1st-cleansing-cream-1ltr,3661434001215,,3661434001215,copy barcode from SKU
15671347773771,57051139572043,svr-eye-lip-filler-biotic-15ml,3662361003259,,3662361003259,copy barcode from SKU
15671347806539,57051139604811,boss-femme-75ml-edp-spr,0737052041353,,0737052041353,copy barcode from SKU
15671347904843,57051139834187,nurofen-rapid-relief-max-400mg-liquid-caps-20pk,5011417575017,,5011417575017,copy barcode from SKU
15671347970379,57051139899723,snufflebabe-vapour-rub-24gm,5011784000716,,5011784000716,copy barcode from SKU
15671348035915,57051139965259,uriage-eau-thermale-water-serum-30ml,3661434005022,,3661434005022,copy barcode from SKU
15671348199755,57051140620619,sculpted-bronze-base-refill-pouch-medium-dark,794712490876,,794712490876,copy barcode from SKU
15671348298059,57051140718923,shape-stick-bronze-define-frappe,5060806561186,,5060806561186,copy barcode from SKU
15671348363595,57051140882763,viagra-connect-50mg-tablets-4-pack,5391521021229,,5391521021229,copy barcode from SKU
15671348396363,57051140915531,dulcolax-tabs-100pk,5012917020458,,5012917020458,copy barcode from SKU
15671348461899,57051140981067,tresemme-lamellar-shine-shampoo-300ml,8720181474682,,8720181474682,copy barcode from SKU
15671348625739,57051141374283,medicare-elbow-sml-supp-18cm-25cm,5099390411478,,5099390411478,copy barcode from SKU
15671348658507,57051141407051,bperfect-katie-daley-perfect-powder-vanilla,5061007282900,,5061007282900,copy barcode from SKU
15671348691275,57051141439819,head-shoulder-men-ultra-225ml,8001090360175,,8001090360175,copy barcode from SKU
15671348724043,57051141472587,luna-by-lisa-volume-foam,5391532521497,,5391532521497,copy barcode from SKU
15671348756811,57051141505355,bayliss-harding-vetiver-cedar-lemongrass-luxury-hand-wash-500ml,017854120013,,017854120013,copy barcode from SKU
15671348789579,57051141538123,uriage-h-a-booster-serum-30ml,3661434009525,,3661434009525,copy barcode from SKU
15671348855115,57051141701963,rennie-spearmint-48pk,5010605295126,,5010605295126,copy barcode from SKU
15671349018955,57051141865803,eucryl-pwdr-50g-original,5011309895810,,5011309895810,copy barcode from SKU
15671349150027,57051143012683,quies-pure-wax-8pk,3435172101175,,3435172101175,copy barcode from SKU
15671349182795,57051143045451,buplex-ibuprofen-200mg-tabs-12pk,5690528112115,,5690528112115,copy barcode from SKU
15671349215563,57051143078219,bleu-de-chanel-edp-100ml,3145891073607,,3145891073607,copy barcode from SKU
15671349379403,57051143668043,childs-farm-nappy-cream-100ml,5029066039002,,5029066039002,copy barcode from SKU
15671349444939,57051143864651,buttercup-broncho-stop-cough-pastilles-10pk,5012616262685,,5012616262685,copy barcode from SKU
15671349477707,57051143897419,tidy-whiskers,5021769826903,,5021769826903,copy barcode from SKU
15671349510475,57051143930187,mam-easy-start-anti-colic-2-months-pink,9001616669934,,9001616669934,copy barcode from SKU
15671349576011,57051143995723,fybogel-orange-10pk,5000158061361,,5000158061361,copy barcode from SKU
15671349641547,57051144061259,medicare-wrist-support,5099390407105,,5099390407105,copy barcode from SKU
15671349674315,57051144094027,chroma-cover-luminous-foundation-w3,5060907056215,,5060907056215,copy barcode from SKU
15671349772619,57051144323403,pestle-mortar-essentials-the-facial-cleanser-100ml,855238006511,,855238006511,copy barcode from SKU
15671349903691,57051144454475,hugo-man-green-75ml-edt-spr,737052664026,,737052664026,copy barcode from SKU
15671349936459,57051144487243,nurofen-child-six-plus-orange-200mg-5ml-oral-suspension-100ml,5000158068209,,5000158068209,copy barcode from SKU
15671350034763,57051144585547,oral-b-satin-tape-mint-25m-floss,5010622017978,,5010622017978,copy barcode from SKU
15671350100299,57051144651083,cetrine-allergy-cetirizine-30pk,5390387082030,,5390387082030,copy barcode from SKU
15671350165835,57051144716619,got2b-volumania-24hr-volumising-mousee-250ml,7332531063456,,7332531063456,copy barcode from SKU
15671350231371,57051144749387,spotlight-oral-care-pregnancy-toothpaste,5391531561098,,5391531561098,copy barcode from SKU
15671350296907,57051144945995,tena-lady-extra-10pk,7310790605525,,7310790605525,copy barcode from SKU
15671350329675,57051144978763,voduz-smooth-start-mini-travel-set,5061045650808,,5061045650808,copy barcode from SKU
15671350362443,57051145011531,sudaplus-n-d-tabs-15pk,3574660708486,,3574660708486,copy barcode from SKU
15671350427979,57051145175371,uriage-bariesun-after-sun-repair-balm,3661434001468,,3661434001468,copy barcode from SKU
15671350460747,57051145208139,bisodol-peppermint-tablets-100pk,5014398001469,,5014398001469,copy barcode from SKU
15671350493515,57051145240907,man-stuff-feelin-fresh-gift-set,5021769826934,,5021769826934,copy barcode from SKU
15671350526283,57051145273675,vitabiotics-feroglobin-b12-caps,5021265220076,,5021265220076,copy barcode from SKU
15671350559051,57051145306443,nelsons-arnicare-cooling-gel-30g,5000488104356,,5000488104356,copy barcode from SKU
15671350657355,57051145371979,mediform-conforming-bandage-8x4m,5099390404227,,5099390404227,copy barcode from SKU
15671350788427,57051145765195,uriage-cleansing-milk-250ml,3661434009402,,3661434009402,copy barcode from SKU
15671351312715,57051146486091,paralink-susp-100ml,5099172033065,,5099172033065,copy barcode from SKU
15671351509323,57051146879307,coco-mademoiselle-chanel-eau-de-parfum-100ml,3145891165203,,3145891165203,copy barcode from SKU
15671351673163,57051147370827,cialis-for-men-tadalafil-tablets-4pk,3664798072419,,3664798072419,copy barcode from SKU
15671351869771,57051147764043,ov-coconut-oil-100g,53999214,,53999214,copy barcode from SKU
15671351935307,57051147829579,nicorette-cools-2mg-loz-80pk,3574661146072,,3574661146072,copy barcode from SKU
15671352099147,57051148222795,mrs-glam-magnificent-palette,5060806563166,,5060806563166,copy barcode from SKU
15671352131915,57051148255563,durex-intense-12pk,5011417567272,,5011417567272,copy barcode from SKU
15671352197451,57051148353867,rocket-fuel-14-pk,5034033000466,,5034033000466,copy barcode from SKU
15671352230219,57051148386635,ck-in-2u-mens-150ml-edt-spr,088300196944,,088300196944,copy barcode from SKU
15671352262987,57051148419403,calpol-infant-140ml-spoon-syringe-strawberry-susp,3574661149288,,3574661149288,copy barcode from SKU
15671352295755,57051148452171,uriage-xemose-lipid-replenishing-anti-irritation-cream-400ml,3661434004858,,3661434004858,copy barcode from SKU
15671352328523,57051148583243,uriage-bariesun-suncare-spray-200ml,3661434001406,,3661434001406,copy barcode from SKU
15671352459595,57051149992267,solgar-ultimate-b-c-comp-60-tab,033984027718,,033984027718,copy barcode from SKU
15671352492363,57051150025035,lorat-10mg-tabs-28pk,5390387077036,,5390387077036,copy barcode from SKU
15671352525131,57051150057803,mitchum-roll-on-shwr-frsh-100ml,309975122091,,309975122091,copy barcode from SKU
15671352557899,57051150090571,floradix-kindervital-500ml,4004148047527,,4004148047527,copy barcode from SKU
15671352623435,57051150156107,deep-heat-well-patch-4pk,5011501003259,,5011501003259,copy barcode from SKU
15671352656203,57051150188875,revive-active-meno-active,794712627296,,794712627296,copy barcode from SKU
15671352688971,57051150221643,pampering-moments-of-joy,5011076804527,,5011076804527,copy barcode from SKU
15671352820043,57051150614859,bperfect-katie-daley-perfect-powder-honeycomb,5061007282931,,5061007282931,copy barcode from SKU
15671352852811,57051150647627,vicks-sinex-micromist-nasal-spray,8001090834287,,8001090834287,copy barcode from SKU
15671352885579,57051150680395,kin-gingival-toothpaste-75ml,8470001575890,,8470001575890,copy barcode from SKU
15671352983883,57051150778699,kit-kaboodle-toe-nail-clippers,5391531140965,,5391531140965,copy barcode from SKU
15671353114955,57051151204683,voduz-complete-it-illuminating-hair-treatment,5060938583261,,5060938583261,copy barcode from SKU
15671353147723,57051151237451,gaviscon-infant-sachets-15pk-30-doses,9300631074038,,9300631074038,copy barcode from SKU
15671353180491,57051151270219,eylure-brow-dye-dark-brown,5011522531106,,5011522531106,copy barcode from SKU
15671353246027,57051151335755,sol-beauty-watermelon-lip-oil,5013692278102,,5013692278102,copy barcode from SKU
15671353377099,57051151597899,sculpted-by-aimee-line-shine-duo-blush,0796548511039,,0796548511039,copy barcode from SKU
15671353409867,57051151630667,jimmy-choo-blossom-ladies-100ml-edp-spray,3386460066273,,3386460066273,copy barcode from SKU
15671353475403,57051151696203,imodium-instants-12pk,5027097968544,,5027097968544,copy barcode from SKU
15671353508171,57051151728971,voduz-complete-it-repair-hair-treatment,5060907059193,,5060907059193,copy barcode from SKU
15671353606475,57051151827275,uriage-bariesun-mineral-cream-spf-50,3661434001437,,3661434001437,copy barcode from SKU
15671353737547,57051151958347,voduz-cleanse-it-nourishing-shampoo,5060907052958,,5060907052958,copy barcode from SKU
15671353835851,57051152056651,bonjela-teething-gel-15g,5000158069046,,5000158069046,copy barcode from SKU
15671353868619,57051152089419,vaseline-pet-jelly-250ml-tub,42182658,,42182658,copy barcode from SKU
15671353934155,57051152154955,the-handmade-soap-company-lemongrass-cedarwood-hand-cream-50ml,5391520236129,,5391520236129,copy barcode from SKU
15671354130763,57051152482635,uriage-ds-hair-soft-balancing-shampoo-500ml,3661434011962,,3661434011962,copy barcode from SKU
15671354196299,57051152548171,j-j-baby-more-tears-shampoo-500ml,3574669907903,,3574669907903,copy barcode from SKU
15671354229067,57051152580939,solgar-b12-1000ug-100pk,033984032293,,033984032293,copy barcode from SKU
15671354261835,57051152613707,uriage-ds-hair-anti-dandruff-treatment-shampoo-200ml,3661434009303,,3661434009303,copy barcode from SKU
15671354294603,57051152646475,kidsner-cooling-foam-for-chickenpox-100ml,8719325831030,,8719325831030,copy barcode from SKU
15671354327371,57051152679243,pharmaton-vitality-11-caps-30-pk,5000283662501,,5000283662501,copy barcode from SKU
15671354360139,57051152712011,nivea-men-post-shave-balm-100ml-replenishing,5025970023274,,5025970023274,copy barcode from SKU
15671354425675,57051152777547,mam-starter-cup-night-4-months-green,9001616807947,,9001616807947,copy barcode from SKU
15671354556747,57051153170763,sol-beauty-dry-body-oil-with-coconut,5013692278065,,5013692278065,copy barcode from SKU
15671354589515,57051153203531,fabu-shrooms-immune-60pk,3743184122744,,3743184122744,copy barcode from SKU
15671354622283,57051153236299,fusion-allergy-nasal-spray-20ml,5391531760286,,5391531760286,copy barcode from SKU
15671354720587,57051153334603,doubole-glazed-high-shine-gloss-iced,793618107154,,793618107154,copy barcode from SKU
15671354753355,57051153367371,medicare-calico-triangular-bandage-96-x-96-x-135cm,5099390415773,,5099390415773,copy barcode from SKU
15671354851659,57051153727819,full-impact-complete-coverage-concealer-shade-l5,5060907054778,,5060907054778,copy barcode from SKU
15671354949963,57051153826123,childs-farm-baby-moisturiser-250ml-shea-cocoa-bu,5029066078520,,5029066078520,copy barcode from SKU
15671355015499,57051153891659,eylure-lash-tint-black,5011522292441,,5011522292441,copy barcode from SKU
15671355048267,57051153924427,arnicare-arnica-cream-30g,5000488108842,,5000488108842,copy barcode from SKU
15671355179339,57051154055499,voduz-unbreaka-bobble-pastel,5060907050763,,5060907050763,copy barcode from SKU
15671355244875,57051154121035,uriage-eau-thermale-rich-water-cream-40ml,3661434004995,,3661434004995,copy barcode from SKU
15671355277643,57051154153803,batiste-200ml-blush-dry-shampoo,5010724527375,,5010724527375,copy barcode from SKU
15671355310411,57051154186571,uriage-bariederm-drying-repairing-cica-spray-100ml,3661434005367,,3661434005367,copy barcode from SKU
15671355375947,57051154252107,2-piece-ladies-set-san-tel-tri-tri,6294015186437,,6294015186437,copy barcode from SKU
15671355441483,57051154350411,3-piece-ladies-set-belle,6294015191271,,6294015191271,copy barcode from SKU
15671355474251,57051154383179,mycosan-fungal-nail-treatment-set-5ml,8718309700782,,8718309700782,copy barcode from SKU
15671355539787,57051154579787,bioactive-d-pearls-75ug-240pk,5709976127609,,5709976127609,copy barcode from SKU
15671355638091,57051154710859,nicorette-invisi-patch-25mg-14pk,3574660546811,,3574660546811,copy barcode from SKU
15671355670859,57051155235147,skingredients-prebiotic-cleanser-100ml-primary,634240001611,,634240001611,copy barcode from SKU
15671355736395,57051155431755,infacol-40mg-ml-85ml-oral-suspension-simeticone,5017007600855,,5017007600855,copy barcode from SKU
15671355801931,57051155497291,exterol-ear-drops-8ml,5016379265006,,5016379265006,copy barcode from SKU
15671355834699,57051155530059,full-marks-solution-100ml,5038483224410,,5038483224410,copy barcode from SKU
15671355900235,57051155595595,seven-seas-hb-fruit-softies-stawberry-30pk,5012335112902,,5012335112902,copy barcode from SKU
15671356162379,57051155988811,uriage-age-absolute-redensifying-masque-50ml,3661434009198,,3661434009198,copy barcode from SKU
15671356195147,57051156021579,solgar-vitamin-c-1000mg-100cap,033984032804,,033984032804,copy barcode from SKU
15671356358987,57051156316491,jenny-glow-ufo-inspired-by-thierry-mugler-alien-15ml,6294015179460,,6294015179460,copy barcode from SKU
15671356424523,57051156382027,shape-stick-bronze-define-espresso,5060806561148,,5060806561148,copy barcode from SKU
15671356522827,57051156447563,nurofen-tablets-48pk,5000158102262,,5000158102262,copy barcode from SKU
15671356555595,57051156611403,alflorex-precision-biotics-adult-capsules-30pk,5392000067417,,5392000067417,copy barcode from SKU
15671356719435,57051157168459,bperfect-ekin-su-radiant-glo-02-light-medium,5060938587313,,5060938587313,copy barcode from SKU
15671356784971,57051157233995,full-impact-complete-coverage-concealer-shade-l3,5060907054754,,5060907054754,copy barcode from SKU
15671356817739,57051157266763,inadine-dressings-5cm-x-5cm-single,04054596954588,,04054596954588,copy barcode from SKU
15671356981579,57051157430603,euthymol-75ml-toothpaste,5010123715175,,5010123715175,copy barcode from SKU
15671357112651,57051157561675,avogel-echinaforce-cold-flu-drops-50ml,7610313301164,,7610313301164,copy barcode from SKU
15671357178187,57051157627211,floradix-magnesium-liquid-250ml,4004148017711,,4004148017711,copy barcode from SKU
15671357276491,57051157856587,sculpted-brighten-define-eyeliner-duo-nude-rust-brown,0754590360135,,0754590360135,copy barcode from SKU
15671357473099,57051158184267,2-piece-ladies-set-carot-red,6294015186413,,6294015186413,copy barcode from SKU
15671357505867,57051158217035,nivea-men-deo-150ml-2pk-cool-kick-4-00,5011076000431,,5011076000431,copy barcode from SKU
15671357538635,57051158249803,solgar-collagen-hyalurinic-acid-complex-30-pk,033984014176,,033984014176,copy barcode from SKU
15671357636939,57051158348107,active-immune-kids-60-chews,794712651420,,794712651420,copy barcode from SKU
15671357702475,57051158413643,the-handmade-soap-company-lemongrass-cedarwood-pillow-mist-100ml,5391520236174,,5391520236174,copy barcode from SKU
15671357735243,57051158446411,vit-e-400i-u-mixed-soft-gels400i,033984035409,,033984035409,copy barcode from SKU
15671357800779,57051158675787,nivea-deo-150ml-2pk-pearl-beauty,5011076001049,,5011076001049,copy barcode from SKU
15671357833547,57051158708555,strepsils-plus-24pk-anaesthetic,5000158102477,,5000158102477,copy barcode from SKU
15671357964619,57051158872395,complan-vanilla-4-x-55g-pk,4008976682073,,4008976682073,copy barcode from SKU
15671357997387,57051158905163,mediswab-10cm-x10cm-100pk,5099390403398,,5099390403398,copy barcode from SKU
15671358030155,57051158937931,infinity-nail-scissors-straight,5391018024245,,5391018024245,copy barcode from SKU
15671358062923,57051158970699,scholl-gel-activ-insole-everyday-men,5052197038002,,5052197038002,copy barcode from SKU
15671358193995,57051159200075,easofen-ibuprofen-200mg-24pk,5099562205201,,5099562205201,copy barcode from SKU
15671358226763,57051159232843,armani-diamonds-ladies-50ml-edp-spr,3605520380259,,3605520380259,copy barcode from SKU
15671358259531,57051159265611,sona-multiplus-tabs-90-pk,5390612002697,,5390612002697,copy barcode from SKU
15671358325067,57051159331147,jenny-glow-3-piece-ladies-set-she,6295199808856,,6295199808856,copy barcode from SKU
15671358357835,57051159363915,magnesium-verla-20pk,5390387084010,,5390387084010,copy barcode from SKU
15671358423371,57051159429451,cool-water-ladies-30ml-2pc-gift-set,3616304197475,,3616304197475,copy barcode from SKU
15671358488907,57051159494987,fishermans-friend-lozenges-25g-aniseed,50357192,,50357192,copy barcode from SKU
15671358685515,57051160084811,luna-by-lisa-eye-paddle-brush,5391532521244,,5391532521244,copy barcode from SKU
15671358718283,57051160117579,haliborange-the-big-multi-90-strawberry-flavour-softies,5060216565941,,5060216565941,copy barcode from SKU
15671358751051,57051160150347,voduz-cleanse-it-volumising-shampoo,5061007286748,,5061007286748,copy barcode from SKU
15671358816587,57051160215883,fabu-r-r-relax-60pk,3743184122751,,3743184122751,copy barcode from SKU
15671358849355,57051160248651,king-drench-repair-luxury-conditioning-hair-mask,0745178675291,,0745178675291,copy barcode from SKU
15671358882123,57051160281419,sambucol-tonic-immu-forte-120ml,5060149820094,,5060149820094,copy barcode from SKU
15671358914891,57051160314187,lactulose-fresenius-670mg-ml-500ml,5390387393013,,5390387393013,copy barcode from SKU
15671358947659,57051160346955,nurofen-child-orange-oral-suspension-w-spoon-200ml,5000158069800,,5000158069800,copy barcode from SKU
15671359013195,57051160412491,cronzer-cream-bronzer-tan,5060907058813,,5060907058813,copy barcode from SKU
15671359045963,57051160445259,cetrine-allergy-cetirizine-1mg-ml-200ml,5390387082306,,5390387082306,copy barcode from SKU
15671359078731,57051160478027,vital-proteins-collagen-peptides-10-satchets,8445290113221,,8445290113221,copy barcode from SKU
15671359144267,57051160674635,mrs-glam-glorious-skin-powder-foundation-medium-tan,5060806561780,,5060806561780,copy barcode from SKU
15671359209803,57051160740171,hismile-teeth-whitening-pap-whitening-powder,0744109218996,,0744109218996,copy barcode from SKU
15671359242571,57051160772939,easofen-child-6y-100ml-strawberry,5099562205454,,5099562205454,copy barcode from SKU
15671359275339,57051160838475,lanes-olbas-oil-10ml,50477944,,50477944,copy barcode from SKU
15671359406411,57051161100619,vitabiotics-pregnacare-plus-omega-3-56pk,5021265221523,,5021265221523,copy barcode from SKU
15671359504715,57051161198923,uriage-bariederm-isnulating-repairing-cream-75ml,3661434000508,,3661434000508,copy barcode from SKU
15671359603019,57051161297227,sona-l-lysine-tabs-500mg-60pk,5390612002000,,5390612002000,copy barcode from SKU
15671359668555,57051161362763,bepantiseptic-1st-aid-cream-30g,5010605951367,,5010605951367,copy barcode from SKU
15671359799627,57051161526603,lynx-ice-chill-s-gel,8710847924507,,8710847924507,copy barcode from SKU
15671359865163,57051161592139,ogam-eucalyptus-10ml,5390600001077,,5390600001077,copy barcode from SKU
15671360061771,57051161952587,panadol-c-f-relief-tabs-12pk,5011080125090,,5011080125090,copy barcode from SKU
15671360225611,57051162116427,paco-lady-million-50ml-edp-spr,3349668508488,,3349668508488,copy barcode from SKU
15671360258379,57051162149195,desenex-30g-ointment,5099562742102,,5099562742102,copy barcode from SKU
15671360291147,57051162181963,durex-extra-safe-3pk,5010232967588,,5010232967588,copy barcode from SKU
15671360389451,57051162411339,uriage-eau-thermale-silky-body-lotion-500ml,3661434004704,,3661434004704,copy barcode from SKU
15671360487755,57051162509643,declar-age-control-night-essential-serum-50ml,9007867006405,,9007867006405,copy barcode from SKU
15671360520523,57051164311883,tos-intensive-treatment-conditioner-150ml,5012008468008,,5012008468008,copy barcode from SKU
15671360553291,57051164344651,the-belle-brush-original,5391532760001,,5391532760001,copy barcode from SKU
15671360684363,57051164606795,uriage-thermal-micellar-water-oil-combination-skin-500ml,3661434009365,,3661434009365,copy barcode from SKU
15671360913739,57051165098315,nicorette-invisi-patch-10mg-7pk,3574661146416,,3574661146416,copy barcode from SKU
15671361012043,57051165196619,full-impact-complete-coverage-concealer-shade-m1,5060907054785,,5060907054785,copy barcode from SKU
15671361110347,57051165294923,bperfect-ekin-su-radiant-glow-03-medium,5060938587320,,5060938587320,copy barcode from SKU
15671361143115,57051165327691,udos-super-8-probiotics-30-caps,5391500070804,,5391500070804,copy barcode from SKU
15671361241419,57051165425995,optase-tea-tree-oil-lid-wipes,5392000104266,,5392000104266,copy barcode from SKU
15671361306955,57051165491531,declar-soft-cleansing-cleansing-milk-400ml,9007867005125,,9007867005125,copy barcode from SKU
15671361339723,57051165524299,dax-wax-c0848-red-wave-groom,077315009042,,077315009042,copy barcode from SKU
15671361405259,57051165589835,chummi-lip-mask-vanilla-20g,855717008647,,855717008647,copy barcode from SKU
15671361503563,57051165688139,kin-caspiselen-anti-dandruff-shampoo,8436026215203,,8436026215203,copy barcode from SKU
15671361536331,57051165720907,uriage-xemose-soothing-cleansing-oil-500ml,3661434006968,,3661434006968,copy barcode from SKU
15671361601867,57051165786443,luna-by-lisa-repair-conditioner,5391532528335,,5391532528335,copy barcode from SKU
15671361634635,57051165819211,benylin-125ml-cough-med-orginal,5010123716387,,5010123716387,copy barcode from SKU
15671361864011,57051166310731,chroma-cover-luminous-foundation-n3,5060907056208,,5060907056208,copy barcode from SKU
15671362060619,57051166638411,medicare-elbow-large-support-31cm-33cm,5099390411492,,5099390411492,copy barcode from SKU
15671362093387,57051166671179,voduz-trend-setter-extra-strong-hair-spray,5060806562794,,5060806562794,copy barcode from SKU
15671362158923,57051166736715,d-g-the-one-mens-50ml-edp-spr,3423473021230,,3423473021230,copy barcode from SKU
15671362191691,57051166769483,solgar-soya-lecithin-1360mg-100-softgels,033984015401,,033984015401,copy barcode from SKU
15671362224459,57051166802251,hydration-station-14-pk,5034033000503,,5034033000503,copy barcode from SKU
15671362257227,57051166835019,voltarol-1-emulgel-30g,5012131742709,,5012131742709,copy barcode from SKU
15671362289995,57051166867787,sculpted-by-aimee-my-mascara-brown,0754590721592,,0754590721592,copy barcode from SKU
15671362322763,57051166900555,gaviscon-handy-pack-peppermint-16pk,50090174,,50090174,copy barcode from SKU
15671362355531,57051166933323,zooki-collagen-citrus-lime-14-sachets,5060518930485,,5060518930485,copy barcode from SKU
15671362388299,57051166966091,voltarol-emulgel-1-no-mess-100g,5054563912060,,5054563912060,copy barcode from SKU
15671362421067,57051166998859,voduz-care-for-it-nourishing-leave-in-conditioner-spray,5060907052972,,5060907052972,copy barcode from SKU
15671362486603,57051167031627,lynx-showergel-250ml-black,8712561617369,,8712561617369,copy barcode from SKU
15671362650443,57051167359307,caldebaby-teething-gel-20ml,5099562743659,,5099562743659,copy barcode from SKU
15671362683211,57051167392075,driclor-solution-20ml,5011091102608,,5011091102608,copy barcode from SKU
15671362781515,57051167752523,uriage-bariedm-fissures-ointment-treatment-40ml,3661434005435,,3661434005435,copy barcode from SKU
15671362879819,57051167850827,uriage-age-lift-revitalizing-night-smoothing-cream,3661434009228,,3661434009228,copy barcode from SKU
15671362912587,57051167883595,bperfect-skin-studio-glow-boost-moisture-cream-50ml,5060938588341,,5060938588341,copy barcode from SKU
15671363010891,57051168178507,j-j-baby-powder-500g,3574660026917,,3574660026917,copy barcode from SKU
15671363076427,57051168244043,epaderm-cream-pump-50g,5055158013216,,5055158013216,copy barcode from SKU
15671363109195,57051168276811,preparation-h-gel-25g,5000309004513,,5000309004513,copy barcode from SKU
15671363141963,57051168342347,the-cheek-liquid-blush-rosie,5060907052583,,5060907052583,copy barcode from SKU
15671363174731,57051168506187,imodium-liquigels-12pk,3574660631517,,3574660631517,copy barcode from SKU
15671363207499,57051168538955,floradix-liquid-iron-250ml,4004148057076,,4004148057076,copy barcode from SKU
15671363240267,57051168571723,carmex-classic-orig-tube-10g,083078421144,,083078421144,copy barcode from SKU
15671363305803,57051168637259,nicorette-classic-2mg-210pk,3574661146799,,3574661146799,copy barcode from SKU
15671363469643,57051168801099,medicare-tubular-gauze-4-finger-cots,5099390412772,,5099390412772,copy barcode from SKU
15671363502411,57051168833867,sculpted-easybrow-clear,5391545123664,,5391545123664,copy barcode from SKU
15671363535179,57051168866635,tommy-mens-100ml-edt-spr,022548024324,,022548024324,copy barcode from SKU
15671363666251,57051169096011,4-x-15ml-gift-set-olympia-opium-belle-billionaire,6294015191387,,6294015191387,copy barcode from SKU
15671363764555,57051169292619,dettol-liquid-500ml,50158089,,50158089,copy barcode from SKU
15671363993931,57051169718603,chroma-cover-luminous-foundation-w1,5060907056154,,5060907056154,copy barcode from SKU
15671364059467,57051169784139,garnier-olia-9-0-light-blonde-no-ammonia-permanent-hair-dye,3600541234178,,3600541234178,copy barcode from SKU
15671364157771,57051169882443,ov-calamine-lotion-100ml,5098928121674,,5098928121674,copy barcode from SKU
15671364354379,57051170210123,uriage-hyseac-exfoliating-masque-100ml,3661434006227,,3661434006227,copy barcode from SKU
15671364387147,57051170242891,clonfolic-folic-acid-28pk-4wk,5099562906801,,5099562906801,copy barcode from SKU
15671364419915,57051170275659,luna-by-lisa-hydrate-shampoo,5391532528380,,5391532528380,copy barcode from SKU
15671364518219,57051170373963,savlon-antiseptic-cream-30g,5099562923907,,5099562923907,copy barcode from SKU
15671364616523,57051170472267,strepsils-extra-blackcurrant-lozenge-24pk,5000167094299,,5000167094299,copy barcode from SKU
15671364649291,57051170505035,vicks-vapopads-7,4022167700858,,4022167700858,copy barcode from SKU
15671364747595,57051170767179,cali-coast-malibu-mist,5060298554567,,5060298554567,copy barcode from SKU
15671364944203,57051171094859,maalox-oral-suspension-250ml-peppermint,5000283657385,,5000283657385,copy barcode from SKU
15671365042507,57051171455307,full-impact-complete-coverage-concealer-shade-m4,5060907054822,,5060907054822,copy barcode from SKU
15671365108043,57051171520843,kit-kaboodle-kids-snaps-8pk-floral,5391531140675,,5391531140675,copy barcode from SKU
15671365140811,57051172700491,bperfect-skin-studio-replenish-revive-recovery-cream-50ml,5060938585029,,5060938585029,copy barcode from SKU
15671365239115,57051172798795,voduz-care-for-it-illuminating-leave-in-conditioning-spray,5060938583285,,5060938583285,copy barcode from SKU
15671365304651,57051172864331,bperfect-10-second-tan-bronze-boost-instant-tan-gel-light-medium,5060938587009,,5060938587009,copy barcode from SKU
15671365337419,57051172897099,bperfect-annalivia-cosmetic-bag,5061045651430,,5061045651430,copy barcode from SKU
15671365501259,57051173060939,udos-digestive-enzymes-60-capsules,5391500070828,,5391500070828,copy barcode from SKU
15671365534027,57051173093707,burberry-for-women-original-100ml-edp-spray,3614226905666,,3614226905666,copy barcode from SKU
15671365632331,57051173355851,quest-l-lysine-1000mg-45pk,5022339876014,,5022339876014,copy barcode from SKU
15671365730635,57051173454155,benylin-125ml-dry-cough-syrup,5010123651503,,5010123651503,copy barcode from SKU
15671365763403,57051173486923,infinity-pumice-stone,5391018024382,,5391018024382,copy barcode from SKU
15671365796171,57051173519691,aveeno-200ml-skin-relief-menthol,3574660123364,,3574660123364,copy barcode from SKU
15671365828939,57051173552459,uriage-xemose-anti-itch-soothing-oil-balm-200ml,3661434007347,,3661434007347,copy barcode from SKU
15671365861707,57051173585227,bonjela-gel-15g,5000158067141,,5000158067141,copy barcode from SKU
15671365927243,57051173650763,vitabiotics-pregnacare-max-84pk,5021265244843,,5021265244843,copy barcode from SKU
15671366025547,57051173880139,bperfect-indestructi-brow-wax,5060938580550,,5060938580550,copy barcode from SKU
15671366058315,57051173912907,better-you-magnesium-flakes-body-soak-250g,5060148520575,,5060148520575,copy barcode from SKU
15671366091083,57051173945675,2-piece-mens-set-the-man,6294015192278,,6294015192278,copy barcode from SKU
15671366123851,57051173978443,trilogy-vital-moisturising-cream-60ml,9421017760076,,9421017760076,copy barcode from SKU
15671366189387,57051174043979,easofen-child-3m-200ml-strawberry,5099562205409,,5099562205409,copy barcode from SKU
15671366222155,57051174076747,steradent-active-plus-30pk,5011417566312,,5011417566312,copy barcode from SKU
15671366254923,57051174109515,bperfect-erin-mcgregor-lip-library-creamy-lip-oil-blushing,5061045652437,,5061045652437,copy barcode from SKU
15671366320459,57051174306123,uriage-bariederm-handcream-50ml,3661434004728,,3661434004728,copy barcode from SKU
15671366418763,57051174666571,medicare-foam-toe-protector-small-2-s,5099390407853,,5099390407853,copy barcode from SKU
15671366451531,57051174764875,marc-jacobs-daisy-50ml-3pc-gift-set,3616303472993,,3616303472993,copy barcode from SKU
15671366484299,57051174797643,bperfect-mrs-glam-snatch-stick-tantalizing-06-deep-tan,5060806568659,,5060806568659,copy barcode from SKU
15671366615371,57051174928715,uriage-bariederm-cica-cleansing-gel-200ml,3661434008962,,3661434008962,copy barcode from SKU
15671366648139,57051174961483,uriage-xemose-cleansing-soothing-oil-500ml,3661434005923,,3661434005923,copy barcode from SKU
15671366680907,57051174994251,vaseline-lotion-200ml-cocoa,8712561483094,,8712561483094,copy barcode from SKU
15671366713675,57051175027019,durex-thin-feel-12pk,5052197045277,,5052197045277,copy barcode from SKU
15671366746443,57051175059787,anusol-soothing-wipes-30pk,5010724533888,,5010724533888,copy barcode from SKU
15671366779211,57051175092555,uriage-bebe-1st-cleansing-cream-200ml,3661434008665,,3661434008665,copy barcode from SKU
15671366844747,57051175289163,sona-revital-c-effervescent-1000mg-20pk,5390612990055,,5390612990055,copy barcode from SKU
15671366975819,57051175420235,medicare-size-a-1m-tubular-supp-bandage,5099390403084,,5099390403084,copy barcode from SKU
15671367008587,57051175453003,tepe-g4103-orange-0-45mm-6pk,7317400015309,,7317400015309,copy barcode from SKU
15671367041355,57051175485771,tena-lady-rmal,7322540852165,,7322540852165,copy barcode from SKU
15671367237963,57051175682379,sudocrem-tub-250g,5011025015004,,5011025015004,copy barcode from SKU
15671367369035,57051176075595,mam-original-soother-12mths,9001616639074,,9001616639074,copy barcode from SKU
15671367401803,57051176108363,lemsip-headcold-10pk,5000158064263,,5000158064263,copy barcode from SKU
15671367467339,57051176436043,nicorette-quickmist-1mg-1pk,3574661147017,,3574661147017,copy barcode from SKU
15671367532875,57051176632651,nivea-men-shave-gel-200ml-moisturising,5025970023250,,5025970023250,copy barcode from SKU
15671367565643,57051176665419,sona-b-complex-tabs-30-pk,5390612002802,,5390612002802,copy barcode from SKU
15671367598411,57051176698187,nicorette-invisi-patch-25mg-7pk,3574660454451,,3574660454451,copy barcode from SKU
15671367631179,57051176730955,solgar-curcumin-30-soft-gels,033984595972,,033984595972,copy barcode from SKU
15671367663947,57051176763723,chummi-lip-mask-berry-20g,855717008609,,855717008609,copy barcode from SKU
15671367696715,57051176796491,wild-cherry-blossom-refillable-natural-deodorant,5060968411572,,5060968411572,copy barcode from SKU
15671367926091,57051177156939,sculpted-liquid-lights-blush,793618017248,,793618017248,copy barcode from SKU
15671368024395,57051177255243,milk-of-magnesia-200ml,50217106,,50217106,copy barcode from SKU
15671368089931,57051177451851,vitabiotics-wellkid-muti-vitamin-liquid-4-12-years,5021265246656,,5021265246656,copy barcode from SKU
15671368122699,57051177484619,aptamil-pepti-1-400g,8712400800570,,8712400800570,copy barcode from SKU
15671368155467,57051177517387,uriage-glow-up-water-essence-100ml,3661434012020,,3661434012020,copy barcode from SKU
15671368253771,57051177615691,solar-buddies-sunscreen-applicator-blue,659436258747,,659436258747,copy barcode from SKU
15671368319307,57051177681227,menopause-test,6936983114882,,6936983114882,copy barcode from SKU
15671368352075,57051177713995,vicks-vaporub-50g-tub,5410076427710,,5410076427710,copy barcode from SKU
15671368384843,57051177746763,nicorette-freshmint-4mg-105pk,3574661146713,,3574661146713,copy barcode from SKU
15671368614219,57051178107211,jenny-glow-billionaire-inspird-by-pack-rabanne-1-million,6294015156157,,6294015156157,copy barcode from SKU
15671368679755,57051178205515,wellman-original-30-pk,5021265221301,,5021265221301,copy barcode from SKU
15671368745291,57051178500427,tommy-girl-50ml-edt-spr,022548040119,,022548040119,copy barcode from SKU
15671368778059,57051178533195,opticrom-allergy-2-eye-drops-10ml,5391513750335,,5391513750335,copy barcode from SKU
15671368810827,57051178565963,ultra-pure-glucose-powder,5391510473459,,5391510473459,copy barcode from SKU
15671368974667,57051178860875,bperfect-empress-base-body-brush,0793618273392,,0793618273392,copy barcode from SKU
15671369007435,57051178893643,jenny-glow-3-piece-mens-set-undefeated,6295199808627,,6295199808627,copy barcode from SKU
15671369105739,57051179123019,sultry-eye-duo,5391545562005,,5391545562005,copy barcode from SKU
15671369138507,57051179155787,mam-learn-to-drink-cup-6-months-blue,9001616698385,,9001616698385,copy barcode from SKU
15671369204043,57051179221323,trilogy-pure-plant-body-oil-110ml,9421017763817,,9421017763817,copy barcode from SKU
15671369269579,57051179286859,medicare-blue-detectable-plasters-1-size-100-pk,5099390405132,,5099390405132,copy barcode from SKU
15671369335115,57051179352395,pharmaton-immuno10-caps-30-pk,5000283662549,,5000283662549,copy barcode from SKU
15671369400651,57051179417931,garnier-nutrisse-4-3-dark-golden-brown-permanent-hair-dye,5021044025083,,5021044025083,copy barcode from SKU
15671369466187,57051179876683,solaresse-the-orange-one-body-mist,5060991070982,,5060991070982,copy barcode from SKU
15671369498955,57051179909451,otrivine-adult-mucus-relief-spray-10ml,5051562033604,,5051562033604,copy barcode from SKU
15671369531723,57051179942219,nivea-aftersun-lotion-200ml,4005808478941,,4005808478941,copy barcode from SKU
15671369564491,57051179974987,relactagel-vaginal-ph-reg-5ml,5099627961110,,5099627961110,copy barcode from SKU
15671369630027,57051180040523,so-seychelle-sands-body-mist-200ml,5018389024086,,5018389024086,copy barcode from SKU
15671369662795,57051180073291,sol-beauty-coconut-lip-oil,5013692278096,,5013692278096,copy barcode from SKU
15671369695563,57051180106059,sculpted-brighten-define-eyeliner-duo-nude-brown,0794712794585,,0794712794585,copy barcode from SKU
15671369859403,57051180400971,bperfect-annalivia-lip-library-creamy-lip-liner,5061045651393,,5061045651393,copy barcode from SKU
15671369892171,57051180826955,solgar-zinc-picolinate-22mg-100s,033984037250,,033984037250,copy barcode from SKU
15671369924939,57051180859723,revive-active-omega-active-60-capsules,5391546180024,,5391546180024,copy barcode from SKU
15671369990475,57051180925259,revive-active-joint-complex-7pk,702785152836,,702785152836,copy barcode from SKU
15671370056011,57051180990795,fluor-kin-mouthwash-500ml-children-s,8436026211700,,8436026211700,copy barcode from SKU
15671370121547,57051181056331,uriage-hyseac-purifying-peel-off-mask-50ml,3661434008283,,3661434008283,copy barcode from SKU
15671370252619,57051181318475,infinity-black-tweezer-straight,5391018015724,,5391018015724,copy barcode from SKU
15671370350923,57051181416779,jenny-glow-3-piece-ladies-set-adoor,6294015191325,,6294015191325,copy barcode from SKU
15671370383691,57051181449547,waxperts-wonder-pads,5391530360074,,5391530360074,copy barcode from SKU
15671370449227,57051181515083,l-oreal-elvive-shamp-400ml-fibrology,3600522497233,,3600522497233,copy barcode from SKU
15671370645835,57051181941067,nubit,8433042022655,,8433042022655,copy barcode from SKU
15671370711371,57051182170443,3-x-15ml-gift-set-shoe-pomegranate-myrrh,6294015191752,,6294015191752,copy barcode from SKU
15671370776907,57051182367051,aveeno-baby-hair-and-body-wash,3574661497495,,3574661497495,copy barcode from SKU
15671370842443,57051182432587,azio-beauty-intense-lifting-day-cream,5070000552644,,5070000552644,copy barcode from SKU
15671370907979,57051182498123,uriage-water-cream-compact-spf30-10g,3661434006555,,3661434006555,copy barcode from SKU
15671370973515,57051182563659,zooki-collagen-grape-14-sachets,5060518931307,,5060518931307,copy barcode from SKU
15671371039051,57051182629195,ferrograd-tabs-325mg,5013158773097,,5013158773097,copy barcode from SKU
15671371235659,57051182924107,optibac-for-women-30-caps,5060086610635,,5060086610635,copy barcode from SKU
15671371268427,57051182956875,otrivine-antistin-eye-drops-10ml,50487172,,50487172,copy barcode from SKU
15671371301195,57051182989643,johnson-s-soft-pamper-body-wash-400ml,3574661384665,,3574661384665,copy barcode from SKU
15671371333963,57051183022411,gaviscon-peppermint-liquid-300ml,5000158065949,,5000158065949,copy barcode from SKU
15671371399499,57051183219019,bioactive-d-pearls-75ug-80pk,5709976123205,,5709976123205,copy barcode from SKU
15671371432267,57051183251787,pestle-and-mortar-2-phase-vitamin-c-serum-40ml,855717008272,,855717008272,copy barcode from SKU
15671371465035,57051183284555,flormar-fl1084-illuminating-primer-make-up,8690604164660,,8690604164660,copy barcode from SKU
15671371497803,57051183317323,perfection-primer-champagne-glow,5060806562022,,5060806562022,copy barcode from SKU
15671371530571,57051183350091,lanes-kalms-3-a-day-100pk,5000477173134,,5000477173134,copy barcode from SKU
15671371563339,57051183382859,voduz-knot-anymore-detangling-brush,0793591683959,,0793591683959,copy barcode from SKU
15671371628875,57051183448395,ogam-clove-bud-5ml,5390600001060,,5390600001060,copy barcode from SKU
15671371661643,57051183481163,medicare-wound-closure-strips-10,5099390404760,,5099390404760,copy barcode from SKU
15671371694411,57051183513931,chroma-liquid-concealer-w6,5060907054655,,5060907054655,copy barcode from SKU
15671371825483,57051183972683,boss-the-scent-mens-100ml-2pc-gift-set,3616305488817,,3616305488817,copy barcode from SKU
15671371891019,57051184038219,iglow-chilli-lips-lip-plumper-soft-pink,7073186000075,,7073186000075,copy barcode from SKU
15671372120395,57051184398667,cl-ear-express-dual-action-ear-drops,5060133376279,,5060133376279,copy barcode from SKU
15671372218699,57051184529739,luna-by-lisa-blusher-peachy,5391532521671,,5391532521671,copy barcode from SKU
15671372448075,57051184857419,biabelle-hydrating-self-tan-medium,5391534620914,,5391534620914,copy barcode from SKU
15671372480843,57051184890187,carmex-cherry-tube-10g-spf15,083078001445,,083078001445,copy barcode from SKU
15671372513611,57051184922955,svr-biotic-cera-regenerating-filling-balm-50ml,3662361001262,,3662361001262,copy barcode from SKU
15671372579147,57051185086795,thermacare-3pk-neck-shoulder-wrist,5000309006470,,5000309006470,copy barcode from SKU
15671372808523,57051185512779,chanel-coco-mademoiselle-eau-de-parfum-35ml,3145891163902,,3145891163902,copy barcode from SKU
15671372874059,57051185840459,chroma-liquid-concealer-n4,5060907054617,,5060907054617,copy barcode from SKU
15671372939595,57051185905995,vitabiotics-wellteen-him-plus-13-19-years,5021265247349,,5021265247349,copy barcode from SKU
15671372972363,57051185938763,nivea-men-dry-impact-double-pack,5011076001070,,5011076001070,copy barcode from SKU
15671373005131,57051185971531,marc-jacobs-perfect-50ml-2pc-gift-set,3616304105012,,3616304105012,copy barcode from SKU
15671373037899,57051186004299,aveeno-dermexa-emollient-body-wash-300ml,3574661412672,,3574661412672,copy barcode from SKU
15671373201739,57051186168139,virasoothe-gel,5011309089516,,5011309089516,copy barcode from SKU
15671373267275,57051186233675,rennie-spearmint-24pk,5010605295195,,5010605295195,copy barcode from SKU
15671373300043,57051186266443,sunset-fresh-trio,8720181651953,,8720181651953,copy barcode from SKU
15671373365579,57051186561355,vitabiotics-wellkid-chewable-tabs-30-pk,5021265223800,,5021265223800,copy barcode from SKU
15671373398347,57051186594123,sudafed-syrup-100ml,5010123667498,,5010123667498,copy barcode from SKU
15671373529419,57051186725195,vitabiotics-pregnacare-new-mum-56pk,5021265244850,,5021265244850,copy barcode from SKU
15671373594955,57051186790731,jenny-glow-2-piece-ladies-set-blooming,6294015186406,,6294015186406,copy barcode from SKU
15671373627723,57051186823499,fsc-waterfall-tabs-30pk-excess-water,5010249309654,,5010249309654,copy barcode from SKU
15671373726027,57051186921803,hero-mighty-patch-invisible,5010724000434,,5010724000434,copy barcode from SKU
15671373857099,57051187085643,trilogy-botanical-body-wash-500ml,9421017763954,,9421017763954,copy barcode from SKU
15671373889867,57051187118411,discover-beauty-bag-gift-set,8720182782281,,8720182782281,copy barcode from SKU
15671373988171,57051187249483,3-piece-ladies-set-ufo,6294015191288,,6294015191288,copy barcode from SKU
15671374119243,57051187380555,paco-lady-million-30ml-edp-spr,3349668508471,,3349668508471,copy barcode from SKU
15671374217547,57051187478859,robitussin-chesty-cough-100ml,5011102003108,,5011102003108,copy barcode from SKU
15671374348619,57051187872075,sculpted-hydrabright-illuminating-serum-50ml,5391545129246,,5391545129246,copy barcode from SKU
15671374414155,57051188298059,uriage-d-s-regulating-emulsion-40ml,3661434000072,,3661434000072,copy barcode from SKU
15671374446923,57051188330827,chroma-cover-matte-foundation-n4,5060907055881,,5060907055881,copy barcode from SKU
15671374545227,57051188429131,voduz-sun-soak-after-sun-shampoo-90ml,5060938587207,,5060938587207,copy barcode from SKU
15671374741835,57051188691275,paddington-paint-your-own-bug-hotel,5051237087147,,5051237087147,copy barcode from SKU
15671374774603,57051188724043,bperfect-mrs-glam-sunset-glow-mystic-moonlight-cream-highlight,5061045650921,,5061045650921,copy barcode from SKU
15671374807371,57051188756811,deep-heat-muscle-rescue-neck-shoulder-cream-50g,5011501012367,,5011501012367,copy barcode from SKU
15671374840139,57051188789579,king-hair-beauty-mircale-root-touch-up-dark-brown,0745178915939,,0745178915939,copy barcode from SKU
15671374905675,57051188855115,glycerine-b-p-ultrapure-150ml,5391510473138,,5391510473138,copy barcode from SKU
15671374971211,57051188920651,physiologix-level-3-ankle-support-one-size,5099390415391,,5099390415391,copy barcode from SKU
15671375003979,57051188953419,mitchum-anti-persp-men-ultimate-clean-control-41g,309974755634,,309974755634,copy barcode from SKU
15671375036747,57051188986187,lancome-la-vie-est-belle-30ml-edp-spr,3605532612690,,3605532612690,copy barcode from SKU
15671375102283,57051189051723,nurofen-express-400mg-maximum-strength-tablet-24p,5000158102958,,5000158102958,copy barcode from SKU
15671375135051,57051189084491,jenny-glow-savage-inspired-by-dior-sauvage-50ml,6294015156171,,6294015156171,copy barcode from SKU
15671375200587,57051189150027,ogam-patchouli-5ml,5390600001206,,5390600001206,copy barcode from SKU
15671375266123,57051189248331,seven-seas-active-55-original-60-pk,5012335851801,,5012335851801,copy barcode from SKU
15671375397195,57051189379403,ov-surgical-spirits-100ml,5098928121995,,5098928121995,copy barcode from SKU
15671375495499,57051189510475,svr-biotic-pepti-smoothing-regenerating-matte-gel-50ml,3662361001194,,3662361001194,copy barcode from SKU
15671375528267,57051189543243,wild-cherry-blossom-refill-40g,5060968411565,,5060968411565,copy barcode from SKU
15671375561035,57051189576011,jenny-glow-liberte-inspired-by-ysl-libre-15ml,6294015179606,,6294015179606,copy barcode from SKU
15671375757643,57051189805387,udo-s-choice-childrens-blend-microbiotics-60pk,5391500070859,,5391500070859,copy barcode from SKU
15671375855947,57051189903691,4-x-15ml-gift-set-carot-red-blooming-ador-angelic,6294015191400,,6294015191400,copy barcode from SKU
15671375888715,57051189936459,spicebomb-mens-50ml-edt-spr,3605521515629,,3605521515629,copy barcode from SKU
15671375987019,57051190034763,sona-l-lysine-tabs-1000mg-45pk,5390612051053,,5390612051053,copy barcode from SKU
15671376019787,57051190067531,bausch-lomb-artelac-nighttime-gel-10g,4049649000213,,4049649000213,copy barcode from SKU
15671376085323,57051190133067,nicorette-inhaler-15mg-4crt-refl,3574661146942,,3574661146942,copy barcode from SKU
15671376281931,57051190395211,panadol-night-20pk,5000347065361,,5000347065361,copy barcode from SKU
15671376380235,57051190493515,medicare-reusable-hot-cold-pack,5099390403190,,5099390403190,copy barcode from SKU
15671376413003,57051190526283,optibac-one-week-flat-28-pk,5060086610710,,5060086610710,copy barcode from SKU
15671376511307,57051190657355,medigauze-ns-swap-10x10cm-8ply-100pk,5099390405163,,5099390405163,copy barcode from SKU
15671376544075,57051190690123,uriage-eau-thermale-micellar-water-500ml,3661434009396,,3661434009396,copy barcode from SKU
15671376609611,57051190755659,bperfect-double-sided-luxury-velvet-tanning-mitt,797776563869,,797776563869,copy barcode from SKU
15671376642379,57051190788427,floradix-floravital-liquid-500ml,4004148017186,,4004148017186,copy barcode from SKU
15671376806219,57051191017803,nicorette-inhaler-15mg-20crt-ref,3574661146065,,3574661146065,copy barcode from SKU
15671376904523,57051191116107,dior-sauvage-60ml-edt-spr,3348901250153,,3348901250153,copy barcode from SKU
15671376937291,57051191148875,better-you-b12-boost-oral-spray-25ml,96032893,,96032893,copy barcode from SKU
15671377068363,57051191279947,anusol-cream-23g,5010724531068,,5010724531068,copy barcode from SKU
15671377264971,57051191476555,bayliss-harding-peony-lychee-vanilla-luxury-hand-wash-500ml,017854120037,,017854120037,copy barcode from SKU
15671377297739,57051191509323,uniflu-cough-stop,5391513951077,,5391513951077,copy barcode from SKU
15671377330507,57051191574859,tena-lady-maxi-night-6-s-5069,7322540455236,,7322540455236,copy barcode from SKU
15671377428811,57051191640395,king-hair-beauty-gold-dust-luxury-dry-shampoo,735850853475,,735850853475,copy barcode from SKU
15671377494347,57051191705931,aroma-works-essentail-oils-duo-range,5060283073660,,5060283073660,copy barcode from SKU
15671377658187,57051191869771,uriage-hyseac-cleansing-cream-150ml,3661434002663,,3661434002663,copy barcode from SKU
15671377822027,57051192197451,nelson-teetha-gel-15g,5000488105247,,5000488105247,copy barcode from SKU
15671377953099,57051192394059,lynx-showergel-250ml-africa,50287994,,50287994,copy barcode from SKU
15671378051403,57051192525131,sculpted-by-aimee-liquidglo-brightening-essence-100ml,5391545129239,,5391545129239,copy barcode from SKU
15671378084171,57051192557899,bepantiseptic-1st-aid-cream-55g,5010605952548,,5010605952548,copy barcode from SKU
15671378280779,57051193377099,jenny-glow-madame-inspired-by-coco-mademoiselle-15ml,6294015179583,,6294015179583,copy barcode from SKU
15671378346315,57051193442635,indestructi-brow-pencil-charcoal,793591326764,,793591326764,copy barcode from SKU
15671378379083,57051193475403,carmex-classic-pot-7-5g-on-card,083078001476,,083078001476,copy barcode from SKU
15671378411851,57051193508171,medicare-pill-crusher,079573009161,,079573009161,copy barcode from SKU
15671378510155,57051193606475,emazole-20mg-tablets-7pk,5390387330216,,5390387330216,copy barcode from SKU
15671378575691,57051193672011,hismile-teeth-whitening-pap-strips-14-applications,0744109219085,,0744109219085,copy barcode from SKU
15671378673995,57051193770315,voduz-high-riser-volumising-root-spray,5061007282870,,5061007282870,copy barcode from SKU
15671378706763,57051193868619,mam-fun-to-drink-cup-night-8-months-blue,9001616716140,,9001616716140,copy barcode from SKU
15671378772299,57051193934155,gillette-mach-3-blades-4pk,7702018408740,,7702018408740,copy barcode from SKU
15671378870603,57051194032459,zirtek-tabs-10mg-7pk,5391503740056,,5391503740056,copy barcode from SKU
15671378936139,57051194097995,uriage-hyseac-new-skin-serum-40ml,3661434008290,,3661434008290,copy barcode from SKU
15671378968907,57051194130763,uriage-xemose-sos-anti-itch-mist,3661434007910,,3661434007910,copy barcode from SKU
15671379001675,57051194163531,tena-lady-duo-pack,7322540161472,,7322540161472,copy barcode from SKU
15671379034443,57051194196299,vicks-comf-plug-in-5-sachet,4022167170316,,4022167170316,copy barcode from SKU
15671379099979,57051194261835,garnier-ultimate-blends-nourishing-hair-food-banana-shea-3-in-1-hair-mask,3600542231572,,3600542231572,copy barcode from SKU
15671379132747,57051194294603,sculpted-easybrow-medium-brown,5391545120557,,5391545120557,copy barcode from SKU
15671379165515,57051194327371,medicare-one-week-pillbox,5099390404968,,5099390404968,copy barcode from SKU
15671379329355,57051194655051,optibac-s-boulardii-40-pk,5060086610864,,5060086610864,copy barcode from SKU
15671379525963,57051195015499,pharmaton-caps-30pk,7610939000014,,7610939000014,copy barcode from SKU
15671379558731,57051195048267,sculpted-hydralip-bronze,0754590489386,,0754590489386,copy barcode from SKU
15671379591499,57051195081035,cydonia-cooling-polar-ice-100ml,3870112001144,,3870112001144,copy barcode from SKU
15671379689803,57051195179339,jenny-glow-3-piece-ladies-set-the-shoe,6295199808870,,6295199808870,copy barcode from SKU
15671379788107,57051195277643,warmies-rolled-long-hot-water-bottle-grey,5060075689109,,5060075689109,copy barcode from SKU
15671380083019,57051195572555,uriage-eau-thermale-body-balm-200ml,3661434004711,,3661434004711,copy barcode from SKU
15671380148555,57051195670859,uriage-xemose-pso-soothing-concentrate-150ml,3661434008955,,3661434008955,copy barcode from SKU
15671380246859,57051195769163,sculpted-lashlift-rich-brown,5391545124821,,5391545124821,copy barcode from SKU
15671380345163,57051195900235,jenny-glow-2-piece-ladies-set-ufo,6294015163858,,6294015163858,copy barcode from SKU
15671380377931,57051195933003,nivea-men-deo-150ml-sensitive-protect,4005808663798,,4005808663798,copy barcode from SKU
15671380443467,57051195998539,chroma-cover-luminous-foundation-n5,5060907056284,,5060907056284,copy barcode from SKU
15671380541771,57051196096843,paralief-paracetamol-24pk-blue-clonmel,5099562916077,,5099562916077,copy barcode from SKU
15671380640075,57051196293451,uriage-bebe-1st-cradle-cap-care-cream-40ml,3661434002502,,3661434002502,copy barcode from SKU
15671380738379,57051196424523,jenny-glow-posies-inspired-by-marc-jacobs-daisy,6294015136883,,6294015136883,copy barcode from SKU
15671380803915,57051196490059,cleanmarine-for-women-60caps,5391500077803,,5391500077803,copy barcode from SKU
15671380934987,57051196621131,l-oreal-elvive-cond-300ml-col-protect,3600520433073,,3600520433073,copy barcode from SKU
15671381098827,57051196784971,ov-iodine-tincture-30ml,5098928121780,,5098928121780,copy barcode from SKU
15671381131595,57051196817739,medicare-digital-pulse-oximeter,5099390416213,,5099390416213,copy barcode from SKU
15671381197131,57051196883275,colgate-tg-blue-minty-fresh-gel-100ml,8714789436104,,8714789436104,copy barcode from SKU
15671381295435,57051197178187,the-belle-brush-blowdry-small,5391532760087,,5391532760087,copy barcode from SKU
15671381360971,57051197243723,bio-kult-caps-120pk,5027314504043,,5027314504043,copy barcode from SKU
15671381426507,57051197309259,ck-euphoria-mens-100ml-edt-spr,088300178278,,088300178278,copy barcode from SKU
15671381492043,57051197374795,jungle-formula-maximum-spray-150ml,5012616262432,,5012616262432,copy barcode from SKU
15671381623115,57051197505867,sculpted-bronze-base-refill-pouch-light-medium,794712490852,,794712490852,copy barcode from SKU
15671381655883,57051197538635,wild-mint-aloe-vera-refill-mens,5065003990692,,5065003990692,copy barcode from SKU
15671381754187,57051197800779,caldease-30g-nappy-rash-ointment,5099562741655,,5099562741655,copy barcode from SKU
15671381918027,57051198128459,active-iron-kids-iron-vit-d-30-chews,5391540870303,,5391540870303,copy barcode from SKU
15671381983563,57051198193995,sosu-6pce-nude-premium-brush-collection-face-set,5391541763611,,5391541763611,copy barcode from SKU
15671382278475,57051198554443,diesel-d-by-diesel-50ml-2pc-gift-set,3614273852852,,3614273852852,copy barcode from SKU
15671382311243,57051198587211,carnation-animal-wool,5012654200601,,5012654200601,copy barcode from SKU
15671382442315,57051198718283,revive-active-magnesium-complex-60pk,5391546180291,,5391546180291,copy barcode from SKU
15671382475083,57051198751051,excedrin-tablets-20pk,5051562036100,,5051562036100,copy barcode from SKU
15671382704459,57051199111499,nivea-body-firming-lotion-q10-plus-250ml,4005900512161,,4005900512161,copy barcode from SKU
15671382769995,57051199177035,salactol-wart-paint-10ml,5016379320019,,5016379320019,copy barcode from SKU
15671382835531,57051199209803,2-piece-ladies-set-madame,6294015142624,,6294015142624,copy barcode from SKU
15671382901067,57051199406411,uriage-bariederm-cica-daily-serum-30ml,3661434011931,,3661434011931,copy barcode from SKU
15671382933835,57051199439179,svr-sensifine-ar-eau-micellaire-400ml,3401360167902,,3401360167902,copy barcode from SKU
15671383032139,57051199766859,optibac-for-your-baby-drops,5060086611038,,5060086611038,copy barcode from SKU
15671383163211,57051199930699,medicare-male-heel-cushions-2-s,5099390407945,,5099390407945,copy barcode from SKU
15671383195979,57051199963467,compeed-blister-medium-5pk,5708932006910,,5708932006910,copy barcode from SKU
15671383327051,57051200553291,tena-lady-pants-discreet-large-5pk,7322540679212,,7322540679212,copy barcode from SKU
15671383425355,57051200651595,solgar-flaxseed-1250mg-capsules-100pk,033984010741,,033984010741,copy barcode from SKU
15671383458123,57051200684363,garnier-olia-5-3-golden-brown-no-ammonia-permanent-hair-dye,3600541233720,,3600541233720,copy barcode from SKU
15671383490891,57051200717131,the-belle-brush-baby-belle,5391532760018,,5391532760018,copy barcode from SKU
15671383589195,57051200815435,jimmy-choo-man-100ml-edt-spray,3386460064118,,3386460064118,copy barcode from SKU
15671383687499,57051200913739,chance-eau-tendre-edp-spray-50ml,3145891262506,,3145891262506,copy barcode from SKU
15671383720267,57051200946507,uriage-ds-hair-kerato-reducing-treatment-shampoo-150ml,3661434009310,,3661434009310,copy barcode from SKU
15671383753035,57051200979275,bperfect-prep-set-collection-gift-set,5056832902093,,5056832902093,copy barcode from SKU
15671383818571,57051201044811,solgar-ester-c-1000mg-90-caps,033984169876,,033984169876,copy barcode from SKU
15671383916875,57051201503563,anadin-tabs-24pk,5054563245175,,5054563245175,copy barcode from SKU
15671383949643,57051201536331,nivea-aftersun-spray-200ml,4005808804344,,4005808804344,copy barcode from SKU
15671384015179,57051201601867,p-m-nmf-toner-200ml,855717008630,,855717008630,copy barcode from SKU
15671384047947,57051201634635,panadol-actifast-soluble-12pk,5054563080622,,5054563080622,copy barcode from SKU
15671384113483,57051201700171,difflam-spray-30ml,5060035248353,,5060035248353,copy barcode from SKU
15671384146251,57051201732939,vitabiotics-wellteen-for-him-30pk,5021265247325,,5021265247325,copy barcode from SKU
15671384179019,57051201765707,azio-beauty-intense-lifting-eye-serum,96213261,,96213261,copy barcode from SKU
15671384244555,57051201896779,the-handmade-soap-company-bitter-orange-pink-pepper-hand-wash-250ml,5391520236341,,5391520236341,copy barcode from SKU
15671384310091,57051201962315,2-piece-mens-set-midnight-blue,6294015163742,,6294015163742,copy barcode from SKU
15671384539467,57051202224459,carex-hw-original-250ml,5000101346170,,5000101346170,copy barcode from SKU
15671384605003,57051202322763,difflam-oral-rinse-300ml,5060035248308,,5060035248308,copy barcode from SKU
15671384801611,57051202683211,3-piece-ladies-set-opium,6294015191264,,6294015191264,copy barcode from SKU
15671384834379,57051202715979,maalox-plus-oral-suspension-250ml-lemon,5000283657392,,5000283657392,copy barcode from SKU
15671384932683,57051202814283,anusol-supp-12pk,5010123726294,,5010123726294,copy barcode from SKU
15671384998219,57051202879819,reno-n5-body-lotion-200ml,3145891057485,,3145891057485,copy barcode from SKU
15671385096523,57051203600715,uriage-cleansing-soothing-oil-500ml,3661434005879,,3661434005879,copy barcode from SKU
15671385129291,57051203633483,optibac-travel-abroad,5060086610055,,5060086610055,copy barcode from SKU
15671385162059,57051203666251,sreeze-nasal-spray-10ml,50074457,,50074457,copy barcode from SKU
15671385325899,57051204518219,joop-homme-75ml-edt-spr,3414206000592,,3414206000592,copy barcode from SKU
15671385358667,57051204550987,milton-wipes-30pk,3361370018994,,3361370018994,copy barcode from SKU
15671385391435,57051204583755,optrex-multi-action-eye-wash-100ml,5000158101425,,5000158101425,copy barcode from SKU
15671385489739,57051204682059,uriage-extra-rich-dermatological-gel-500ml,3661434005862,,3661434005862,copy barcode from SKU
15671385522507,57051204714827,o-keefe-s-lip-balm-cooling,5704947003425,,5704947003425,copy barcode from SKU
15671385555275,57051204747595,strepsils-honey-lemon-lozenge-36pk,5011417579176,,5011417579176,copy barcode from SKU
15671385653579,57051205042507,promo-pack-brylcreem-gel-150ml-2pk-7-strong,8712100146398,,8712100146398,copy barcode from SKU
15671385751883,57051205173579,dulcolax-tabs-20pk,5012917076929,,5012917076929,copy barcode from SKU
15671385817419,57051205370187,luna-by-lisa-hydrate-conditioner,5391532528397,,5391532528397,copy barcode from SKU
15671385850187,57051205402955,azio-beauty-lift-factor-neck-chest-cream,5070000552637,,5070000552637,copy barcode from SKU
15671385882955,57051205435723,spotlight-teeth-white-system,5391531560336,,5391531560336,copy barcode from SKU
15671385915723,57051205468491,sonisk-sonic-pulse-toothbrush-black,5060679070891,,5060679070891,copy barcode from SKU
15671386014027,57051205992779,paco-rabanne-lady-million-80ml-edp,3349668508587,,3349668508587,copy barcode from SKU
15671386046795,57051206025547,jenny-glow-origins-inspired-by-jimmy-choo-original-30ml,6294015156140,,6294015156140,copy barcode from SKU
15671386145099,57051206123851,celtic-can-round-pot-black-pomegranate,5038871058375,,5038871058375,copy barcode from SKU
15671386177867,57051206156619,medicare-fabric-plasters-30pk,5099390413571,,5099390413571,copy barcode from SKU
15671386210635,57051206189387,jenny-glow-3-piece-mens-set-the-man,6295199808641,,6295199808641,copy barcode from SKU
15671386243403,57051206222155,dettol-2in1-anti-bac-wipes,5011417566282,,5011417566282,copy barcode from SKU
15671386308939,57051206287691,eylure-brow-dye-black,5011522531007,,5011522531007,copy barcode from SKU
15671386374475,57051206484299,kit-kaboodle-hair-roller-velcro-med-6pk,5391531140408,,5391531140408,copy barcode from SKU
15671386440011,57051206648139,kelkin-effervescent-vit-c-1000mg-20pk,5011032668996,,5011032668996,copy barcode from SKU
15671386472779,57051206680907,uriage-hyseac-mattifying-emulsion-40ml,3661434010033,,3661434010033,copy barcode from SKU
15671386636619,57051206943051,uriage-hyseac-reconstructing-skincare-40ml,3661434004339,,3661434004339,copy barcode from SKU
15671386734923,57051207172427,vitabiotics-conception-his-hers-60-pk,5021265242344,,5021265242344,copy barcode from SKU
15671386898763,57051207336267,bperfect-mrs-glam-honey-glazed-lip-oil,5061045652666,,5061045652666,copy barcode from SKU
15671386997067,57051207598411,anadin-maximum-strength-caps-12pk,5000309005329,,5000309005329,copy barcode from SKU
15671387029835,57051207631179,sorefix-rescue-cold-sore-cream,8718309701345,,8718309701345,copy barcode from SKU
15671387095371,57051207696715,optibac-for-those-on-antibiotics,5060086610062,,5060086610062,copy barcode from SKU
15671387160907,57051207762251,symprove-4-week-supply-original,5060221910057,,5060221910057,copy barcode from SKU
15671387193675,57051207795019,juvar-com-plex-intensive-repair-treatment-250ml,0698596599208,,0698596599208,copy barcode from SKU
15671387390283,57051208450379,sculpted-lip-duo-undressed-nude,794712143505,,794712143505,copy barcode from SKU
15671387455819,57051208515915,mitchum-anti-pers-pwdr-frsh-150ml,5051389044838,,5051389044838,copy barcode from SKU
15671387521355,57051208581451,fusion-allergy-eye-drops,5391531760309,,5391531760309,copy barcode from SKU
15671387554123,57051208614219,the-handmade-soap-company-lemongrass-cedarwood-soap-bar-100g,5391520236044,,5391520236044,copy barcode from SKU
15671387586891,57051208646987,bbold-microfibre-applicator-glove-mitt,5060298550385,,5060298550385,copy barcode from SKU
15671387652427,57051208712523,all-stars-collection,0745314241946,,0745314241946,copy barcode from SKU
15671387750731,57051208843595,lacabine-eye-contour-amp-2ml,8435534405779,,8435534405779,copy barcode from SKU
15671387783499,57051208876363,lanes-olbas-oil-28ml,5000477616921,,5000477616921,copy barcode from SKU
15671387914571,57051209138507,jenny-glow-belle-15ml-eau-de-parfum,6294015179477,,6294015179477,copy barcode from SKU
15671387947339,57051209171275,uriage-age-lift-firming-smoothing-day-cream-40ml,3661434009266,,3661434009266,copy barcode from SKU
15671388143947,57051209892171,kin-whitening-toothpaste-75ml,8436026211694,,8436026211694,copy barcode from SKU
15671388176715,57051209924939,aroma-works-lemongrass-bergamot-10ml,5060283074957,,5060283074957,copy barcode from SKU
15671388209483,57051209957707,berocca-immuno-eff-15pk,5010605402371,,5010605402371,copy barcode from SKU
15671388275019,57051210121547,selfscreen-home-drug-test-1pk,5099374999992,,5099374999992,copy barcode from SKU
15671388307787,57051210154315,wild-black-case-fresh-cotton-sea-salt-deodorant-starter-pack-mens,5065003990098,,5065003990098,copy barcode from SKU
15671388438859,57051210285387,nicorette-freshmint-2mg-105pk,3574661146706,,3574661146706,copy barcode from SKU
15671388537163,57051210383691,dkny-be-delicious-fresh-blossom-50ml-edp-spr,085715950093,,085715950093,copy barcode from SKU
15671388569931,57051210416459,3-x-15ml-gift-set-madam-chance-floral,6294015191769,,6294015191769,copy barcode from SKU
15671388602699,57051210449227,brupro-max-ibuprofen-400mg-tabs-12pk,5390387373206,,5390387373206,copy barcode from SKU
15671388635467,57051210481995,uriage-refreshing-make-up-removing-jelly-150ml,3661434009426,,3661434009426,copy barcode from SKU
15671388766539,57051210613067,svr-hydraliane-creme-riche-50ml,3662361003297,,3662361003297,copy barcode from SKU
15671389028683,57051212218699,bare-addiction-4-steps-to-clearer-skin,5060867610083,,5060867610083,copy barcode from SKU
15671389061451,57051212251467,zirtek-tabs-10mg-30pk,5015313013581,,5015313013581,copy barcode from SKU
15671389094219,57051212284235,chanel-no5-eau-de-parfum-50ml,3145891254303,,3145891254303,copy barcode from SKU
15671389159755,57051212349771,durex-pleasure-me-6pk,5052197026016,,5052197026016,copy barcode from SKU
15671389290827,57051212480843,nexium-control-tabs-14pk,5391523250177,,5391523250177,copy barcode from SKU
15671389454667,57051213103435,chroma-liquid-concealer-w3,5060907054600,,5060907054600,copy barcode from SKU
15671389552971,57051213431115,your-zooki-vitamin-c-mixed-berry-single-sachet,5060518930638,,5060518930638,copy barcode from SKU
15671389618507,57051213496651,homme-allure-sport-spray-edt-100ml,3145891236309,,3145891236309,copy barcode from SKU
15671389716811,57051213594955,gaviscon-extra-handy-12pk-peppermint,5052197048421,,5052197048421,copy barcode from SKU
15671389815115,57051213824331,skingredients-aha-cleanse-brightening-and-exfoliating-lactic-acid-cleanser-100ml-primary,634240001734,,634240001734,copy barcode from SKU
15671389847883,57051213857099,bperfect-mrs-glam-snatch-stick-sun-drenched-05-neutral-tan,5060907054525,,5060907054525,copy barcode from SKU
15671389913419,57051213922635,piriton-tabs-4mg-30pk,5011080182932,,5011080182932,copy barcode from SKU
15671389946187,57051213955403,l-or-al-paris-elvive-bond-repair-pre-shampoo-treatment-200ml,3600524074524,,3600524074524,copy barcode from SKU
15671390077259,57051214348619,pro-voke-touch-of-silver-colour-care-shampoo-200ml,5012008721004,,5012008721004,copy barcode from SKU
15671390110027,57051214381387,palmolive-naturals-milk-honey-hand-wash-300ml,8003520013026,,8003520013026,copy barcode from SKU
15671390142795,57051214414155,brupro-ibuprofen-200mg-tabs-48pk,5390387373138,,5390387373138,copy barcode from SKU
15671390404939,57051215397195,neilmed-sinus-rinse-orig-kit-240ml-60pk,705928001008,,705928001008,copy barcode from SKU
15671390437707,57051215429963,bperfect-ex-foliate-tan-removing-scrub,5060938583865,,5060938583865,copy barcode from SKU
15671390470475,57051215462731,hydration-station-12g,5034033000480,,5034033000480,copy barcode from SKU
15671390536011,57051215528267,bperfect-indestruct-brow-soap,793618273279,,793618273279,copy barcode from SKU
15671390568779,57051215561035,casacol-expectorant-syrup-300ml,5391513950315,,5391513950315,copy barcode from SKU
15671390634315,57051215626571,voduz-slumber-satin-sleep-set,5060806560943,,5060806560943,copy barcode from SKU
15671390667083,57051215659339,bperfect-annalivia-perfection-primer,5061045651379,,5061045651379,copy barcode from SKU
15671390830923,57051215954251,glow-go-essentials-gift-set,8720182782045,,8720182782045,copy barcode from SKU
15671390863691,57051215987019,nivea-men-shave-gel-200ml-sensitive,5025970023243,,5025970023243,copy barcode from SKU
15671390994763,57051216118091,uriage-xemose-anti-irritation-lipid-replenishing-cream-200ml,3661434004841,,3661434004841,copy barcode from SKU
15671391027531,57051216150859,nutrogena-hand-cream-50ml,4012273123009,,4012273123009,copy barcode from SKU
15671391093067,57051216347467,medicare-blister-plasters-6pk-medium,5099390409666,,5099390409666,copy barcode from SKU
15671391125835,57051216380235,jenny-glow-chance-it-30ml-inspired-by-chanel-chance,6294015136258,,6294015136258,copy barcode from SKU
15671391224139,57051216478539,uniflu-with-vitamin-c-tablets-24pk,5017896811110,,5017896811110,copy barcode from SKU
15671391322443,57051216838987,senokot-tablets-60pk,5000158062825,,5000158062825,copy barcode from SKU
15671391387979,57051216904523,uriage-roseliane-demo-cleansing-fluid-250ml,3661434003431,,3661434003431,copy barcode from SKU
15671391420747,57051216937291,medicare-fabric-assorted-plasters-30pk,5099390270143,,5099390270143,copy barcode from SKU
15671391453515,57051216970059,sensodyne-rapid-relief-mint-75ml,5054563023803,,5054563023803,copy barcode from SKU
15671391519051,57051217297739,nurofen-child-6-200ml-spn-orange,5000158070196,,5000158070196,copy barcode from SKU
15671391748427,57051217625419,phenergan-elixir-100ml,5391513750182,,5391513750182,copy barcode from SKU
15671391813963,57051217690955,flixonase-nasal-spray,5011080101377,,5011080101377,copy barcode from SKU
15671392010571,57051218346315,milton-surface-spray-500ml,3361370713479,,3361370713479,copy barcode from SKU
15671392239947,57051218575691,umbro-ice-toiletry-bag-set-for-him,5013692263245,,5013692263245,copy barcode from SKU
15671392305483,57051218641227,nicorette-cools-2mg-loz-20pk,3574661146096,,3574661146096,copy barcode from SKU
15671392371019,57051218706763,otrivine-adult-sinusitis-10ml-measured-dose,50045938,,50045938,copy barcode from SKU
15671392436555,57051218772299,joop-homme-200ml-edt-spr,3607345809915,,3607345809915,copy barcode from SKU
15671392633163,57051219067211,acic-5-cream-2g,5390387372018,,5390387372018,copy barcode from SKU
15671392698699,57051219296587,carex-the-original-dermacare-eco-refill-500ml-hand-wash,5000101102479,,5000101102479,copy barcode from SKU
15671392764235,57051219362123,garnier-ultimate-blends-nourishing-hair-food-banana-coconut-shampoo,3600542342933,,3600542342933,copy barcode from SKU
15671392993611,57051219591499,quest-vitamin-b12-1000mcg-60pk,5022339874010,,5022339874010,copy barcode from SKU
15671393059147,57051219657035,sculpted-cream-cushion-foundation-2-75n,5391548381566,,5391548381566,copy barcode from SKU
15671393190219,57051219788107,sculpted-by-aimee-shape-set-brow-pencil-fixing-gel-medium-brown,0796548963067,,0796548963067,copy barcode from SKU
15671393321291,57051219919179,beeline-vit-d-oral-spray-20ml,5099442005204,,5099442005204,copy barcode from SKU
15671393452363,57051220050251,uriage-1st-change-nappy-cream-100ml,3661434008597,,3661434008597,copy barcode from SKU
15671393616203,57051220312395,optibac-for-pregnancy,5060086610956,,5060086610956,copy barcode from SKU
15671393681739,57051220377931,paco-rabanne-olympea-ladies-50ml-edp-spr,3349668528660,,3349668528660,copy barcode from SKU
15671393747275,57051220443467,sylliflor-psyllium-husks-cocoa-2510g,5711315110708,,5711315110708,copy barcode from SKU
15671393812811,57051220509003,sculpted-by-aimee-easyglide-precision-liquid-liner-ultra-black,0796548964194,,0796548964194,copy barcode from SKU
15671393943883,57051220640075,vitabiotics-wellten-her-plus-13-19-years,7027265247332,,7027265247332,copy barcode from SKU
15671394074955,57051220771147,meditape-2-5x5m-zinc-oxide-tape,5099390200805,,5099390200805,copy barcode from SKU
15671394238795,57051220967755,sona-magnesium-250mg-60pk,5390612006602,,5390612006602,copy barcode from SKU
15671394304331,57051221033291,e45-cream-50g,5000158067448,,5000158067448,copy barcode from SKU
15671394337099,57051221066059,magnesium-oil-goodnight-spray-100ml,5060148520186,,5060148520186,copy barcode from SKU
15671394435403,57051221164363,vitabiotics-pregnacare-original-30pk,5010058089785,,5010058089785,copy barcode from SKU
15671394533707,57051221262667,tepe-g4104-pink-0-4mm-6pk,7317400015279,,7317400015279,copy barcode from SKU
15671394566475,57051221295435,garnier-ultimate-blends-smoothing-hair-food-coconut-macadamia-3-in-1-hair-mask,3600542231589,,3600542231589,copy barcode from SKU
15671394599243,57051221328203,pestle-mortar-essentials-sensitive-skin-rescue-kit,855717008043,,855717008043,copy barcode from SKU
15671394632011,57051221360971,optibac-s-boulardii-16-pk,5060086610116,,5060086610116,copy barcode from SKU
15671394697547,57051221426507,sudocrem-tub-125g,5011025014007,,5011025014007,copy barcode from SKU
15671394730315,57051221459275,pharmard-magnesium-60pk,5709976231207,,5709976231207,copy barcode from SKU
15671394763083,57051221492043,easolief-duo-500-150mg-tabs-paracetamol-ibuprofen,5099562923051,,5099562923051,copy barcode from SKU
15671394828619,57051221786955,chroma-cover-luminous-foundation-c2,5060907056161,,5060907056161,copy barcode from SKU
15671394861387,57051221819723,biabelle-velvet-tan-mitt,5391534620594,,5391534620594,copy barcode from SKU
15671394894155,57051221852491,solgar-l-arginine-1000mg-90-pk,033984001503,,033984001503,copy barcode from SKU
15671394992459,57051221950795,avogel-echinaforce-cold-flu-drops-100ml,7610313301171,,7610313301171,copy barcode from SKU
15671395123531,57051222409547,bperfect-katie-daley-perfect-powder-candyfloss,5061007282917,,5061007282917,copy barcode from SKU
15671395156299,57051222442315,medicare-thermometer-infrared,5099390414103,,5099390414103,copy barcode from SKU
15671395254603,57051222540619,sanex-500ml-shwr-dermo-sensitive,8714789763378,,8714789763378,copy barcode from SKU
15671395352907,57051222638923,aveeno-300ml-moist-creamy-oil-pump,3574660541298,,3574660541298,copy barcode from SKU
15671395418443,57051222966603,medicare-size-e-1m-tubular-supp-bandage,5099390403121,,5099390403121,copy barcode from SKU
15671395549515,57051223097675,celtic-wind-cbd-oil-5-10ml,700461648765,,700461648765,copy barcode from SKU
15671395713355,57051223523659,sambucol-tonic-liquid-original-120ml,5060216560151,,5060216560151,copy barcode from SKU
15671395778891,57051223589195,pestle-mortar-glow-drops-30mls,855238006689,,855238006689,copy barcode from SKU
15671395844427,57051223621963,o-keeffe-s-lip-balm-unscented,5704947003364,,5704947003364,copy barcode from SKU
15671395877195,57051223687499,solgar-vm-prime-women-90-tabs,033984329546,,033984329546,copy barcode from SKU
15671395942731,57051223753035,centrum-advance-50-60pk,5000309008177,,5000309008177,copy barcode from SKU
15671396204875,57051224015179,lemsip-max-sinus-flu-hot-lemon-10pk,5000158064287,,5000158064287,copy barcode from SKU
15671396368715,57051224637771,quest-super-once-a-day-30pk,5022339294016,,5022339294016,copy barcode from SKU
15671396434251,57051224703307,spotlight-sonic-brush-heads-3pk,5391531560800,,5391531560800,copy barcode from SKU
15671396499787,57051224768843,nurofen-child-6-200ml-spn-strawberry,5000158070202,,5000158070202,copy barcode from SKU
15671396598091,57051224867147,rowa-yummy-gummy-bears-60pk,5390387943010,,5390387943010,copy barcode from SKU
15671396761931,57051225030987,strepsils-plus-20ml-throat-spray,5000158067431,,5000158067431,copy barcode from SKU
15671396827467,57051225096523,duo-striplash-adhesive-7g-white-clear,073930680109,,073930680109,copy barcode from SKU
15671397024075,57051225293131,benylin-100ml-dry-dual-action,5010123715212,,5010123715212,copy barcode from SKU
15671397482827,57051225850187,kin-gingival-mouthwash-500ml,8470001575883,,8470001575883,copy barcode from SKU
15671397548363,57051225915723,full-impact-complete-coverage-concealer-shade-m2,5060907054792,,5060907054792,copy barcode from SKU
15671397613899,57051225981259,uriage-hyseac-fluid-spf50-50ml,3661434010057,,3661434010057,copy barcode from SKU
15671397712203,57051226079563,vitabiotics-feroglobin-b12-liquid-200ml,5010058089792,,5010058089792,copy barcode from SKU
15671397941579,57051226308939,paco-rabanne-invictus-50ml-edt-spr,3349668515653,,3349668515653,copy barcode from SKU
15671398039883,57051226407243,voltarol-2-extra-strength-gel-50g,5054563014238,,5054563014238,copy barcode from SKU
15671398105419,57051226505547,2-piece-mens-set-coding,6294015163728,,6294015163728,copy barcode from SKU
15671398302027,57051226702155,tepe-g4102-red-0-5mm-6pk,7317400015330,,7317400015330,copy barcode from SKU
15671398367563,57051226767691,sol-beauty-shower-cream-with-coconut-500ml,5013692278126,,5013692278126,copy barcode from SKU
15671398400331,57051226800459,uriage-bariesun-moisturizing-cream-spf-50,3661434008368,,3661434008368,copy barcode from SKU
15671398465867,57051226865995,durex-play-50ml-feel-lube,5011417567623,,5011417567623,copy barcode from SKU
15671398531403,57051226931531,mitchum-48hr-sport-protection,5051389044937,,5051389044937,copy barcode from SKU
15671398629707,57051227029835,thermacare-2pk-lower-back-hip,5000309006463,,5000309006463,copy barcode from SKU
15671398793547,57051227586891,2-piece-mens-set-savage,6294015163759,,6294015163759,copy barcode from SKU
15671398826315,57051227619659,udo-s-infants-blend-microbiotic-75g,5391500070842,,5391500070842,copy barcode from SKU
15671398859083,57051227652427,wartner-freeze-wart-verruca-50ml-2nd-gen,5012616291272,,5012616291272,copy barcode from SKU
15671398891851,57051227685195,zenflore-calm,5391528870516,,5391528870516,copy barcode from SKU
15671398957387,57051228012875,juvar-com-plex-bond-repair-shampoo-250ml,0698596599178,,0698596599178,copy barcode from SKU
15671399088459,57051228143947,medicare-instant-hot-pack,5099390403183,,5099390403183,copy barcode from SKU
15671399153995,57051228209483,nurofen-child-7-soft-chewable-caps-12pk-orange,5000158106383,,5000158106383,copy barcode from SKU
15671399252299,57051228307787,solgar-ester-c-plus-1000mg-30-pk,033984010505,,033984010505,copy barcode from SKU
15671399317835,57051228373323,coco-mademoiselle-fresh-moisture-mist-100ml,3145891168501,,3145891168501,copy barcode from SKU
15671399481675,57051228537163,bperfect-mrs-glam-sunset-glow-gold-leaf-cream-bronze,5061045650938,,5061045650938,copy barcode from SKU
15671399711051,57051228766539,braggs-apple-cid-vin-946ml,074305701320,,074305701320,copy barcode from SKU
15671399874891,57051228930379,j-j-cotton-pads-50pk,3574660537659,,3574660537659,copy barcode from SKU
15671399973195,57051229028683,2-piece-ladies-set-chance-it,6294015142600,,6294015142600,copy barcode from SKU
15671400038731,57051229094219,zovirax-cream-pump-2g,5099211001871,,5099211001871,copy barcode from SKU
15671400137035,57051229192523,sambucol-tonic-for-kids-120ml,5060216560168,,5060216560168,copy barcode from SKU
15671400333643,57051229847883,sculpted-hydralip-berry,0754590489423,,0754590489423,copy barcode from SKU
15671400366411,57051229880651,solgar-gentle-iron-20mg-90cap,033984012493,,033984012493,copy barcode from SKU
15671400399179,57051229913419,dove-advanced-care-gentle-scrub-body-wash-225ml,8720181462863,,8720181462863,copy barcode from SKU
15671400497483,57051230470475,burberry-touch-mens-100ml-edt-spr,5045252648988,,5045252648988,copy barcode from SKU
15671400595787,57051230568779,anti-hist-oral-solution-200ml-1mg-1ml,5099562707651,,5099562707651,copy barcode from SKU
15671400694091,57051230667083,midnight-fantasy-ladies-100ml-edp-spr,719346094665,,719346094665,copy barcode from SKU
15671400792395,57051230765387,dax-wax-purple-super-neat,077315000049,,077315000049,copy barcode from SKU
15671400890699,57051230961995,the-handmade-soap-company-bitter-orange-pink-pepper-shower-gel-250ml,5391520236372,,5391520236372,copy barcode from SKU
15671400956235,57051231027531,uriage-bariesun-water-resistant-sensitive-areas-stick,3661434008924,,3661434008924,copy barcode from SKU
15671401021771,57051231093067,voduz-set-spray-slay-styling-bundle,5056832901256,,5056832901256,copy barcode from SKU
15671401120075,57051231191371,hugo-deep-red-ladies-90ml-edp-spr,0737052683553,,0737052683553,copy barcode from SKU
15671401185611,57051231256907,sculpted-hydralip-mauve,0754590489454,,0754590489454,copy barcode from SKU
15671401546059,57051231715659,benylin-child-125ml-chesty-n-d,5010123705404,,5010123705404,copy barcode from SKU
15671401611595,57051231781195,ella-jo-brighten-and-glow-hydrating-exfoliating-cleanser,5392000189386,,5392000189386,copy barcode from SKU
15671402004811,57051232371019,sculpted-cream-cushion-foundation-6n,5391548381771,,5391548381771,copy barcode from SKU
15671402168651,57051232665931,bperfect-instant-bronze-boost-gel-drops,5060806567140,,5060806567140,copy barcode from SKU
15671402332491,57051232829771,sona-thiamin-100mg-60pk,5390612000426,,5390612000426,copy barcode from SKU
15671402529099,57051233124683,got2b-glued,5012583210900,,5012583210900,copy barcode from SKU
15671402660171,57051233255755,the-belle-bobbin-original-style-3-pk,5391532760551,,5391532760551,copy barcode from SKU
15671402758475,57051233354059,pestle-mortar-essentials-sensitive-body-rescue-kit,855238006733,,855238006733,copy barcode from SKU
15671402856779,57051233452363,skingredients-skin-veg-hylauronic-acid-hydrating-serum-45ml-primary,634240001635,,634240001635,copy barcode from SKU
15671402922315,57051233517899,aveeno-200ml-dly-moist-lotion,3574660123425,,3574660123425,copy barcode from SKU
15671403086155,57051233681739,tommee-tippee-essential-baby-nail-clippers-0m-1pk,5010415331281,,5010415331281,copy barcode from SKU
15671403184459,57051233780043,christmas-tree-hand-cream-nail-file,5021769827689,,5021769827689,copy barcode from SKU
15671403217227,57051233812811,skingredients-skin-shield-mosturising-and-priming-spf-50-pa-primary,634240001673,,634240001673,copy barcode from SKU
15671403249995,57051233845579,voduz-illuminating-conditioner-300ml,5060938583247,,5060938583247,copy barcode from SKU
15671403282763,57051233878347,the-belle-brush-blowdry-medium,5391532760070,,5391532760070,copy barcode from SKU
15671403348299,57051233943883,pestle-mortar-essentials-body-cream-500ml,855238007006,,855238007006,copy barcode from SKU
15671403381067,57051233976651,optibac-for-kids-gummies,5060086611069,,5060086611069,copy barcode from SKU
15671403512139,57051234206027,pestle-mortar-superstar-retil-night-oil-30ml,855238006269,,855238006269,copy barcode from SKU
15671403610443,57051234402635,uriage-hyseac-3-regul-global-skincare-40ml,3661434009648,,3661434009648,copy barcode from SKU
15671403643211,57051234435403,alka-seltzer-10pk-lemon,5010605920011,,5010605920011,copy barcode from SKU
15671403741515,57051235090763,declar-soft-peeling-extra-gentle-exfoliant-100ml,9007867005149,,9007867005149,copy barcode from SKU
15671403774283,57051235123531,uriage-age-lift-protective-smoothing-day-cream-spf30-40ml,3661434009259,,3661434009259,copy barcode from SKU
15671403807051,57051235156299,braun-nasal-aspirator,4022167001016,,4022167001016,copy barcode from SKU
15671403872587,57051235221835,lemsip-max-cold-flu-hot-lemon-10pk,5000158070462,,5000158070462,copy barcode from SKU
15671403938123,57051235385675,luna-by-lisa-foundation-brush,5391532521213,,5391532521213,copy barcode from SKU
15671404003659,57051235451211,eucerin-urearepair-plus-hand-cream,4005800168642,,4005800168642,copy barcode from SKU
15671404069195,57051235516747,nurofen-child-strawberry-oral-suspension-w-spoon-200ml,5000158069848,,5000158069848,copy barcode from SKU
15671404265803,57051235975499,berocca-boost-30pk-eff,5010605952098,,5010605952098,copy barcode from SKU
15671404364107,57051236204875,bio-kult-caps-30pk,5027314502773,,5027314502773,copy barcode from SKU
15671404429643,57051236270411,fybogel-orange-30pk,5011417557648,,5011417557648,copy barcode from SKU
15671404560715,57051236532555,medicare-female-heel-cushion-2-s,5099390407952,,5099390407952,copy barcode from SKU
15671404593483,57051236565323,feel-ultimate-bumper-gift-pack,5025970014845,,5025970014845,copy barcode from SKU
15671404626251,57051236598091,daktarin-2-powder-20g,5099467000079,,5099467000079,copy barcode from SKU
15671404691787,57051236663627,pestle-mortar-recover-eye-cream-15ml,856149007642,,856149007642,copy barcode from SKU
15671404757323,57051236761931,camomile-syrup-foran-40ml,5390998000126,,5390998000126,copy barcode from SKU
15671404855627,57051236958539,gucci-guilty-pour-femme-50ml-2pc-gift-set,3616303784805,,3616303784805,copy barcode from SKU
15671404921163,57051237024075,nicorette-icy-white-4mg-30pk,3574661146928,,3574661146928,copy barcode from SKU
15671404953931,57051237056843,revive-active-junior-20pk,0735850563565,,0735850563565,copy barcode from SKU
15671405019467,57051237122379,rowarolan-powder-20g,5390387015014,,5390387015014,copy barcode from SKU
15671405052235,57051237155147,palmers-natural-bronze-gradual-tan-250ml,010181041051,,010181041051,copy barcode from SKU
15671405085003,57051237187915,cocoa-brown-1hr-tan-mousse-150ml-dark,5391018043017,,5391018043017,copy barcode from SKU
15671405117771,57051237220683,nurofen-tablets-24pk,5000158102255,,5000158102255,copy barcode from SKU
15671405150539,57051237253451,coral-massage-sponge-3pk,5011597008299,,5011597008299,copy barcode from SKU
15671405183307,57051237286219,garnier-olia-4-0-dark-brown-no-ammonia-permanent-hair-dye,3600541238626,,3600541238626,copy barcode from SKU
15671405248843,57051237351755,bperfect-skin-studio-hydro-burst-eye-gel-13ml,5061007284164,,5061007284164,copy barcode from SKU
15671405314379,57051237515595,colpermin-caps-20pk,5012882006501,,5012882006501,copy barcode from SKU
15671405347147,57051237548363,prime-eyes-cream-shadow-sticks-pearl-vanilla,0754590489263,,0754590489263,copy barcode from SKU
15671405478219,57051237679435,garnier-nutrisse-1-black-permanent-hair-dye,5021044024987,,5021044024987,copy barcode from SKU
15671405576523,57051237974347,sculpted-brighten-define-eyeliner-duo-nude-black,0754590360104,,0754590360104,copy barcode from SKU
15671405674827,57051238269259,tepe-g4100-yellow-0-7mm-6pk,7317400015392,,7317400015392,copy barcode from SKU
15671405740363,57051238334795,sona-zinc-vitamin-c-chewable-tab-30-pk,5390612003953,,5390612003953,copy barcode from SKU
15671405773131,57051238400331,uriage-age-lift-smoothing-eye-care,3661434009211,,3661434009211,copy barcode from SKU
15671405871435,57051238498635,halls-soothers-blackcurrant,5010455063142,,5010455063142,copy barcode from SKU
15671405904203,57051238531403,durex-extra-safe-12pk,5052197045215,,5052197045215,copy barcode from SKU
15671405969739,57051238596939,murine-dry-tired-drops-15ml,5060018880181,,5060018880181,copy barcode from SKU
15671406002507,57051238629707,berocca-orange-45pk-eff,5010605401107,,5010605401107,copy barcode from SKU
15671406035275,57051238662475,compeed-blister-underfoot-5pk,3574660559859,,3574660559859,copy barcode from SKU
15671406133579,57051238760779,sol-beauty-shower-cream-with-salted-caramel-500ml,5013692278133,,5013692278133,copy barcode from SKU
15671406166347,57051238793547,juvar-com-plex-blonde-toning-shampoo-250ml,0698596599185,,0698596599185,copy barcode from SKU
15671406231883,57051238859083,fabu-focus-brain-60pk,3743184122799,,3743184122799,copy barcode from SKU
15671406395723,57051239186763,seoulista-beauty-charcoal-detox-instant-facial-mask,5060524850005,,5060524850005,copy barcode from SKU
15671406526795,57051239317835,uriage-d-s-regulating-anti-dandruff-lotion-100ml,3661434002069,,3661434002069,copy barcode from SKU
15671406887243,57051239809355,double-glazed-high-shine-gloss-salted-caramel,793618107147,,793618107147,copy barcode from SKU
15671407083851,57051240137035,hylo-night-ointment,4031626711687,,4031626711687,copy barcode from SKU
15671407247691,57051240399179,2-piece-mens-set-undeeated,6294015163766,,6294015163766,copy barcode from SKU
15671407345995,57051240628555,brylcream-gel-cream-2-for-6,8712561211307,,8712561211307,copy barcode from SKU
15671407411531,57051240726859,panadol-extra-soluble-24pk,5011080137772,,5011080137772,copy barcode from SKU
15671407444299,57051240759627,morepa-smart-fats-30-pk,5425018610105,,5425018610105,copy barcode from SKU
15671407542603,57051240857931,glycerol-supp-bp-adult-4g-12pk,5014124389045,,5014124389045,copy barcode from SKU
15671407575371,57051240890699,zarbees-multi-vitamin-liquid-120ml,3574661730561,,3574661730561,copy barcode from SKU
15671407608139,57051240923467,uriage-bariederm-repairing-cica-cream-100ml,3661434004742,,3661434004742,copy barcode from SKU
15671407739211,57051241021771,uriage-eau-thermale-light-water-cream-spf20-40ml,3661434005039,,3661434005039,copy barcode from SKU
15671407771979,57051241087307,3-piece-ladies-set-billionaire,6294015191257,,6294015191257,copy barcode from SKU
15671407804747,57051241120075,4-x-15ml-gift-set-ufo-she-libertie-kloe,6294015191394,,6294015191394,copy barcode from SKU
15671407870283,57051241316683,sculpted-cream-cushion-foundation-5w,5391548381719,,5391548381719,copy barcode from SKU
15671407903051,57051241349451,skingredients-skin-protein-anti-ageing-retinoid-serum-45ml-refill,634240001666,,634240001666,copy barcode from SKU
15671407935819,57051241382219,halls-soothers-peach-raspberry,5034660508021,,5034660508021,copy barcode from SKU
15671407968587,57051241414987,uriage-xemose-lipid-replenishing-anti-irritation-cream-200ml,3661434004834,,3661434004834,copy barcode from SKU
15671408066891,57051241644363,jimmy-choo-rose-passion-60ml-2pc-gift-set,3386460142670,,3386460142670,copy barcode from SKU
15671408099659,57051241677131,declar-hydro-energy-moisture-boost-cream-gel-50ml,9007867003800,,9007867003800,copy barcode from SKU
15671408165195,57051241709899,gaviscon-extra-150ml-mint,5000158067882,,5000158067882,copy barcode from SKU
15671408197963,57051241742667,jenny-glow-carot-red-54-30ml-inspired-by-baccarat-rouge-540,6294015179873,,6294015179873,copy barcode from SKU
15671408296267,57051241972043,jenny-glow-belle-inspired-by-lancome-la-vie-est-belle-30ml,6294015136876,,6294015136876,copy barcode from SKU
15671408394571,57051242201419,chanel-coco-mademoiselle-eau-de-parfum-50ml,3145891164206,,3145891164206,copy barcode from SKU
15671408460107,57051242234187,jenny-glow-olympia-inspired-by-paco-robanne-olympea-15ml,6294015179514,,6294015179514,copy barcode from SKU
15671408492875,57051242266955,carmex-cherry-pot-7-5g-spf15,083078415303,,083078415303,copy barcode from SKU
15671408525643,57051242299723,umbro-ice-2-piece-gift-set,5013692278362,,5013692278362,copy barcode from SKU
15671408591179,57051242463563,medicare-size-f-1m-tubular-supp-bandage,5099390403138,,5099390403138,copy barcode from SKU
15671408656715,57051242529099,skingredients-15-vit-c-e-tri-mushroom-serum-30ml,0634240328466,,0634240328466,copy barcode from SKU
15671408689483,57051242561867,mediform-conforming-5cmx4m,5099390404203,,5099390404203,copy barcode from SKU
15671408722251,57051242594635,gaviscon-aniseed-liquid-600ml,5000158065932,,5000158065932,copy barcode from SKU
15671408820555,57051242692939,pestle-mortar-balance-spritz-80ml,855717008005,,855717008005,copy barcode from SKU
15671408951627,57051242824011,buplex-ibuprofen-400mg-tabs-24pk,5690528279184,,5690528279184,copy barcode from SKU
15671408984395,57051242856779,fleaway-plus-large-dog,5099299224964,,5099299224964,copy barcode from SKU
15671409049931,57051242922315,macushield-caps-90pk,5036631001500,,5036631001500,copy barcode from SKU
15671409213771,57051243544907,lyclear-cream-rinse-1-59ml-2pk,5012616172403,,5012616172403,copy barcode from SKU
15671409312075,57051243741515,tepe-g4101-blue-0-6mm-6pk,7317400015361,,7317400015361,copy barcode from SKU
15671409541451,57051244167499,cl-ear-olive-oil-ear-drops,5060133373902,,5060133373902,copy barcode from SKU
15671409574219,57051244200267,tampax-compax-pearl-super-18,4015400690405,,4015400690405,copy barcode from SKU
15671409606987,57051244233035,sculpted-tint-glow-skin-enhancer-3-0,794712490418,,794712490418,copy barcode from SKU
15671409639755,57051244265803,medicare-neoprene-thumb-stall-medium,5099390412055,,5099390412055,copy barcode from SKU
15671409672523,57051244298571,rs-epsom-salts-250g,5099172220151,,5099172220151,copy barcode from SKU
15671409705291,57051244331339,batiste-200ml-dark-deep-brown,5010724527443,,5010724527443,copy barcode from SKU
15671409738059,57051244364107,sculpted-second-skin-light-matte-3-0,793591414935,,793591414935,copy barcode from SKU
15671409770827,57051244396875,nivea-sun-protect-moisture-sun-lotion-spf30-200ml,4005808423040,,4005808423040,copy barcode from SKU
15671409803595,57051244429643,medicare-weekly-pill-pack,5099390412789,,5099390412789,copy barcode from SKU
15671409836363,57051244495179,nivea-sun-protect-moisture-sun-spray-spf50-200ml,4005808856695,,4005808856695,copy barcode from SKU
15671409934667,57051244691787,seven-seas-cod-liver-oil-150ml,5012335887503,,5012335887503,copy barcode from SKU
15671409967435,57051244724555,sculpted-second-skin-medium-plus-dewy-4-5,793591414751,,793591414751,copy barcode from SKU
15671410000203,57051244757323,kit-kaboodle-nail-files-brown-12pk,5391531140910,,5391531140910,copy barcode from SKU
15671410032971,57051244790091,durex-extra-safe-20pk,5052197045574,,5052197045574,copy barcode from SKU
15671410098507,57051244855627,vaseline-pet-jelly-50ml-tub,42182627,,42182627,copy barcode from SKU
15671410131275,57051244888395,mepore-6cm-x-7cm-single,7310796708008,,7310796708008,copy barcode from SKU
15671410164043,57051244921163,optiplus-anti-fog-spray,4048783075309,,4048783075309,copy barcode from SKU
15671410229579,57051245117771,tefin-150mg-ibuprofen-suppositories,5392000060883,,5392000060883,copy barcode from SKU
15671410262347,57051245150539,luna-by-lisa-airbrush-3in1-primer-deep-tan,5391532521916,,5391532521916,copy barcode from SKU
15671410327883,57051245183307,hylo-care-0-1-2-eye-drops-7-5ml,4031626711403,,4031626711403,copy barcode from SKU
15671410360651,57051245216075,medicrepe-elastic-crepe-10cmx5m,5099390404142,,5099390404142,copy barcode from SKU
15671410426187,57051245281611,always-ultra-rmal-duo-26pk,4015400498056,,4015400498056,copy barcode from SKU
15671410458955,57051245314379,mepore-9cm-x-20cm-single,7310796711008,,7310796711008,copy barcode from SKU
15671410557259,57051245642059,luna-by-lisa-setting-spray-glow,5391532522425,,5391532522425,copy barcode from SKU
15671410590027,57051245674827,kleenex-g2988-balsam-pocket-tissues-9pk-single,50375301,,50375301,copy barcode from SKU
15671410622795,57051245707595,purismio-reusable-mask-oatmeal-1pk,5060676800132,,5060676800132,copy barcode from SKU
15671410721099,57051246002507,ultrapure-hydrogen-peroxide130ml,5391510473435,,5391510473435,copy barcode from SKU
15671410786635,57051246068043,quest-stress-b-complex-vitamin-c-60pk,5022339888017,,5022339888017,copy barcode from SKU
15671410852171,57051246133579,spice-original-deodrant-spray-150ml,4084500506275,,4084500506275,copy barcode from SKU
15671410950475,57051246231883,gillette-sensitive-shave-gel-200ml,7702018980918,,7702018980918,copy barcode from SKU
15671411016011,57051246297419,mitchum-women-spray-shower-fresh-200ml,5051389044890,,5051389044890,copy barcode from SKU
15671411081547,57051246362955,discreet-nasal-sring-aid-large,5391529940119,,5391529940119,copy barcode from SKU
15671411114315,57051246395723,colgate-triple-action-toothpaste-100ml,8714789529479,,8714789529479,copy barcode from SKU
15671411147083,57051246428491,elave-shampoo-250ml,5098928123319,,5098928123319,copy barcode from SKU
15671411179851,57051246461259,coral-baby-sponges,5011597001634,,5011597001634,copy barcode from SKU
15671411212619,57051246494027,cocoa-brown-double-sided-pink-velvet-tan-mitt,5391018044434,,5391018044434,copy barcode from SKU
15671411278155,57051246690635,meditape-stretch-2-5cm-x-4m,5099390403930,,5099390403930,copy barcode from SKU
15671411310923,57051246723403,sensi-kin-mouthwash-250ml-daily-hypersensitivity,8436026210758,,8436026210758,copy barcode from SKU
15671411376459,57051246788939,nelsons-arnicare-50g-cream,5000488108903,,5000488108903,copy barcode from SKU
15671411409227,57051246854475,bio-oil-dry-skin-gel-50ml,6001159120926,,6001159120926,copy barcode from SKU
15671411441995,57051246887243,batiste-200ml-original-dry-shampoo,5010724527481,,5010724527481,copy barcode from SKU
15671411474763,57051246920011,vaseline-aloe-soothe-int-care,8712561482318,,8712561482318,copy barcode from SKU
15671411507531,57051246952779,carefree-aloe-vera-liner-20pk,3574660239010,,3574660239010,copy barcode from SKU
15671411540299,57051246985547,bio-oil-skincare-oil-200ml,6001159111368,,6001159111368,copy barcode from SKU
15671411573067,57051247018315,pestle-mortar-pure-hyaluronic-serum-30ml,855238006061,,855238006061,copy barcode from SKU
15671411605835,57051247051083,tubigrip-bandage-0-5m-natural-f-1,5055158005365,,5055158005365,copy barcode from SKU
15671411671371,57051247083851,carnation-hydrocolloid-blister-t,5012654200847,,5012654200847,copy barcode from SKU
15671411704139,57051247116619,pears-transparent-mint-soap-125g,8901030024023,,8901030024023,copy barcode from SKU
15671411769675,57051247313227,nivea-sun-swim-play-spf50-150ml,4005808475018,,4005808475018,copy barcode from SKU
15671411802443,57051247345995,bioxtra-oral-gel-mouthspray-50ml-dry-mouth,5425005120099,,5425005120099,copy barcode from SKU
15671411835211,57051247378763,kit-kaboodle-nail-file-blue-med-fine,5391531141030,,5391531141030,copy barcode from SKU
15671411867979,57051247411531,clearblue-ovulation-digital-test-10pk,4015600568122,,4015600568122,copy barcode from SKU
15671411900747,57051247444299,sculpted-tint-glow-skin-enhancer-4-0,794712490432,,794712490432,copy barcode from SKU
15671411966283,57051247477067,ultrapure-hydrogen-peroxide-250ml,5391510473442,,5391510473442,copy barcode from SKU
15671412031819,57051247706443,luna-by-lisa-highlighter-star-beam,5391532521626,,5391532521626,copy barcode from SKU
15671412097355,57051247837515,mepore-ultra-10cm-x-11cm-single,7332551201012,,7332551201012,copy barcode from SKU
15671412162891,57051247870283,medilite-paper-tape-2-5cmx5m,5099390200201,,5099390200201,copy barcode from SKU
15671412228427,57051247935819,sculpted-tint-glow-skin-enhancer-7-0,794712490524,,794712490524,copy barcode from SKU
15671412261195,57051247968587,tubigrip-size-e,5055158005440,,5055158005440,copy barcode from SKU
15671412326731,57051248034123,sculpted-second-skin-light-plus-dewy-3-5,793591414690,,793591414690,copy barcode from SKU
15671412392267,57051248230731,medicrepe-elastic-bandage-8cmx5m,5099390404241,,5099390404241,copy barcode from SKU
15671412425035,57051248263499,sculpted-beauty-base-original-50ml-pump,735850997124,,735850997124,copy barcode from SKU
15671412457803,57051248296267,carnation-corn-pads-9pk,5012654142147,,5012654142147,copy barcode from SKU
15671412490571,57051248329035,braun-thermoscan-refill-lf40,4022167400062,,4022167400062,copy barcode from SKU
15671412523339,57051248361803,hair-removing-cream-100ml-dimple,5017371130798,,5017371130798,copy barcode from SKU
15671412556107,57051248394571,sculpted-second-skin-medium-plus-matte-4-5,793591835525,,793591835525,copy barcode from SKU
15671412588875,57051248427339,hylo-tear-0-1-eye-drops-7-5ml,4031626710918,,4031626710918,copy barcode from SKU
15671412621643,57051248460107,witch-hazel-500ml-ultrapure,5391510474326,,5391510474326,copy barcode from SKU
15671412654411,57051248492875,durex-intimate-feel-12pk,5052197045451,,5052197045451,copy barcode from SKU
15671412687179,57051248525643,nivea-sun-p-s-lotion-spf-spf30-200m,4005808650101,,4005808650101,copy barcode from SKU
15671412719947,57051248558411,milton-sterilising-fluid-1000ml,3361370086368,,3361370086368,copy barcode from SKU
15671412785483,57051248656715,tt-fun-style-soothers-18-36m,5010415334039,,5010415334039,copy barcode from SKU
15671412818251,57051248689483,surgical-spirits-200ml-ovelle,5098928121988,,5098928121988,copy barcode from SKU
15671412851019,57051248722251,pestle-mortar-essentials-hand-cream-300ml,856149007451,,856149007451,copy barcode from SKU
15671412883787,57051248755019,mitchum-pure-fresh-roll-on-deo,309975122138,,309975122138,copy barcode from SKU
15671412916555,57051248820555,optrex-actimist-10ml-eye-spray-2n1-itchy,5000158069473,,5000158069473,copy barcode from SKU
15671413014859,57051248918859,classics-pure-acetone-150ml-false-nail-remover,5037741100916,,5037741100916,copy barcode from SKU
15671413047627,57051248984395,moogoo-milk-wash-500ml,9335955000074,,9335955000074,copy barcode from SKU
15671413145931,57051249115467,mrs-glam-lip-gloss-peachy,793618273262,,793618273262,copy barcode from SKU
15671413178699,57051249148235,luna-by-lisa-setting-spray-vitamin,5391532522029,,5391532522029,copy barcode from SKU
15671413211467,57051249181003,quest-vegan-multi-vitamin-one-a-day-30pk,5022339032014,,5022339032014,copy barcode from SKU
15671413244235,57051249213771,elave-hair-conditoner-250ml,5098928124491,,5098928124491,copy barcode from SKU
15671413309771,57051249377611,deep-heat-cream-35g,5011501040209,,5011501040209,copy barcode from SKU
15671413375307,57051249705291,bperfect-10-sec-strawberry-medium-lotion,793591864303,,793591864303,copy barcode from SKU
15671413408075,57051249738059,wilkinson-double-edge-5s,4027800011209,,4027800011209,copy barcode from SKU
15671413440843,57051249770827,pernaton-gel-250ml,7614700015214,,7614700015214,copy barcode from SKU
15671413473611,57051249803595,bio-kult-migrea,5027314505439,,5027314505439,copy barcode from SKU
15671413604683,57051250164043,sculpted-beauty-base-pearl-50ml-pump,793591836058,,793591836058,copy barcode from SKU
15671413637451,57051250196811,mepore-ultra-7cm-x-8cm-single,7332551200305,,7332551200305,copy barcode from SKU
15671413670219,57051250229579,tepe-interdental-brush-fine-0-45mm-oran-1,7317400001753,,7317400001753,copy barcode from SKU
15671413735755,57051250295115,capasal-therapeutic-shampoo-250ml,5016379132018,,5016379132018,copy barcode from SKU
15671413801291,57051250360651,mediform-conforming-10cmx4m,5099390404180,,5099390404180,copy barcode from SKU
15671413834059,57051250393419,kinvara-absolute-cleansing-oil-100ml,609722885881,,609722885881,copy barcode from SKU
15671413899595,57051250458955,vaseline-lip-therapy-20g-aloe-vera,8714100597347,,8714100597347,copy barcode from SKU
15671413932363,57051250491723,rs-epsom-salts-100g,5099172220144,,5099172220144,copy barcode from SKU
15671413997899,57051250557259,oral-b-superfloss-strands-pre-cut-50pk,4103330017369,,4103330017369,copy barcode from SKU
15671414030667,57051250590027,cocoa-brown-kabuki-brush,5391018053542,,5391018053542,copy barcode from SKU
15671414096203,57051250655563,childs-farm-bubble-bath-250ml-raspberry-extract,5029066007162,,5029066007162,copy barcode from SKU
15671414128971,57051250688331,medicrepe-elastic-crepe-6cmx5m,5099390404265,,5099390404265,copy barcode from SKU
15671414227275,57051250753867,luna-by-lisa-airbrush-3in1-primer-light,5391532521879,,5391532521879,copy barcode from SKU
15671414292811,57051250852171,nivea-sun-protect-moisture-sun-lotion-spf15-200ml,4005808459766,,4005808459766,copy barcode from SKU
15671414358347,57051250917707,kin-toothbrush-soft,8470003186261,,8470003186261,copy barcode from SKU
15671414456651,57051251114315,sculpted-second-skin-fair-plus-matte-2-5,793591414904,,793591414904,copy barcode from SKU
15671414489419,57051251147083,mepore-9cm-x-15cm-single,7310796710001,,7310796710001,copy barcode from SKU
15671414587723,57051251245387,selfscreen-home-drug-test-2pk,5099374999985,,5099374999985,copy barcode from SKU
15671414653259,57051251310923,sculpted-second-skin-fair-dewy-2-0,793591414591,,793591414591,copy barcode from SKU
15671414686027,57051251343691,elave-baby-intensive-cream-125ml,5098928123845,,5098928123845,copy barcode from SKU
15671414751563,57051251376459,rs-witch-hazel-125ml,5099172220441,,5099172220441,copy barcode from SKU
15671414817099,57051251540299,brylcreem-orig-150ml-prot-enrich,5000231039508,,5000231039508,copy barcode from SKU
15671414849867,57051251573067,tampax-compak-super-18pk,8001090705662,,8001090705662,copy barcode from SKU
15671414882635,57051251605835,j-j-cotton-buds-100pk,3574661440460,,3574661440460,copy barcode from SKU
15671414915403,57051251638603,luna-by-lisa-highlighter-sun-beam,5391532521619,,5391532521619,copy barcode from SKU
15671414948171,57051251671371,corsodyl-500ml-daily-cool-mint-alchol-free,5000347054242,,5000347054242,copy barcode from SKU
15671415013707,57051251704139,optase-allergy-eye-drop-0-5mlsdu,5391531760149,,5391531760149,copy barcode from SKU
15671415079243,57051251769675,l-oreal-magic-retouch-2-dark-brown-75ml,3600523192694,,3600523192694,copy barcode from SKU
15671415112011,57051251966283,femfresh-wash-250ml-daily-intimate,5010724525937,,5010724525937,copy barcode from SKU
15671415144779,57051251999051,rosewater-500ml-ultrapure,5391510474197,,5391510474197,copy barcode from SKU
15671415177547,57051252031819,l-oreal-magic-retouch-3-brown-75ml,3600523192700,,3600523192700,copy barcode from SKU
15671415243083,57051252097355,perio-kin-mouthwash-250ml-chlorhexidine,8470003750974,,8470003750974,copy barcode from SKU
15671415308619,57051252261195,simple-kts-cleansing-ltn-200ml-purifying,5011451103849,,5011451103849,copy barcode from SKU
15671415341387,57051252293963,thealoz-duo-gel-0-4g-30pk,3662042002847,,3662042002847,copy barcode from SKU
15671415406923,57051252359499,ov-calamine-lotion-200ml,5098928121605,,5098928121605,copy barcode from SKU
15671415439691,57051252392267,medicare-burn-dressing-10-x-10cm-40g,5099390411782,,5099390411782,copy barcode from SKU
15671415505227,57051252556107,tepe-yellow-size-4-6-pk,7317400001784,,7317400001784,copy barcode from SKU
15671415636299,57051252785483,fresh-breath-mouthspray-peppermi,761828001036,,761828001036,copy barcode from SKU
15671415701835,57051252883787,ogam-peppermint-10ml,5390600001213,,5390600001213,copy barcode from SKU
15671415767371,57051252949323,zirtek-oral-solution-1mg-ml-100ml,5391503740124,,5391503740124,copy barcode from SKU
15671415898443,57051253080395,cb12-oral-rinse-blue-250ml,5391521890276,,5391521890276,copy barcode from SKU
15671416029515,57051253244235,childs-farm-bubble-bath-250ml-tangerine,5029066024176,,5029066024176,copy barcode from SKU
15671416095051,57051253309771,spotlight-teeth-white-pen-90g,5391531560077,,5391531560077,copy barcode from SKU
15671416127819,57051253342539,clearblue-digital-2pk-pregnancy-test,4084500477285,,4084500477285,copy barcode from SKU
15671416193355,57051253440843,moogoo-shampoo-500ml,9335955000050,,9335955000050,copy barcode from SKU
15671416226123,57051253473611,sculpted-tint-glow-skin-enhancer-6-0,794712490494,,794712490494,copy barcode from SKU
15671416291659,57051253539147,mediform-conforming-15cmx4m,5099390404166,,5099390404166,copy barcode from SKU
15671416324427,57051253571915,simple-kts-replenishing-rich-moist-125ml,5011451103948,,5011451103948,copy barcode from SKU
15671416389963,57051253637451,clearblue-plus-2pk-pregnancy-test,4084500477445,,4084500477445,copy barcode from SKU
15671416422731,57051253670219,nizoral-care-scalp-tonic,5099562743451,,5099562743451,copy barcode from SKU
15671416488267,57051253735755,ov-paraffin-gel-100g,5098928122398,,5098928122398,copy barcode from SKU
15671416521035,57051253768523,colgate-tp-sensation-whitening-100ml-tube-100ml,8714789115474,,8714789115474,copy barcode from SKU
15671416553803,57051253801291,gillette-venus-blades-4pk,3014260262709,,3014260262709,copy barcode from SKU
15671416586571,57051253834059,strepsils-intensive-orange-sf-lozenge-16pk,5000158105669,,5000158105669,copy barcode from SKU
15671416619339,57051253866827,dove-cleansing-bar-original,8710447439265,,8710447439265,copy barcode from SKU
15671416652107,57051253899595,kit-kaboodle-nail-files-4pk,5391531140927,,5391531140927,copy barcode from SKU
15671416684875,57051253932363,milton-sterilising-tablets-28pk,5010527585169,,5010527585169,copy barcode from SKU
15671416717643,57051253965131,scholl-cracked-heel-repair-cream-active-60ml,5038483588710,,5038483588710,copy barcode from SKU
15671416750411,57051253997899,carnation-callous-caps-2pk,5098928122190,,5098928122190,copy barcode from SKU
15671416783179,57051254030667,luna-by-lisa-highlighter-candy-beam,5391532521633,,5391532521633,copy barcode from SKU
15671416848715,57051254096203,dr-denti-tooth-fil-3g-10-pack-fillings,5031966040729,,5031966040729,copy barcode from SKU
15671416947019,57051254325579,meditape-1-25x5m-zinc-oxide-tape,5099390200706,,5099390200706,copy barcode from SKU
15671417012555,57051254554955,sculpted-second-skin-dewy-fair-plus-2-5,793591414621,,793591414621,copy barcode from SKU
15671417078091,57051254620491,mepore-9cm-x-30cm-single,7310796713002,,7310796713002,copy barcode from SKU
15671417110859,57051254653259,dettol-soap-bar-twin-pack-banded-100g,5011417554876,,5011417554876,copy barcode from SKU
15671417143627,57051254686027,loreal-magic-retouch-medium-iced-brown-75ml,3600523337729,,3600523337729,copy barcode from SKU
15671417209163,57051254980939,sula-sugar-free-sweets-42g-strawberry-cream,4003455340147,,4003455340147,copy barcode from SKU
15671417274699,57051255144779,scholl-gel-activ-insole-work-men,5052197038125,,5052197038125,copy barcode from SKU
15671417307467,57051255177547,sculpted-second-skin-light-plus-matte-3-5,793591414966,,793591414966,copy barcode from SKU
15671417340235,57051255210315,ov-paraffin-gel-500g,5098928121629,,5098928121629,copy barcode from SKU
15671417373003,57051255243083,nivea-sun-p-s-lotion-spf-spf50-200m,4005808649969,,4005808649969,copy barcode from SKU
15671417405771,57051255275851,beeline-effervescent-ginseng-multivitamin-20pk,5099442003569,,5099442003569,copy barcode from SKU
15671417438539,57051255308619,sula-sugar-free-sweets-42g-fruit-mix,4003455340109,,4003455340109,copy barcode from SKU
15671417471307,57051255341387,ck-euphoria-ladies-50ml-edp,880300162550,,880300162550,copy barcode from SKU
15671417504075,57051255374155,optiplus-anti-fog-wipes,4048783074937,,4048783074937,copy barcode from SKU
15671417536843,57051255406923,elave-bodywash-250ml,5098928121438,,5098928121438,copy barcode from SKU
15671417569611,57051255439691,oral-b-satin-floss-mint-25m,5010622017947,,5010622017947,copy barcode from SKU
15671417602379,57051255472459,scholl-corn-removal-plasters-waterproof,5000288301160,,5000288301160,copy barcode from SKU
15671417635147,57051255505227,clearblue-plus-1pk-pregnancy-test,4084500477520,,4084500477520,copy barcode from SKU
15671417667915,57051255537995,sculpted-brighten-up-concealer-vanilla,794712143000,,794712143000,copy barcode from SKU
15671417733451,57051255603531,bariesun-kit-baby-spf-50,3661434006715,,3661434006715,copy barcode from SKU
15671417798987,57051255767371,nivea-dly-ess-gentle-cleansing-cream-wash-dry-sens-skin-150ml,4005808668847,,4005808668847,copy barcode from SKU
15671417831755,57051255800139,dove-lotion-200ml-summer-revive-medium-dark,8712561983013,,8712561983013,copy barcode from SKU
15671417864523,57051255832907,l-oreal-magic-retouch-1-black-75ml,3600523192687,,3600523192687,copy barcode from SKU
15671417897291,57051255865675,luna-by-lisa-setting-spray-matte,5391532522012,,5391532522012,copy barcode from SKU
15671418323275,57051256455499,beeline-effervescent-vit-c,5099442002326,,5099442002326,copy barcode from SKU
15671418356043,57051256717643,pestle-mortar-erase-balm-cleanser-100ml,855238006337,,855238006337,copy barcode from SKU
15671418552651,57051257012555,floradix-kindervital-250ml,4004148057069,,4004148057069,copy barcode from SKU
15671418585419,57051257110859,epaderm-ointment-500g,5055158003248,,5055158003248,copy barcode from SKU
15671418650955,57051257176395,batiste-200ml-med-brunette-dry-shampoo,5010724527474,,5010724527474,copy barcode from SKU
15671418683723,57051257209163,optase-moist-heat-eye-mask,5392000104228,,5392000104228,copy barcode from SKU
15671418716491,57051257241931,nivea-men-sensitive-moisturiser-75ml,5025970023397,,5025970023397,copy barcode from SKU
15671418749259,57051257274699,panadol-extra-12pk,5011080139202,,5011080139202,copy barcode from SKU
15671418782027,57051257307467,carnation-bunion-pads-4pk,5012654143021,,5012654143021,copy barcode from SKU
15671418814795,57051257340235,remington-hygiene-trimmer,4008496651351,,4008496651351,copy barcode from SKU
15671418847563,57051257373003,gillette-shaving-gel-reg-200ml,7702018980901,,7702018980901,copy barcode from SKU
15671418880331,57051257405771,beeline-evening-primrose-oil,5099442002302,,5099442002302,copy barcode from SKU
15671418913099,57051257438539,cocoa-brown-thumb-tanning-mitt,5391018012396,,5391018012396,copy barcode from SKU
15671418978635,57051257602379,celtic-candle-pot-round-lime-mandarin,5038871058368,,5038871058368,copy barcode from SKU
15671419011403,57051257635147,moogoo-conditioner-500ml,9335955000319,,9335955000319,copy barcode from SKU
15671419044171,57051257667915,thea-blephaclean-eyelid-wipes-20pk-blepharitis,3662042002953,,3662042002953,copy barcode from SKU
15671419273547,57051257995595,sculpted-tint-glow-skin-enhancer-2-0,794712490388,,794712490388,copy barcode from SKU
15671419535691,57051258257739,sculpted-brighten-up-concealer-golden,794712143093,,794712143093,copy barcode from SKU
15671419797835,57051258814795,kit-kaboodle-nail-file-pink-ex-fine,5391531141047,,5391531141047,copy barcode from SKU
15671420027211,57051259371851,ogam-marjoram-5ml,5390600001176,,5390600001176,copy barcode from SKU
15671420256587,57051259830603,vaseline-lip-therapy-20g-orig,5099802150117,,5099802150117,copy barcode from SKU
15671420420427,57051260158283,boss-bottled-tonic-mens-50ml-edt,8005610255613,,8005610255613,copy barcode from SKU
15671420617035,57051260485963,colief-infant-drops-15ml,5391510239963,,5391510239963,copy barcode from SKU
15671420879179,57051260911947,sculpted-brighten-up-concealer-beige,794712143062,,794712143062,copy barcode from SKU
15671421305163,57051261665611,active-folic-caps-60pk,793618110697,,793618110697,copy barcode from SKU
15671421469003,57051262026059,sculpted-brighten-up-concealer-ivory,794712143031,,794712143031,copy barcode from SKU
15671421665611,57051262353739,sterimar-isotonic-allergies-sinus-100ml,5010724515068,,5010724515068,copy barcode from SKU
15671421894987,57051262681419,childs-farm-shampoo-250ml-strawberry-mint,5029066007148,,5029066007148,copy barcode from SKU
15671422157131,57051263140171,cutex-moisture-rich-npr-100ml,309971370175,,309971370175,copy barcode from SKU
15671422288203,57051263467851,halls-soothers-strawberry,5034660508038,,5034660508038,copy barcode from SKU
15671422320971,57051263598923,fixodent-food-seal-35ml,5000174718058,,5000174718058,copy barcode from SKU
15671422353739,57051263631691,spotlight-sonic-toothbrush,5391531560169,,5391531560169,copy barcode from SKU
15671422386507,57051263664459,bioactive-d-pearls-38ug-240pk,5709976126602,,5709976126602,copy barcode from SKU
15671422419275,57051263697227,vaseline-lip-therapy-20g-cocoa,8718114642871,,8718114642871,copy barcode from SKU
15671422648651,57051263992139,quest-stress-b-complex-with-vitamin-c-30pk,5022339887010,,5022339887010,copy barcode from SKU
15671422910795,57051264811339,pears-transparent-soap-125g-1pk,5000228009194,,5000228009194,copy barcode from SKU
15671423336779,57051265663307,carnation-fleecy-stretch-padding,5012654200755,,5012654200755,copy barcode from SKU
15671423762763,57051266449739,mepore-9cm-x-10cm-single,7310796709005,,7310796709005,copy barcode from SKU
15671423828299,57051267006795,tepe-angle-g4145-green-0-8mm-6pk,7317400011622,,7317400011622,copy barcode from SKU
15671423861067,57051267039563,tos-daily-conditioner-200ml,5012008467704,,5012008467704,copy barcode from SKU
15671423893835,57051267072331,vermox-100mg-5ml-oral-suspension-30ml,5027097904955,,5027097904955,copy barcode from SKU
15671423926603,57051267105099,always-ultra-long-wings-12pk,4015400755456,,4015400755456,copy barcode from SKU
15671424057675,57051267694923,paralink-500mg-supp-10pk,5099172033089,,5099172033089,copy barcode from SKU
15671424123211,57051267793227,cleanse-off-mitt-1pk,680569856456,,680569856456,copy barcode from SKU
15671424155979,57051267825995,ws-double-edge-classsic-razor,4027800015504,,4027800015504,copy barcode from SKU
15671424188747,57051267858763,sculpted-second-skin-medium-matte-4-0,793591414997,,793591414997,copy barcode from SKU
15671424450891,57051268120907,carnation-chiropody-felt,5012654131028,,5012654131028,copy barcode from SKU
15671424713035,57051270414667,panadol-ets-tabs-12pk,5098802500120,,5098802500120,copy barcode from SKU
15671424844107,57051273036107,lorat-10mg-tabs-7pk,5390387077012,,5390387077012,copy barcode from SKU
15671425007947,57051274379595,exputex-syrup-300ml,5391513950513,,5391513950513,copy barcode from SKU
15671425433931,57051277492555,tampax-compak-pearl-super-plus-18,4015400690498,,4015400690498,copy barcode from SKU
15671425630539,57051280441675,tos-daily-maint-shampoo-200ml,5012008467605,,5012008467605,copy barcode from SKU
15671425794379,57051282276683,sculpted-tint-glow-skin-enhancer-5-0,794712490463,,794712490463,copy barcode from SKU
15671425892683,57051283587403,ck-eternity-ladies-100ml-edp,880300601400,,880300601400,copy barcode from SKU
15671425958219,57051284570443,corsodyl-500ml-daily-fresh-mint-alchol-free,5000347054235,,5000347054235,copy barcode from SKU
15671425990987,57051284603211,o-keeffe-s-working-hands-85g-tube,5704947002688,,5704947002688,copy barcode from SKU
15671426023755,57051284635979,kit-kaboodle-nail-file-floral-coarse-med,5391531141054,,5391531141054,copy barcode from SKU
15671426056523,57051284668747,hylo-dual-pres-free-eye-drops-7-5ml-0-05,4031626711380,,4031626711380,copy barcode from SKU
15671426089291,57051284701515,head-and-shoulders-shampoo-classic-250ml,5410076229994,,5410076229994,copy barcode from SKU
15671426122059,57051284734283,elave-facial-intense-moisture-surge-50ml,5098928123753,,5098928123753,copy barcode from SKU
15671426154827,57051284767051,bio-oil-skincare-oil-60ml,6001159118411,,6001159118411,copy barcode from SKU
15671426187595,57051284799819,medicare-sterile-burn-plasters-6pk,5099390410594,,5099390410594,copy barcode from SKU
15671426220363,57051284832587,spatone-iron-plus-14-sachets,5000488105285,,5000488105285,copy barcode from SKU
15671426253131,57051284865355,cocoa-brown-1hr-ultra-dark-tan-150ml,5391018047190,,5391018047190,copy barcode from SKU
15671426285899,57051284898123,kit-kaboodle-nail-scissors-curved,5391531141085,,5391531141085,copy barcode from SKU
15671426318667,57051284930891,capasal-therapeutic-shampoo-100ml,5016379135002,,5016379135002,copy barcode from SKU
15671426351435,57051284963659,sculpted-perfecting-duo-brush,794712490036,,794712490036,copy barcode from SKU
15671426384203,57051284996427,active-immune-immunity-boost-caps-30pk,793618323974,,793618323974,copy barcode from SKU
15671426416971,57051285029195,capasal-herbal-shampoo-100ml,5016379136009,,5016379136009,copy barcode from SKU
15671426449739,57051285061963,arret-2mg-hard-capsules-6pk,5099467000383,,5099467000383,copy barcode from SKU
15671426482507,57051285094731,tefin-75mg-ibuprofen-suppositories,5392000060876,,5392000060876,copy barcode from SKU
15671426515275,57051285127499,bperfect-perfection-primer,793618273286,,793618273286,copy barcode from SKU
15671426548043,57051285160267,colgate-tp-100ml-whitening,8714789601106,,8714789601106,copy barcode from SKU
15671426580811,57051285193035,gillette-shave-foam-200ml-sensitive,7702018980932,,7702018980932,copy barcode from SKU
15671426613579,57051285225803,micropore-tape-sml-1-25cm-x-5m-long,4054596748293,,4054596748293,copy barcode from SKU
15671426646347,57051285258571,dextro-energy-orange-vit-c-47g,50184231,,50184231,copy barcode from SKU
15671426679115,57051285291339,dripping-gold-pre-party-polish,5391537260032,,5391537260032,copy barcode from SKU
15671426711883,57051285324107,tubigrip-tubular-bandage-size-g-12cm-x-0-5m,5055158005488,,5055158005488,copy barcode from SKU
15671426777419,57051285389643,alflorex-chewable-tablets-30pk,5391528870158,,5391528870158,copy barcode from SKU
15671426810187,57051285422411,oilatum-500ml,5099562924607,,5099562924607,copy barcode from SKU
15671426842955,57051285455179,nivea-sun-protect-moisture-sun-lotion-spf50-200ml,4005808430208,,4005808430208,copy barcode from SKU
15671426875723,57051285487947,bloateze-tablets-20pk-phoenix,5391513950292,,5391513950292,copy barcode from SKU
15671426908491,57051285520715,carnation-corn-caps-5pk,5098928122183,,5098928122183,copy barcode from SKU
15671426941259,57051285553483,luna-by-lisa-airbrush-3in1-primer-tan,5391532521909,,5391532521909,copy barcode from SKU
15671427006795,57051285750091,anti-hist-allergy-10mg-tabs-30pk,5099562707453,,5099562707453,copy barcode from SKU
15671427072331,57051285946699,active-iron-b-complex-for-men-30pk,735850483184,,735850483184,copy barcode from SKU
15671427105099,57051285979467,exputex-syrup-200ml,5391513950506,,5391513950506,copy barcode from SKU
15671427137867,57051286012235,rs-epsom-salts-500g,5099172220168,,5099172220168,copy barcode from SKU
15671427203403,57051286077771,listerine-250ml-coolmint,5010123707774,,5010123707774,copy barcode from SKU
15671427334475,57051286470987,sculpted-second-skin-light-dewy-3-0,793591414652,,793591414652,copy barcode from SKU
15671427400011,57051286667595,scholl-verruca-wart-freeze-spray-80ml,5038483238424,,5038483238424,copy barcode from SKU
15671427432779,57051288469835,dlux-vit-d-spray-1000iu-15ml,96000793,,96000793,copy barcode from SKU
15671427465547,57051288502603,thermal-micellar-water-comb-to-oily-skin-250ml,3661434003660,,3661434003660,copy barcode from SKU
15671427498315,57051288535371,sculpted-set-perfect-powder-brush,794712490708,,794712490708,copy barcode from SKU
15671427531083,57051288568139,brush-works-micro-needle-derma-roller,5060455147519,,5060455147519,copy barcode from SKU
15671427563851,57051288764747,epaderm-cream-pump-500g,5055158013179,,5055158013179,copy barcode from SKU
15671427596619,57051288797515,sculpted-second-skin-dewy-tan-5-0,793591414782,,793591414782,copy barcode from SKU
15671427629387,57051288830283,zenflore-capsules-30pk,5391528870103,,5391528870103,copy barcode from SKU
15671427662155,57051288863051,sterimar-allergy-50ml,5010724533741,,5010724533741,copy barcode from SKU
15671427694923,57051288895819,tepe-angle-g4141-orange-0-45mm-6pk,7317400011509,,7317400011509,copy barcode from SKU
15671427727691,57051288928587,loreal-magic-retouch-gold-brow,3600523388240,,3600523388240,copy barcode from SKU
15671427825995,57051289026891,carnation-corn-shields,5012654201608,,5012654201608,copy barcode from SKU
15671427858763,57051289059659,celtic-candle-round-pot-pomelo-grapefruit,5038871068084,,5038871068084,copy barcode from SKU
15671427924299,57051289256267,luna-by-lisa-bronze-glow-primer,5391532521985,,5391532521985,copy barcode from SKU
15671427989835,57051289354571,anusol-suppositories-24pk,5010724531099,,5010724531099,copy barcode from SKU
15671428022603,57051289387339,better-you-dlux-infant-spray-15ml,96170816,,96170816,copy barcode from SKU
15671428055371,57051289420107,ortho-kin-mouthwash-500ml,8470001508232,,8470001508232,copy barcode from SKU
15671428088139,57051289452875,tepe-green-size-5-6pk,7317400001791,,7317400001791,copy barcode from SKU
15671428120907,57051289485643,voltarol-1-emulgel-p-50g,5051562035806,,5051562035806,copy barcode from SKU
15671428153675,57051289518411,exputex-syrup-100ml,5391513950490,,5391513950490,copy barcode from SKU
15671428219211,57051289583947,medisilk-silk-tape-2-5x5m,5099390200508,,5099390200508,copy barcode from SKU
15671428251979,57051289616715,childs-farm-hair-body-wash-250ml-sweet-orange,5029066007155,,5029066007155,copy barcode from SKU
15671428284747,57051289682251,halls-soothers-honey-lemon-45g,7622210412539,,7622210412539,copy barcode from SKU
15671428350283,57051289715019,dove-men-s-gel-250ml-extra-fresh,8717644598849,,8717644598849,copy barcode from SKU
15671428415819,57051289813323,sculpted-brighten-up-concealer-sand,794712143123,,794712143123,copy barcode from SKU
15671428448587,57051289846091,advil-cold-flu-20pk,5000309004506,,5000309004506,copy barcode from SKU
15671428481355,57051289878859,reusable-face-mask,5391018053474,,5391018053474,copy barcode from SKU
15671428514123,57051289911627,ultra-pure-eucalyptus-oil-10ml,5391510474135,,5391510474135,copy barcode from SKU
15671428546891,57051289944395,pharmard-d-pearls-junior-80pk,5709976134201,,5709976134201,copy barcode from SKU
15671428579659,57051289977163,vaseline-pet-jelly-100ml-tub,42182634,,42182634,copy barcode from SKU
15671428612427,57051290009931,ultrapure-liquid-paraffin-500ml,5391510476672,,5391510476672,copy barcode from SKU
15671428710731,57051290337611,dove-men-care-clean-comfort-duo-pk-150ml,8710908829468,,8710908829468,copy barcode from SKU
15671428743499,57051290370379,mitchum-roll-on-unperfumed-100ml,309975122077,,309975122077,copy barcode from SKU
15671428776267,57051290403147,j-j-baby-oil-300ml,3574661218083,,3574661218083,copy barcode from SKU
15671428841803,57051290501451,ogam-ylang-ylang-10ml,5390600001282,,5390600001282,copy barcode from SKU
15671428907339,57051290534219,vaseline-lip-therapy-20g-rosy,50064861,,50064861,copy barcode from SKU
15671428972875,57051290599755,sculpted-second-skin-medium-dewy-4-0,793591414720,,793591414720,copy barcode from SKU
15671429038411,57051290829131,nivea-men-post-shave-balm-100ml-sensitive,5025970023281,,5025970023281,copy barcode from SKU
15671429071179,57051290861899,bio-kult-pro-cyan-45pk,5027314503213,,5027314503213,copy barcode from SKU
15671429136715,57051290894667,tepe-g4111-mini-flossers-36pk,7317400012537,,7317400012537,copy barcode from SKU
15671429202251,57051291058507,dermal-adex-gel-100g,5016379100451,,5016379100451,copy barcode from SKU
15671429235019,57051291091275,cutex-ultra-powerful-npr-100ml,309971370274,,309971370274,copy barcode from SKU
15671429300555,57051291156811,luna-by-lisa-strobe-primer,5391532521992,,5391532521992,copy barcode from SKU
15671429366091,57051291222347,purismio-reusable-mask-black-1pk,5060676800125,,5060676800125,copy barcode from SKU
15671429398859,57051291255115,kit-kaboodle-hair-clamp-black,5391531140392,,5391531140392,copy barcode from SKU
15671429497163,57051293843787,lavender-oil-ultra-pure-10ml,5391510474159,,5391510474159,copy barcode from SKU
16024781816139,58579858358603,bperfect-chroma-cover-luminous-foundation-w5,chromaluminousw5,chromaluminousw5,,clear text code from Barcode
16024784109899,58579861111115,solgar-7-joint-support-30-caps,33984504974,33984504974,033984504974,add lost leading zero to Barcode
16024784240971,58579861307723,electric-picnic-bundle,epbundle,epbundle,,clear text code from Barcode
16024784535883,58579861963083,solgar-magnesium-l-threonate-60-capsules,33984015777,33984015777,033984015777,add lost leading zero to Barcode
16024784666955,58579862094155,calvin-klein-eternity-for-men-50ml-edt-spr,31655644295,31655644295,031655644295,add lost leading zero to Barcode
