phase,object,id,handle,title,action,requested,stored_after,before,after,reverse_with,note
rules,collection,gid://shopify/Collection/702824382795,brain-health,Brain Health,collectionUpdate ruleSet,"{""appliedDisjunctively"": false, ""rules"": [{""column"": ""TYPE"", ""condition"": ""Supplements > Brain Health & Omega Oils"", ""relation"": ""EQUALS""}]}",,"{""appliedDisjunctively"": false, ""rules"": [{""column"": ""TAG"", ""condition"": ""Brain Health"", ""relation"": ""EQUALS""}]}",12,"collectionUpdate id=gid://shopify/Collection/702824382795 ruleSet={""appliedDisjunctively"": false, ""rules"": [{""column"": ""TAG"", ""condition"": ""Brain Health"", ""relation"": ""EQUALS""}]}",count 2 -> 12; sheet predicted 12; MATCHES PREDICTION
rules,collection,gid://shopify/Collection/702823727435,baby-feeding,Baby Feeding,collectionUpdate ruleSet,"{""appliedDisjunctively"": false, ""rules"": [{""column"": ""TYPE"", ""condition"": ""Baby > Feeding"", ""relation"": ""EQUALS""}]}",,"{""appliedDisjunctively"": false, ""rules"": [{""column"": ""TAG"", ""condition"": ""Baby Feeding"", ""relation"": ""EQUALS""}]}",2,"collectionUpdate id=gid://shopify/Collection/702823727435 ruleSet={""appliedDisjunctively"": false, ""rules"": [{""column"": ""TAG"", ""condition"": ""Baby Feeding"", ""relation"": ""EQUALS""}]}",count 2 -> 2; sheet predicted 2; MATCHES PREDICTION
rules,product,gid://shopify/Product/15671325720907,stugeron-tabs-15pk,Stugeron Tabs 15Pk,tagsAdd (before the rule swap),Travel Sickness,pharmacist-review|Pharmacy > Sensitive Conditions|Stugeron|Travel Sickness,pharmacist-review|Pharmacy > Sensitive Conditions|Stugeron,,"tagsRemove id=gid://shopify/Product/15671325720907 tags=[""Travel Sickness""]",without this the travel-sickness rule swap would empty the page
rules,product,gid://shopify/Product/15671332176203,kwells-12pk-travel-sickness-tabs,Kwells 12Pk Travel Sickness Tabs,tagsAdd (before the rule swap),Travel Sickness,Kwells|pharmacist-review|Pharmacy > Sensitive Conditions|Travel Sickness,Kwells|pharmacist-review|Pharmacy > Sensitive Conditions,,"tagsRemove id=gid://shopify/Product/15671332176203 tags=[""Travel Sickness""]",without this the travel-sickness rule swap would empty the page
rules,collection,gid://shopify/Collection/702831296843,travel-sickness,Travel Sickness,collectionUpdate ruleSet,"{""appliedDisjunctively"": false, ""rules"": [{""column"": ""TAG"", ""condition"": ""Travel Sickness"", ""relation"": ""EQUALS""}]}",,"{""appliedDisjunctively"": true, ""rules"": [{""column"": ""VENDOR"", ""condition"": ""Kwells"", ""relation"": ""EQUALS""}, {""column"": ""VENDOR"", ""condition"": ""Stugeron"", ""relation"": ""EQUALS""}]}",2,"collectionUpdate id=gid://shopify/Collection/702831296843 ruleSet={""appliedDisjunctively"": true, ""rules"": [{""column"": ""VENDOR"", ""condition"": ""Kwells"", ""relation"": ""EQUALS""}, {""column"": ""VENDOR"", ""condition"": ""Stugeron"", ""relation"": ""EQUALS""}]}",count 2 -> 2; sheet predicted 2; MATCHES PREDICTION
merge,product,gid://shopify/Product/15671261462859,vaseline-hand-nail-cream-200ml,Vaseline Hand & Nail Cream 200Ml,tagsAdd,Nail Care,Cuticle & Nail Care|Hand Cream|Nail Care|Skincare > Hands & Feet|Vaseline,Cuticle & Nail Care|Hand Cream|Skincare > Hands & Feet|Vaseline,,"tagsRemove id=gid://shopify/Product/15671261462859 tags=[""Nail Care""]",merge cuticle-nail-care -> nail-care
merge,collection,gid://shopify/Collection/702825103691,cuticle-nail-care,Cuticle & Nail Care,publishableUnpublish (Online Store),,,published,unpublished,publishablePublish id=gid://shopify/Collection/702825103691 publicationId=gid://shopify/Publication/341524873547,"collection kept, not deleted"
merge,urlRedirect,gid://shopify/UrlRedirect/1224340111691,cuticle-nail-care,/collections/cuticle-nail-care,urlRedirectCreate,,,,/collections/nail-care,urlRedirectDelete id=gid://shopify/UrlRedirect/1224340111691,not added to redirects.csv: that file is generated
merge,product,gid://shopify/Product/15671270637899,bio-oil-dry-skin-gel-100ml,Bio-Oil Dry Skin Gel 100Ml,no tag needed,"Dry Skin, Eczema & Psoriasis",Baby > Maternity Care|Bio-Oil|Dermatological Skincare|Dry Skin|Eczema & Psoriasis|Problem Skin,,,,already matches dry-skin-eczema-psoriasis before any write
merge,product,gid://shopify/Product/15671312220491,svr-densitium-rich-cream-mature-skin-dry-to-very-dry-50ml,Svr Densitium Rich Cream Mature Skin Dry To Very Dry 50Ml,no tag needed,"Dry Skin, Eczema & Psoriasis",Dermatological Skincare|Dry Skin|Eczema & Psoriasis|Problem Skin|Sale|Skincare|SVR,,,,already matches dry-skin-eczema-psoriasis before any write
merge,product,gid://shopify/Product/15671411409227,bio-oil-dry-skin-gel-50ml,Bio-Oil Dry Skin Gel 50Ml,no tag needed,"Dry Skin, Eczema & Psoriasis",Baby > Maternity Care|Bio Oil|Dermatological Skincare|Dry Skin|Eczema & Psoriasis|Problem Skin,,,,already matches dry-skin-eczema-psoriasis before any write
merge,collection,gid://shopify/Collection/702825431371,dry-skin,Dry Skin,publishableUnpublish (Online Store),,,published,unpublished,publishablePublish id=gid://shopify/Collection/702825431371 publicationId=gid://shopify/Publication/341524873547,"collection kept, not deleted"
merge,urlRedirect,gid://shopify/UrlRedirect/1224340144459,dry-skin,/collections/dry-skin,urlRedirectCreate,,,,/collections/dry-skin-eczema-psoriasis,urlRedirectDelete id=gid://shopify/UrlRedirect/1224340144459,not added to redirects.csv: that file is generated
tags,product,gid://shopify/Product/15671337058635,medicare-wart-verruca-removal-pen,Medicare Wart & Verruca Removal Pen,tagsAdd,"Skintags, Warts & Veruccas",Medicare|Skintags|Warts & Veruccas,Medicare,,"tagsRemove id=gid://shopify/Product/15671337058635 tags=[""Skintags"", ""Warts & Veruccas""]","stored split on comma: Skintags, Warts & Veruccas"
tags,product,gid://shopify/Product/15671382769995,salactol-wart-paint-10ml,Salactol Wart Paint 10Ml,tagsAdd,"Skintags, Warts & Veruccas",pharmacist-review|Pharmacy > Foot & Nail Care|Salactol|Skintags|Warts & Veruccas,pharmacist-review|Pharmacy > Foot & Nail Care|Salactol,,"tagsRemove id=gid://shopify/Product/15671382769995 tags=[""Skintags"", ""Warts & Veruccas""]","stored split on comma: Skintags, Warts & Veruccas"
tags,product,gid://shopify/Product/15671290626379,salatac-gel-8g,Salatac Gel 8G,tagsAdd,"Skintags, Warts & Veruccas",pharmacist-review|Pharmacy > Foot & Nail Care|Salatac|Skintags|Warts & Veruccas,pharmacist-review|Pharmacy > Foot & Nail Care|Salatac,,"tagsRemove id=gid://shopify/Product/15671290626379 tags=[""Skintags"", ""Warts & Veruccas""]","stored split on comma: Skintags, Warts & Veruccas"
tags,product,gid://shopify/Product/15671427400011,scholl-verruca-wart-freeze-spray-80ml,Scholl Verruca & Wart Freeze Spray 80Ml,tagsAdd,"Skintags, Warts & Veruccas",Pharmacy > Foot & Nail Care|Scholl|Skintags|Warts & Veruccas,Pharmacy > Foot & Nail Care|Scholl,,"tagsRemove id=gid://shopify/Product/15671427400011 tags=[""Skintags"", ""Warts & Veruccas""]","stored split on comma: Skintags, Warts & Veruccas"
tags,product,gid://shopify/Product/15671398859083,wartner-freeze-wart-verruca-50ml-2nd-gen,Wartner Freeze Wart & Verruca 50Ml 2Nd Gen,tagsAdd,"Skintags, Warts & Veruccas",Pharmacy > Foot & Nail Care|Skintags|Wartner|Warts & Veruccas,Pharmacy > Foot & Nail Care|Wartner,,"tagsRemove id=gid://shopify/Product/15671398859083 tags=[""Skintags"", ""Warts & Veruccas""]","stored split on comma: Skintags, Warts & Veruccas"
tags,product,gid://shopify/Product/15671392633163,acic-5-cream-2g,Acic 5% Cream 2G,tagsAdd,Mouth Ulcers & Cold Sores,Acic|Mouth Ulcers & Cold Sores|pharmacist-review|Pharmacy > Oral Health,Acic|pharmacist-review|Pharmacy > Oral Health,,"tagsRemove id=gid://shopify/Product/15671392633163 tags=[""Mouth Ulcers & Cold Sores""]",
tags,product,gid://shopify/Product/15671281320267,actifed-syrup-100ml,Actifed Syrup 100Ml,tagsAdd,Cold & Flu Combination Products,Actifed|Cold & Flu Combination Products|pharmacist-review|Pharmacy > Cold & Flu,Actifed|pharmacist-review|Pharmacy > Cold & Flu,,"tagsRemove id=gid://shopify/Product/15671281320267 tags=[""Cold & Flu Combination Products""]",
tags,product,gid://shopify/Product/15671273685323,actifed-tabs-12pk,Actifed Tabs 12Pk,tagsAdd,Cold & Flu Combination Products,Actifed|Cold & Flu Combination Products|pharmacist-review|Pharmacy > Cold & Flu,Actifed|pharmacist-review|Pharmacy > Cold & Flu,,"tagsRemove id=gid://shopify/Product/15671273685323 tags=[""Cold & Flu Combination Products""]",
tags,product,gid://shopify/Product/15671306944843,active-iron-pregnancy-capsules-30pk,Active Iron Pregnancy Capsules 30Pk,tagsAdd,Trying To Conceive,Active Iron|Fertility & Pregnancy|Supplements > Women's Wellbeing|Trying To Conceive,Active Iron|Fertility & Pregnancy|Supplements > Women's Wellbeing,,"tagsRemove id=gid://shopify/Product/15671306944843 tags=[""Trying To Conceive""]",
tags,product,gid://shopify/Product/15671428448587,advil-cold-flu-20pk,Advil Cold & Flu 20Pk,tagsAdd,Cold & Flu Combination Products,Advil|Cold & Flu Combination Products|pharmacist-review|Pharmacy > Cold & Flu,Advil|pharmacist-review|Pharmacy > Cold & Flu,,"tagsRemove id=gid://shopify/Product/15671428448587 tags=[""Cold & Flu Combination Products""]",
tags,product,gid://shopify/Product/15671403643211,alka-seltzer-10pk-lemon,Alka Seltzer 10Pk Lemon,tagsAdd,"Nausea, Acid Indigestion & Reflux",Acid Indigestion & Reflux|Alka Seltzer|Nausea|pharmacist-review|Pharmacy > Stomach & Digestion,Alka Seltzer|pharmacist-review|Pharmacy > Stomach & Digestion,,"tagsRemove id=gid://shopify/Product/15671403643211 tags=[""Acid Indigestion & Reflux"", ""Nausea""]","requested tag contains a comma, Shopify stores it split: Nausea, Acid Indigestion & Reflux"
tags,product,gid://shopify/Product/15671310483787,anthisan-cream-25g,Anthisan Cream 25G,tagsAdd,Insect Bites & Prevention,Anthisan|Insect Bites & Prevention|pharmacist-review|Pharmacy > Allergy Relief,Anthisan|pharmacist-review|Pharmacy > Allergy Relief,,"tagsRemove id=gid://shopify/Product/15671310483787 tags=[""Insect Bites & Prevention""]",
tags,product,gid://shopify/Product/15671377068363,anusol-cream-23g,Anusol Cream 23G,tagsAdd,Haemorrhoids & Piles,Anusol|Haemorrhoids & Piles|pharmacist-review|Pharmacy > Medicated Skincare,Anusol|pharmacist-review|Pharmacy > Medicated Skincare,,"tagsRemove id=gid://shopify/Product/15671377068363 tags=[""Haemorrhoids & Piles""]",
tags,product,gid://shopify/Product/15671271817547,anusol-hc-suppositories-12pk,Anusol Hc Suppositories 12Pk,tagsAdd,Haemorrhoids & Piles,Anusol|Haemorrhoids & Piles|pharmacist-review|Pharmacy > Pain Relief,Anusol|pharmacist-review|Pharmacy > Pain Relief,,"tagsRemove id=gid://shopify/Product/15671271817547 tags=[""Haemorrhoids & Piles""]",
tags,product,gid://shopify/Product/15671366746443,anusol-soothing-wipes-30pk,Anusol Soothing Wipes 30Pk,tagsAdd,Haemorrhoids & Piles,Anusol|Haemorrhoids & Piles|pharmacist-review|Pharmacy > Stomach & Digestion,Anusol|pharmacist-review|Pharmacy > Stomach & Digestion,,"tagsRemove id=gid://shopify/Product/15671366746443 tags=[""Haemorrhoids & Piles""]",
tags,product,gid://shopify/Product/15671384932683,anusol-supp-12pk,Anusol Supp 12Pk,tagsAdd,Haemorrhoids & Piles,Anusol|Haemorrhoids & Piles|pharmacist-review|Pharmacy > Sensitive Conditions,Anusol|pharmacist-review|Pharmacy > Sensitive Conditions,,"tagsRemove id=gid://shopify/Product/15671384932683 tags=[""Haemorrhoids & Piles""]",
tags,product,gid://shopify/Product/15671427989835,anusol-suppositories-24pk,Anusol Suppositories 24Pk,tagsAdd,Haemorrhoids & Piles,Anusol|Haemorrhoids & Piles|pharmacist-review|Pharmacy > Sensitive Conditions,Anusol|pharmacist-review|Pharmacy > Sensitive Conditions,,"tagsRemove id=gid://shopify/Product/15671427989835 tags=[""Haemorrhoids & Piles""]",
tags,product,gid://shopify/Product/15671368122699,aptamil-pepti-1-400g,Aptamil Pepti 1 400G,tagsAdd,Baby Feeding,Baby > Feeding,Baby > Feeding,,tagsRemove id=gid://shopify/Product/15671368122699 tags=[],
tags,product,gid://shopify/Product/15671326441803,armani-code-mens-50ml-edt-spr,Armani Code Mens 50Ml Edt Spr,tagsAdd,Mens Fragrance Singles,Gifts > Men's Fragrance|Mens Fragrance Singles,Gifts > Men's Fragrance,,"tagsRemove id=gid://shopify/Product/15671326441803 tags=[""Mens Fragrance Singles""]",
tags,product,gid://shopify/Product/15671325917515,armani-si-ladies-30ml-edp,Armani Si Ladies 30Ml Edp,tagsAdd,Ladies Fragrance Singles,Ladies Fragrance Singles,,,"tagsRemove id=gid://shopify/Product/15671325917515 tags=[""Ladies Fragrance Singles""]",
tags,product,gid://shopify/Product/15671355048267,arnicare-arnica-cream-30g,Arnicare Arnica Cream 30G,tagsAdd,Muscle & Joint Pain,Arnicare|Muscle & Joint Pain|Pharmacy > Pain Relief,Arnicare|Pharmacy > Pain Relief,,"tagsRemove id=gid://shopify/Product/15671355048267 tags=[""Muscle & Joint Pain""]",
tags,product,gid://shopify/Product/15671340925259,arret-2mg-hard-capsules-12pk,Arret 2Mg Hard Capsules 12Pk,tagsAdd,Diarrhoea,Arret|Diarrhoea|pharmacist-review|Pharmacy > Stomach & Digestion,Arret|pharmacist-review|Pharmacy > Stomach & Digestion,,"tagsRemove id=gid://shopify/Product/15671340925259 tags=[""Diarrhoea""]",
tags,product,gid://shopify/Product/15671426449739,arret-2mg-hard-capsules-6pk,Arret 2Mg Hard Capsules 6Pk,tagsAdd,Diarrhoea,Arret|Diarrhoea|pharmacist-review|Pharmacy > Stomach & Digestion,Arret|pharmacist-review|Pharmacy > Stomach & Digestion,,"tagsRemove id=gid://shopify/Product/15671426449739 tags=[""Diarrhoea""]",
tags,product,gid://shopify/Product/15671285416267,astral-cream-200ml,Astral Cream 200Ml,tagsAdd,"Dry Skin, Eczema & Psoriasis",Astral|Dry Skin|Eczema & Psoriasis|Pharmacy > Medicated Skincare,Astral|Pharmacy > Medicated Skincare,,"tagsRemove id=gid://shopify/Product/15671285416267 tags=[""Dry Skin"", ""Eczema & Psoriasis""]","requested tag contains a comma, Shopify stores it split: Dry Skin, Eczema & Psoriasis"
tags,product,gid://shopify/Product/15671275946315,audiclean-ear-cleansing-wash-115ml,Audiclean Ear Cleansing Wash 115Ml,tagsAdd,Ear Wax Treatments,Audiclean|Ear Wax Treatments|Pharmacy > Eye & Ear Care,Audiclean|Pharmacy > Eye & Ear Care,,"tagsRemove id=gid://shopify/Product/15671275946315 tags=[""Ear Wax Treatments""]",
tags,product,gid://shopify/Product/15671389028683,bare-addiction-4-steps-to-clearer-skin,Bare Addiction 4 Steps To Clearer Skin,tagsAdd,Problem Skin,Acne & Blemish|Pharmacy > Medicated Skincare|Problem Skin,Acne & Blemish|Pharmacy > Medicated Skincare,,"tagsRemove id=gid://shopify/Product/15671389028683 tags=[""Problem Skin""]",
tags,product,gid://shopify/Product/15671376019787,bausch-lomb-artelac-nighttime-gel-10g,Bausch & Lomb Artelac Nighttime Gel 10G,tagsAdd,Dry Eye,Bausch|Dry Eye|pharmacist-review|Pharmacy > Eye & Ear Care,Bausch|pharmacist-review|Pharmacy > Eye & Ear Care,,"tagsRemove id=gid://shopify/Product/15671376019787 tags=[""Dry Eye""]",
tags,product,gid://shopify/Product/15671387586891,bbold-microfibre-applicator-glove-mitt,Bbold Microfibre Applicator Glove Mitt,tagsAdd,Tanning Mitts,BBold|Beauty > Tanning|Tanning Mitts,BBold|Beauty > Tanning,,"tagsRemove id=gid://shopify/Product/15671387586891 tags=[""Tanning Mitts""]",
tags,product,gid://shopify/Product/15671397024075,benylin-100ml-dry-dual-action,Benylin 100Ml Dry Dual Action,tagsAdd,Cough,Benylin|Cough|pharmacist-review|Pharmacy > Cold & Flu,Benylin|pharmacist-review|Pharmacy > Cold & Flu,,"tagsRemove id=gid://shopify/Product/15671397024075 tags=[""Cough""]",
tags,product,gid://shopify/Product/15671262773579,benylin-125ml-chesty-cough-n-d,Benylin 125Ml Chesty Cough N/D,tagsAdd,Cough,Benylin|Cough|pharmacist-review|Pharmacy > Cold & Flu,Benylin|pharmacist-review|Pharmacy > Cold & Flu,,"tagsRemove id=gid://shopify/Product/15671262773579 tags=[""Cough""]",
tags,product,gid://shopify/Product/15671361634635,benylin-125ml-cough-med-orginal,Benylin 125Ml Cough Med Orginal,tagsAdd,Cough,Benylin|Cough|pharmacist-review|Pharmacy > Cold & Flu,Benylin|pharmacist-review|Pharmacy > Cold & Flu,,"tagsRemove id=gid://shopify/Product/15671361634635 tags=[""Cough""]",
tags,product,gid://shopify/Product/15671365730635,benylin-125ml-dry-cough-syrup,Benylin 125Ml Dry Cough Syrup,tagsAdd,Cough,Benylin|Cough|pharmacist-review|Pharmacy > Cold & Flu,Benylin|pharmacist-review|Pharmacy > Cold & Flu,,"tagsRemove id=gid://shopify/Product/15671365730635 tags=[""Cough""]",
tags,product,gid://shopify/Product/15671285317963,benylin-4-flu-tabs-24pk,Benylin 4 Flu Tabs 24Pk,tagsAdd,Cold & Flu Combination Products,Benylin|Cold & Flu Combination Products|pharmacist-review|Pharmacy > Cold & Flu,Benylin|pharmacist-review|Pharmacy > Cold & Flu,,"tagsRemove id=gid://shopify/Product/15671285317963 tags=[""Cold & Flu Combination Products""]",
tags,product,gid://shopify/Product/15671401546059,benylin-child-125ml-chesty-n-d,Benylin Child 125Ml Chesty N/D,tagsAdd,Cough,Benylin|Cough|pharmacist-review|Pharmacy > Children's Medicine,Benylin|pharmacist-review|Pharmacy > Children's Medicine,,"tagsRemove id=gid://shopify/Product/15671401546059 tags=[""Cough""]",
tags,product,gid://shopify/Product/15671299277131,benylin-day-night-tabs-16pk,Benylin Day & Night Tabs 16Pk,tagsAdd,Cold & Flu Combination Products,Benylin|Cold & Flu Combination Products|pharmacist-review|Pharmacy > Cold & Flu,Benylin|pharmacist-review|Pharmacy > Cold & Flu,,"tagsRemove id=gid://shopify/Product/15671299277131 tags=[""Cold & Flu Combination Products""]",
tags,product,gid://shopify/Product/15671359668555,bepantiseptic-1st-aid-cream-30g,Bepantiseptic 1St Aid Cream 30G,tagsAdd,Antiseptics & Wound Cleaning,Antiseptics & Wound Cleaning|Bepantiseptic|pharmacist-review|Pharmacy > First Aid,Bepantiseptic|pharmacist-review|Pharmacy > First Aid,,"tagsRemove id=gid://shopify/Product/15671359668555 tags=[""Antiseptics & Wound Cleaning""]",
tags,product,gid://shopify/Product/15671378084171,bepantiseptic-1st-aid-cream-55g,Bepantiseptic 1St Aid Cream 55G,tagsAdd,Antiseptics & Wound Cleaning,Antiseptics & Wound Cleaning|Bepantiseptic|pharmacist-review|Pharmacy > First Aid,Bepantiseptic|pharmacist-review|Pharmacy > First Aid,,"tagsRemove id=gid://shopify/Product/15671378084171 tags=[""Antiseptics & Wound Cleaning""]",
tags,product,gid://shopify/Product/15671394861387,biabelle-velvet-tan-mitt,Biabelle Velvet Tan Mitt,tagsAdd,Tanning Mitts,Beauty > Tanning|Biabelle|Tanning Mitts,Beauty > Tanning|Biabelle,,"tagsRemove id=gid://shopify/Product/15671394861387 tags=[""Tanning Mitts""]",
tags,product,gid://shopify/Product/15671324115275,biotene-oral-balance-gel-50g,Biotene Oral Balance Gel 50G,tagsAdd,Dry Mouth,Biotene|Dry Mouth|Pharmacy > Oral Health,Biotene|Pharmacy > Oral Health,,"tagsRemove id=gid://shopify/Product/15671324115275 tags=[""Dry Mouth""]",
tags,product,gid://shopify/Product/15671307108683,bioxtra-dry-mouth-oral-gel-40ml,Bioxtra Dry Mouth Oral Gel 40Ml,tagsAdd,Dry Mouth,Bio Extra|Dry Mouth|Pharmacy > Oral Health,Bio Extra|Pharmacy > Oral Health,,"tagsRemove id=gid://shopify/Product/15671307108683 tags=[""Dry Mouth""]",
tags,product,gid://shopify/Product/15671258448203,bioxtra-mouthrinse-250ml-dry-mouth,Bioxtra Mouthrinse 250Ml Dry Mouth,tagsAdd,Dry Mouth,Bioxtra|Dry Mouth|Pharmacy > Oral Health,Bioxtra|Pharmacy > Oral Health,,"tagsRemove id=gid://shopify/Product/15671258448203 tags=[""Dry Mouth""]",
tags,product,gid://shopify/Product/15671411802443,bioxtra-oral-gel-mouthspray-50ml-dry-mouth,Bioxtra Oral Gel Mouthspray 50Ml Dry Mouth,tagsAdd,Dry Mouth,Bioxtra|Dry Mouth|Pharmacy > Oral Health,Bioxtra|Pharmacy > Oral Health,,"tagsRemove id=gid://shopify/Product/15671411802443 tags=[""Dry Mouth""]",
tags,product,gid://shopify/Product/15671350460747,bisodol-peppermint-tablets-100pk,Bisodol Peppermint Tablets 100Pk,tagsAdd,"Nausea, Acid Indigestion & Reflux",Acid Indigestion & Reflux|Bisodol|Nausea|pharmacist-review|Pharmacy > Stomach & Digestion,Bisodol|pharmacist-review|Pharmacy > Stomach & Digestion,,"tagsRemove id=gid://shopify/Product/15671350460747 tags=[""Acid Indigestion & Reflux"", ""Nausea""]","requested tag contains a comma, Shopify stores it split: Nausea, Acid Indigestion & Reflux"
tags,product,gid://shopify/Product/15671349215563,bleu-de-chanel-edp-100ml,Bleu De Chanel Edp 100Ml,tagsAdd,Mens Fragrance Singles,Chanel|Gifts > Men's Fragrance|Mens Fragrance Singles,Chanel|Gifts > Men's Fragrance,,"tagsRemove id=gid://shopify/Product/15671349215563 tags=[""Mens Fragrance Singles""]",
tags,product,gid://shopify/Product/15671299965259,bleu-de-chanel-edp-50ml,Bleu De Chanel Edp 50Ml,tagsAdd,Mens Fragrance Singles,Chanel|Gifts > Men's Fragrance|Mens Fragrance Singles,Chanel|Gifts > Men's Fragrance,,"tagsRemove id=gid://shopify/Product/15671299965259 tags=[""Mens Fragrance Singles""]",
tags,product,gid://shopify/Product/15671426875723,bloateze-tablets-20pk-phoenix,Bloateze Tablets 20Pk Phoenix,tagsAdd,Bloating & Gas,Bloateze|Bloating & Gas|Pharmacy > Stomach & Digestion,Bloateze|Pharmacy > Stomach & Digestion,,"tagsRemove id=gid://shopify/Product/15671426875723 tags=[""Bloating & Gas""]",
tags,product,gid://shopify/Product/15671365861707,bonjela-gel-15g,Bonjela Gel 15G,tagsAdd,Mouth Ulcers & Cold Sores,Bonjela|Mouth Ulcers & Cold Sores|pharmacist-review|Pharmacy > Oral Health,Bonjela|pharmacist-review|Pharmacy > Oral Health,,"tagsRemove id=gid://shopify/Product/15671365861707 tags=[""Mouth Ulcers & Cold Sores""]",
tags,product,gid://shopify/Product/15671353835851,bonjela-teething-gel-15g,Bonjela Teething Gel 15G,tagsAdd,Teething,Bonjela|pharmacist-review|Pharmacy > Oral Health|Teething,Bonjela|pharmacist-review|Pharmacy > Oral Health,,"tagsRemove id=gid://shopify/Product/15671353835851 tags=[""Teething""]",
tags,product,gid://shopify/Product/15671254253899,boss-alive-ladies-30ml-2pc-gift-set,Boss Alive Ladies 30Ml 2Pc Gift Set,tagsAdd,Ladies Fragrance Sets,Gifts > Women's Fragrance|Ladies Fragrance Sets,Gifts > Women's Fragrance,,"tagsRemove id=gid://shopify/Product/15671254253899 tags=[""Ladies Fragrance Sets""]",
tags,product,gid://shopify/Product/15671287972171,boss-bottled-grey-50ml-edt-spr,Boss Bottled (Grey) 50Ml Edt Spr,tagsAdd,Mens Fragrance Singles,Gifts > Men's Fragrance|Mens Fragrance Singles,Gifts > Men's Fragrance,,"tagsRemove id=gid://shopify/Product/15671287972171 tags=[""Mens Fragrance Singles""]",
tags,product,gid://shopify/Product/15671420420427,boss-bottled-tonic-mens-50ml-edt,Boss Bottled Tonic Mens 50Ml Edt,tagsAdd,Mens Fragrance Singles,Gifts > Men's Fragrance|Hugo Boss|Mens Fragrance Singles,Gifts > Men's Fragrance|Hugo Boss,,"tagsRemove id=gid://shopify/Product/15671420420427 tags=[""Mens Fragrance Singles""]",
tags,product,gid://shopify/Product/15671347806539,boss-femme-75ml-edp-spr,Boss Femme 75Ml Edp Spr,tagsAdd,Ladies Fragrance Singles,Gifts > Women's Fragrance|Ladies Fragrance Singles,Gifts > Women's Fragrance,,"tagsRemove id=gid://shopify/Product/15671347806539 tags=[""Ladies Fragrance Singles""]",
tags,product,gid://shopify/Product/15671320740171,boss-orange-mens-100ml-edt-spr,Boss Orange Mens 100Ml Edt Spr,tagsAdd,Mens Fragrance Singles,Gifts > Men's Fragrance|Mens Fragrance Singles,Gifts > Men's Fragrance,,"tagsRemove id=gid://shopify/Product/15671320740171 tags=[""Mens Fragrance Singles""]",
tags,product,gid://shopify/Product/15671328145739,boss-the-scent-ladies-50ml-edp-spray,Boss The Scent Ladies 50Ml Edp Spray,tagsAdd,Ladies Fragrance Singles,Gifts > Women's Fragrance|Ladies Fragrance Singles,Gifts > Women's Fragrance,,"tagsRemove id=gid://shopify/Product/15671328145739 tags=[""Ladies Fragrance Singles""]",
tags,product,gid://shopify/Product/15671371825483,boss-the-scent-mens-100ml-2pc-gift-set,Boss The Scent Mens 100Ml 2Pc Gift Set,tagsAdd,Mens Fragrance Sets,Gifts > Men's Fragrance|Mens Fragrance Sets,Gifts > Men's Fragrance,,"tagsRemove id=gid://shopify/Product/15671371825483 tags=[""Mens Fragrance Sets""]",
tags,product,gid://shopify/Product/15671297999179,bperfect-annalivia-cronzer-cream-bronzer,Bperfect Annalivia Cronzer Cream Bronzer,tagsAdd,Bronzer,BPerfect|Brands > BPerfect|Bronzer,BPerfect|Brands > BPerfect|Bronzer,,tagsRemove id=gid://shopify/Product/15671297999179 tags=[],
tags,product,gid://shopify/Product/15671299113291,bperfect-annalivia-dream-duo-bronze-blush-face-palette,Bperfect Annalivia Dream Duo Bronze & Blush Face Palette,tagsAdd,Bronzer,BPerfect|Brands > BPerfect|Bronzer,BPerfect|Brands > BPerfect,,"tagsRemove id=gid://shopify/Product/15671299113291 tags=[""Bronzer""]",
tags,product,gid://shopify/Product/15671369859403,bperfect-annalivia-lip-library-creamy-lip-liner,Bperfect Annalivia Lip Library Creamy Lip Liner,tagsAdd,Lip Liner,BPerfect|Brands > BPerfect|Lip Liner,BPerfect|Brands > BPerfect|Lip Liner,,tagsRemove id=gid://shopify/Product/15671369859403 tags=[],
tags,product,gid://shopify/Product/15671273849163,bperfect-annalivia-lip-library-satin-lipstick,Bperfect Annalivia Lip Library Satin Lipstick,tagsAdd,Lipstick,BPerfect|Brands > BPerfect|Lipstick,BPerfect|Brands > BPerfect|Lipstick,,tagsRemove id=gid://shopify/Product/15671273849163 tags=[],
tags,product,gid://shopify/Product/15671260283211,bperfect-annalivia-mini-empress-base-brush,Bperfect Annalivia Mini Empress Base Brush,tagsAdd,Makeup Brushes & Tools,BPerfect|Brands > BPerfect|Makeup Brushes|Makeup Brushes & Tools,BPerfect|Brands > BPerfect|Makeup Brushes,,"tagsRemove id=gid://shopify/Product/15671260283211 tags=[""Makeup Brushes & Tools""]",
tags,product,gid://shopify/Product/15671376609611,bperfect-double-sided-luxury-velvet-tanning-mitt,Bperfect Double Sided Luxury Velvet Tanning Mitt,tagsAdd,Tanning Mitts,Beauty > Tanning|BPerfect|Tanning Mitts,Beauty > Tanning|BPerfect|Tanning Mitts,,tagsRemove id=gid://shopify/Product/15671376609611 tags=[],
tags,product,gid://shopify/Product/15671330701643,bperfect-ekin-su-radiant-blush-turkish-delight,Bperfect Ekin Su Radiant Blush (Turkish Delight),tagsAdd,Blusher,Beauty > Face|Blusher|BPerfect,Beauty > Face|BPerfect,,"tagsRemove id=gid://shopify/Product/15671330701643 tags=[""Blusher""]",
tags,product,gid://shopify/Product/15671368974667,bperfect-empress-base-body-brush,Bperfect Empress Base&Body Brush,tagsAdd,Makeup Brushes & Tools,Beauty > Brushes & Accessories|BPerfect|Makeup Brushes|Makeup Brushes & Tools,Beauty > Brushes & Accessories|BPerfect|Makeup Brushes,,"tagsRemove id=gid://shopify/Product/15671368974667 tags=[""Makeup Brushes & Tools""]",
tags,product,gid://shopify/Product/15671303602507,bperfect-eyeshadow-priming-base-perfect-prime,Bperfect Eyeshadow Priming Base Perfect Prime,tagsAdd,Eyeshadow,Beauty > Eyes|BPerfect|Eyeshadow,Beauty > Eyes|BPerfect|Eyeshadow,,tagsRemove id=gid://shopify/Product/15671303602507 tags=[],
tags,product,gid://shopify/Product/15671402168651,bperfect-instant-bronze-boost-gel-drops,Bperfect Instant Bronze Boost Gel Drops,tagsAdd,Bronzer,Beauty > Face|BPerfect|Bronzer,Beauty > Face|BPerfect,,"tagsRemove id=gid://shopify/Product/15671402168651 tags=[""Bronzer""]",
tags,product,gid://shopify/Product/15671290364235,bperfect-mini-empress-base-body-brush,Bperfect Mini Empress Base & Body Brush,tagsAdd,Makeup Brushes & Tools,Beauty|BPerfect|Makeup Brushes|Makeup Brushes & Tools,Beauty|BPerfect|Makeup Brushes,,"tagsRemove id=gid://shopify/Product/15671290364235 tags=[""Makeup Brushes & Tools""]",
tags,product,gid://shopify/Product/15671327686987,bperfect-mrs-glam-sunset-glow-disco-diva-cream-blush,Bperfect Mrs Glam Sunset Glow Disco Diva Cream Blush,tagsAdd,Blusher,Blusher|BPerfect|Brands > BPerfect,BPerfect|Brands > BPerfect,,"tagsRemove id=gid://shopify/Product/15671327686987 tags=[""Blusher""]",
tags,product,gid://shopify/Product/15671300653387,bperfect-mrs-glam-sunset-glow-peach-melba-cream-blush,Bperfect Mrs Glam Sunset Glow Peach Melba Cream Blush,tagsAdd,Blusher,Blusher|BPerfect|Brands > BPerfect,BPerfect|Brands > BPerfect,,"tagsRemove id=gid://shopify/Product/15671300653387 tags=[""Blusher""]",
tags,product,gid://shopify/Product/15671306912075,bperfect-mrs-glam-sunset-glow-rosemantic-cream-blush,Bperfect Mrs Glam Sunset Glow Rosemantic Cream Blush,tagsAdd,Blusher,Blusher|BPerfect|Brands > BPerfect,BPerfect|Brands > BPerfect,,"tagsRemove id=gid://shopify/Product/15671306912075 tags=[""Blusher""]",
tags,product,gid://shopify/Product/15671258906955,bperfect-the-cheek-liquid-blush-pretty-pink,Bperfect The Cheek Liquid Blush Pretty Pink,tagsAdd,Blusher,Beauty|Blusher|BPerfect,Beauty|BPerfect,,"tagsRemove id=gid://shopify/Product/15671258906955 tags=[""Blusher""]",
tags,product,gid://shopify/Product/15671299506507,bperfect-x-laura-b-the-one-lashes,Bperfect X Laura B The One Lashes,tagsAdd,False Eyelashes,Beauty > Brows & Lashes|BPerfect|False Eyelashes,Beauty > Brows & Lashes|BPerfect|False Eyelashes,,tagsRemove id=gid://shopify/Product/15671299506507 tags=[],
tags,product,gid://shopify/Product/15671302422859,broncho-stop-junior-cough-strawberry-120ml,Broncho Stop Junior Cough Strawberry 120Ml,tagsAdd,Cough,Bronchostop|Cough|pharmacist-review|Pharmacy > Children's Medicine,Bronchostop|pharmacist-review|Pharmacy > Children's Medicine,,"tagsRemove id=gid://shopify/Product/15671302422859 tags=[""Cough""]",
tags,product,gid://shopify/Product/15671259398475,burberry-for-men-30ml,Burberry For Men 30Ml,tagsAdd,Mens Fragrance Singles,Burberry|Gifts > Men's Fragrance|Mens Fragrance Singles,Burberry|Gifts > Men's Fragrance,,"tagsRemove id=gid://shopify/Product/15671259398475 tags=[""Mens Fragrance Singles""]",
tags,product,gid://shopify/Product/15671365534027,burberry-for-women-original-100ml-edp-spray,Burberry For Women (Original) 100Ml Edp Spray,tagsAdd,Ladies Fragrance Singles,Gifts > Women's Fragrance|Ladies Fragrance Singles,Gifts > Women's Fragrance,,"tagsRemove id=gid://shopify/Product/15671365534027 tags=[""Ladies Fragrance Singles""]",
tags,product,gid://shopify/Product/15671310582091,buscopan-10mg-tabs-20pk,Buscopan 10Mg Tabs 20Pk,tagsAdd,Cramping & Irritable Bowel,Buscopan|Cramping & Irritable Bowel|pharmacist-review|Pharmacy > Stomach & Digestion,Buscopan|pharmacist-review|Pharmacy > Stomach & Digestion,,"tagsRemove id=gid://shopify/Product/15671310582091 tags=[""Cramping & Irritable Bowel""]",
tags,product,gid://shopify/Product/15671349444939,buttercup-broncho-stop-cough-pastilles-10pk,Buttercup Broncho Stop Cough Pastilles 10Pk,tagsAdd,Cough,Bronchostop|Cough|pharmacist-review|Pharmacy > Cold & Flu,Bronchostop|pharmacist-review|Pharmacy > Cold & Flu,,"tagsRemove id=gid://shopify/Product/15671349444939 tags=[""Cough""]",
tags,product,gid://shopify/Product/15671263625547,buttercup-broncho-stop-cough-syrup-120ml,Buttercup Broncho Stop Cough Syrup 120Ml,tagsAdd,Cough,Bronchostop|Cough|pharmacist-review|Pharmacy > Cold & Flu,Bronchostop|pharmacist-review|Pharmacy > Cold & Flu,,"tagsRemove id=gid://shopify/Product/15671263625547 tags=[""Cough""]",
tags,product,gid://shopify/Product/15671331455307,buttercup-broncho-stop-cough-syrup-200ml,Buttercup Broncho Stop Cough Syrup 200Ml,tagsAdd,Cough,Bronchostop|Cough|pharmacist-review|Pharmacy > Cold & Flu,Bronchostop|pharmacist-review|Pharmacy > Cold & Flu,,"tagsRemove id=gid://shopify/Product/15671331455307 tags=[""Cough""]",
tags,product,gid://shopify/Product/15671307960651,buttercup-broncho-stop-cough-syrup-290ml,Buttercup Broncho Stop Cough Syrup 290Ml,tagsAdd,Cough,Bronchostop|Cough|pharmacist-review|Pharmacy > Cold & Flu,Bronchostop|pharmacist-review|Pharmacy > Cold & Flu,,"tagsRemove id=gid://shopify/Product/15671307960651 tags=[""Cough""]",
tags,product,gid://shopify/Product/15671317037387,cacharel-yes-i-am-pink-50ml-edp-spr,Cacharel Yes I Am Pink 50Ml Edp Spr,tagsAdd,Ladies Fragrance Singles,Gifts > Women's Fragrance|Ladies Fragrance Singles,Gifts > Women's Fragrance,,"tagsRemove id=gid://shopify/Product/15671317037387 tags=[""Ladies Fragrance Singles""]",
tags,product,gid://shopify/Product/15671362650443,caldebaby-teething-gel-20ml,Caldebaby Teething Gel 20Ml,tagsAdd,Teething,Baby > Baby Health|Teething,Baby > Baby Health,,"tagsRemove id=gid://shopify/Product/15671362650443 tags=[""Teething""]",
tags,product,gid://shopify/Product/15671285449035,calpol-6-sf-140ml-s-berry-susp,Calpol 6+ Sf 140Ml S/Berry Susp,tagsAdd,Baby & Children Pain Relief,Baby & Children Pain Relief|Calpol|pharmacist-review|Pharmacy > Children's Medicine,Calpol|pharmacist-review|Pharmacy > Children's Medicine,,"tagsRemove id=gid://shopify/Product/15671285449035 tags=[""Baby & Children Pain Relief""]",
tags,product,gid://shopify/Product/15671285383499,calpol-6-sf-60ml-s-berry-susp,Calpol 6+ Sf 60Ml S/Berry Susp,tagsAdd,Baby & Children Pain Relief,Baby & Children Pain Relief|Calpol|pharmacist-review|Pharmacy > Children's Medicine,Calpol|pharmacist-review|Pharmacy > Children's Medicine,,"tagsRemove id=gid://shopify/Product/15671285383499 tags=[""Baby & Children Pain Relief""]",
tags,product,gid://shopify/Product/15671352262987,calpol-infant-140ml-spoon-syringe-strawberry-susp,Calpol Infant 140Ml Spoon/ Syringe Strawberry Susp,tagsAdd,Baby & Children Pain Relief,Baby & Children Pain Relief|Calpol|pharmacist-review|Pharmacy > Children's Medicine,Calpol|pharmacist-review|Pharmacy > Children's Medicine,,"tagsRemove id=gid://shopify/Product/15671352262987 tags=[""Baby & Children Pain Relief""]",
tags,product,gid://shopify/Product/16024785518923,calpol-infant-sf-140ml-spoon-syringe-s-berry-susp,Calpol Infant Sf 140Ml Spoon Syringe S/Berry Susp,tagsAdd,Baby & Children Pain Relief,Baby & Children Pain Relief|Children's Medicine|pharmacist-review|Pharmacy,Children's Medicine|pharmacist-review|Pharmacy,,"tagsRemove id=gid://shopify/Product/16024785518923 tags=[""Baby & Children Pain Relief""]",
tags,product,gid://shopify/Product/15671331225931,calpol-infant-syringe-60ml-strawberry-susp,Calpol Infant Syringe 60Ml Strawberry Susp,tagsAdd,Baby & Children Pain Relief,Baby & Children Pain Relief|Calpol|pharmacist-review|Pharmacy > Children's Medicine,Calpol|pharmacist-review|Pharmacy > Children's Medicine,,"tagsRemove id=gid://shopify/Product/15671331225931 tags=[""Baby & Children Pain Relief""]",
tags,product,gid://shopify/Product/15671278567755,canesten-2-thrush-cream-20g,Canesten 2% Thrush Cream 20G,tagsAdd,Thrush & Antifungal,Canesten|pharmacist-review|Pharmacy > Women's Health|Thrush & Antifungal,Canesten|pharmacist-review|Pharmacy > Women's Health,,"tagsRemove id=gid://shopify/Product/15671278567755 tags=[""Thrush & Antifungal""]",
tags,product,gid://shopify/Product/16024785486155,canesten-combi-500mg-gel-pessary-2-cream-10g,Canesten Combi 500Mg Gel Pessary & 2% Cream 10G,tagsAdd,Thrush & Antifungal,pharmacist-review|Pharmacy|Thrush & Antifungal|Women's Health,pharmacist-review|Pharmacy|Women's Health,,"tagsRemove id=gid://shopify/Product/16024785486155 tags=[""Thrush & Antifungal""]",
tags,product,gid://shopify/Product/15671285645643,canesten-pessary-500mg-1pk,Canesten Pessary 500Mg 1Pk,tagsAdd,Thrush & Antifungal,Canesten|pharmacist-review|Pharmacy > Women's Health|Thrush & Antifungal,Canesten|pharmacist-review|Pharmacy > Women's Health,,"tagsRemove id=gid://shopify/Product/15671285645643 tags=[""Thrush & Antifungal""]",
tags,product,gid://shopify/Product/15671307862347,carbosan-gel,Carbosan Gel,tagsAdd,Mouth Ulcers & Cold Sores,Carbosan|Mouth Ulcers & Cold Sores|pharmacist-review|Pharmacy > Oral Health,Carbosan|pharmacist-review|Pharmacy > Oral Health,,"tagsRemove id=gid://shopify/Product/15671307862347 tags=[""Mouth Ulcers & Cold Sores""]",
tags,product,gid://shopify/Product/15671382311243,carnation-animal-wool,Carnation Animal Wool,tagsAdd,Chiropody Felt & Padding,Carnation|Chiropody Felt & Padding|Pharmacy > Foot & Nail Care,Carnation|Pharmacy > Foot & Nail Care,,"tagsRemove id=gid://shopify/Product/15671382311243 tags=[""Chiropody Felt & Padding""]",
tags,product,gid://shopify/Product/15671418782027,carnation-bunion-pads-4pk,Carnation Bunion Pads 4Pk,tagsAdd,Blisters & Bunion Care,Blisters & Bunion Care|Carnation|Pharmacy > Foot & Nail Care,Carnation|Pharmacy > Foot & Nail Care,,"tagsRemove id=gid://shopify/Product/15671418782027 tags=[""Blisters & Bunion Care""]",
tags,product,gid://shopify/Product/15671416750411,carnation-callous-caps-2pk,Carnation Callous Caps 2Pk,tagsAdd,Corn & Callous Care,Carnation|Corn & Callous Care|pharmacist-review|Pharmacy > Foot & Nail Care,Carnation|pharmacist-review|Pharmacy > Foot & Nail Care,,"tagsRemove id=gid://shopify/Product/15671416750411 tags=[""Corn & Callous Care""]",
tags,product,gid://shopify/Product/15671424450891,carnation-chiropody-felt,Carnation Chiropody Felt,tagsAdd,Chiropody Felt & Padding,Carnation|Chiropody Felt & Padding|Pharmacy > Foot & Nail Care,Carnation|Pharmacy > Foot & Nail Care,,"tagsRemove id=gid://shopify/Product/15671424450891 tags=[""Chiropody Felt & Padding""]",
tags,product,gid://shopify/Product/15671426908491,carnation-corn-caps-5pk,Carnation Corn Caps 5Pk,tagsAdd,Corn & Callous Care,Carnation|Corn & Callous Care|pharmacist-review|Pharmacy > Foot & Nail Care,Carnation|pharmacist-review|Pharmacy > Foot & Nail Care,,"tagsRemove id=gid://shopify/Product/15671426908491 tags=[""Corn & Callous Care""]",
tags,product,gid://shopify/Product/15671412457803,carnation-corn-pads-9pk,Carnation Corn Pads 9Pk,tagsAdd,Corn & Callous Care,Carnation|Corn & Callous Care|Pharmacy > Foot & Nail Care,Carnation|Pharmacy > Foot & Nail Care,,"tagsRemove id=gid://shopify/Product/15671412457803 tags=[""Corn & Callous Care""]",
tags,product,gid://shopify/Product/15671427825995,carnation-corn-shields,Carnation Corn Shields,tagsAdd,Corn & Callous Care,Carnation|Corn & Callous Care|Pharmacy > First Aid,Carnation|Pharmacy > First Aid,,"tagsRemove id=gid://shopify/Product/15671427825995 tags=[""Corn & Callous Care""]",
tags,product,gid://shopify/Product/15671423336779,carnation-fleecy-stretch-padding,Carnation Fleecy Stretch Padding,tagsAdd,Chiropody Felt & Padding,Carnation|Chiropody Felt & Padding|Pharmacy > Foot & Nail Care,Carnation|Pharmacy > Foot & Nail Care,,"tagsRemove id=gid://shopify/Product/15671423336779 tags=[""Chiropody Felt & Padding""]",
tags,product,gid://shopify/Product/15671411671371,carnation-hydrocolloid-blister-t,Carnation Hydrocolloid Blister Care,tagsAdd,Blisters & Bunion Care,Blisters & Bunion Care|Carnation|Pharmacy > Foot & Nail Care,Carnation|Pharmacy > Foot & Nail Care,,"tagsRemove id=gid://shopify/Product/15671411671371 tags=[""Blisters & Bunion Care""]",
tags,product,gid://shopify/Product/15671390568779,casacol-expectorant-syrup-300ml,Casacol Expectorant Syrup 300Ml,tagsAdd,Cough,Casacol|Cough|pharmacist-review|Pharmacy > Cold & Flu,Casacol|pharmacist-review|Pharmacy > Cold & Flu,,"tagsRemove id=gid://shopify/Product/15671390568779 tags=[""Cough""]",
tags,product,gid://shopify/Product/15671268639051,cerumol-ear-drops,Cerumol Ear Drops,tagsAdd,Ear Wax Treatments,Cerumol|Ear Wax Treatments|Pharmacy > Eye & Ear Care,Cerumol|Pharmacy > Eye & Ear Care,,"tagsRemove id=gid://shopify/Product/15671268639051 tags=[""Ear Wax Treatments""]",
tags,product,gid://shopify/Product/15671301341515,cerumol-olive-oil-ear-drops-10ml,Cerumol Olive Oil Ear Drops 10Ml,tagsAdd,Ear Wax Treatments,Cerumol|Ear Wax Treatments|Pharmacy > Eye & Ear Care,Cerumol|Pharmacy > Eye & Ear Care,,"tagsRemove id=gid://shopify/Product/15671301341515 tags=[""Ear Wax Treatments""]",
tags,product,gid://shopify/Product/15671383687499,chance-eau-tendre-edp-spray-50ml,Chance Eau Tendre Edp Spray 50Ml,tagsAdd,Ladies Fragrance Singles,Chanel|Gifts > Women's Fragrance|Ladies Fragrance Singles,Chanel|Gifts > Women's Fragrance,,"tagsRemove id=gid://shopify/Product/15671383687499 tags=[""Ladies Fragrance Singles""]",
tags,product,gid://shopify/Product/15671340400971,chanel-chance-eau-de-parfum-100ml,Chanel Chance Eau De Parfum 100Ml,tagsAdd,Ladies Fragrance Singles,Chanel|Gifts > Women's Fragrance|Ladies Fragrance Singles,Chanel|Gifts > Women's Fragrance,,"tagsRemove id=gid://shopify/Product/15671340400971 tags=[""Ladies Fragrance Singles""]",
tags,product,gid://shopify/Product/15671342039371,chanel-chance-eau-de-parfum-50ml,Chanel Chance Eau De Parfum 50Ml,tagsAdd,Ladies Fragrance Singles,Chanel|Gifts > Women's Fragrance|Ladies Fragrance Singles,Chanel|Gifts > Women's Fragrance,,"tagsRemove id=gid://shopify/Product/15671342039371 tags=[""Ladies Fragrance Singles""]",
tags,product,gid://shopify/Product/15671297114443,chanel-chance-eau-tendre-eau-de-toilette-50ml,Chanel Chance Eau Tendre Eau De Toilette 50Ml,tagsAdd,Ladies Fragrance Singles,Gifts > Women's Fragrance|Ladies Fragrance Singles,Gifts > Women's Fragrance,,"tagsRemove id=gid://shopify/Product/15671297114443 tags=[""Ladies Fragrance Singles""]",
tags,product,gid://shopify/Product/15671372808523,chanel-coco-mademoiselle-eau-de-parfum-35ml,Chanel Coco Mademoiselle Eau De Parfum 35Ml,tagsAdd,Ladies Fragrance Singles,Chanel|Gifts > Women's Fragrance|Ladies Fragrance Singles,Chanel|Gifts > Women's Fragrance,,"tagsRemove id=gid://shopify/Product/15671372808523 tags=[""Ladies Fragrance Singles""]",
tags,product,gid://shopify/Product/15671408394571,chanel-coco-mademoiselle-eau-de-parfum-50ml,Chanel Coco Mademoiselle Eau De Parfum 50Ml,tagsAdd,Ladies Fragrance Singles,Chanel|Gifts > Women's Fragrance|Ladies Fragrance Singles,Chanel|Gifts > Women's Fragrance,,"tagsRemove id=gid://shopify/Product/15671408394571 tags=[""Ladies Fragrance Singles""]",
tags,product,gid://shopify/Product/15671260840267,chanel-no5-eau-de-parfum-100ml,Chanel No5 Eau De Parfum 100Ml,tagsAdd,Ladies Fragrance Singles,Chanel|Gifts > Women's Fragrance|Ladies Fragrance Singles,Chanel|Gifts > Women's Fragrance,,"tagsRemove id=gid://shopify/Product/15671260840267 tags=[""Ladies Fragrance Singles""]",
tags,product,gid://shopify/Product/15671307731275,chanel-no5-eau-de-parfum-35ml,Chanel No5 Eau De Parfum 35Ml,tagsAdd,Ladies Fragrance Singles,Chanel|Gifts > Women's Fragrance|Ladies Fragrance Singles,Chanel|Gifts > Women's Fragrance,,"tagsRemove id=gid://shopify/Product/15671307731275 tags=[""Ladies Fragrance Singles""]",
tags,product,gid://shopify/Product/15671389094219,chanel-no5-eau-de-parfum-50ml,Chanel No5 Eau De Parfum 50Ml,tagsAdd,Ladies Fragrance Singles,Chanel|Gifts > Women's Fragrance|Ladies Fragrance Singles,Chanel|Gifts > Women's Fragrance,,"tagsRemove id=gid://shopify/Product/15671389094219 tags=[""Ladies Fragrance Singles""]",
tags,product,gid://shopify/Product/15671351673163,cialis-for-men-tadalafil-tablets-4pk,Cialis For Men Tadalafil Tablets 4Pk,tagsAdd,Erectile Dysfunction,Erectile Dysfunction|pharmacist-review|Pharmacy > Sexual Health|questionnaire-ed,pharmacist-review|Pharmacy > Sexual Health|questionnaire-ed,,"tagsRemove id=gid://shopify/Product/15671351673163 tags=[""Erectile Dysfunction""]",
tags,product,gid://shopify/Product/15671320674635,cialis-for-men-tadalafil-tablets-8pk,Cialis For Men Tadalafil Tablets 8Pk,tagsAdd,Erectile Dysfunction,Erectile Dysfunction|pharmacist-review|Pharmacy > Sexual Health|questionnaire-ed,pharmacist-review|Pharmacy > Sexual Health|questionnaire-ed,,"tagsRemove id=gid://shopify/Product/15671320674635 tags=[""Erectile Dysfunction""]",
tags,product,gid://shopify/Product/15671425892683,ck-eternity-ladies-100ml-edp,Ck Eternity Ladies 100Ml Edp,tagsAdd,Ladies Fragrance Singles,Ladies Fragrance Singles,,,"tagsRemove id=gid://shopify/Product/15671425892683 tags=[""Ladies Fragrance Singles""]",
tags,product,gid://shopify/Product/15671328735563,ck-eternity-ladies-50ml-3pc-gift-set,Ck Eternity Ladies 50Ml 3Pc Gift Set,tagsAdd,Ladies Fragrance Sets,Gifts > Women's Fragrance|Ladies Fragrance Sets,Gifts > Women's Fragrance,,"tagsRemove id=gid://shopify/Product/15671328735563 tags=[""Ladies Fragrance Sets""]",
tags,product,gid://shopify/Product/15671341187403,ck-eternity-mens-100ml-edt-spr,Ck Eternity Mens 100Ml Edt Spr,tagsAdd,Mens Fragrance Singles,Gifts > Men's Fragrance|Mens Fragrance Singles,Gifts > Men's Fragrance,,"tagsRemove id=gid://shopify/Product/15671341187403 tags=[""Mens Fragrance Singles""]",
tags,product,gid://shopify/Product/15671269458251,ck-eternity-moments-ladies-100ml-edp-spr,Ck Eternity Moments Ladies 100Ml Edp Spr,tagsAdd,Ladies Fragrance Singles,Gifts > Women's Fragrance|Ladies Fragrance Singles,Gifts > Women's Fragrance,,"tagsRemove id=gid://shopify/Product/15671269458251 tags=[""Ladies Fragrance Singles""]",
tags,product,gid://shopify/Product/15671338664267,ck-euphoria-ladies-100ml-edp-spr,Ck Euphoria Ladies 100Ml Edp Spr,tagsAdd,Ladies Fragrance Singles,Gifts > Women's Fragrance|Ladies Fragrance Singles,Gifts > Women's Fragrance,,"tagsRemove id=gid://shopify/Product/15671338664267 tags=[""Ladies Fragrance Singles""]",
tags,product,gid://shopify/Product/15671417471307,ck-euphoria-ladies-50ml-edp,Ck Euphoria Ladies 50Ml Edp,tagsAdd,Ladies Fragrance Singles,Ladies Fragrance Singles,,,"tagsRemove id=gid://shopify/Product/15671417471307 tags=[""Ladies Fragrance Singles""]",
tags,product,gid://shopify/Product/15671381426507,ck-euphoria-mens-100ml-edt-spr,Ck Euphoria Mens 100Ml Edt Spr,tagsAdd,Mens Fragrance Singles,Gifts > Men's Fragrance|Mens Fragrance Singles,Gifts > Men's Fragrance,,"tagsRemove id=gid://shopify/Product/15671381426507 tags=[""Mens Fragrance Singles""]",
tags,product,gid://shopify/Product/15671315595595,ck-in-2u-ladies-100ml-edp-spr,Ck In 2U Ladies 100Ml Edp Spr,tagsAdd,Ladies Fragrance Singles,Gifts > Women's Fragrance|Ladies Fragrance Singles,Gifts > Women's Fragrance,,"tagsRemove id=gid://shopify/Product/15671315595595 tags=[""Ladies Fragrance Singles""]",
tags,product,gid://shopify/Product/15671352230219,ck-in-2u-mens-150ml-edt-spr,Ck In 2U Mens 150Ml Edt Spr,tagsAdd,Mens Fragrance Singles,CALVIN KLEIN|Gifts > Men's Fragrance|Mens Fragrance Singles,CALVIN KLEIN|Gifts > Men's Fragrance,,"tagsRemove id=gid://shopify/Product/15671352230219 tags=[""Mens Fragrance Singles""]",
tags,product,gid://shopify/Product/15671289217355,ck-obsession-ladies-100ml-edp-spr,Ck Obsession Ladies 100Ml Edp Spr,tagsAdd,Ladies Fragrance Singles,Gifts > Women's Fragrance|Ladies Fragrance Singles,Gifts > Women's Fragrance,,"tagsRemove id=gid://shopify/Product/15671289217355 tags=[""Ladies Fragrance Singles""]",
tags,product,gid://shopify/Product/15671334207819,ck-one-200ml-edt-spr,Ck One 200Ml Edt Spr,tagsAdd,Mens Fragrance Singles,Gifts > Men's Fragrance|Mens Fragrance Singles,Gifts > Men's Fragrance,,"tagsRemove id=gid://shopify/Product/15671334207819 tags=[""Mens Fragrance Singles""]",
tags,product,gid://shopify/Product/15671372120395,cl-ear-express-dual-action-ear-drops,Cl-Ear Express Dual Action Ear Drops,tagsAdd,Ear Wax Treatments,Ear Wax Treatments|Pharmacy > Eye & Ear Care,Pharmacy > Eye & Ear Care,,"tagsRemove id=gid://shopify/Product/15671372120395 tags=[""Ear Wax Treatments""]",
tags,product,gid://shopify/Product/15671413014859,classics-pure-acetone-150ml-false-nail-remover,Classics Pure Acetone 150Ml False Nail Remover,tagsAdd,False Nails & Nail Wraps,Beauty > Nails|Classics|False Nails & Nail Wraps|Nail Care,Beauty > Nails|Classics|Nail Care,,"tagsRemove id=gid://shopify/Product/15671413014859 tags=[""False Nails & Nail Wraps""]",
tags,product,gid://shopify/Product/15671333028171,clearblue-digital-1pk-pregnancy-test,Clearblue Digital 1Pk Pregnancy Test,tagsAdd,Pregnancy Tests|Trying To Conceive,Clearblue|Pharmacy > Sexual Health|Pregnancy Tests|Trying To Conceive,Clearblue|Pharmacy > Sexual Health,,"tagsRemove id=gid://shopify/Product/15671333028171 tags=[""Pregnancy Tests"", ""Trying To Conceive""]",
tags,product,gid://shopify/Product/15671416127819,clearblue-digital-2pk-pregnancy-test,Clearblue Digital 2Pk Pregnancy Test,tagsAdd,Pregnancy Tests|Trying To Conceive,Clearblue|Pregnancy Tests|Toiletries > Feminine Care|Trying To Conceive,Clearblue|Toiletries > Feminine Care,,"tagsRemove id=gid://shopify/Product/15671416127819 tags=[""Pregnancy Tests"", ""Trying To Conceive""]",
tags,product,gid://shopify/Product/15671411867979,clearblue-ovulation-digital-test-10pk,Clearblue Ovulation Digital Test 10Pk,tagsAdd,Ovulation Tests|Trying To Conceive,Clearblue|Ovulation Tests|Toiletries > Feminine Care|Trying To Conceive,Clearblue|Toiletries > Feminine Care,,"tagsRemove id=gid://shopify/Product/15671411867979 tags=[""Ovulation Tests"", ""Trying To Conceive""]",
tags,product,gid://shopify/Product/15671417635147,clearblue-plus-1pk-pregnancy-test,Clearblue Plus 1Pk Pregnancy Test,tagsAdd,Pregnancy Tests|Trying To Conceive,Clearblue|Pharmacy > Sexual Health|Pregnancy Tests|Trying To Conceive,Clearblue|Pharmacy > Sexual Health,,"tagsRemove id=gid://shopify/Product/15671417635147 tags=[""Pregnancy Tests"", ""Trying To Conceive""]",
tags,product,gid://shopify/Product/15671416389963,clearblue-plus-2pk-pregnancy-test,Clearblue Plus 2Pk Pregnancy Test,tagsAdd,Pregnancy Tests|Trying To Conceive,Clearblue|Pharmacy > Sexual Health|Pregnancy Tests|Trying To Conceive,Clearblue|Pharmacy > Sexual Health,,"tagsRemove id=gid://shopify/Product/15671416389963 tags=[""Pregnancy Tests"", ""Trying To Conceive""]",
tags,product,gid://shopify/Product/15671399317835,coco-mademoiselle-fresh-moisture-mist-100ml,Coco Mademoiselle - Fresh Moisture Mist 100Ml,tagsAdd,Ladies Fragrance Singles,Chanel|Gifts > Women's Fragrance|Ladies Fragrance Singles,Chanel|Gifts > Women's Fragrance,,"tagsRemove id=gid://shopify/Product/15671399317835 tags=[""Ladies Fragrance Singles""]",
tags,product,gid://shopify/Product/15671351509323,coco-mademoiselle-chanel-eau-de-parfum-100ml,Coco Mademoiselle Chanel Eau De Parfum 100Ml,tagsAdd,Ladies Fragrance Singles,Chanel|Gifts > Women's Fragrance|Ladies Fragrance Singles,Chanel|Gifts > Women's Fragrance,,"tagsRemove id=gid://shopify/Product/15671351509323 tags=[""Ladies Fragrance Singles""]",
tags,product,gid://shopify/Product/15671411212619,cocoa-brown-double-sided-pink-velvet-tan-mitt,Cocoa Brown Double Sided Pink Velvet Tan Mitt,tagsAdd,Tanning Mitts,Beauty > Tanning|Cocoa Brown|Tanning Mitts,Beauty > Tanning|Cocoa Brown,,"tagsRemove id=gid://shopify/Product/15671411212619 tags=[""Tanning Mitts""]",
tags,product,gid://shopify/Product/15671418913099,cocoa-brown-thumb-tanning-mitt,Cocoa Brown Thumb Tanning Mitt,tagsAdd,Tanning Mitts,Beauty > Tanning|Cocoa Brown|Tanning Mitts,Beauty > Tanning|Cocoa Brown|Tanning Mitts,,tagsRemove id=gid://shopify/Product/15671418913099 tags=[],
tags,product,gid://shopify/Product/15671405314379,colpermin-caps-20pk,Colpermin Caps 20Pk,tagsAdd,Cramping & Irritable Bowel,Colpermin|Cramping & Irritable Bowel|pharmacist-review|Pharmacy > Stomach & Digestion,Colpermin|pharmacist-review|Pharmacy > Stomach & Digestion,,"tagsRemove id=gid://shopify/Product/15671405314379 tags=[""Cramping & Irritable Bowel""]",
tags,product,gid://shopify/Product/15671383195979,compeed-blister-medium-5pk,Compeed Blister Medium 5Pk,tagsAdd,Blisters & Bunion Care,Blisters & Bunion Care|Compeed|Pharmacy > Medicated Skincare,Compeed|Pharmacy > Medicated Skincare,,"tagsRemove id=gid://shopify/Product/15671383195979 tags=[""Blisters & Bunion Care""]",
tags,product,gid://shopify/Product/15671308681547,compeed-blister-mix-5pk,Compeed Blister Mix 5Pk,tagsAdd,Blisters & Bunion Care,Blisters & Bunion Care|Compeed|Pharmacy > Medicated Skincare,Compeed|Pharmacy > Medicated Skincare,,"tagsRemove id=gid://shopify/Product/15671308681547 tags=[""Blisters & Bunion Care""]",
tags,product,gid://shopify/Product/15671299637579,compeed-blister-small-6pk,Compeed Blister Small 6Pk,tagsAdd,Blisters & Bunion Care,Blisters & Bunion Care|Compeed|Pharmacy > Foot & Nail Care,Compeed|Pharmacy > Foot & Nail Care,,"tagsRemove id=gid://shopify/Product/15671299637579 tags=[""Blisters & Bunion Care""]",
tags,product,gid://shopify/Product/15671406035275,compeed-blister-underfoot-5pk,Compeed Blister Underfoot 5Pk,tagsAdd,Blisters & Bunion Care,Blisters & Bunion Care|Compeed|Pharmacy > Foot & Nail Care,Compeed|Pharmacy > Foot & Nail Care,,"tagsRemove id=gid://shopify/Product/15671406035275 tags=[""Blisters & Bunion Care""]",
tags,product,gid://shopify/Product/15671283908939,compeed-cs-patch-15pk,Compeed Cs Patch 15Pk,tagsAdd,Mouth Ulcers & Cold Sores,Compeed|Mouth Ulcers & Cold Sores|Pharmacy > Oral Health,Compeed|Pharmacy > Oral Health,,"tagsRemove id=gid://shopify/Product/15671283908939 tags=[""Mouth Ulcers & Cold Sores""]",
tags,product,gid://shopify/Product/15671382049099,compeed-discreet-cold-sore,Compeed Discreet Cold Sore,tagsAdd,Mouth Ulcers & Cold Sores,Compeed|Mouth Ulcers & Cold Sores|Pharmacy > Medicated Skincare,Compeed|Pharmacy > Medicated Skincare,,"tagsRemove id=gid://shopify/Product/15671382049099 tags=[""Mouth Ulcers & Cold Sores""]",
tags,product,gid://shopify/Product/15671284433227,compeed-toe-blister-pack,Compeed Toe Blister Pack,tagsAdd,Blisters & Bunion Care,Blisters & Bunion Care|Compeed|Pharmacy > Foot & Nail Care,Compeed|Pharmacy > Foot & Nail Care,,"tagsRemove id=gid://shopify/Product/15671284433227 tags=[""Blisters & Bunion Care""]",
tags,product,gid://shopify/Product/15671358423371,cool-water-ladies-30ml-2pc-gift-set,Cool Water Ladies 30Ml 2Pc Gift Set,tagsAdd,Ladies Fragrance Sets,Gifts > Women's Fragrance|Ladies Fragrance Sets,Gifts > Women's Fragrance,,"tagsRemove id=gid://shopify/Product/15671358423371 tags=[""Ladies Fragrance Sets""]",
tags,product,gid://shopify/Product/15671302521163,corsodyl-300ml-mouthwash-aniseed,Corsodyl 300Ml Mouthwash Aniseed,tagsAdd,Gum Health & Gingivitis,Corsodyl|Gum Health & Gingivitis|pharmacist-review|Toiletries > Dental,Corsodyl|pharmacist-review|Toiletries > Dental,,"tagsRemove id=gid://shopify/Product/15671302521163 tags=[""Gum Health & Gingivitis""]",
tags,product,gid://shopify/Product/15671414948171,corsodyl-500ml-daily-cool-mint-alchol-free,Corsodyl 500Ml Daily Cool Mint Alchol Free,tagsAdd,Gum Health & Gingivitis,Corsodyl|Gum Health & Gingivitis|Toiletries > Dental,Corsodyl|Toiletries > Dental,,"tagsRemove id=gid://shopify/Product/15671414948171 tags=[""Gum Health & Gingivitis""]",
tags,product,gid://shopify/Product/15671425958219,corsodyl-500ml-daily-fresh-mint-alchol-free,Corsodyl 500Ml Daily Fresh Mint Alchol Free,tagsAdd,Gum Health & Gingivitis,Corsodyl|Gum Health & Gingivitis|Toiletries > Dental,Corsodyl|Toiletries > Dental,,"tagsRemove id=gid://shopify/Product/15671425958219 tags=[""Gum Health & Gingivitis""]",
tags,product,gid://shopify/Product/15671337943371,corsodyl-50g-dental-gel,Corsodyl 50G Dental Gel,tagsAdd,Gum Health & Gingivitis,Corsodyl|Gum Health & Gingivitis|pharmacist-review|Toiletries > Dental,Corsodyl|pharmacist-review|Toiletries > Dental,,"tagsRemove id=gid://shopify/Product/15671337943371 tags=[""Gum Health & Gingivitis""]",
tags,product,gid://shopify/Product/15671359013195,cronzer-cream-bronzer-tan,Cronzer Cream Bronzer Tan,tagsAdd,Bronzer,Beauty|BPerfect|Bronzer,Beauty|BPerfect|Bronzer,,tagsRemove id=gid://shopify/Product/15671359013195 tags=[],
tags,product,gid://shopify/Product/15671266017611,cronzer-cream-brozer-sand,Cronzer Cream Brozer Sand,tagsAdd,Bronzer,Beauty|BPerfect|Bronzer,Beauty|BPerfect,,"tagsRemove id=gid://shopify/Product/15671266017611 tags=[""Bronzer""]",
tags,product,gid://shopify/Product/15671277650251,curanail-5-nail-lacquer-2-5ml,Curanail 5% Nail Lacquer 2.5Ml,tagsAdd,Fungal Nail Infection,Curanail|Fungal Nail Infection|pharmacist-review|Pharmacy > Foot & Nail Care|questionnaire-none,Curanail|pharmacist-review|Pharmacy > Foot & Nail Care|questionnaire-none,,"tagsRemove id=gid://shopify/Product/15671277650251 tags=[""Fungal Nail Infection""]",
tags,product,gid://shopify/Product/15671379591499,cydonia-cooling-polar-ice-100ml,Cydonia Cooling Polar Ice 100Ml,tagsAdd,Muscle & Joint Pain,Muscle & Joint Pain|Pharmacy > Pain Relief,Pharmacy > Pain Relief,,"tagsRemove id=gid://shopify/Product/15671379591499 tags=[""Muscle & Joint Pain""]",
tags,product,gid://shopify/Product/15671308747083,cydonia-horse-balm-100ml,Cydonia Horse Balm 100Ml,tagsAdd,Muscle & Joint Pain,Cydonia|Muscle & Joint Pain|Pharmacy > Pain Relief,Cydonia|Pharmacy > Pain Relief,,"tagsRemove id=gid://shopify/Product/15671308747083 tags=[""Muscle & Joint Pain""]",
tags,product,gid://shopify/Product/15671268606283,cydonia-lively-tigers-ointment-30ml,Cydonia Lively Tigers Ointment 30Ml,tagsAdd,Muscle & Joint Pain,Muscle & Joint Pain|Pharmacy > Pain Relief,Pharmacy > Pain Relief,,"tagsRemove id=gid://shopify/Product/15671268606283 tags=[""Muscle & Joint Pain""]",
tags,product,gid://shopify/Product/15671303930187,cydonia-soothing-arnica-ultra-gel-100ml,Cydonia Soothing Arnica Ultra Gel 100Ml,tagsAdd,Muscle & Joint Pain,Muscle & Joint Pain|Pharmacy > Pain Relief,Pharmacy > Pain Relief,,"tagsRemove id=gid://shopify/Product/15671303930187 tags=[""Muscle & Joint Pain""]",
tags,product,gid://shopify/Product/15671311663435,cydonia-uplifting-horse-balm-250ml,Cydonia Uplifting Horse Balm 250Ml,tagsAdd,Muscle & Joint Pain,Muscle & Joint Pain|Pharmacy > Pain Relief,Pharmacy > Pain Relief,,"tagsRemove id=gid://shopify/Product/15671311663435 tags=[""Muscle & Joint Pain""]",
tags,product,gid://shopify/Product/15671283614027,cystopurin-cranb-3g-sachets-6pk,Cystopurin Cranb 3G Sachets 6Pk,tagsAdd,Cystitis,Cystitis|Cystopurin|pharmacist-review|Pharmacy > Sensitive Conditions,Cystopurin|pharmacist-review|Pharmacy > Sensitive Conditions,,"tagsRemove id=gid://shopify/Product/15671283614027 tags=[""Cystitis""]",
tags,product,gid://shopify/Product/15671281975627,daktarin-2-cream-30g,Daktarin 2% Cream 30G,tagsAdd,Athletes Foot|Thrush & Antifungal,Athletes Foot|Daktarin|pharmacist-review|Pharmacy > Foot & Nail Care|Thrush & Antifungal,Daktarin|pharmacist-review|Pharmacy > Foot & Nail Care,,"tagsRemove id=gid://shopify/Product/15671281975627 tags=[""Athletes Foot"", ""Thrush & Antifungal""]",
tags,product,gid://shopify/Product/15671404626251,daktarin-2-powder-20g,Daktarin 2% Powder 20G,tagsAdd,Athletes Foot|Thrush & Antifungal,Athletes Foot|Daktarin|pharmacist-review|Pharmacy > Foot & Nail Care|Thrush & Antifungal,Daktarin|pharmacist-review|Pharmacy > Foot & Nail Care,,"tagsRemove id=gid://shopify/Product/15671404626251 tags=[""Athletes Foot"", ""Thrush & Antifungal""]",
tags,product,gid://shopify/Product/15671315333451,deep-heat-cream-100g,Deep Heat Cream 100G,tagsAdd,Muscle & Joint Pain,Deep Heat|Muscle & Joint Pain|pharmacist-review|Pharmacy > Pain Relief,Deep Heat|pharmacist-review|Pharmacy > Pain Relief,,"tagsRemove id=gid://shopify/Product/15671315333451 tags=[""Muscle & Joint Pain""]",
tags,product,gid://shopify/Product/15671413309771,deep-heat-cream-35g,Deep Heat Cream 35G,tagsAdd,Muscle & Joint Pain,Deep Heat|Muscle & Joint Pain|pharmacist-review|Pharmacy > Pain Relief,Deep Heat|pharmacist-review|Pharmacy > Pain Relief,,"tagsRemove id=gid://shopify/Product/15671413309771 tags=[""Muscle & Joint Pain""]",
tags,product,gid://shopify/Product/15671332274507,deep-heat-cream-67g,Deep Heat Cream 67G,tagsAdd,Muscle & Joint Pain,Deep Heat|Muscle & Joint Pain|pharmacist-review|Pharmacy > Pain Relief,Deep Heat|pharmacist-review|Pharmacy > Pain Relief,,"tagsRemove id=gid://shopify/Product/15671332274507 tags=[""Muscle & Joint Pain""]",
tags,product,gid://shopify/Product/15671334764875,deep-heat-massage-roll-on-lotion-50ml,Deep Heat Massage Roll On Lotion 50Ml,tagsAdd,Muscle & Joint Pain,Deep Heat|Muscle & Joint Pain|pharmacist-review|Pharmacy > Pain Relief,Deep Heat|pharmacist-review|Pharmacy > Pain Relief,,"tagsRemove id=gid://shopify/Product/15671334764875 tags=[""Muscle & Joint Pain""]",
tags,product,gid://shopify/Product/15671374807371,deep-heat-muscle-rescue-neck-shoulder-cream-50g,Deep Heat Muscle Rescue Neck & Shoulder Cream 50G,tagsAdd,Muscle & Joint Pain,Deep Heat|Muscle & Joint Pain|pharmacist-review|Pharmacy > Pain Relief,Deep Heat|pharmacist-review|Pharmacy > Pain Relief,,"tagsRemove id=gid://shopify/Product/15671374807371 tags=[""Muscle & Joint Pain""]",
tags,product,gid://shopify/Product/15671284924747,deep-heat-patch-for-back-pain-2pk,Deep Heat Patch For Back Pain 2Pk,tagsAdd,Muscle & Joint Pain,Deep Heat|Muscle & Joint Pain|pharmacist-review|Pharmacy > Pain Relief,Deep Heat|pharmacist-review|Pharmacy > Pain Relief,,"tagsRemove id=gid://shopify/Product/15671284924747 tags=[""Muscle & Joint Pain""]",
tags,product,gid://shopify/Product/15671306355019,deep-heat-spray-150ml,Deep Heat Spray 150Ml,tagsAdd,Muscle & Joint Pain,Deep Heat|Muscle & Joint Pain|pharmacist-review|Pharmacy > Pain Relief,Deep Heat|pharmacist-review|Pharmacy > Pain Relief,,"tagsRemove id=gid://shopify/Product/15671306355019 tags=[""Muscle & Joint Pain""]",
tags,product,gid://shopify/Product/16024782438731,deep-heat-spray-72-5ml,Deep Heat Spray 72.5Ml,tagsAdd,Muscle & Joint Pain,Muscle & Joint Pain|Pain Relief|pharmacist-review|Pharmacy,Pain Relief|pharmacist-review|Pharmacy,,"tagsRemove id=gid://shopify/Product/16024782438731 tags=[""Muscle & Joint Pain""]",
tags,product,gid://shopify/Product/15671352623435,deep-heat-well-patch-4pk,Deep Heat Well Patch 4Pk,tagsAdd,Muscle & Joint Pain,Deep Heat|Muscle & Joint Pain|pharmacist-review|Pharmacy > Pain Relief,Deep Heat|pharmacist-review|Pharmacy > Pain Relief,,"tagsRemove id=gid://shopify/Product/15671352623435 tags=[""Muscle & Joint Pain""]",
tags,product,gid://shopify/Product/15671360258379,desenex-30g-ointment,Desenex 30G Ointment,tagsAdd,Athletes Foot|Thrush & Antifungal,Athletes Foot|Desenex|pharmacist-review|Pharmacy > Foot & Nail Care|Thrush & Antifungal,Desenex|pharmacist-review|Pharmacy > Foot & Nail Care,,"tagsRemove id=gid://shopify/Product/15671360258379 tags=[""Athletes Foot"", ""Thrush & Antifungal""]",
tags,product,gid://shopify/Product/15671346757963,desenex-55g-powder,Desenex 55G Powder,tagsAdd,Athletes Foot|Thrush & Antifungal,Athletes Foot|Desenex|pharmacist-review|Skincare > Hands & Feet|Thrush & Antifungal,Desenex|pharmacist-review|Skincare > Hands & Feet,,"tagsRemove id=gid://shopify/Product/15671346757963 tags=[""Athletes Foot"", ""Thrush & Antifungal""]",
tags,product,gid://shopify/Product/15671257825611,dettol-antiseptic-liquid-750ml,Dettol Antiseptic Liquid 750Ml,tagsAdd,Antiseptics & Wound Cleaning,Antiseptics & Wound Cleaning|Dettol|pharmacist-review|Toiletries > Bath & Shower,Dettol|pharmacist-review|Toiletries > Bath & Shower,,"tagsRemove id=gid://shopify/Product/15671257825611 tags=[""Antiseptics & Wound Cleaning""]",
tags,product,gid://shopify/Product/15671289446731,diclac-1-relief-gel-30g,Diclac 1% Relief Gel 30G,tagsAdd,Muscle & Joint Pain,Diclac|Muscle & Joint Pain|pharmacist-review|Pharmacy > Pain Relief,Diclac|pharmacist-review|Pharmacy > Pain Relief,,"tagsRemove id=gid://shopify/Product/15671289446731 tags=[""Muscle & Joint Pain""]",
tags,product,gid://shopify/Product/15671285055819,diclac-1-relief-gel-50g,Diclac 1% Relief Gel 50G,tagsAdd,Muscle & Joint Pain,Diclac|Muscle & Joint Pain|pharmacist-review|Pharmacy > Pain Relief,Diclac|pharmacist-review|Pharmacy > Pain Relief,,"tagsRemove id=gid://shopify/Product/15671285055819 tags=[""Muscle & Joint Pain""]",
tags,product,gid://shopify/Product/15671382278475,diesel-d-by-diesel-50ml-2pc-gift-set,Diesel D By Diesel 50Ml 2Pc Gift Set,tagsAdd,Mens Fragrance Sets,Gifts > Men's Fragrance|Mens Fragrance Sets,Gifts > Men's Fragrance,,"tagsRemove id=gid://shopify/Product/15671382278475 tags=[""Mens Fragrance Sets""]",
tags,product,gid://shopify/Product/15671317823819,diesel-only-the-brave-50ml-edt-spr,Diesel Only The Brave 50Ml Edt Spr,tagsAdd,Mens Fragrance Singles,Gifts > Men's Fragrance|Mens Fragrance Singles,Gifts > Men's Fragrance,,"tagsRemove id=gid://shopify/Product/15671317823819 tags=[""Mens Fragrance Singles""]",
tags,product,gid://shopify/Product/15671384605003,difflam-oral-rinse-300ml,Difflam Oral Rinse 300Ml,tagsAdd,Sore Throat,Difflam|pharmacist-review|Pharmacy > Cold & Flu|Sore Throat,Difflam|pharmacist-review|Pharmacy > Cold & Flu,,"tagsRemove id=gid://shopify/Product/15671384605003 tags=[""Sore Throat""]",
tags,product,gid://shopify/Product/15671254024523,dioralyte-diorahydrate-with-electrolytes-blackcurrant-20-effervescent-tablets,Dioralyte Diorahydrate With Electrolytes Blackcurrant 20 Effervescent Tablets,tagsAdd,Diarrhoea,Diarrhoea|Dioralyte|pharmacist-review|Pharmacy,Dioralyte|pharmacist-review|Pharmacy,,"tagsRemove id=gid://shopify/Product/15671254024523 tags=[""Diarrhoea""]",
tags,product,gid://shopify/Product/15671388537163,dkny-be-delicious-fresh-blossom-50ml-edp-spr,Dkny Be Delicious Fresh Blossom 50Ml Edp Spr,tagsAdd,Ladies Fragrance Singles,Gifts > Women's Fragrance|Ladies Fragrance Singles,Gifts > Women's Fragrance,,"tagsRemove id=gid://shopify/Product/15671388537163 tags=[""Ladies Fragrance Singles""]",
tags,product,gid://shopify/Product/15671298163019,double-glazed-high-shine-gloss-pink-frosting,Double Glazed High Shine Gloss Pink Frosting,tagsAdd,Lip Gloss,Beauty|BPerfect|Lip Gloss,Beauty|BPerfect,,"tagsRemove id=gid://shopify/Product/15671298163019 tags=[""Lip Gloss""]",
tags,product,gid://shopify/Product/15671406887243,double-glazed-high-shine-gloss-salted-caramel,Double Glazed High Shine Gloss Salted Caramel,tagsAdd,Lip Gloss,Beauty|BPerfect|Lip Gloss,Beauty|BPerfect,,"tagsRemove id=gid://shopify/Product/15671406887243 tags=[""Lip Gloss""]",
tags,product,gid://shopify/Product/15671318053195,doublebase-emollient-gel-250g,Doublebase Emollient Gel 250G,tagsAdd,"Dry Skin, Eczema & Psoriasis",Doublebase|Dry Skin|Eczema & Psoriasis|Irritated & Damaged Skin|Skincare > Body Care,Doublebase|Irritated & Damaged Skin|Skincare > Body Care,,"tagsRemove id=gid://shopify/Product/15671318053195 tags=[""Dry Skin"", ""Eczema & Psoriasis""]","requested tag contains a comma, Shopify stores it split: Dry Skin, Eczema & Psoriasis"
tags,product,gid://shopify/Product/15671354720587,doubole-glazed-high-shine-gloss-iced,Doubole Glazed High Shine Gloss Iced,tagsAdd,Lip Gloss,Beauty|BPerfect|Lip Gloss,Beauty|BPerfect,,"tagsRemove id=gid://shopify/Product/15671354720587 tags=[""Lip Gloss""]",
tags,product,gid://shopify/Product/15671321690443,dulcolax-pico-liquid-300ml,Dulcolax Pico Liquid 300Ml,tagsAdd,Constipation,Constipation|Dulcolax|pharmacist-review|Pharmacy > Stomach & Digestion,Dulcolax|pharmacist-review|Pharmacy > Stomach & Digestion,,"tagsRemove id=gid://shopify/Product/15671321690443 tags=[""Constipation""]",
tags,product,gid://shopify/Product/15671259824459,dulcolax-supp-10mg-adult-12pk,Dulcolax Supp 10Mg Adult 12Pk,tagsAdd,Constipation,Constipation|Dulcolax|pharmacist-review|Pharmacy > Stomach & Digestion,Dulcolax|pharmacist-review|Pharmacy > Stomach & Digestion,,"tagsRemove id=gid://shopify/Product/15671259824459 tags=[""Constipation""]",
tags,product,gid://shopify/Product/15671348396363,dulcolax-tabs-100pk,Dulcolax Tabs 100Pk,tagsAdd,Constipation,Constipation|Dulcolax|pharmacist-review|Pharmacy > Stomach & Digestion,Dulcolax|pharmacist-review|Pharmacy > Stomach & Digestion,,"tagsRemove id=gid://shopify/Product/15671348396363 tags=[""Constipation""]",
tags,product,gid://shopify/Product/15671385751883,dulcolax-tabs-20pk,Dulcolax Tabs 20Pk,tagsAdd,Constipation,Constipation|Dulcolax|pharmacist-review|Pharmacy > Stomach & Digestion,Dulcolax|pharmacist-review|Pharmacy > Stomach & Digestion,,"tagsRemove id=gid://shopify/Product/15671385751883 tags=[""Constipation""]",
tags,product,gid://shopify/Product/15671339286859,dulcolax-tabs-40pk,Dulcolax Tabs 40Pk,tagsAdd,Constipation,Constipation|Dulcolax|pharmacist-review|Pharmacy > Stomach & Digestion,Dulcolax|pharmacist-review|Pharmacy > Stomach & Digestion,,"tagsRemove id=gid://shopify/Product/15671339286859 tags=[""Constipation""]",
tags,product,gid://shopify/Product/15671297212747,dulcolax-tabs-60pk,Dulcolax Tabs 60Pk,tagsAdd,Constipation,Constipation|Dulcolax|pharmacist-review|Pharmacy > Stomach & Digestion,Dulcolax|pharmacist-review|Pharmacy > Stomach & Digestion,,"tagsRemove id=gid://shopify/Product/15671297212747 tags=[""Constipation""]",
tags,product,gid://shopify/Product/15671329063243,dulcosoft-oral-solution-250ml-by-dulcolax,Dulcosoft Oral Solution 250Ml By Dulcolax,tagsAdd,Constipation,Constipation|Dulcolax|pharmacist-review|Pharmacy > Stomach & Digestion,Dulcolax|pharmacist-review|Pharmacy > Stomach & Digestion,,"tagsRemove id=gid://shopify/Product/15671329063243 tags=[""Constipation""]",
tags,product,gid://shopify/Product/15671396827467,duo-striplash-adhesive-7g-white-clear,Duo Striplash Adhesive 7G White/Clear,tagsAdd,False Eyelashes,Beauty > Brows & Lashes|Duo|False Eyelashes,Beauty > Brows & Lashes|Duo|False Eyelashes,,tagsRemove id=gid://shopify/Product/15671396827467 tags=[],
tags,product,gid://shopify/Product/15671405904203,durex-extra-safe-12pk,Durex Extra Safe 12Pk,tagsAdd,Condoms,Condoms|Durex|Toiletries > Men's Grooming,Durex|Toiletries > Men's Grooming,,"tagsRemove id=gid://shopify/Product/15671405904203 tags=[""Condoms""]",
tags,product,gid://shopify/Product/15671410032971,durex-extra-safe-20pk,Durex Extra Safe 20Pk,tagsAdd,Condoms,Condoms|Durex|Toiletries > Men's Grooming,Durex|Toiletries > Men's Grooming,,"tagsRemove id=gid://shopify/Product/15671410032971 tags=[""Condoms""]",
tags,product,gid://shopify/Product/15671360291147,durex-extra-safe-3pk,Durex Extra Safe 3Pk,tagsAdd,Condoms,Condoms|Durex|Toiletries > Men's Grooming,Durex|Toiletries > Men's Grooming,,"tagsRemove id=gid://shopify/Product/15671360291147 tags=[""Condoms""]",
tags,product,gid://shopify/Product/15671352131915,durex-intense-12pk,Durex Intense 12Pk,tagsAdd,Condoms,Condoms|Durex|Toiletries > Men's Grooming,Durex|Toiletries > Men's Grooming,,"tagsRemove id=gid://shopify/Product/15671352131915 tags=[""Condoms""]",
tags,product,gid://shopify/Product/15671412654411,durex-intimate-feel-12pk,Durex Intimate Feel 12Pk,tagsAdd,Condoms,Condoms|Durex|Toiletries > Men's Grooming,Durex|Toiletries > Men's Grooming,,"tagsRemove id=gid://shopify/Product/15671412654411 tags=[""Condoms""]",
tags,product,gid://shopify/Product/15671268213067,durex-invisible-extra-thin-12pk,Durex Invisible Extra Thin 12Pk,tagsAdd,Condoms,Condoms|Durex|Toiletries > Men's Grooming,Durex|Toiletries > Men's Grooming,,"tagsRemove id=gid://shopify/Product/15671268213067 tags=[""Condoms""]",
tags,product,gid://shopify/Product/15671310385483,durex-pleasure-me-12pk,Durex Pleasure Me 12Pk,tagsAdd,Condoms,Condoms|Durex|Toiletries > Men's Grooming,Durex|Toiletries > Men's Grooming,,"tagsRemove id=gid://shopify/Product/15671310385483 tags=[""Condoms""]",
tags,product,gid://shopify/Product/15671389159755,durex-pleasure-me-6pk,Durex Pleasure Me 6Pk,tagsAdd,Condoms,Condoms|Durex|Toiletries > Men's Grooming,Durex|Toiletries > Men's Grooming,,"tagsRemove id=gid://shopify/Product/15671389159755 tags=[""Condoms""]",
tags,product,gid://shopify/Product/15671366713675,durex-thin-feel-12pk,Durex Thin Feel 12Pk,tagsAdd,Condoms,Condoms|Durex|Toiletries > Men's Grooming,Durex|Toiletries > Men's Grooming,,"tagsRemove id=gid://shopify/Product/15671366713675 tags=[""Condoms""]",
tags,product,gid://shopify/Product/15671302717771,durex-thin-feel-3pk,Durex Thin Feel 3Pk,tagsAdd,Condoms,Condoms|Durex|Toiletries > Men's Grooming,Durex|Toiletries > Men's Grooming,,"tagsRemove id=gid://shopify/Product/15671302717771 tags=[""Condoms""]",
tags,product,gid://shopify/Product/16024784044363,e45-cream-125g,E45 Cream 125G,tagsAdd,"Dry Skin, Eczema & Psoriasis",Body Care|Dry Skin|Eczema & Psoriasis|Irritated & Damaged Skin|pharmacist-review|Skincare,Body Care|Irritated & Damaged Skin|pharmacist-review|Skincare,,"tagsRemove id=gid://shopify/Product/16024784044363 tags=[""Dry Skin"", ""Eczema & Psoriasis""]","requested tag contains a comma, Shopify stores it split: Dry Skin, Eczema & Psoriasis"
tags,product,gid://shopify/Product/15671394304331,e45-cream-50g,E45 Cream 50G,tagsAdd,"Dry Skin, Eczema & Psoriasis",Dry Skin|E45|Eczema & Psoriasis|Irritated & Damaged Skin|pharmacist-review|Skincare > Body Care,E45|Irritated & Damaged Skin|pharmacist-review|Skincare > Body Care,,"tagsRemove id=gid://shopify/Product/15671394304331 tags=[""Dry Skin"", ""Eczema & Psoriasis""]","requested tag contains a comma, Shopify stores it split: Dry Skin, Eczema & Psoriasis"
tags,product,gid://shopify/Product/15671307436363,e45-wash-250ml,E45 Wash 250Ml,tagsAdd,"Dry Skin, Eczema & Psoriasis",Dry Skin|E45|Eczema & Psoriasis|Irritated & Damaged Skin|Skincare > Body Care,E45|Irritated & Damaged Skin|Skincare > Body Care,,"tagsRemove id=gid://shopify/Product/15671307436363 tags=[""Dry Skin"", ""Eczema & Psoriasis""]","requested tag contains a comma, Shopify stores it split: Dry Skin, Eczema & Psoriasis"
tags,product,gid://shopify/Product/15671279190347,easofen-child-3m-100ml-strawberry,Easofen Child 3M+ 100Ml Strawberry,tagsAdd,Baby & Children Pain Relief,Baby & Children Pain Relief|Easofen|pharmacist-review|Pharmacy > Children's Medicine,Easofen|pharmacist-review|Pharmacy > Children's Medicine,,"tagsRemove id=gid://shopify/Product/15671279190347 tags=[""Baby & Children Pain Relief""]",
tags,product,gid://shopify/Product/15671366189387,easofen-child-3m-200ml-strawberry,Easofen Child 3M+ 200Ml Strawberry,tagsAdd,Baby & Children Pain Relief,Baby & Children Pain Relief|Easofen|pharmacist-review|Pharmacy > Children's Medicine,Easofen|pharmacist-review|Pharmacy > Children's Medicine,,"tagsRemove id=gid://shopify/Product/15671366189387 tags=[""Baby & Children Pain Relief""]",
tags,product,gid://shopify/Product/15671359242571,easofen-child-6y-100ml-strawberry,Easofen Child 6Y+ 100Ml Strawberry,tagsAdd,Baby & Children Pain Relief,Baby & Children Pain Relief|Easofen|pharmacist-review|Pharmacy > Children's Medicine,Easofen|pharmacist-review|Pharmacy > Children's Medicine,,"tagsRemove id=gid://shopify/Product/15671359242571 tags=[""Baby & Children Pain Relief""]",
tags,product,gid://shopify/Product/15671321395531,easofen-child-6y-200ml-strawberry,Easofen Child 6Y+ 200Ml Strawberry,tagsAdd,Baby & Children Pain Relief,Baby & Children Pain Relief|Easofen|pharmacist-review|Pharmacy > Children's Medicine,Easofen|pharmacist-review|Pharmacy > Children's Medicine,,"tagsRemove id=gid://shopify/Product/15671321395531 tags=[""Baby & Children Pain Relief""]",
tags,product,gid://shopify/Product/15671319822667,ella-jo-squeaky-clean-brush-cleaner-200ml,Ella & Jo Squeaky Clean Brush Cleaner 200Ml,tagsAdd,Makeup Brush Cleaners|Makeup Brushes & Tools,Beauty > Face|Ella & Jo|Makeup Brush Cleaners|Makeup Brushes & Tools,Beauty > Face|Ella & Jo,,"tagsRemove id=gid://shopify/Product/15671319822667 tags=[""Makeup Brush Cleaners"", ""Makeup Brushes & Tools""]",
tags,product,gid://shopify/Product/15671338860875,emazole-20mg-tablets-14pk,Emazole 20Mg Tablets 14Pk,tagsAdd,"Nausea, Acid Indigestion & Reflux",Acid Indigestion & Reflux|Emazole|Nausea|pharmacist-review|Pharmacy > Stomach & Digestion,Emazole|pharmacist-review|Pharmacy > Stomach & Digestion,,"tagsRemove id=gid://shopify/Product/15671338860875 tags=[""Acid Indigestion & Reflux"", ""Nausea""]","requested tag contains a comma, Shopify stores it split: Nausea, Acid Indigestion & Reflux"
tags,product,gid://shopify/Product/15671378510155,emazole-20mg-tablets-7pk,Emazole 20Mg Tablets 7Pk,tagsAdd,"Nausea, Acid Indigestion & Reflux",Acid Indigestion & Reflux|Emazole|Nausea|pharmacist-review|Pharmacy > Stomach & Digestion,Emazole|pharmacist-review|Pharmacy > Stomach & Digestion,,"tagsRemove id=gid://shopify/Product/15671378510155 tags=[""Acid Indigestion & Reflux"", ""Nausea""]","requested tag contains a comma, Shopify stores it split: Nausea, Acid Indigestion & Reflux"
tags,product,gid://shopify/Product/15671427563851,epaderm-cream-pump-500g,Epaderm Cream Pump 500G,tagsAdd,"Dry Skin, Eczema & Psoriasis",Dry Skin|Eczema & Psoriasis|Epaderm|Irritated & Damaged Skin|Skincare > Body Care,Epaderm|Irritated & Damaged Skin|Skincare > Body Care,,"tagsRemove id=gid://shopify/Product/15671427563851 tags=[""Dry Skin"", ""Eczema & Psoriasis""]","requested tag contains a comma, Shopify stores it split: Dry Skin, Eczema & Psoriasis"
tags,product,gid://shopify/Product/15671363076427,epaderm-cream-pump-50g,Epaderm Cream Pump 50G,tagsAdd,"Dry Skin, Eczema & Psoriasis",Dry Skin|Eczema & Psoriasis|Epaderm|Irritated & Damaged Skin|Skincare > Body Care,Epaderm|Irritated & Damaged Skin|Skincare > Body Care,,"tagsRemove id=gid://shopify/Product/15671363076427 tags=[""Dry Skin"", ""Eczema & Psoriasis""]","requested tag contains a comma, Shopify stores it split: Dry Skin, Eczema & Psoriasis"
tags,product,gid://shopify/Product/15671418585419,epaderm-ointment-500g,Epaderm Ointment 500G,tagsAdd,"Dry Skin, Eczema & Psoriasis",Dry Skin|Eczema & Psoriasis|Epaderm|Irritated & Damaged Skin|Skincare > Body Care,Epaderm|Irritated & Damaged Skin|Skincare > Body Care,,"tagsRemove id=gid://shopify/Product/15671418585419 tags=[""Dry Skin"", ""Eczema & Psoriasis""]","requested tag contains a comma, Shopify stores it split: Dry Skin, Eczema & Psoriasis"
tags,product,gid://shopify/Product/15671259496779,eskimo-brainsharp-120-caps,Eskimo Brainsharp 120 Caps,tagsAdd,Brain Health,Brain Health|Eskimo|Supplements > Brain Health & Omega Oils,Eskimo|Supplements > Brain Health & Omega Oils,,"tagsRemove id=gid://shopify/Product/15671259496779 tags=[""Brain Health""]",
tags,product,gid://shopify/Product/15671330373963,eskimo-oil-eskimo-brain-3-6-9-210ml,Eskimo Oil Eskimo Brain 3-6-9 210Ml,tagsAdd,Brain Health,Brain Health|Eskimo|Supplements > Brain Health & Omega Oils,Brain Health|Eskimo|Supplements > Brain Health & Omega Oils,,tagsRemove id=gid://shopify/Product/15671330373963 tags=[],
tags,product,gid://shopify/Product/15671428153675,exputex-syrup-100ml,Exputex Syrup 100Ml,tagsAdd,Cough,Cough|Exputex|pharmacist-review|Pharmacy > Cold & Flu,Exputex|pharmacist-review|Pharmacy > Cold & Flu,,"tagsRemove id=gid://shopify/Product/15671428153675 tags=[""Cough""]",
tags,product,gid://shopify/Product/15671427105099,exputex-syrup-200ml,Exputex Syrup 200Ml,tagsAdd,Cough,Cough|Exputex|pharmacist-review|Pharmacy > Cold & Flu,Exputex|pharmacist-review|Pharmacy > Cold & Flu,,"tagsRemove id=gid://shopify/Product/15671427105099 tags=[""Cough""]",
tags,product,gid://shopify/Product/15671425007947,exputex-syrup-300ml,Exputex Syrup 300Ml,tagsAdd,Cough,Cough|Exputex|pharmacist-review|Pharmacy > Cold & Flu,Exputex|pharmacist-review|Pharmacy > Cold & Flu,,"tagsRemove id=gid://shopify/Product/15671425007947 tags=[""Cough""]",
tags,product,gid://shopify/Product/15671355801931,exterol-ear-drops-8ml,Exterol Ear Drops 8Ml,tagsAdd,Ear Wax Treatments,Ear Wax Treatments|Exterol|pharmacist-review|Pharmacy > Eye & Ear Care,Exterol|pharmacist-review|Pharmacy > Eye & Ear Care,,"tagsRemove id=gid://shopify/Product/15671355801931 tags=[""Ear Wax Treatments""]",
tags,product,gid://shopify/Product/15671406231883,fabu-focus-brain-60pk,Fabu Focus Brain 60Pk,tagsAdd,Brain Health,Brain Health|Fabu|Supplements > Brain Health & Omega Oils,Brain Health|Fabu|Supplements > Brain Health & Omega Oils,,tagsRemove id=gid://shopify/Product/15671406231883 tags=[],
tags,product,gid://shopify/Product/15671299244363,fabu-shrooms-meno-peri-60pk,Fabu Shrooms Meno & Peri 60Pk,tagsAdd,Menopause,Fabu|Menopause|Supplements > Women's Wellbeing,Fabu|Supplements > Women's Wellbeing,,"tagsRemove id=gid://shopify/Product/15671299244363 tags=[""Menopause""]",
tags,product,gid://shopify/Product/15671355834699,full-marks-solution-100ml,Full Marks Solution 100Ml,tagsAdd,Headlice,Full Marks|Headlice|Pharmacy > Sensitive Conditions,Full Marks|Pharmacy > Sensitive Conditions,,"tagsRemove id=gid://shopify/Product/15671355834699 tags=[""Headlice""]",
tags,product,gid://shopify/Product/15671263330635,full-marks-solution-200ml,Full Marks Solution 200Ml,tagsAdd,Headlice,Full Marks|Headlice|Pharmacy > Sensitive Conditions,Full Marks|Pharmacy > Sensitive Conditions,,"tagsRemove id=gid://shopify/Product/15671263330635 tags=[""Headlice""]",
tags,product,gid://shopify/Product/15671349576011,fybogel-orange-10pk,Fybogel Orange 10Pk,tagsAdd,Constipation,Constipation|Fybogel|pharmacist-review|Pharmacy > Stomach & Digestion,Fybogel|pharmacist-review|Pharmacy > Stomach & Digestion,,"tagsRemove id=gid://shopify/Product/15671349576011 tags=[""Constipation""]",
tags,product,gid://shopify/Product/15671404429643,fybogel-orange-30pk,Fybogel Orange 30Pk,tagsAdd,Constipation,Constipation|Fybogel|pharmacist-review|Pharmacy > Stomach & Digestion,Fybogel|pharmacist-review|Pharmacy > Stomach & Digestion,,"tagsRemove id=gid://shopify/Product/15671404429643 tags=[""Constipation""]",
tags,product,gid://shopify/Product/15671307698507,gaviscon-aniseed-liquid-300ml,Gaviscon Aniseed Liquid 300Ml,tagsAdd,"Nausea, Acid Indigestion & Reflux",Acid Indigestion & Reflux|Gaviscon|Nausea|pharmacist-review|Pharmacy > Stomach & Digestion,Gaviscon|pharmacist-review|Pharmacy > Stomach & Digestion,,"tagsRemove id=gid://shopify/Product/15671307698507 tags=[""Acid Indigestion & Reflux"", ""Nausea""]","requested tag contains a comma, Shopify stores it split: Nausea, Acid Indigestion & Reflux"
tags,product,gid://shopify/Product/15671408722251,gaviscon-aniseed-liquid-600ml,Gaviscon Aniseed Liquid 600Ml,tagsAdd,"Nausea, Acid Indigestion & Reflux",Acid Indigestion & Reflux|Gaviscon|Nausea|pharmacist-review|Pharmacy > Stomach & Digestion,Gaviscon|pharmacist-review|Pharmacy > Stomach & Digestion,,"tagsRemove id=gid://shopify/Product/15671408722251 tags=[""Acid Indigestion & Reflux"", ""Nausea""]","requested tag contains a comma, Shopify stores it split: Nausea, Acid Indigestion & Reflux"
tags,product,gid://shopify/Product/15671408165195,gaviscon-extra-150ml-mint,Gaviscon Extra 150Ml Mint,tagsAdd,"Nausea, Acid Indigestion & Reflux",Acid Indigestion & Reflux|Gaviscon|Nausea|pharmacist-review|Pharmacy > Stomach & Digestion,Gaviscon|pharmacist-review|Pharmacy > Stomach & Digestion,,"tagsRemove id=gid://shopify/Product/15671408165195 tags=[""Acid Indigestion & Reflux"", ""Nausea""]","requested tag contains a comma, Shopify stores it split: Nausea, Acid Indigestion & Reflux"
tags,product,gid://shopify/Product/15671342727499,gaviscon-extra-chew-tabs-24pk-peppermint,Gaviscon Extra Chew Tabs 24Pk Peppermint,tagsAdd,"Nausea, Acid Indigestion & Reflux",Acid Indigestion & Reflux|Gaviscon|Nausea|pharmacist-review|Pharmacy > Stomach & Digestion,Gaviscon|pharmacist-review|Pharmacy > Stomach & Digestion,,"tagsRemove id=gid://shopify/Product/15671342727499 tags=[""Acid Indigestion & Reflux"", ""Nausea""]","requested tag contains a comma, Shopify stores it split: Nausea, Acid Indigestion & Reflux"
tags,product,gid://shopify/Product/15671389716811,gaviscon-extra-handy-12pk-peppermint,Gaviscon Extra Handy 12Pk Peppermint,tagsAdd,"Nausea, Acid Indigestion & Reflux",Acid Indigestion & Reflux|Gaviscon|Nausea|pharmacist-review|Pharmacy > Stomach & Digestion,Gaviscon|pharmacist-review|Pharmacy > Stomach & Digestion,,"tagsRemove id=gid://shopify/Product/15671389716811 tags=[""Acid Indigestion & Reflux"", ""Nausea""]","requested tag contains a comma, Shopify stores it split: Nausea, Acid Indigestion & Reflux"
tags,product,gid://shopify/Product/15671362322763,gaviscon-handy-pack-peppermint-16pk,Gaviscon Handy Pack Peppermint 16Pk,tagsAdd,"Nausea, Acid Indigestion & Reflux",Acid Indigestion & Reflux|Gaviscon|Nausea|pharmacist-review|Pharmacy > Stomach & Digestion,Gaviscon|pharmacist-review|Pharmacy > Stomach & Digestion,,"tagsRemove id=gid://shopify/Product/15671362322763 tags=[""Acid Indigestion & Reflux"", ""Nausea""]","requested tag contains a comma, Shopify stores it split: Nausea, Acid Indigestion & Reflux"
tags,product,gid://shopify/Product/15671371333963,gaviscon-peppermint-liquid-300ml,Gaviscon Peppermint Liquid 300Ml,tagsAdd,"Nausea, Acid Indigestion & Reflux",Acid Indigestion & Reflux|Gaviscon|Nausea|pharmacist-review|Pharmacy > Stomach & Digestion,Gaviscon|pharmacist-review|Pharmacy > Stomach & Digestion,,"tagsRemove id=gid://shopify/Product/15671371333963 tags=[""Acid Indigestion & Reflux"", ""Nausea""]","requested tag contains a comma, Shopify stores it split: Nausea, Acid Indigestion & Reflux"
tags,product,gid://shopify/Product/15671265919307,gaviscon-peppermint-liquid-600ml,Gaviscon Peppermint Liquid 600Ml,tagsAdd,"Nausea, Acid Indigestion & Reflux",Acid Indigestion & Reflux|Gaviscon|Nausea|pharmacist-review|Pharmacy > Stomach & Digestion,Gaviscon|pharmacist-review|Pharmacy > Stomach & Digestion,,"tagsRemove id=gid://shopify/Product/15671265919307 tags=[""Acid Indigestion & Reflux"", ""Nausea""]","requested tag contains a comma, Shopify stores it split: Nausea, Acid Indigestion & Reflux"
tags,product,gid://shopify/Product/15671341678923,gelorevoice-blackcurrant,Gelorevoice Blackcurrant,tagsAdd,Sore Throat,GeloRevoice|Pharmacy > Cold & Flu|Sore Throat,GeloRevoice|Pharmacy > Cold & Flu,,"tagsRemove id=gid://shopify/Product/15671341678923 tags=[""Sore Throat""]",
tags,product,gid://shopify/Product/15671311335755,gelorevoice-cherry,Gelorevoice Cherry,tagsAdd,Sore Throat,GeloRevoice|Pharmacy > Cold & Flu|Sore Throat,GeloRevoice|Pharmacy > Cold & Flu,,"tagsRemove id=gid://shopify/Product/15671311335755 tags=[""Sore Throat""]",
tags,product,gid://shopify/Product/15671404855627,gucci-guilty-pour-femme-50ml-2pc-gift-set,Gucci Guilty Pour Femme 50Ml 2Pc Gift Set,tagsAdd,Ladies Fragrance Sets,Gifts > Women's Fragrance|Ladies Fragrance Sets,Gifts > Women's Fragrance,,"tagsRemove id=gid://shopify/Product/15671404855627 tags=[""Ladies Fragrance Sets""]",
tags,product,gid://shopify/Product/15671389618507,homme-allure-sport-spray-edt-100ml,Homme Allure Sport-Spray Edt 100Ml,tagsAdd,Mens Fragrance Singles,Chanel|Gifts > Men's Fragrance|Mens Fragrance Singles,Chanel|Gifts > Men's Fragrance,,"tagsRemove id=gid://shopify/Product/15671389618507 tags=[""Mens Fragrance Singles""]",
tags,product,gid://shopify/Product/15671309893963,homme-allure-sport-spray-edt-50ml,Homme Allure Sport-Spray Edt 50Ml,tagsAdd,Mens Fragrance Singles,Chanel|Gifts > Men's Fragrance|Mens Fragrance Singles,Chanel|Gifts > Men's Fragrance,,"tagsRemove id=gid://shopify/Product/15671309893963 tags=[""Mens Fragrance Singles""]",
tags,product,gid://shopify/Product/15671269196107,hugo-boss-reversed-75ml-edt-spr,Hugo Boss Reversed 75Ml Edt Spr,tagsAdd,Mens Fragrance Singles,Gifts > Men's Fragrance|Mens Fragrance Singles,Gifts > Men's Fragrance,,"tagsRemove id=gid://shopify/Product/15671269196107 tags=[""Mens Fragrance Singles""]",
tags,product,gid://shopify/Product/15671401120075,hugo-deep-red-ladies-90ml-edp-spr,Hugo Deep Red Ladies 90Ml Edp Spr,tagsAdd,Ladies Fragrance Singles,Gifts > Women's Fragrance|Ladies Fragrance Singles,Gifts > Women's Fragrance,,"tagsRemove id=gid://shopify/Product/15671401120075 tags=[""Ladies Fragrance Singles""]",
tags,product,gid://shopify/Product/15671349805387,hugo-extreme-mens-75ml-edp-spr,Hugo Extreme Mens 75Ml Edp Spr,tagsAdd,Mens Fragrance Singles,Gifts > Men's Fragrance|Mens Fragrance Singles,Gifts > Men's Fragrance,,"tagsRemove id=gid://shopify/Product/15671349805387 tags=[""Mens Fragrance Singles""]",
tags,product,gid://shopify/Product/15671349903691,hugo-man-green-75ml-edt-spr,Hugo Man (Green) 75Ml Edt Spr,tagsAdd,Mens Fragrance Singles,Gifts > Men's Fragrance|Hugo Boss|Mens Fragrance Singles,Gifts > Men's Fragrance|Hugo Boss,,"tagsRemove id=gid://shopify/Product/15671349903691 tags=[""Mens Fragrance Singles""]",
tags,product,gid://shopify/Product/15671410327883,hylo-care-0-1-2-eye-drops-7-5ml,Hylo Care 0.1%/2% Eye Drops 7.5Ml,tagsAdd,Dry Eye,Dry Eye|Hylo|Pharmacy > Eye & Ear Care,Hylo|Pharmacy > Eye & Ear Care,,"tagsRemove id=gid://shopify/Product/15671410327883 tags=[""Dry Eye""]",
tags,product,gid://shopify/Product/15671426056523,hylo-dual-pres-free-eye-drops-7-5ml-0-05,Hylo Dual Pres Free Eye Drops 7.5Ml 0.05%,tagsAdd,Dry Eye,Dry Eye|Hylo|Pharmacy > Eye & Ear Care,Hylo|Pharmacy > Eye & Ear Care,,"tagsRemove id=gid://shopify/Product/15671426056523 tags=[""Dry Eye""]",
tags,product,gid://shopify/Product/15671407083851,hylo-night-ointment,Hylo Night Ointment,tagsAdd,Dry Eye,Dry Eye|Hylo|Pharmacy > Eye & Ear Care,Hylo|Pharmacy > Eye & Ear Care,,"tagsRemove id=gid://shopify/Product/15671407083851 tags=[""Dry Eye""]",
tags,product,gid://shopify/Product/15671412588875,hylo-tear-0-1-eye-drops-7-5ml,Hylo Tear 0.1% Eye Drops 7.5Ml,tagsAdd,Dry Eye,Dry Eye|Hylo|Pharmacy > Eye & Ear Care,Hylo|Pharmacy > Eye & Ear Care,,"tagsRemove id=gid://shopify/Product/15671412588875 tags=[""Dry Eye""]",
tags,product,gid://shopify/Product/15671287054667,hylo-forte-lubricating-eye-drops-7-5ml,Hylo-Forte Lubricating Eye Drops 7.5Ml,tagsAdd,Dry Eye,Dry Eye|Hylo|Pharmacy > Eye & Ear Care,Hylo|Pharmacy > Eye & Ear Care,,"tagsRemove id=gid://shopify/Product/15671287054667 tags=[""Dry Eye""]",
tags,product,gid://shopify/Product/15671265526091,ilvico-tabs-20pk,Ilvico Tabs 20Pk,tagsAdd,Cold & Flu Combination Products,Cold & Flu Combination Products|Ilvico|pharmacist-review|Pharmacy > Cold & Flu,Ilvico|pharmacist-review|Pharmacy > Cold & Flu,,"tagsRemove id=gid://shopify/Product/15671265526091 tags=[""Cold & Flu Combination Products""]",
tags,product,gid://shopify/Product/15671353475403,imodium-instants-12pk,Imodium Instants 12Pk,tagsAdd,Diarrhoea,Diarrhoea|Imodium|pharmacist-review|Pharmacy > Stomach & Digestion,Imodium|pharmacist-review|Pharmacy > Stomach & Digestion,,"tagsRemove id=gid://shopify/Product/15671353475403 tags=[""Diarrhoea""]",
tags,product,gid://shopify/Product/15671363174731,imodium-liquigels-12pk,Imodium Liquigels 12Pk,tagsAdd,Diarrhoea,Diarrhoea|Imodium|pharmacist-review|Pharmacy > Stomach & Digestion,Imodium|pharmacist-review|Pharmacy > Stomach & Digestion,,"tagsRemove id=gid://shopify/Product/15671363174731 tags=[""Diarrhoea""]",
tags,product,gid://shopify/Product/15671270441291,imodium-plus-tabs-12pk,Imodium Plus Tabs 12Pk,tagsAdd,Diarrhoea,Diarrhoea|Imodium|pharmacist-review|Pharmacy > Stomach & Digestion,Imodium|pharmacist-review|Pharmacy > Stomach & Digestion,,"tagsRemove id=gid://shopify/Product/15671270441291 tags=[""Diarrhoea""]",
tags,product,gid://shopify/Product/15671356817739,inadine-dressings-5cm-x-5cm-single,Inadine Dressings 5Cm X 5Cm (Single),tagsAdd,Bandages & Plasters,Bandages & Plasters|Pharmacy > First Aid,Pharmacy > First Aid,,"tagsRemove id=gid://shopify/Product/15671356817739 tags=[""Bandages & Plasters""]",
tags,product,gid://shopify/Product/15671370252619,infinity-black-tweezer-straight,Infinity Black Tweezer Straight,tagsAdd,Tweezers,Beauty > Brushes & Accessories|In|Tweezers,Beauty > Brushes & Accessories|In|Tweezers,,tagsRemove id=gid://shopify/Product/15671370252619 tags=[],
tags,product,gid://shopify/Product/15671305306443,infinity-m0307-toe-nail-clipperpk,Infinity M0307 Toe Nail Clipperpk,tagsAdd,Toe Nail Care,Beauty > Nails|Infinity|Nail Care|Toe Nail Care,Beauty > Nails|Infinity|Nail Care,,"tagsRemove id=gid://shopify/Product/15671305306443 tags=[""Toe Nail Care""]",
tags,product,gid://shopify/Product/15671304061259,invictus-2-piece-100ml-giftset,Invictus 2 Piece 100Ml Giftset,tagsAdd,Mens Fragrance Sets,Mens Fragrance Sets,,,"tagsRemove id=gid://shopify/Product/15671304061259 tags=[""Mens Fragrance Sets""]",
tags,product,gid://shopify/Product/15671281647947,isoclean-makeup-brush-cleaner,Isoclean Makeup Brush Cleaner,tagsAdd,Makeup Brush Cleaners|Makeup Brushes & Tools,Beauty|Makeup Brush Cleaners|Makeup Brushes & Tools,Beauty|Makeup Brush Cleaners|Makeup Brushes & Tools,,tagsRemove id=gid://shopify/Product/15671281647947 tags=[],
tags,product,gid://shopify/Product/15671326605643,jan-de-vires-concentration-essence,Jan De Vires Concentration Essence,tagsAdd,Brain Health,Brain Health|Jan De Vries|Supplements > Brain Health & Omega Oils,Jan De Vries|Supplements > Brain Health & Omega Oils,,"tagsRemove id=gid://shopify/Product/15671326605643 tags=[""Brain Health""]",
tags,product,gid://shopify/Product/15671274635595,jenny-glow-2-piece-ladies-set-angelic,Jenny Glow 2 Piece Ladies Set Angelic,tagsAdd,Ladies Fragrance Sets,Gifts > All Fragrances|Jenny Glow|Ladies Fragrance Sets,Gifts > All Fragrances|Jenny Glow,,"tagsRemove id=gid://shopify/Product/15671274635595 tags=[""Ladies Fragrance Sets""]",
tags,product,gid://shopify/Product/15671373594955,jenny-glow-2-piece-ladies-set-blooming,Jenny Glow 2 Piece Ladies Set Blooming,tagsAdd,Ladies Fragrance Sets,Gifts > All Fragrances|Jenny Glow|Ladies Fragrance Sets,Gifts > All Fragrances|Jenny Glow,,"tagsRemove id=gid://shopify/Product/15671373594955 tags=[""Ladies Fragrance Sets""]",
tags,product,gid://shopify/Product/15671339876683,jenny-glow-2-piece-ladies-set-just-klo,Jenny Glow 2 Piece Ladies Set Just Kloé,tagsAdd,Ladies Fragrance Sets,Gifts > All Fragrances|Jenny Glow|Ladies Fragrance Sets,Gifts > All Fragrances|Jenny Glow,,"tagsRemove id=gid://shopify/Product/15671339876683 tags=[""Ladies Fragrance Sets""]",
tags,product,gid://shopify/Product/15671281680715,jenny-glow-2-piece-ladies-set-libert,Jenny Glow 2 Piece Ladies Set Liberté,tagsAdd,Ladies Fragrance Sets,Gifts > All Fragrances|Jenny Glow|Ladies Fragrance Sets,Gifts > All Fragrances|Jenny Glow,,"tagsRemove id=gid://shopify/Product/15671281680715 tags=[""Ladies Fragrance Sets""]",
tags,product,gid://shopify/Product/15671380345163,jenny-glow-2-piece-ladies-set-ufo,Jenny Glow 2 Piece Ladies Set Ufo,tagsAdd,Ladies Fragrance Sets,Gifts > All Fragrances|Jenny Glow|Ladies Fragrance Sets,Gifts > All Fragrances|Jenny Glow,,"tagsRemove id=gid://shopify/Product/15671380345163 tags=[""Ladies Fragrance Sets""]",
tags,product,gid://shopify/Product/15671370350923,jenny-glow-3-piece-ladies-set-adoor,Jenny Glow 3 Piece Ladies Set Adoor,tagsAdd,Ladies Fragrance Sets,Gifts > All Fragrances|Jenny Glow|Ladies Fragrance Sets,Gifts > All Fragrances|Jenny Glow,,"tagsRemove id=gid://shopify/Product/15671370350923 tags=[""Ladies Fragrance Sets""]",
tags,product,gid://shopify/Product/15671339712843,jenny-glow-3-piece-ladies-set-her-way,Jenny Glow 3 Piece Ladies Set Her Way,tagsAdd,Ladies Fragrance Sets,Gifts > All Fragrances|Jenny Glow|Ladies Fragrance Sets,Gifts > All Fragrances|Jenny Glow,,"tagsRemove id=gid://shopify/Product/15671339712843 tags=[""Ladies Fragrance Sets""]",
tags,product,gid://shopify/Product/15671317233995,jenny-glow-3-piece-ladies-set-paradocs-bloom,Jenny Glow 3 Piece Ladies Set Paradocs Bloom,tagsAdd,Ladies Fragrance Sets,Gifts > All Fragrances|Jenny Glow|Ladies Fragrance Sets,Gifts > All Fragrances|Jenny Glow,,"tagsRemove id=gid://shopify/Product/15671317233995 tags=[""Ladies Fragrance Sets""]",
tags,product,gid://shopify/Product/15671358325067,jenny-glow-3-piece-ladies-set-she,Jenny Glow 3 Piece Ladies Set She,tagsAdd,Ladies Fragrance Sets,Gifts > All Fragrances|Jenny Glow|Ladies Fragrance Sets,Gifts > All Fragrances|Jenny Glow,,"tagsRemove id=gid://shopify/Product/15671358325067 tags=[""Ladies Fragrance Sets""]",
tags,product,gid://shopify/Product/15671379689803,jenny-glow-3-piece-ladies-set-the-shoe,Jenny Glow 3 Piece Ladies Set The Shoe,tagsAdd,Ladies Fragrance Sets,Gifts > All Fragrances|Jenny Glow|Ladies Fragrance Sets,Gifts > All Fragrances|Jenny Glow,,"tagsRemove id=gid://shopify/Product/15671379689803 tags=[""Ladies Fragrance Sets""]",
tags,product,gid://shopify/Product/15671270113611,jenny-glow-3-piece-mens-set-billionaire,Jenny Glow 3 Piece Mens Set Billionaire,tagsAdd,Ladies Fragrance Sets,Gifts > All Fragrances|Jenny Glow|Ladies Fragrance Sets,Gifts > All Fragrances|Jenny Glow,,"tagsRemove id=gid://shopify/Product/15671270113611 tags=[""Ladies Fragrance Sets""]",
tags,product,gid://shopify/Product/15671256219979,jenny-glow-3-piece-mens-set-midnight-blue,Jenny Glow 3 Piece Mens Set Midnight Blue,tagsAdd,Ladies Fragrance Sets,Gifts > All Fragrances|Jenny Glow|Ladies Fragrance Sets,Gifts > All Fragrances|Jenny Glow,,"tagsRemove id=gid://shopify/Product/15671256219979 tags=[""Ladies Fragrance Sets""]",
tags,product,gid://shopify/Product/15671277453643,jenny-glow-3-piece-mens-set-savage,Jenny Glow 3 Piece Mens Set Savage,tagsAdd,Ladies Fragrance Sets,Gifts > All Fragrances|Jenny Glow|Ladies Fragrance Sets,Gifts > All Fragrances|Jenny Glow,,"tagsRemove id=gid://shopify/Product/15671277453643 tags=[""Ladies Fragrance Sets""]",
tags,product,gid://shopify/Product/15671386210635,jenny-glow-3-piece-mens-set-the-man,Jenny Glow 3 Piece Mens Set The Man,tagsAdd,Ladies Fragrance Sets,Gifts > All Fragrances|Jenny Glow|Ladies Fragrance Sets,Gifts > All Fragrances|Jenny Glow,,"tagsRemove id=gid://shopify/Product/15671386210635 tags=[""Ladies Fragrance Sets""]",
tags,product,gid://shopify/Product/15671369007435,jenny-glow-3-piece-mens-set-undefeated,Jenny Glow 3 Piece Mens Set Undefeated,tagsAdd,Ladies Fragrance Sets,Gifts > All Fragrances|Jenny Glow|Ladies Fragrance Sets,Gifts > All Fragrances|Jenny Glow,,"tagsRemove id=gid://shopify/Product/15671369007435 tags=[""Ladies Fragrance Sets""]",
tags,product,gid://shopify/Product/15671387914571,jenny-glow-belle-15ml-eau-de-parfum,Jenny Glow Belle 15Ml Eau De Parfum,tagsAdd,Ladies Fragrance Singles,Gifts > Women's Fragrance|Jenny Glow|Ladies Fragrance Singles,Gifts > Women's Fragrance|Jenny Glow,,"tagsRemove id=gid://shopify/Product/15671387914571 tags=[""Ladies Fragrance Singles""]",
tags,product,gid://shopify/Product/15671408296267,jenny-glow-belle-inspired-by-lancome-la-vie-est-belle-30ml,Jenny Glow Belle Inspired By Lancome La Vie Est Belle 30Ml,tagsAdd,Ladies Fragrance Singles,Gifts > Women's Fragrance|Ladies Fragrance Singles,Gifts > Women's Fragrance,,"tagsRemove id=gid://shopify/Product/15671408296267 tags=[""Ladies Fragrance Singles""]",
tags,product,gid://shopify/Product/15671368614219,jenny-glow-billionaire-inspird-by-pack-rabanne-1-million,Jenny Glow Billionaire Inspird By Pack Rabanne 1 Million,tagsAdd,Mens Fragrance Singles,Gifts > Men's Fragrance|Mens Fragrance Singles,Gifts > Men's Fragrance,,"tagsRemove id=gid://shopify/Product/15671368614219 tags=[""Mens Fragrance Singles""]",
tags,product,gid://shopify/Product/15671254417739,jenny-glow-billionaire-inspired-by-paco-rabanne-lady-million-15ml,Jenny Glow Billionaire Inspired By Paco Rabanne Lady Million 15Ml,tagsAdd,Ladies Fragrance Singles,Gifts > Women's Fragrance|Ladies Fragrance Singles,Gifts > Women's Fragrance,,"tagsRemove id=gid://shopify/Product/15671254417739 tags=[""Ladies Fragrance Singles""]",
tags,product,gid://shopify/Product/15671286759755,jenny-glow-billionaire-inspired-by-paco-rabanne-lady-million-30ml,Jenny Glow Billionaire Inspired By Paco Rabanne Lady Million 30Ml,tagsAdd,Ladies Fragrance Singles,Gifts > Women's Fragrance|Ladies Fragrance Singles,Gifts > Women's Fragrance,,"tagsRemove id=gid://shopify/Product/15671286759755 tags=[""Ladies Fragrance Singles""]",
tags,product,gid://shopify/Product/15671306453323,jenny-glow-coding-inspired-by-armani-code-50ml,Jenny Glow Coding Inspired By Armani Code 50Ml,tagsAdd,Mens Fragrance Singles,Gifts > Men's Fragrance|Mens Fragrance Singles,Gifts > Men's Fragrance,,"tagsRemove id=gid://shopify/Product/15671306453323 tags=[""Mens Fragrance Singles""]",
tags,product,gid://shopify/Product/15671293051211,jenny-glow-floral-explosion-inspired-by-victor-ralph-flower-bomb-15ml,Jenny Glow Floral Explosion Inspired By Victor & Ralph Flower Bomb 15Ml,tagsAdd,Ladies Fragrance Singles,Gifts > Women's Fragrance|Ladies Fragrance Singles,Gifts > Women's Fragrance,,"tagsRemove id=gid://shopify/Product/15671293051211 tags=[""Ladies Fragrance Singles""]",
tags,product,gid://shopify/Product/15671306486091,jenny-glow-just-kloe-inspired-by-chloe,Jenny Glow Just Kloe Inspired By Chloe,tagsAdd,Ladies Fragrance Singles,Gifts > Women's Fragrance|Ladies Fragrance Singles,Gifts > Women's Fragrance,,"tagsRemove id=gid://shopify/Product/15671306486091 tags=[""Ladies Fragrance Singles""]",
tags,product,gid://shopify/Product/15671375561035,jenny-glow-liberte-inspired-by-ysl-libre-15ml,Jenny Glow Liberte Inspired By Ysl Libre 15Ml,tagsAdd,Ladies Fragrance Singles,Gifts > Women's Fragrance|Ladies Fragrance Singles,Gifts > Women's Fragrance,,"tagsRemove id=gid://shopify/Product/15671375561035 tags=[""Ladies Fragrance Singles""]",
tags,product,gid://shopify/Product/15671334666571,jenny-glow-madame-30ml,Jenny Glow Madame 30Ml,tagsAdd,Ladies Fragrance Singles,Gifts > Women's Fragrance|Ladies Fragrance Singles,Gifts > Women's Fragrance,,"tagsRemove id=gid://shopify/Product/15671334666571 tags=[""Ladies Fragrance Singles""]",
tags,product,gid://shopify/Product/15671378280779,jenny-glow-madame-inspired-by-coco-mademoiselle-15ml,Jenny Glow Madame Inspired By Coco Mademoiselle 15Ml,tagsAdd,Ladies Fragrance Singles,Gifts > Women's Fragrance|Ladies Fragrance Singles,Gifts > Women's Fragrance,,"tagsRemove id=gid://shopify/Product/15671378280779 tags=[""Ladies Fragrance Singles""]",
tags,product,gid://shopify/Product/15671269065035,jenny-glow-olympia-inspired-by-paco-rabanne-olympea-30ml,Jenny Glow Olympia Inspired By Paco Rabanne Olympea 30Ml,tagsAdd,Ladies Fragrance Singles,Gifts > Women's Fragrance|Ladies Fragrance Singles,Gifts > Women's Fragrance,,"tagsRemove id=gid://shopify/Product/15671269065035 tags=[""Ladies Fragrance Singles""]",
tags,product,gid://shopify/Product/15671408460107,jenny-glow-olympia-inspired-by-paco-robanne-olympea-15ml,Jenny Glow Olympia Inspired By Paco Robanne Olympea 15Ml,tagsAdd,Ladies Fragrance Singles,Gifts > Women's Fragrance|Ladies Fragrance Singles,Gifts > Women's Fragrance,,"tagsRemove id=gid://shopify/Product/15671408460107 tags=[""Ladies Fragrance Singles""]",
tags,product,gid://shopify/Product/15671386046795,jenny-glow-origins-inspired-by-jimmy-choo-original-30ml,Jenny Glow Origins Inspired By Jimmy Choo Original 30Ml,tagsAdd,Ladies Fragrance Singles,Gifts > Women's Fragrance|Ladies Fragrance Singles,Gifts > Women's Fragrance,,"tagsRemove id=gid://shopify/Product/15671386046795 tags=[""Ladies Fragrance Singles""]",
tags,product,gid://shopify/Product/15671298621771,jenny-glow-peony-inspired-by-jo-malone-peony-blush-15ml,Jenny Glow Peony Inspired By Jo Malone Peony & Blush 15Ml,tagsAdd,Ladies Fragrance Singles,Gifts > Women's Fragrance|Ladies Fragrance Singles,Gifts > Women's Fragrance,,"tagsRemove id=gid://shopify/Product/15671298621771 tags=[""Ladies Fragrance Singles""]",
tags,product,gid://shopify/Product/15671283155275,jenny-glow-peony-inspired-by-jo-malone-peony-blush-30ml,Jenny Glow Peony Inspired By Jo Malone Peony & Blush 30Ml,tagsAdd,Ladies Fragrance Singles,Gifts > Women's Fragrance|Ladies Fragrance Singles,Gifts > Women's Fragrance,,"tagsRemove id=gid://shopify/Product/15671283155275 tags=[""Ladies Fragrance Singles""]",
tags,product,gid://shopify/Product/15671380738379,jenny-glow-posies-inspired-by-marc-jacobs-daisy,Jenny Glow Posies Inspired By Marc Jacobs Daisy,tagsAdd,Ladies Fragrance Singles,Gifts > Women's Fragrance|Ladies Fragrance Singles,Gifts > Women's Fragrance,,"tagsRemove id=gid://shopify/Product/15671380738379 tags=[""Ladies Fragrance Singles""]",
tags,product,gid://shopify/Product/15671271883083,jenny-glow-posies-inspired-by-marc-jacobs-daisy-edp-15ml,Jenny Glow Posies Inspired By Marc Jacobs Daisy Edp 15Ml,tagsAdd,Ladies Fragrance Singles,Gifts > Women's Fragrance|Ladies Fragrance Singles,Gifts > Women's Fragrance,,"tagsRemove id=gid://shopify/Product/15671271883083 tags=[""Ladies Fragrance Singles""]",
tags,product,gid://shopify/Product/15671375135051,jenny-glow-savage-inspired-by-dior-sauvage-50ml,Jenny Glow Savage Inspired By Dior Sauvage 50Ml,tagsAdd,Mens Fragrance Singles,Gifts > Men's Fragrance|Mens Fragrance Singles,Gifts > Men's Fragrance,,"tagsRemove id=gid://shopify/Product/15671375135051 tags=[""Mens Fragrance Singles""]",
tags,product,gid://shopify/Product/15671261036875,jenny-glow-she-inspired-by-armani-si-15ml,Jenny Glow She Inspired By Armani Si 15Ml,tagsAdd,Ladies Fragrance Singles,Gifts > Women's Fragrance|Ladies Fragrance Singles,Gifts > Women's Fragrance,,"tagsRemove id=gid://shopify/Product/15671261036875 tags=[""Ladies Fragrance Singles""]",
tags,product,gid://shopify/Product/15671281058123,jenny-glow-she-inspired-by-armani-si-30ml,Jenny Glow She Inspired By Armani Si 30Ml,tagsAdd,Ladies Fragrance Singles,Gifts > Women's Fragrance|Ladies Fragrance Singles,Gifts > Women's Fragrance,,"tagsRemove id=gid://shopify/Product/15671281058123 tags=[""Ladies Fragrance Singles""]",
tags,product,gid://shopify/Product/15671309107531,jenny-glow-the-shoe-inspired-by-carolina-herrera-good-girl-15ml,"Jenny Glow The Shoe Inspired By Carolina Herrera, Good Girl 15Ml",tagsAdd,Ladies Fragrance Singles,Gifts > Women's Fragrance|Ladies Fragrance Singles,Gifts > Women's Fragrance,,"tagsRemove id=gid://shopify/Product/15671309107531 tags=[""Ladies Fragrance Singles""]",
tags,product,gid://shopify/Product/15671356358987,jenny-glow-ufo-inspired-by-thierry-mugler-alien-15ml,Jenny Glow Ufo Inspired By Thierry Mugler Alien 15Ml,tagsAdd,Ladies Fragrance Singles,Gifts > Women's Fragrance|Ladies Fragrance Singles,Gifts > Women's Fragrance,,"tagsRemove id=gid://shopify/Product/15671356358987 tags=[""Ladies Fragrance Singles""]",
tags,product,gid://shopify/Product/15671353409867,jimmy-choo-blossom-ladies-100ml-edp-spray,Jimmy Choo Blossom Ladies 100Ml Edp Spray,tagsAdd,Ladies Fragrance Singles,Gifts > Women's Fragrance|Ladies Fragrance Singles,Gifts > Women's Fragrance,,"tagsRemove id=gid://shopify/Product/15671353409867 tags=[""Ladies Fragrance Singles""]",
tags,product,gid://shopify/Product/15671259365707,jimmy-choo-i-want-choo-40ml-edp-spray,Jimmy Choo I Want Choo 40Ml Edp Spray,tagsAdd,Ladies Fragrance Singles,Gifts > Women's Fragrance|Ladies Fragrance Singles,Gifts > Women's Fragrance,,"tagsRemove id=gid://shopify/Product/15671259365707 tags=[""Ladies Fragrance Singles""]",
tags,product,gid://shopify/Product/15671319429451,jimmy-choo-i-want-choo-60ml-2pc-gift-set,Jimmy Choo I Want Choo 60Ml 2Pc Gift Set,tagsAdd,Ladies Fragrance Sets,Gifts > Women's Fragrance|Ladies Fragrance Sets,Gifts > Women's Fragrance,,"tagsRemove id=gid://shopify/Product/15671319429451 tags=[""Ladies Fragrance Sets""]",
tags,product,gid://shopify/Product/15671304388939,jimmy-choo-i-want-choo-forever-60ml-2pc-gift-set,Jimmy Choo I Want Choo Forever 60Ml 2Pc Gift Set,tagsAdd,Ladies Fragrance Sets,Gifts > Women's Fragrance|Ladies Fragrance Sets,Gifts > Women's Fragrance,,"tagsRemove id=gid://shopify/Product/15671304388939 tags=[""Ladies Fragrance Sets""]",
tags,product,gid://shopify/Product/15671282073931,jimmy-choo-illicit-ladies-100ml-edp-spray,Jimmy Choo Illicit Ladies 100Ml Edp Spray,tagsAdd,Ladies Fragrance Singles,Gifts > Women's Fragrance|Ladies Fragrance Singles,Gifts > Women's Fragrance,,"tagsRemove id=gid://shopify/Product/15671282073931 tags=[""Ladies Fragrance Singles""]",
tags,product,gid://shopify/Product/15671276142923,jimmy-choo-ladies-40ml-edp-spray,Jimmy Choo Ladies 40Ml Edp Spray,tagsAdd,Ladies Fragrance Singles,Gifts > Women's Fragrance|Ladies Fragrance Singles,Gifts > Women's Fragrance,,"tagsRemove id=gid://shopify/Product/15671276142923 tags=[""Ladies Fragrance Singles""]",
tags,product,gid://shopify/Product/15671383589195,jimmy-choo-man-100ml-edt-spray,Jimmy Choo Man 100Ml Edt Spray,tagsAdd,Mens Fragrance Singles,Gifts > Men's Fragrance|Mens Fragrance Singles,Gifts > Men's Fragrance,,"tagsRemove id=gid://shopify/Product/15671383589195 tags=[""Mens Fragrance Singles""]",
tags,product,gid://shopify/Product/15671408066891,jimmy-choo-rose-passion-60ml-2pc-gift-set,Jimmy Choo Rose Passion 60Ml 2Pc Gift Set,tagsAdd,Ladies Fragrance Sets,Gifts > Women's Fragrance|Ladies Fragrance Sets,Gifts > Women's Fragrance,,"tagsRemove id=gid://shopify/Product/15671408066891 tags=[""Ladies Fragrance Sets""]",
tags,product,gid://shopify/Product/15671392436555,joop-homme-200ml-edt-spr,Joop Homme 200Ml Edt Spr,tagsAdd,Mens Fragrance Singles,Gifts > Men's Fragrance|Mens Fragrance Singles,Gifts > Men's Fragrance,,"tagsRemove id=gid://shopify/Product/15671392436555 tags=[""Mens Fragrance Singles""]",
tags,product,gid://shopify/Product/15671298883915,joop-jump-mens-30ml-edt-spr,Joop Jump Mens 30Ml Edt Spr,tagsAdd,Mens Fragrance Singles,Gifts > Men's Fragrance|Mens Fragrance Singles,Gifts > Men's Fragrance,,"tagsRemove id=gid://shopify/Product/15671298883915 tags=[""Mens Fragrance Singles""]",
tags,product,gid://shopify/Product/15671381492043,jungle-formula-maximum-spray-150ml,Jungle Formula Maximum Spray 150Ml,tagsAdd,Insect Bites & Prevention,Insect Bites & Prevention|Jungle|Pharmacy > Allergy Relief,Jungle|Pharmacy > Allergy Relief,,"tagsRemove id=gid://shopify/Product/15671381492043 tags=[""Insect Bites & Prevention""]",
tags,product,gid://shopify/Product/15671270179147,kin-baby-teething-gel,Kin Baby Teething Gel,tagsAdd,Teething,Baby|Teething,Baby,,"tagsRemove id=gid://shopify/Product/15671270179147 tags=[""Teething""]",
tags,product,gid://shopify/Product/15671321100619,kin-care-gel-15ml-apthous-ulcers,Kin Care Gel 15Ml Apthous Ulcers,tagsAdd,Mouth Ulcers & Cold Sores,Kin|Mouth Ulcers & Cold Sores|Toiletries > Dental,Kin|Toiletries > Dental,,"tagsRemove id=gid://shopify/Product/15671321100619 tags=[""Mouth Ulcers & Cold Sores""]",
tags,product,gid://shopify/Product/15671254810955,kin-gingival-mouthwash-250ml,Kin Gingival Mouthwash 250Ml,tagsAdd,Gum Health & Gingivitis,Gum Health & Gingivitis|Kin|Toiletries > Dental,Kin|Toiletries > Dental,,"tagsRemove id=gid://shopify/Product/15671254810955 tags=[""Gum Health & Gingivitis""]",
tags,product,gid://shopify/Product/15671397482827,kin-gingival-mouthwash-500ml,Kin Gingival Mouthwash 500Ml,tagsAdd,Gum Health & Gingivitis,Gum Health & Gingivitis|Kin|Toiletries > Dental,Kin|Toiletries > Dental,,"tagsRemove id=gid://shopify/Product/15671397482827 tags=[""Gum Health & Gingivitis""]",
tags,product,gid://shopify/Product/15671352885579,kin-gingival-toothpaste-75ml,Kin Gingival Toothpaste 75Ml,tagsAdd,Gum Health & Gingivitis,Gum Health & Gingivitis|Kin|Toiletries > Dental,Kin|Toiletries > Dental,,"tagsRemove id=gid://shopify/Product/15671352885579 tags=[""Gum Health & Gingivitis""]",
tags,product,gid://shopify/Product/15671352983883,kit-kaboodle-toe-nail-clippers,Kit & Kaboodle Toe Nail Clippers,tagsAdd,Toe Nail Care,Beauty > Nails|Kit & Kaboodle|Nail Care|Toe Nail Care,Beauty > Nails|Kit & Kaboodle|Nail Care,,"tagsRemove id=gid://shopify/Product/15671352983883 tags=[""Toe Nail Care""]",
tags,product,gid://shopify/Product/15671312154955,kool-n-soothe-migraine-strip-4pk,Kool N Soothe Migraine Strip 4Pk,tagsAdd,Cold Therapy & Heat Therapy,Cold Therapy & Heat Therapy|Kool N Soothe|Pharmacy > Pain Relief,Kool N Soothe|Pharmacy > Pain Relief,,"tagsRemove id=gid://shopify/Product/15671312154955 tags=[""Cold Therapy & Heat Therapy""]",
tags,product,gid://shopify/Product/15671279288651,lacabine-pure-retinol-amp-2ml,Lacabine Pure Retinol Amp 2Ml,tagsAdd,Anti-Ageing,Anti-Ageing|laCabine|Skincare > Face,laCabine|Skincare > Face,,"tagsRemove id=gid://shopify/Product/15671279288651 tags=[""Anti-Ageing""]",
tags,product,gid://shopify/Product/15671290822987,lacoste-red-mens-125ml-edt-spr,Lacoste Red Mens 125Ml Edt Spr,tagsAdd,Mens Fragrance Singles,Gifts > Men's Fragrance|Mens Fragrance Singles,Gifts > Men's Fragrance,,"tagsRemove id=gid://shopify/Product/15671290822987 tags=[""Mens Fragrance Singles""]",
tags,product,gid://shopify/Product/15671263822155,lacoste-touch-of-pink-ladies-90ml-edt-spr,Lacoste Touch Of Pink Ladies 90Ml Edt Spr,tagsAdd,Ladies Fragrance Singles,Gifts > Women's Fragrance|Ladies Fragrance Singles,Gifts > Women's Fragrance,,"tagsRemove id=gid://shopify/Product/15671263822155 tags=[""Ladies Fragrance Singles""]",
tags,product,gid://shopify/Product/15671358914891,lactulose-fresenius-670mg-ml-500ml,Lactulose Fresenius 670Mg/Ml 500Ml,tagsAdd,Constipation,Constipation|Lactulose|pharmacist-review|Pharmacy > Stomach & Digestion,Lactulose|pharmacist-review|Pharmacy > Stomach & Digestion,,"tagsRemove id=gid://shopify/Product/15671358914891 tags=[""Constipation""]",
tags,product,gid://shopify/Product/15671267852619,lamisil-once-4g,Lamisil Once 4G,tagsAdd,Thrush & Antifungal,Lamisil|pharmacist-review|Pharmacy > Medicated Skincare|Thrush & Antifungal,Lamisil|pharmacist-review|Pharmacy > Medicated Skincare,,"tagsRemove id=gid://shopify/Product/15671267852619 tags=[""Thrush & Antifungal""]",
tags,product,gid://shopify/Product/15671371530571,lanes-kalms-3-a-day-100pk,Lanes Kalms 3-A-Day 100Pk,tagsAdd,Healthy Mind & Sleeping Aids|Sleep & Rest,Healthy Mind & Sleeping Aids|Herbal Remedies|Lanes|pharmacist-review|Sleep & Rest|Supplements > Sleep & Stress,Herbal Remedies|Lanes|pharmacist-review|Supplements > Sleep & Stress,,"tagsRemove id=gid://shopify/Product/15671371530571 tags=[""Healthy Mind & Sleeping Aids"", ""Sleep & Rest""]",
tags,product,gid://shopify/Product/15671303569739,lanes-kalms-night-28-tablets,Lanes Kalms Night 28 Tablets,tagsAdd,Healthy Mind & Sleeping Aids|Sleep & Rest,Healthy Mind & Sleeping Aids|Herbal Remedies|Lanes|pharmacist-review|Sleep & Rest|Supplements > Sleep & Stress,Herbal Remedies|Lanes|pharmacist-review|Supplements > Sleep & Stress,,"tagsRemove id=gid://shopify/Product/15671303569739 tags=[""Healthy Mind & Sleeping Aids"", ""Sleep & Rest""]",
tags,product,gid://shopify/Product/15671294460235,lanes-olbas-inhaler-nasal-stick-1pk,Lanes Olbas Inhaler Nasal Stick 1Pk,tagsAdd,Blocked Nose & Sinus,Blocked Nose & Sinus|Lanes|pharmacist-review|Pharmacy > Cold & Flu,Lanes|pharmacist-review|Pharmacy > Cold & Flu,,"tagsRemove id=gid://shopify/Product/15671294460235 tags=[""Blocked Nose & Sinus""]",
tags,product,gid://shopify/Product/15671359275339,lanes-olbas-oil-10ml,Lanes Olbas Oil 10Ml,tagsAdd,Blocked Nose & Sinus,Blocked Nose & Sinus|Lanes|pharmacist-review|Pharmacy > Cold & Flu,Lanes|pharmacist-review|Pharmacy > Cold & Flu,,"tagsRemove id=gid://shopify/Product/15671359275339 tags=[""Blocked Nose & Sinus""]",
tags,product,gid://shopify/Product/15671387783499,lanes-olbas-oil-28ml,Lanes Olbas Oil 28Ml,tagsAdd,Blocked Nose & Sinus,Blocked Nose & Sinus|Lanes|pharmacist-review|Pharmacy > Cold & Flu,Lanes|pharmacist-review|Pharmacy > Cold & Flu,,"tagsRemove id=gid://shopify/Product/15671387783499 tags=[""Blocked Nose & Sinus""]",
tags,product,gid://shopify/Product/15671312286027,lash-out-black-mascara,Lash Out Black Mascara,tagsAdd,Mascara,Beauty|BPerfect|Mascara,Beauty|BPerfect|Mascara,,tagsRemove id=gid://shopify/Product/15671312286027 tags=[],
tags,product,gid://shopify/Product/16024782602571,lashes2love-bio-natural-lash-booster-mascara,Lashes2love Bio Natural Lash Booster Mascara,tagsAdd,Mascara,Beauty|Brows & Lashes|Mascara,Beauty|Brows & Lashes,,"tagsRemove id=gid://shopify/Product/16024782602571 tags=[""Mascara""]",
tags,product,gid://shopify/Product/15671367401803,lemsip-headcold-10pk,Lemsip Headcold 10Pk,tagsAdd,Cold & Flu Combination Products,Cold & Flu Combination Products|Lemsip|pharmacist-review|Pharmacy > Cold & Flu,Lemsip|pharmacist-review|Pharmacy > Cold & Flu,,"tagsRemove id=gid://shopify/Product/15671367401803 tags=[""Cold & Flu Combination Products""]",
tags,product,gid://shopify/Product/15671403872587,lemsip-max-cold-flu-hot-lemon-10pk,Lemsip Max Cold & Flu Hot Lemon 10Pk,tagsAdd,Cold & Flu Combination Products,Cold & Flu Combination Products|Lemsip|pharmacist-review|Pharmacy > Cold & Flu,Lemsip|pharmacist-review|Pharmacy > Cold & Flu,,"tagsRemove id=gid://shopify/Product/15671403872587 tags=[""Cold & Flu Combination Products""]",
tags,product,gid://shopify/Product/15671302291787,lemsip-max-cough-cold-sachets-5pk,Lemsip Max Cough Cold Sachets 5Pk,tagsAdd,Cough,Cough|Lemsip|pharmacist-review|Pharmacy > Cold & Flu,Lemsip|pharmacist-review|Pharmacy > Cold & Flu,,"tagsRemove id=gid://shopify/Product/15671302291787 tags=[""Cough""]",
tags,product,gid://shopify/Product/15671396204875,lemsip-max-sinus-flu-hot-lemon-10pk,Lemsip Max Sinus & Flu Hot Lemon 10Pk,tagsAdd,Blocked Nose & Sinus|Cold & Flu Combination Products,Blocked Nose & Sinus|Cold & Flu Combination Products|Lemsip|pharmacist-review|Pharmacy > Cold & Flu,Lemsip|pharmacist-review|Pharmacy > Cold & Flu,,"tagsRemove id=gid://shopify/Product/15671396204875 tags=[""Blocked Nose & Sinus"", ""Cold & Flu Combination Products""]",
tags,product,gid://shopify/Product/15671259955531,lemsip-max-strength-hot-lemon-5pk,Lemsip Max Strength Hot Lemon 5Pk,tagsAdd,Cold & Flu Combination Products,Cold & Flu Combination Products|Lemsip|pharmacist-review|Pharmacy > Cold & Flu,Lemsip|pharmacist-review|Pharmacy > Cold & Flu,,"tagsRemove id=gid://shopify/Product/15671259955531 tags=[""Cold & Flu Combination Products""]",
tags,product,gid://shopify/Product/15671281221963,lemsip-original-hot-lemon-5pk,Lemsip Original Hot Lemon 5Pk,tagsAdd,Cold & Flu Combination Products,Cold & Flu Combination Products|Lemsip|pharmacist-review|Pharmacy > Cold & Flu,Lemsip|pharmacist-review|Pharmacy > Cold & Flu,,"tagsRemove id=gid://shopify/Product/15671281221963 tags=[""Cold & Flu Combination Products""]",
tags,product,gid://shopify/Product/15671260184907,lice-dr-preventation-elastics-4-s,Lice Dr Preventation Elastics 4'S,tagsAdd,Headlice,Headlice|Lice Dr|Pharmacy > Sensitive Conditions,Lice Dr|Pharmacy > Sensitive Conditions,,"tagsRemove id=gid://shopify/Product/15671260184907 tags=[""Headlice""]",
tags,product,gid://shopify/Product/15671311991115,losec-control-20mg-gr-tabs-14pk,Losec Control 20Mg Gr Tabs 14Pk,tagsAdd,"Nausea, Acid Indigestion & Reflux",Acid Indigestion & Reflux|Losec|Nausea|pharmacist-review|Pharmacy > Stomach & Digestion,Losec|pharmacist-review|Pharmacy > Stomach & Digestion,,"tagsRemove id=gid://shopify/Product/15671311991115 tags=[""Acid Indigestion & Reflux"", ""Nausea""]","requested tag contains a comma, Shopify stores it split: Nausea, Acid Indigestion & Reflux"
tags,product,gid://shopify/Product/15671372218699,luna-by-lisa-blusher-peachy,Luna By Lisa Blusher - Peachy,tagsAdd,Blusher,Blusher|Luna By Lisa|Luna Face Collection,Blusher|Luna By Lisa|Luna Face Collection,,tagsRemove id=gid://shopify/Product/15671372218699 tags=[],
tags,product,gid://shopify/Product/15671340630347,luna-by-lisa-blusher-pink-petal,Luna By Lisa Blusher - Pink Petal,tagsAdd,Blusher,Blusher|Luna By Lisa|Luna Face Collection,Blusher|Luna By Lisa|Luna Face Collection,,tagsRemove id=gid://shopify/Product/15671340630347 tags=[],
tags,product,gid://shopify/Product/15671308026187,luna-by-lisa-blusher-sassy,Luna By Lisa Blusher - Sassy,tagsAdd,Blusher,Blusher|Luna By Lisa|Luna Face Collection,Blusher|Luna By Lisa|Luna Face Collection,,tagsRemove id=gid://shopify/Product/15671308026187 tags=[],
tags,product,gid://shopify/Product/15671409213771,lyclear-cream-rinse-1-59ml-2pk,Lyclear Cream Rinse 1% 59Ml 2Pk,tagsAdd,Headlice,Headlice|Lyclear|pharmacist-review|Pharmacy > Sensitive Conditions,Lyclear|pharmacist-review|Pharmacy > Sensitive Conditions,,"tagsRemove id=gid://shopify/Product/15671409213771 tags=[""Headlice""]",
tags,product,gid://shopify/Product/15671325065547,lyclear-treatment-shampoo-200ml,Lyclear Treatment Shampoo 200Ml,tagsAdd,Headlice,Headlice|Lyclear|pharmacist-review|Pharmacy > Sensitive Conditions,Lyclear|pharmacist-review|Pharmacy > Sensitive Conditions,,"tagsRemove id=gid://shopify/Product/15671325065547 tags=[""Headlice""]",
tags,product,gid://shopify/Product/15671364944203,maalox-oral-suspension-250ml-peppermint,Maalox Oral Suspension 250Ml Peppermint,tagsAdd,"Nausea, Acid Indigestion & Reflux",Acid Indigestion & Reflux|Maalox|Nausea|pharmacist-review|Pharmacy > Stomach & Digestion,Maalox|pharmacist-review|Pharmacy > Stomach & Digestion,,"tagsRemove id=gid://shopify/Product/15671364944203 tags=[""Acid Indigestion & Reflux"", ""Nausea""]","requested tag contains a comma, Shopify stores it split: Nausea, Acid Indigestion & Reflux"
tags,product,gid://shopify/Product/15671384834379,maalox-plus-oral-suspension-250ml-lemon,Maalox Plus Oral Suspension 250Ml Lemon,tagsAdd,"Nausea, Acid Indigestion & Reflux",Acid Indigestion & Reflux|Maalox|Nausea|pharmacist-review|Pharmacy > Stomach & Digestion,Maalox|pharmacist-review|Pharmacy > Stomach & Digestion,,"tagsRemove id=gid://shopify/Product/15671384834379 tags=[""Acid Indigestion & Reflux"", ""Nausea""]","requested tag contains a comma, Shopify stores it split: Nausea, Acid Indigestion & Reflux"
tags,product,gid://shopify/Product/15671306846539,macushield-caps-30pk,Macushield Caps 30Pk,tagsAdd,Macular Degeneration & Glaucoma,Macular Degeneration & Glaucoma|Macushield|Supplements > Eyes & Ears,Macushield|Supplements > Eyes & Ears,,"tagsRemove id=gid://shopify/Product/15671306846539 tags=[""Macular Degeneration & Glaucoma""]",
tags,product,gid://shopify/Product/15671409049931,macushield-caps-90pk,Macushield Caps 90Pk,tagsAdd,Macular Degeneration & Glaucoma,Macular Degeneration & Glaucoma|Macushield|Supplements > Eyes & Ears,Macushield|Supplements > Eyes & Ears,,"tagsRemove id=gid://shopify/Product/15671409049931 tags=[""Macular Degeneration & Glaucoma""]",
tags,product,gid://shopify/Product/15671286825291,macushield-gold-30pk,Macushield Gold 30Pk,tagsAdd,Macular Degeneration & Glaucoma,Macular Degeneration & Glaucoma|Macushield|Supplements > Eyes & Ears,Macushield|Supplements > Eyes & Ears,,"tagsRemove id=gid://shopify/Product/15671286825291 tags=[""Macular Degeneration & Glaucoma""]",
tags,product,gid://shopify/Product/15671398695243,marc-jacobs-daisy-100ml-edt,Marc Jacobs Daisy 100Ml Edt,tagsAdd,Ladies Fragrance Singles,Ladies Fragrance Singles,,,"tagsRemove id=gid://shopify/Product/15671398695243 tags=[""Ladies Fragrance Singles""]",
tags,product,gid://shopify/Product/15671366451531,marc-jacobs-daisy-50ml-3pc-gift-set,Marc Jacobs Daisy 50Ml 3Pc Gift Set,tagsAdd,Ladies Fragrance Sets,Gifts > Women's Fragrance|Ladies Fragrance Sets,Gifts > Women's Fragrance,,"tagsRemove id=gid://shopify/Product/15671366451531 tags=[""Ladies Fragrance Sets""]",
tags,product,gid://shopify/Product/15671335747915,marc-jacobs-daisy-50ml-edt-spray,Marc Jacobs Daisy 50Ml Edt Spray,tagsAdd,Ladies Fragrance Singles,Gifts > Women's Fragrance|Ladies Fragrance Singles|MARC JACOBS,Gifts > Women's Fragrance|MARC JACOBS,,"tagsRemove id=gid://shopify/Product/15671335747915 tags=[""Ladies Fragrance Singles""]",
tags,product,gid://shopify/Product/15671373005131,marc-jacobs-perfect-50ml-2pc-gift-set,Marc Jacobs Perfect 50Ml 2Pc Gift Set,tagsAdd,Ladies Fragrance Sets,Gifts > Women's Fragrance|Ladies Fragrance Sets,Gifts > Women's Fragrance,,"tagsRemove id=gid://shopify/Product/15671373005131 tags=[""Ladies Fragrance Sets""]",
tags,product,gid://shopify/Product/15671307665739,medi-sport-zinc-oxidetape-1-5x14,Medi Sport Zinc Oxidetape 1.5X14,tagsAdd,Bandages & Plasters,Bandages & Plasters|Medicare|Pharmacy > First Aid,Medicare|Pharmacy > First Aid,,"tagsRemove id=gid://shopify/Product/15671307665739 tags=[""Bandages & Plasters""]",
tags,product,gid://shopify/Product/15671292068171,medi-spray-plaster-32-5ml-can509,Medi Spray Plaster 32.5Ml,tagsAdd,Bandages & Plasters,Bandages & Plasters|Medicare|Pharmacy > First Aid,Medicare|Pharmacy > First Aid,,"tagsRemove id=gid://shopify/Product/15671292068171 tags=[""Bandages & Plasters""]",
tags,product,gid://shopify/Product/15671336993099,medi-tubular-gauze-with-applicat,Medi Tubular Gauze With Applicat,tagsAdd,Bandages & Plasters,Bandages & Plasters|Medicare|Pharmacy > First Aid,Medicare|Pharmacy > First Aid,,"tagsRemove id=gid://shopify/Product/15671336993099 tags=[""Bandages & Plasters""]",
tags,product,gid://shopify/Product/15671391093067,medicare-blister-plasters-6pk-medium,Medicare Blister Plasters 6Pk Medium,tagsAdd,Blisters & Bunion Care,Blisters & Bunion Care|Medicare|Pharmacy > First Aid,Medicare|Pharmacy > First Aid,,"tagsRemove id=gid://shopify/Product/15671391093067 tags=[""Blisters & Bunion Care""]",
tags,product,gid://shopify/Product/15671302357323,medicare-blister-plasters-assort-6pk,Medicare Blister Plasters Assort 6Pk,tagsAdd,Blisters & Bunion Care,Blisters & Bunion Care|Medicare|Pharmacy > First Aid,Medicare|Pharmacy > First Aid,,"tagsRemove id=gid://shopify/Product/15671302357323 tags=[""Blisters & Bunion Care""]",
tags,product,gid://shopify/Product/15671369269579,medicare-blue-detectable-plasters-1-size-100-pk,Medicare Blue Detectable Plasters 1 Size 100 Pk,tagsAdd,Bandages & Plasters,Bandages & Plasters|Medicare|Pharmacy > First Aid,Medicare|Pharmacy > First Aid,,"tagsRemove id=gid://shopify/Product/15671369269579 tags=[""Bandages & Plasters""]",
tags,product,gid://shopify/Product/15671354753355,medicare-calico-triangular-bandage-96-x-96-x-135cm,Medicare Calico Triangular Bandage 96 X 96 X 135Cm,tagsAdd,Bandages & Plasters,Bandages & Plasters|Medicare|Pharmacy > First Aid,Medicare|Pharmacy > First Aid,,"tagsRemove id=gid://shopify/Product/15671354753355 tags=[""Bandages & Plasters""]",
tags,product,gid://shopify/Product/15671381131595,medicare-digital-pulse-oximeter,Medicare Digital Pulse Oximeter,tagsAdd,Electrical Healthcare|Oximeters & Weighing Scales,Electrical Healthcare|Medicare|Oximeters & Weighing Scales|Pharmacy > Covid19,Medicare|Pharmacy > Covid19,,"tagsRemove id=gid://shopify/Product/15671381131595 tags=[""Electrical Healthcare"", ""Oximeters & Weighing Scales""]",
tags,product,gid://shopify/Product/15671362060619,medicare-elbow-large-support-31cm-33cm,Medicare Elbow Large Support 31Cm-33Cm,tagsAdd,Supports,Medicare|Pharmacy > First Aid|Supports,Medicare|Pharmacy > First Aid,,"tagsRemove id=gid://shopify/Product/15671362060619 tags=[""Supports""]",
tags,product,gid://shopify/Product/15671391420747,medicare-fabric-assorted-plasters-30pk,Medicare Fabric Assorted Plasters 30Pk,tagsAdd,Bandages & Plasters,Bandages & Plasters|Medicare|Pharmacy > First Aid,Medicare|Pharmacy > First Aid,,"tagsRemove id=gid://shopify/Product/15671391420747 tags=[""Bandages & Plasters""]",
tags,product,gid://shopify/Product/15671334371659,medicare-fabric-long-finger-plaster,Medicare Fabric Long Finger Plaster,tagsAdd,Bandages & Plasters,Bandages & Plasters|Medicare|Pharmacy > First Aid,Medicare|Pharmacy > First Aid,,"tagsRemove id=gid://shopify/Product/15671334371659 tags=[""Bandages & Plasters""]",
tags,product,gid://shopify/Product/15671386177867,medicare-fabric-plasters-30pk,Medicare Fabric Plasters 30Pk,tagsAdd,Bandages & Plasters,Bandages & Plasters|Medicare|Pharmacy > First Aid,Medicare|Pharmacy > First Aid,,"tagsRemove id=gid://shopify/Product/15671386177867 tags=[""Bandages & Plasters""]",
tags,product,gid://shopify/Product/15671302947147,medicare-family-pack-fabric-50-assorted-plasters,Medicare Family Pack Fabric 50+ Assorted Plasters,tagsAdd,Bandages & Plasters,Bandages & Plasters|Medicare|Pharmacy > First Aid,Medicare|Pharmacy > First Aid,,"tagsRemove id=gid://shopify/Product/15671302947147 tags=[""Bandages & Plasters""]",
tags,product,gid://shopify/Product/15671399088459,medicare-instant-hot-pack,Medicare Instant Hot Pack,tagsAdd,Cold Therapy & Heat Therapy,Cold Therapy & Heat Therapy|Medicare|Pharmacy > Pain Relief,Medicare|Pharmacy > Pain Relief,,"tagsRemove id=gid://shopify/Product/15671399088459 tags=[""Cold Therapy & Heat Therapy""]",
tags,product,gid://shopify/Product/15671290888523,medicare-instant-ice-pack,Medicare Instant Ice Pack,tagsAdd,Cold Therapy & Heat Therapy,Cold Therapy & Heat Therapy|Medicare|Pharmacy > First Aid,Medicare|Pharmacy > First Aid,,"tagsRemove id=gid://shopify/Product/15671290888523 tags=[""Cold Therapy & Heat Therapy""]",
tags,product,gid://shopify/Product/15671255957835,medicare-instant-ice-spray-200ml,Medicare Instant Ice Spray 200Ml,tagsAdd,Cold Therapy & Heat Therapy,Cold Therapy & Heat Therapy|Medicare|Pharmacy > First Aid,Medicare|Pharmacy > First Aid,,"tagsRemove id=gid://shopify/Product/15671255957835 tags=[""Cold Therapy & Heat Therapy""]",
tags,product,gid://shopify/Product/15671282139467,medicare-multipore-plasters-30pk,Medicare Multipore Plasters 30Pk,tagsAdd,Bandages & Plasters,Bandages & Plasters|Medicare|Pharmacy > First Aid,Medicare|Pharmacy > First Aid,,"tagsRemove id=gid://shopify/Product/15671282139467 tags=[""Bandages & Plasters""]",
tags,product,gid://shopify/Product/15671409639755,medicare-neoprene-thumb-stall-medium,Medicare Neoprene Thumb Stall Medium,tagsAdd,Supports,Medicare|Pharmacy > First Aid|Supports,Medicare|Pharmacy > First Aid,,"tagsRemove id=gid://shopify/Product/15671409639755 tags=[""Supports""]",
tags,product,gid://shopify/Product/15671376380235,medicare-reusable-hot-cold-pack,Medicare Reusable Hot Cold Pack,tagsAdd,Cold Therapy & Heat Therapy,Cold Therapy & Heat Therapy|Medicare|Pharmacy > First Aid,Medicare|Pharmacy > First Aid,,"tagsRemove id=gid://shopify/Product/15671376380235 tags=[""Cold Therapy & Heat Therapy""]",
tags,product,gid://shopify/Product/15671366975819,medicare-size-a-1m-tubular-supp-bandage,Medicare Size A 1M Tubular Supp Bandage,tagsAdd,Supports,Medicare|Pharmacy > First Aid|Supports,Medicare|Pharmacy > First Aid,,"tagsRemove id=gid://shopify/Product/15671366975819 tags=[""Supports""]",
tags,product,gid://shopify/Product/15671276405067,medicare-size-b-1m-tubular-supp-bandage,Medicare Size B 1M Tubular Supp Bandage,tagsAdd,Supports,Medicare|Pharmacy > First Aid|Supports,Medicare|Pharmacy > First Aid,,"tagsRemove id=gid://shopify/Product/15671276405067 tags=[""Supports""]",
tags,product,gid://shopify/Product/15671311892811,medicare-size-c-1m-tubular-supp-bandage,Medicare Size C 1M Tubular Supp Bandage,tagsAdd,Supports,Medicare|Pharmacy > First Aid|Supports,Medicare|Pharmacy > First Aid,,"tagsRemove id=gid://shopify/Product/15671311892811 tags=[""Supports""]",
tags,product,gid://shopify/Product/15671261954379,medicare-size-d-1m-tubular-supp-bandage,Medicare Size D 1M Tubular Supp Bandage,tagsAdd,Supports,Medicare|Pharmacy > First Aid|Supports,Medicare|Pharmacy > First Aid,,"tagsRemove id=gid://shopify/Product/15671261954379 tags=[""Supports""]",
tags,product,gid://shopify/Product/15671395418443,medicare-size-e-1m-tubular-supp-bandage,Medicare Size E 1M Tubular Supp Bandage,tagsAdd,Supports,Medicare|Pharmacy > First Aid|Supports,Medicare|Pharmacy > First Aid,,"tagsRemove id=gid://shopify/Product/15671395418443 tags=[""Supports""]",
tags,product,gid://shopify/Product/15671408591179,medicare-size-f-1m-tubular-supp-bandage,Medicare Size F 1M Tubular Supp Bandage,tagsAdd,Supports,Medicare|Pharmacy > First Aid|Supports,Medicare|Pharmacy > First Aid,,"tagsRemove id=gid://shopify/Product/15671408591179 tags=[""Supports""]",
tags,product,gid://shopify/Product/15671426187595,medicare-sterile-burn-plasters-6pk,Medicare Sterile Burn Plasters 6Pk,tagsAdd,Bandages & Plasters,Bandages & Plasters|Medicare|Pharmacy > First Aid,Medicare|Pharmacy > First Aid,,"tagsRemove id=gid://shopify/Product/15671426187595 tags=[""Bandages & Plasters""]",
tags,product,gid://shopify/Product/15671300587851,medicare-sterile-saline-solution-wound-eyewash-wash-spray,Medicare Sterile Saline Solution Wound & Eyewash Wash Spray,tagsAdd,Antiseptics & Wound Cleaning,Antiseptics & Wound Cleaning|Medicare,Medicare,,"tagsRemove id=gid://shopify/Product/15671300587851 tags=[""Antiseptics & Wound Cleaning""]",
tags,product,gid://shopify/Product/15671289708875,medicare-transparent-plasters-30pk-assorted,Medicare Transparent Plasters 30Pk Assorted,tagsAdd,Bandages & Plasters,Bandages & Plasters|Medicare|Pharmacy > First Aid,Medicare|Pharmacy > First Aid,,"tagsRemove id=gid://shopify/Product/15671289708875 tags=[""Bandages & Plasters""]",
tags,product,gid://shopify/Product/15671363469643,medicare-tubular-gauze-4-finger-cots,Medicare Tubular Gauze & 4 Finger Cots,tagsAdd,Bandages & Plasters,Bandages & Plasters|Medicare|Pharmacy > First Aid,Medicare|Pharmacy > First Aid,,"tagsRemove id=gid://shopify/Product/15671363469643 tags=[""Bandages & Plasters""]",
tags,product,gid://shopify/Product/15671337058635,medicare-wart-verruca-removal-pen,Medicare Wart & Verruca Removal Pen,tagsAdd,"Skintags, Warts & Veruccas",Medicare|Skintags|Warts & Veruccas,Medicare|Skintags|Warts & Veruccas,,tagsRemove id=gid://shopify/Product/15671337058635 tags=[],"requested tag contains a comma, Shopify stores it split: Skintags, Warts & Veruccas"
tags,product,gid://shopify/Product/15671272440139,medicare-waterproof-plasters-30pk,Medicare Waterproof Plasters 30Pk,tagsAdd,Bandages & Plasters,Bandages & Plasters|Medicare|Pharmacy > First Aid,Medicare|Pharmacy > First Aid,,"tagsRemove id=gid://shopify/Product/15671272440139 tags=[""Bandages & Plasters""]",
tags,product,gid://shopify/Product/15671371661643,medicare-wound-closure-strips-10,Medicare Wound Closure Strips 10,tagsAdd,Antiseptics & Wound Cleaning,Antiseptics & Wound Cleaning|Medicare|Pharmacy > First Aid,Medicare|Pharmacy > First Aid,,"tagsRemove id=gid://shopify/Product/15671371661643 tags=[""Antiseptics & Wound Cleaning""]",
tags,product,gid://shopify/Product/15671349641547,medicare-wrist-support,Medicare Wrist Support,tagsAdd,Supports,Medicare|Pharmacy > First Aid|Supports,Medicare|Pharmacy > First Aid,,"tagsRemove id=gid://shopify/Product/15671349641547 tags=[""Supports""]",
tags,product,gid://shopify/Product/15671273128267,medicare-zoo-fun-kids-plasters-30pk,Medicare Zoo Fun Kids Plasters 30Pk,tagsAdd,Bandages & Plasters,Bandages & Plasters|Medicare|Pharmacy > First Aid,Medicare|Pharmacy > First Aid,,"tagsRemove id=gid://shopify/Product/15671273128267 tags=[""Bandages & Plasters""]",
tags,product,gid://shopify/Product/15671412392267,medicrepe-elastic-bandage-8cmx5m,Medicrepe Elastic Bandage 8Cmx5m,tagsAdd,Bandages & Plasters,Bandages & Plasters|Medicare|Pharmacy > First Aid,Medicare|Pharmacy > First Aid,,"tagsRemove id=gid://shopify/Product/15671412392267 tags=[""Bandages & Plasters""]",
tags,product,gid://shopify/Product/15671410360651,medicrepe-elastic-crepe-10cmx5m,Medicrepe Elastic Crepe 10Cmx5m,tagsAdd,Bandages & Plasters,Bandages & Plasters|Medicare|Pharmacy > First Aid,Medicare|Pharmacy > First Aid,,"tagsRemove id=gid://shopify/Product/15671410360651 tags=[""Bandages & Plasters""]",
tags,product,gid://shopify/Product/15671414128971,medicrepe-elastic-crepe-6cmx5m,Medicrepe Elastic Crepe 6Cmx5m,tagsAdd,Bandages & Plasters,Bandages & Plasters|Medicare|Pharmacy > First Aid,Medicare|Pharmacy > First Aid,,"tagsRemove id=gid://shopify/Product/15671414128971 tags=[""Bandages & Plasters""]",
tags,product,gid://shopify/Product/15671413801291,mediform-conforming-10cmx4m,Mediform Conforming 10Cmx4m,tagsAdd,Bandages & Plasters,Bandages & Plasters|Medicare|Pharmacy > First Aid,Medicare|Pharmacy > First Aid,,"tagsRemove id=gid://shopify/Product/15671413801291 tags=[""Bandages & Plasters""]",
tags,product,gid://shopify/Product/15671416291659,mediform-conforming-15cmx4m,Mediform Conforming 15Cmx4m,tagsAdd,Bandages & Plasters,Bandages & Plasters|Medicare|Pharmacy > First Aid,Medicare|Pharmacy > First Aid,,"tagsRemove id=gid://shopify/Product/15671416291659 tags=[""Bandages & Plasters""]",
tags,product,gid://shopify/Product/15671408689483,mediform-conforming-5cmx4m,Mediform Conforming 5Cmx4m,tagsAdd,Bandages & Plasters,Bandages & Plasters|Medicare|Pharmacy > First Aid,Medicare|Pharmacy > First Aid,,"tagsRemove id=gid://shopify/Product/15671408689483 tags=[""Bandages & Plasters""]",
tags,product,gid://shopify/Product/15671350657355,mediform-conforming-bandage-8x4m,Mediform Conforming Bandage 8X4m,tagsAdd,Bandages & Plasters,Bandages & Plasters|Medicare|Pharmacy > First Aid,Medicare|Pharmacy > First Aid,,"tagsRemove id=gid://shopify/Product/15671350657355 tags=[""Bandages & Plasters""]",
tags,product,gid://shopify/Product/15671376511307,medigauze-ns-swap-10x10cm-8ply-100pk,Medigauze Ns Swap 10X10cm 8Ply 100Pk,tagsAdd,Bandages & Plasters,Bandages & Plasters|Medicare|Pharmacy > First Aid,Medicare|Pharmacy > First Aid,,"tagsRemove id=gid://shopify/Product/15671376511307 tags=[""Bandages & Plasters""]",
tags,product,gid://shopify/Product/15671412162891,medilite-paper-tape-2-5cmx5m,Medilite Paper Tape 2.5Cmx5m,tagsAdd,Bandages & Plasters,Bandages & Plasters|Mepore|Pharmacy > First Aid,Mepore|Pharmacy > First Aid,,"tagsRemove id=gid://shopify/Product/15671412162891 tags=[""Bandages & Plasters""]",
tags,product,gid://shopify/Product/15671315431755,medisilk-silk-tape-1-25x5m,Medisilk Silk Tape 1.25X5m,tagsAdd,Bandages & Plasters,Bandages & Plasters|Medicare|Pharmacy > First Aid,Medicare|Pharmacy > First Aid,,"tagsRemove id=gid://shopify/Product/15671315431755 tags=[""Bandages & Plasters""]",
tags,product,gid://shopify/Product/15671428219211,medisilk-silk-tape-2-5x5m,Medisilk Silk Tape 2.5X5m,tagsAdd,Bandages & Plasters,Bandages & Plasters|Medicare|Pharmacy > First Aid,Medicare|Pharmacy > First Aid,,"tagsRemove id=gid://shopify/Product/15671428219211 tags=[""Bandages & Plasters""]",
tags,product,gid://shopify/Product/15671357997387,mediswab-10cm-x10cm-100pk,Mediswab 10Cm X10cm 100Pk,tagsAdd,Bandages & Plasters,Bandages & Plasters|Medicare|Pharmacy > First Aid,Medicare|Pharmacy > First Aid,,"tagsRemove id=gid://shopify/Product/15671357997387 tags=[""Bandages & Plasters""]",
tags,product,gid://shopify/Product/15671416947019,meditape-1-25x5m-zinc-oxide-tape,Meditape 1.25X5m Zinc Oxide Tape,tagsAdd,Bandages & Plasters,Bandages & Plasters|Medicare|Pharmacy > First Aid,Medicare|Pharmacy > First Aid,,"tagsRemove id=gid://shopify/Product/15671416947019 tags=[""Bandages & Plasters""]",
tags,product,gid://shopify/Product/15671394074955,meditape-2-5x5m-zinc-oxide-tape,Meditape 2.5X5m Zinc Oxide Tape,tagsAdd,Bandages & Plasters,Bandages & Plasters|Medicare|Pharmacy > First Aid,Medicare|Pharmacy > First Aid,,"tagsRemove id=gid://shopify/Product/15671394074955 tags=[""Bandages & Plasters""]",
tags,product,gid://shopify/Product/15671411278155,meditape-stretch-2-5cm-x-4m,Meditape Stretch 2.5Cm X 4M,tagsAdd,Bandages & Plasters,Bandages & Plasters|Medicare|Pharmacy > First Aid,Medicare|Pharmacy > First Aid,,"tagsRemove id=gid://shopify/Product/15671411278155 tags=[""Bandages & Plasters""]",
tags,product,gid://shopify/Product/15671302095179,medporex-surgical-adhesive-dress-6-x-7cm-50pk,Medporex Surgical Adhesive Dress 6 X 7Cm 50Pk,tagsAdd,Bandages & Plasters,Bandages & Plasters|Mepore|Pharmacy > First Aid,Mepore|Pharmacy > First Aid,,"tagsRemove id=gid://shopify/Product/15671302095179 tags=[""Bandages & Plasters""]",
tags,product,gid://shopify/Product/15671306649931,melolin-n-adh-dressing-10cm-x-10cm,Melolin N-Adh Dressing 10Cm X 10Cm,tagsAdd,Bandages & Plasters,Bandages & Plasters|Medicare|Pharmacy > First Aid,Medicare|Pharmacy > First Aid,,"tagsRemove id=gid://shopify/Product/15671306649931 tags=[""Bandages & Plasters""]",
tags,product,gid://shopify/Product/15671268245835,melolin-n-adh-dressing-20cm-x-10cm,Melolin N-Adh Dressing 20Cm X 10Cm,tagsAdd,Bandages & Plasters,Bandages & Plasters|Melolin|Pharmacy > First Aid,Melolin|Pharmacy > First Aid,,"tagsRemove id=gid://shopify/Product/15671268245835 tags=[""Bandages & Plasters""]",
tags,product,gid://shopify/Product/15671368319307,menopause-test,Menopause Test,tagsAdd,Menopause,Menopause|Pharmacy > Women's Health,Pharmacy > Women's Health,,"tagsRemove id=gid://shopify/Product/15671368319307 tags=[""Menopause""]",
tags,product,gid://shopify/Product/15671410131275,mepore-6cm-x-7cm-single,Mepore 6Cm X 7Cm Single,tagsAdd,Bandages & Plasters,Bandages & Plasters|Mepore|Pharmacy > First Aid,Mepore|Pharmacy > First Aid,,"tagsRemove id=gid://shopify/Product/15671410131275 tags=[""Bandages & Plasters""]",
tags,product,gid://shopify/Product/15671423762763,mepore-9cm-x-10cm-single,Mepore 9Cm X 10Cm Single,tagsAdd,Bandages & Plasters,Bandages & Plasters|Mepore|Pharmacy > First Aid,Mepore|Pharmacy > First Aid,,"tagsRemove id=gid://shopify/Product/15671423762763 tags=[""Bandages & Plasters""]",
tags,product,gid://shopify/Product/15671414489419,mepore-9cm-x-15cm-single,Mepore 9Cm X 15Cm Single,tagsAdd,Bandages & Plasters,Bandages & Plasters|Mepore|Pharmacy > First Aid,Mepore|Pharmacy > First Aid,,"tagsRemove id=gid://shopify/Product/15671414489419 tags=[""Bandages & Plasters""]",
tags,product,gid://shopify/Product/15671410458955,mepore-9cm-x-20cm-single,Mepore 9Cm X 20Cm Single,tagsAdd,Bandages & Plasters,Bandages & Plasters|Mepore|Pharmacy > First Aid,Mepore|Pharmacy > First Aid,,"tagsRemove id=gid://shopify/Product/15671410458955 tags=[""Bandages & Plasters""]",
tags,product,gid://shopify/Product/15671417078091,mepore-9cm-x-30cm-single,Mepore 9Cm X 30Cm Single,tagsAdd,Bandages & Plasters,Bandages & Plasters|Mepore|Pharmacy > First Aid,Mepore|Pharmacy > First Aid,,"tagsRemove id=gid://shopify/Product/15671417078091 tags=[""Bandages & Plasters""]",
tags,product,gid://shopify/Product/15671412097355,mepore-ultra-10cm-x-11cm-single,Mepore Ultra 10Cm X 11Cm Single,tagsAdd,Bandages & Plasters,Bandages & Plasters|Mepore|Pharmacy > First Aid,Mepore|Pharmacy > First Aid,,"tagsRemove id=gid://shopify/Product/15671412097355 tags=[""Bandages & Plasters""]",
tags,product,gid://shopify/Product/15671413637451,mepore-ultra-7cm-x-8cm-single,Mepore Ultra 7Cm X 8Cm Single,tagsAdd,Bandages & Plasters,Bandages & Plasters|Mepore|Pharmacy > First Aid,Mepore|Pharmacy > First Aid,,"tagsRemove id=gid://shopify/Product/15671413637451 tags=[""Bandages & Plasters""]",
tags,product,gid://shopify/Product/15671310319947,microlax-5ml-tube-4pk,Microlax 5Ml Tube 4Pk,tagsAdd,Constipation,Constipation|Microlax|pharmacist-review|Pharmacy > Stomach & Digestion,Microlax|pharmacist-review|Pharmacy > Stomach & Digestion,,"tagsRemove id=gid://shopify/Product/15671310319947 tags=[""Constipation""]",
tags,product,gid://shopify/Product/15671308157259,micropore-50mmx5m,Micropore 50Mmx5m,tagsAdd,Bandages & Plasters,Bandages & Plasters|Mepore|Pharmacy > First Aid,Mepore|Pharmacy > First Aid,,"tagsRemove id=gid://shopify/Product/15671308157259 tags=[""Bandages & Plasters""]",
tags,product,gid://shopify/Product/15671313793355,micropore-surgical-tape-2-5cm,Micropore Surgical Tape 2.5Cm,tagsAdd,Bandages & Plasters,Bandages & Plasters|Medicare|Pharmacy > First Aid,Medicare|Pharmacy > First Aid,,"tagsRemove id=gid://shopify/Product/15671313793355 tags=[""Bandages & Plasters""]",
tags,product,gid://shopify/Product/15671426613579,micropore-tape-sml-1-25cm-x-5m-long,Micropore Tape Sml 1.25Cm X 5M Long,tagsAdd,Bandages & Plasters,Bandages & Plasters|Mepore|Pharmacy > First Aid,Mepore|Pharmacy > First Aid,,"tagsRemove id=gid://shopify/Product/15671426613579 tags=[""Bandages & Plasters""]",
tags,product,gid://shopify/Product/15671400694091,midnight-fantasy-ladies-100ml-edp-spr,Midnight Fantasy Ladies 100Ml Edp Spr,tagsAdd,Ladies Fragrance Singles,Gifts > Women's Fragrance|Ladies Fragrance Singles,Gifts > Women's Fragrance,,"tagsRemove id=gid://shopify/Product/15671400694091 tags=[""Ladies Fragrance Singles""]",
tags,product,gid://shopify/Product/15671368024395,milk-of-magnesia-200ml,Milk Of Magnesia 200Ml,tagsAdd,Constipation,Constipation|Milk Of Magnesia|pharmacist-review|Pharmacy > Stomach & Digestion,Milk Of Magnesia|pharmacist-review|Pharmacy > Stomach & Digestion,,"tagsRemove id=gid://shopify/Product/15671368024395 tags=[""Constipation""]",
tags,product,gid://shopify/Product/15671273652555,morepa-platinum-60-pk,Morepa Platinum (60 Pk),tagsAdd,Brain Health,Brain Health|Supplements > Brain Health & Omega Oils,Supplements > Brain Health & Omega Oils,,"tagsRemove id=gid://shopify/Product/15671273652555 tags=[""Brain Health""]",
tags,product,gid://shopify/Product/15671407444299,morepa-smart-fats-30-pk,Morepa Smart Fats (30 Pk),tagsAdd,Brain Health,Brain Health|Supplements > Brain Health & Omega Oils,Supplements > Brain Health & Omega Oils,,"tagsRemove id=gid://shopify/Product/15671407444299 tags=[""Brain Health""]",
tags,product,gid://shopify/Product/15671322542411,motilium-fastmelts-10pk,Motilium Fastmelts 10Pk,tagsAdd,"Nausea, Acid Indigestion & Reflux",Acid Indigestion & Reflux|Motilium|Nausea|pharmacist-review|Pharmacy > Stomach & Digestion,Motilium|pharmacist-review|Pharmacy > Stomach & Digestion,,"tagsRemove id=gid://shopify/Product/15671322542411 tags=[""Acid Indigestion & Reflux"", ""Nausea""]","requested tag contains a comma, Shopify stores it split: Nausea, Acid Indigestion & Reflux"
tags,product,gid://shopify/Product/15671309304139,motilium-tabs-10pk,Motilium Tabs 10Pk,tagsAdd,"Nausea, Acid Indigestion & Reflux",Acid Indigestion & Reflux|Motilium|Nausea|pharmacist-review|Pharmacy > Stomach & Digestion,Motilium|pharmacist-review|Pharmacy > Stomach & Digestion,,"tagsRemove id=gid://shopify/Product/15671309304139 tags=[""Acid Indigestion & Reflux"", ""Nausea""]","requested tag contains a comma, Shopify stores it split: Nausea, Acid Indigestion & Reflux"
tags,product,gid://shopify/Product/15671413145931,mrs-glam-lip-gloss-peachy,Mrs Glam Lip Gloss Peachy,tagsAdd,Lip Gloss,Beauty > Face|Lip Gloss|Mrs Glam,Beauty > Face|Lip Gloss|Mrs Glam,,tagsRemove id=gid://shopify/Product/15671413145931 tags=[],
tags,product,gid://shopify/Product/15671405969739,murine-dry-tired-drops-15ml,Murine Dry & Tired Drops 15Ml,tagsAdd,Dry Eye,Dry Eye|Murine|pharmacist-review|Pharmacy > Eye & Ear Care,Murine|pharmacist-review|Pharmacy > Eye & Ear Care,,"tagsRemove id=gid://shopify/Product/15671405969739 tags=[""Dry Eye""]",
tags,product,gid://shopify/Product/16024780439883,mx-health-ovulation-rapid-home-test-kit-7pk,Mx Health Ovulation Rapid Home Test Kit 7Pk,tagsAdd,Ovulation Tests|Trying To Conceive,Medical Devices|Ovulation Tests|Pharmacy|Self Testing Kits|Trying To Conceive,Medical Devices|Ovulation Tests|Pharmacy|Self Testing Kits|Trying To Conceive,,tagsRemove id=gid://shopify/Product/16024780439883 tags=[],
tags,product,gid://shopify/Product/16024780931403,mx-health-pregnancy-early-detection-rapid-home-test-2pk,Mx Health Pregnancy Early Detection Rapid Home Test 2Pk,tagsAdd,Pregnancy Tests|Trying To Conceive,Medical Devices|Pharmacy|Pregnancy Tests|Self Testing Kits|Trying To Conceive,Medical Devices|Pharmacy|Pregnancy Tests|Self Testing Kits|Trying To Conceive,,tagsRemove id=gid://shopify/Product/16024780931403 tags=[],
tags,product,gid://shopify/Product/15671355474251,mycosan-fungal-nail-treatment-set-5ml,Mycosan Fungal Nail Treatment Set 5Ml,tagsAdd,Fungal Nail Infection,Fungal Nail Infection|Mycosan|Pharmacy > Foot & Nail Care,Mycosan|Pharmacy > Foot & Nail Care,,"tagsRemove id=gid://shopify/Product/15671355474251 tags=[""Fungal Nail Infection""]",
tags,product,gid://shopify/Product/15671390404939,neilmed-sinus-rinse-orig-kit-240ml-60pk,Neilmed Sinus Rinse Orig Kit 240Ml + 60Pk,tagsAdd,Blocked Nose & Sinus,Blocked Nose & Sinus|Neilmed|Pharmacy > Allergy Relief,Neilmed|Pharmacy > Allergy Relief,,"tagsRemove id=gid://shopify/Product/15671390404939 tags=[""Blocked Nose & Sinus""]",
tags,product,gid://shopify/Product/15671282434379,neilmed-sinus-rinse-original-refill-120pk,Neilmed Sinus Rinse Original Refill 120Pk,tagsAdd,Blocked Nose & Sinus,Blocked Nose & Sinus|Neilmed|Pharmacy > Allergy Relief,Neilmed|Pharmacy > Allergy Relief,,"tagsRemove id=gid://shopify/Product/15671282434379 tags=[""Blocked Nose & Sinus""]",
tags,product,gid://shopify/Product/15671331357003,neilmed-starter-kit-bottle-15-sachets,Neilmed Starter Kit Bottle 15 Sachets,tagsAdd,Blocked Nose & Sinus,Blocked Nose & Sinus|Neilmed|Pharmacy > Allergy Relief,Neilmed|Pharmacy > Allergy Relief,,"tagsRemove id=gid://shopify/Product/15671331357003 tags=[""Blocked Nose & Sinus""]",
tags,product,gid://shopify/Product/15671377822027,nelson-teetha-gel-15g,Nelson Teetha Gel 15G,tagsAdd,Teething,Baby > Baby Health|Nelsons|Teething,Baby > Baby Health|Nelsons,,"tagsRemove id=gid://shopify/Product/15671377822027 tags=[""Teething""]",
tags,product,gid://shopify/Product/15671306289483,nexium-control-capsules-14pk,Nexium Control Capsules 14Pk,tagsAdd,"Nausea, Acid Indigestion & Reflux",Acid Indigestion & Reflux|Nausea|Nexium|pharmacist-review|Pharmacy > Stomach & Digestion,Nexium|pharmacist-review|Pharmacy > Stomach & Digestion,,"tagsRemove id=gid://shopify/Product/15671306289483 tags=[""Acid Indigestion & Reflux"", ""Nausea""]","requested tag contains a comma, Shopify stores it split: Nausea, Acid Indigestion & Reflux"
tags,product,gid://shopify/Product/15671389290827,nexium-control-tabs-14pk,Nexium Control Tabs 14Pk,tagsAdd,"Nausea, Acid Indigestion & Reflux",Acid Indigestion & Reflux|Nausea|Nexium|pharmacist-review|Pharmacy > Stomach & Digestion,Nexium|pharmacist-review|Pharmacy > Stomach & Digestion,,"tagsRemove id=gid://shopify/Product/15671389290827 tags=[""Acid Indigestion & Reflux"", ""Nausea""]","requested tag contains a comma, Shopify stores it split: Nausea, Acid Indigestion & Reflux"
tags,product,gid://shopify/Product/15671284728139,nexium-control-tabs-7pk,Nexium Control Tabs 7Pk,tagsAdd,"Nausea, Acid Indigestion & Reflux",Acid Indigestion & Reflux|Nausea|Nexium|pharmacist-review|Pharmacy > Stomach & Digestion,Nexium|pharmacist-review|Pharmacy > Stomach & Digestion,,"tagsRemove id=gid://shopify/Product/15671284728139 tags=[""Acid Indigestion & Reflux"", ""Nausea""]","requested tag contains a comma, Shopify stores it split: Nausea, Acid Indigestion & Reflux"
tags,product,gid://shopify/Product/15671360913739,nicorette-invisi-patch-10mg-7pk,Nicorette Invisi Patch 10Mg 7Pk,tagsAdd,Nicotine Patches,Nicorette|Nicotine Patches|pharmacist-review|Pharmacy > Nicotine Replacement,Nicorette|pharmacist-review|Pharmacy > Nicotine Replacement,,"tagsRemove id=gid://shopify/Product/15671360913739 tags=[""Nicotine Patches""]",
tags,product,gid://shopify/Product/15671285088587,nicorette-invisi-patch-15mg-7pk,Nicorette Invisi Patch 15Mg 7Pk,tagsAdd,Nicotine Patches,Nicorette|Nicotine Patches|pharmacist-review|Pharmacy > Nicotine Replacement,Nicorette|pharmacist-review|Pharmacy > Nicotine Replacement,,"tagsRemove id=gid://shopify/Product/15671285088587 tags=[""Nicotine Patches""]",
tags,product,gid://shopify/Product/15671355638091,nicorette-invisi-patch-25mg-14pk,Nicorette Invisi Patch 25Mg 14Pk,tagsAdd,Nicotine Patches,Nicorette|Nicotine Patches|pharmacist-review|Pharmacy > Nicotine Replacement,Nicorette|pharmacist-review|Pharmacy > Nicotine Replacement,,"tagsRemove id=gid://shopify/Product/15671355638091 tags=[""Nicotine Patches""]",
tags,product,gid://shopify/Product/15671367598411,nicorette-invisi-patch-25mg-7pk,Nicorette Invisi Patch 25Mg 7Pk,tagsAdd,Nicotine Patches,Nicorette|Nicotine Patches|pharmacist-review|Pharmacy > Nicotine Replacement,Nicorette|pharmacist-review|Pharmacy > Nicotine Replacement,,"tagsRemove id=gid://shopify/Product/15671367598411 tags=[""Nicotine Patches""]",
tags,product,gid://shopify/Product/15671261528395,night-nurse-caps-10pk-gsk,Night Nurse Caps 10Pk Gsk,tagsAdd,Cold & Flu Combination Products,Cold & Flu Combination Products|Night Nurse|pharmacist-review|Pharmacy > Cold & Flu,Night Nurse|pharmacist-review|Pharmacy > Cold & Flu,,"tagsRemove id=gid://shopify/Product/15671261528395 tags=[""Cold & Flu Combination Products""]",
tags,product,gid://shopify/Product/15671321297227,night-nurse-liquid-160ml-gsk,Night Nurse Liquid 160Ml Gsk,tagsAdd,Cold & Flu Combination Products,Cold & Flu Combination Products|Night Nurse|pharmacist-review|Pharmacy > Cold & Flu,Night Nurse|pharmacist-review|Pharmacy > Cold & Flu,,"tagsRemove id=gid://shopify/Product/15671321297227 tags=[""Cold & Flu Combination Products""]",
tags,product,gid://shopify/Product/15671303864651,niquitin-clear-step-2-14mg-patch-7pk,Niquitin Clear Step 2 14Mg Patch 7Pk,tagsAdd,Nicotine Patches,Nicotine Patches|Niquitin|pharmacist-review|Pharmacy > Nicotine Replacement,Niquitin|pharmacist-review|Pharmacy > Nicotine Replacement,,"tagsRemove id=gid://shopify/Product/15671303864651 tags=[""Nicotine Patches""]",
tags,product,gid://shopify/Product/15671307403595,nivea-body-rich-urishing-body-moisturiser-250ml,Nivea Body Rich Nourishing Body Moisturiser 250Ml,tagsAdd,Moisturisers,Moisturisers|Nivea|Skincare > Body Care,Moisturisers|Nivea|Skincare > Body Care,,tagsRemove id=gid://shopify/Product/15671307403595 tags=[],
tags,product,gid://shopify/Product/15671391519051,nurofen-child-6-200ml-spn-orange,Nurofen Child 6+ 200Ml Spn Orange,tagsAdd,Baby & Children Pain Relief,Baby & Children Pain Relief|Nurofen|pharmacist-review|Pharmacy > Children's Medicine,Nurofen|pharmacist-review|Pharmacy > Children's Medicine,,"tagsRemove id=gid://shopify/Product/15671391519051 tags=[""Baby & Children Pain Relief""]",
tags,product,gid://shopify/Product/15671396499787,nurofen-child-6-200ml-spn-strawberry,Nurofen Child 6+ 200Ml Spn Strawberry,tagsAdd,Baby & Children Pain Relief,Baby & Children Pain Relief|Nurofen|pharmacist-review|Pharmacy > Children's Medicine,Nurofen|pharmacist-review|Pharmacy > Children's Medicine,,"tagsRemove id=gid://shopify/Product/15671396499787 tags=[""Baby & Children Pain Relief""]",
tags,product,gid://shopify/Product/15671399153995,nurofen-child-7-soft-chewable-caps-12pk-orange,Nurofen Child 7+ Soft Chewable Caps 12Pk Orange,tagsAdd,Baby & Children Pain Relief,Baby & Children Pain Relief|Nurofen|pharmacist-review|Pharmacy > Children's Medicine,Nurofen|pharmacist-review|Pharmacy > Children's Medicine,,"tagsRemove id=gid://shopify/Product/15671399153995 tags=[""Baby & Children Pain Relief""]",
tags,product,gid://shopify/Product/15671330177355,nurofen-child-oral-susp-3-orange-w-spoon-100m,Nurofen Child Oral Susp 3+ Orange W/ Spoon 100M,tagsAdd,Baby & Children Pain Relief,Baby & Children Pain Relief|Nurofen|pharmacist-review|Pharmacy > Children's Medicine,Nurofen|pharmacist-review|Pharmacy > Children's Medicine,,"tagsRemove id=gid://shopify/Product/15671330177355 tags=[""Baby & Children Pain Relief""]",
tags,product,gid://shopify/Product/15671327261003,nurofen-child-oral-suspension-orange-w-syringe-150ml,Nurofen Child Oral Suspension Orange W/ Syringe 150Ml,tagsAdd,Baby & Children Pain Relief,Baby & Children Pain Relief|Nurofen|pharmacist-review|Pharmacy > Children's Medicine,Nurofen|pharmacist-review|Pharmacy > Children's Medicine,,"tagsRemove id=gid://shopify/Product/15671327261003 tags=[""Baby & Children Pain Relief""]",
tags,product,gid://shopify/Product/15671324934475,nurofen-child-oral-suspension-strawberry-w-syringe-150ml,Nurofen Child Oral Suspension Strawberry W/ Syringe 150Ml,tagsAdd,Baby & Children Pain Relief,Baby & Children Pain Relief|Nurofen|pharmacist-review|Pharmacy > Children's Medicine,Nurofen|pharmacist-review|Pharmacy > Children's Medicine,,"tagsRemove id=gid://shopify/Product/15671324934475 tags=[""Baby & Children Pain Relief""]",
tags,product,gid://shopify/Product/15671358947659,nurofen-child-orange-oral-suspension-w-spoon-200ml,Nurofen Child Orange Oral Suspension W/Spoon 200Ml,tagsAdd,Baby & Children Pain Relief,Baby & Children Pain Relief|Nurofen|pharmacist-review|Pharmacy > Children's Medicine,Nurofen|pharmacist-review|Pharmacy > Children's Medicine,,"tagsRemove id=gid://shopify/Product/15671358947659 tags=[""Baby & Children Pain Relief""]",
tags,product,gid://shopify/Product/15671349936459,nurofen-child-six-plus-orange-200mg-5ml-oral-suspension-100ml,Nurofen Child Six Plus Orange 200Mg/5Ml Oral Suspension 100Ml,tagsAdd,Baby & Children Pain Relief,Baby & Children Pain Relief|Nurofen|pharmacist-review|Pharmacy > Children's Medicine,Nurofen|pharmacist-review|Pharmacy > Children's Medicine,,"tagsRemove id=gid://shopify/Product/15671349936459 tags=[""Baby & Children Pain Relief""]",
tags,product,gid://shopify/Product/15671404069195,nurofen-child-strawberry-oral-suspension-w-spoon-200ml,Nurofen Child Strawberry Oral Suspension W/Spoon 200Ml,tagsAdd,Baby & Children Pain Relief,Baby & Children Pain Relief|Nurofen|pharmacist-review|Pharmacy > Children's Medicine,Nurofen|pharmacist-review|Pharmacy > Children's Medicine,,"tagsRemove id=gid://shopify/Product/15671404069195 tags=[""Baby & Children Pain Relief""]",
tags,product,gid://shopify/Product/15671285023051,nurofen-child-suppositories-60mg-10pk,Nurofen Child Suppositories 60Mg 10Pk,tagsAdd,Baby & Children Pain Relief,Baby & Children Pain Relief|Nurofen|pharmacist-review|Pharmacy > Children's Medicine,Nurofen|pharmacist-review|Pharmacy > Children's Medicine,,"tagsRemove id=gid://shopify/Product/15671285023051 tags=[""Baby & Children Pain Relief""]",
tags,product,gid://shopify/Product/15671306191179,nurofen-cold-flu-24pk,Nurofen Cold & Flu 24Pk,tagsAdd,Cold & Flu Combination Products,Cold & Flu Combination Products|Nurofen|pharmacist-review|Pharmacy > Cold & Flu,Nurofen|pharmacist-review|Pharmacy > Cold & Flu,,"tagsRemove id=gid://shopify/Product/15671306191179 tags=[""Cold & Flu Combination Products""]",
tags,product,gid://shopify/Product/15671308353867,nytol-50mg-diphenhydramine-20pk-perrigo,Nytol 50Mg Diphenhydramine 20Pk Perrigo,tagsAdd,Healthy Mind & Sleeping Aids|Sleep & Rest,Healthy Mind & Sleeping Aids|Nytol|pharmacist-review|Pharmacy > Sensitive Conditions|Sleep & Rest,Nytol|pharmacist-review|Pharmacy > Sensitive Conditions,,"tagsRemove id=gid://shopify/Product/15671308353867 tags=[""Healthy Mind & Sleeping Aids"", ""Sleep & Rest""]",
tags,product,gid://shopify/Product/15671418683723,optase-moist-heat-eye-mask,Optase Moist Heat Eye Mask,tagsAdd,Blepharitis & Eyelid Hygiene,Blepharitis & Eyelid Hygiene|Optase|Pharmacy > Eye & Ear Care,Optase|Pharmacy > Eye & Ear Care,,"tagsRemove id=gid://shopify/Product/15671418683723 tags=[""Blepharitis & Eyelid Hygiene""]",
tags,product,gid://shopify/Product/15671361241419,optase-tea-tree-oil-lid-wipes,Optase Tea Tree Oil Lid Wipes,tagsAdd,Blepharitis & Eyelid Hygiene,Blepharitis & Eyelid Hygiene|Optase|Pharmacy > Eye & Ear Care,Optase|Pharmacy > Eye & Ear Care,,"tagsRemove id=gid://shopify/Product/15671361241419 tags=[""Blepharitis & Eyelid Hygiene""]",
tags,product,gid://shopify/Product/15671255073099,optrex-actimist-10ml-eye-spray-2n1-dry-irritated,Optrex Actimist 10Ml Eye Spray 2N1 Dry & Irritated,tagsAdd,Dry Eye,Dry Eye|Optrex|pharmacist-review|Pharmacy > Eye & Ear Care,Optrex|pharmacist-review|Pharmacy > Eye & Ear Care,,"tagsRemove id=gid://shopify/Product/15671255073099 tags=[""Dry Eye""]",
tags,product,gid://shopify/Product/15671412916555,optrex-actimist-10ml-eye-spray-2n1-itchy,Optrex Actimist 10Ml Eye Spray 2N1 Itchy,tagsAdd,Dry Eye,Dry Eye|Optrex|pharmacist-review|Pharmacy > Eye & Ear Care,Optrex|pharmacist-review|Pharmacy > Eye & Ear Care,,"tagsRemove id=gid://shopify/Product/15671412916555 tags=[""Dry Eye""]",
tags,product,gid://shopify/Product/15671277322571,optrex-refreshing-eye-drops-10ml,Optrex Refreshing Eye Drops 10Ml,tagsAdd,Dry Eye,Dry Eye|Optrex|pharmacist-review|Pharmacy > Eye & Ear Care,Optrex|pharmacist-review|Pharmacy > Eye & Ear Care,,"tagsRemove id=gid://shopify/Product/15671277322571 tags=[""Dry Eye""]",
tags,product,gid://shopify/Product/15671256088907,optrex-soothing-eye-drops-for-itchy-eyes-10ml,Optrex Soothing Eye Drops For Itchy Eyes 10Ml,tagsAdd,Dry Eye,Dry Eye|Optrex|pharmacist-review|Pharmacy > Eye & Ear Care,Optrex|pharmacist-review|Pharmacy > Eye & Ear Care,,"tagsRemove id=gid://shopify/Product/15671256088907 tags=[""Dry Eye""]",
tags,product,gid://shopify/Product/15671369498955,otrivine-adult-mucus-relief-spray-10ml,Otrivine Adult Mucus Relief Spray 10Ml,tagsAdd,Blocked Nose & Sinus,Blocked Nose & Sinus|Otrivine|pharmacist-review|Pharmacy > Cold & Flu,Otrivine|pharmacist-review|Pharmacy > Cold & Flu,,"tagsRemove id=gid://shopify/Product/15671369498955 tags=[""Blocked Nose & Sinus""]",
tags,product,gid://shopify/Product/15671323754827,otrivine-adult-nasal-drops-10ml,Otrivine Adult Nasal Drops 10Ml,tagsAdd,Blocked Nose & Sinus,Blocked Nose & Sinus|Otrivine|pharmacist-review|Pharmacy > Cold & Flu,Otrivine|pharmacist-review|Pharmacy > Cold & Flu,,"tagsRemove id=gid://shopify/Product/15671323754827 tags=[""Blocked Nose & Sinus""]",
tags,product,gid://shopify/Product/15671261725003,otrivine-adult-nasal-spray-10ml,Otrivine Adult Nasal Spray 10Ml,tagsAdd,Blocked Nose & Sinus,Blocked Nose & Sinus|Otrivine|pharmacist-review|Pharmacy > Cold & Flu,Otrivine|pharmacist-review|Pharmacy > Cold & Flu,,"tagsRemove id=gid://shopify/Product/15671261725003 tags=[""Blocked Nose & Sinus""]",
tags,product,gid://shopify/Product/15671392371019,otrivine-adult-sinusitis-10ml-measured-dose,Otrivine Adult Sinusitis 10Ml Measured Dose,tagsAdd,Blocked Nose & Sinus,Blocked Nose & Sinus|Otrivine|pharmacist-review|Pharmacy > Allergy Relief,Otrivine|pharmacist-review|Pharmacy > Allergy Relief,,"tagsRemove id=gid://shopify/Product/15671392371019 tags=[""Blocked Nose & Sinus""]",
tags,product,gid://shopify/Product/15671283122507,ov-aqueous-cream-500g,Ov Aqueous Cream 500G,tagsAdd,"Dry Skin, Eczema & Psoriasis",Dry Skin|Eczema & Psoriasis|Ovelle|pharmacist-review|Skincare > Body Care,Ovelle|pharmacist-review|Skincare > Body Care,,"tagsRemove id=gid://shopify/Product/15671283122507 tags=[""Dry Skin"", ""Eczema & Psoriasis""]","requested tag contains a comma, Shopify stores it split: Dry Skin, Eczema & Psoriasis"
tags,product,gid://shopify/Product/15671381098827,ov-iodine-tincture-30ml,Ov Iodine Tincture 30Ml,tagsAdd,Antiseptics & Wound Cleaning,Antiseptics & Wound Cleaning|Ovelle|pharmacist-review|Pharmacy > First Aid,Ovelle|pharmacist-review|Pharmacy > First Aid,,"tagsRemove id=gid://shopify/Product/15671381098827 tags=[""Antiseptics & Wound Cleaning""]",
tags,product,gid://shopify/Product/15671308222795,ov-silcocks-base-250ml-tube,Ov Silcocks Base 250Ml Tube,tagsAdd,"Dry Skin, Eczema & Psoriasis",Dry Skin|Eczema & Psoriasis|Ovelle|pharmacist-review|Skincare > Body Care,Ovelle|pharmacist-review|Skincare > Body Care,,"tagsRemove id=gid://shopify/Product/15671308222795 tags=[""Dry Skin"", ""Eczema & Psoriasis""]","requested tag contains a comma, Shopify stores it split: Dry Skin, Eczema & Psoriasis"
tags,product,gid://shopify/Product/16024786174283,ov-silcocks-base-500g,Ov Silcocks Base 500G,tagsAdd,"Dry Skin, Eczema & Psoriasis",Body Care|Dry Skin|Eczema & Psoriasis|pharmacist-review|Skincare,Body Care|pharmacist-review|Skincare,,"tagsRemove id=gid://shopify/Product/16024786174283 tags=[""Dry Skin"", ""Eczema & Psoriasis""]","requested tag contains a comma, Shopify stores it split: Dry Skin, Eczema & Psoriasis"
tags,product,gid://shopify/Product/15671375397195,ov-surgical-spirits-100ml,Ov Surgical Spirits 100Ml,tagsAdd,Antiseptics & Wound Cleaning,Antiseptics & Wound Cleaning|Ovelle,Ovelle,,"tagsRemove id=gid://shopify/Product/15671375397195 tags=[""Antiseptics & Wound Cleaning""]",
tags,product,gid://shopify/Product/15671261167947,paco-rabanne-1-million-mens-50ml-edt-spr,Paco Rabanne 1 Million Mens 50Ml Edt Spr,tagsAdd,Mens Fragrance Singles,Gifts > Men's Fragrance|Mens Fragrance Singles,Gifts > Men's Fragrance,,"tagsRemove id=gid://shopify/Product/15671261167947 tags=[""Mens Fragrance Singles""]",
tags,product,gid://shopify/Product/15671295639883,paco-rabanne-4pc-miniature-gift-set,Paco Rabanne 4Pc Miniature Gift Set,tagsAdd,Mens Fragrance Sets,Gifts > Men's Fragrance|Mens Fragrance Sets,Gifts > Men's Fragrance,,"tagsRemove id=gid://shopify/Product/15671295639883 tags=[""Mens Fragrance Sets""]",
tags,product,gid://shopify/Product/15671386014027,paco-rabanne-lady-million-80ml-edp,Paco Rabanne Lady Million 80Ml Edp,tagsAdd,Ladies Fragrance Singles,Ladies Fragrance Singles,,,"tagsRemove id=gid://shopify/Product/15671386014027 tags=[""Ladies Fragrance Singles""]",
tags,product,gid://shopify/Product/15671405052235,palmers-natural-bronze-gradual-tan-250ml,Palmers Natural Bronze Gradual Tan 250Ml,tagsAdd,Gradual Tan,Beauty > Tanning|Gradual Tan|Palmers,Beauty > Tanning|Gradual Tan|Palmers,,tagsRemove id=gid://shopify/Product/15671405052235 tags=[],
tags,product,gid://shopify/Product/15671299309899,panadol-baby-infant-susp-paracetamol-100ml,Panadol Baby & Infant Susp Paracetamol 100Ml,tagsAdd,Baby & Children Pain Relief,Baby & Children Pain Relief|Panadol|pharmacist-review|Pharmacy > Children's Medicine,Panadol|pharmacist-review|Pharmacy > Children's Medicine,,"tagsRemove id=gid://shopify/Product/15671299309899 tags=[""Baby & Children Pain Relief""]",
tags,product,gid://shopify/Product/15671360061771,panadol-c-f-relief-tabs-12pk,Panadol C&F Relief Tabs 12Pk,tagsAdd,Cold & Flu Combination Products,Cold & Flu Combination Products|Panadol|pharmacist-review|Pharmacy > Cold & Flu,Panadol|pharmacist-review|Pharmacy > Cold & Flu,,"tagsRemove id=gid://shopify/Product/15671360061771 tags=[""Cold & Flu Combination Products""]",
tags,product,gid://shopify/Product/15671376281931,panadol-night-20pk,Panadol Night 20Pk,tagsAdd,Healthy Mind & Sleeping Aids|Sleep & Rest,Healthy Mind & Sleeping Aids|Panadol|pharmacist-review|Pharmacy > Sensitive Conditions|Sleep & Rest,Panadol|pharmacist-review|Pharmacy > Sensitive Conditions,,"tagsRemove id=gid://shopify/Product/15671376281931 tags=[""Healthy Mind & Sleeping Aids"", ""Sleep & Rest""]",
tags,product,gid://shopify/Product/15671271981387,paralink-180mg-supp-10pk,Paralink 180Mg Supp 10Pk,tagsAdd,Baby & Children Pain Relief,Baby & Children Pain Relief|Paralink|pharmacist-review|Pharmacy > Children's Medicine,Paralink|pharmacist-review|Pharmacy > Children's Medicine,,"tagsRemove id=gid://shopify/Product/15671271981387 tags=[""Baby & Children Pain Relief""]",
tags,product,gid://shopify/Product/15671424057675,paralink-500mg-supp-10pk,Paralink 500Mg Supp 10Pk,tagsAdd,Baby & Children Pain Relief,Baby & Children Pain Relief|Paralink|pharmacist-review|Pharmacy > Children's Medicine,Paralink|pharmacist-review|Pharmacy > Children's Medicine,,"tagsRemove id=gid://shopify/Product/15671424057675 tags=[""Baby & Children Pain Relief""]",
tags,product,gid://shopify/Product/15671351312715,paralink-susp-100ml,Paralink Susp 100Ml,tagsAdd,Baby & Children Pain Relief,Baby & Children Pain Relief|Paralink|pharmacist-review|Pharmacy > Children's Medicine,Paralink|pharmacist-review|Pharmacy > Children's Medicine,,"tagsRemove id=gid://shopify/Product/15671351312715 tags=[""Baby & Children Pain Relief""]",
tags,product,gid://shopify/Product/15671306125643,pepcid-ac-tabs-12pk,Pepcid Ac Tabs 12Pk,tagsAdd,"Nausea, Acid Indigestion & Reflux",Acid Indigestion & Reflux|Nausea|Pepcid|pharmacist-review|Pharmacy > Stomach & Digestion,Pepcid|pharmacist-review|Pharmacy > Stomach & Digestion,,"tagsRemove id=gid://shopify/Product/15671306125643 tags=[""Acid Indigestion & Reflux"", ""Nausea""]","requested tag contains a comma, Shopify stores it split: Nausea, Acid Indigestion & Reflux"
tags,product,gid://shopify/Product/15671272276299,perfect-prep-baby-machine,Perfect Prep Baby Machine,tagsAdd,Baby Feeding,Baby > Feeding|Tomee Tippee,Baby > Feeding|Tomee Tippee,,tagsRemove id=gid://shopify/Product/15671272276299 tags=[],
tags,product,gid://shopify/Product/15671403348299,pestle-mortar-essentials-body-cream-500ml,Pestle & Mortar Essentials Body Cream 500Ml,tagsAdd,Moisturisers,Moisturisers|Pestle & Mortar|Skincare > Body Care,Pestle & Mortar|Skincare > Body Care,,"tagsRemove id=gid://shopify/Product/15671403348299 tags=[""Moisturisers""]",
tags,product,gid://shopify/Product/15671379231051,pestle-mortar-essentials-body-wash-body-cream-500ml-bundle,Pestle & Mortar Essentials Body Wash & Body Cream 500Ml Bundle,tagsAdd,Moisturisers,Moisturisers|Pestle & Mortar|Skincare > Body Care,Pestle & Mortar|Skincare > Body Care,,"tagsRemove id=gid://shopify/Product/15671379231051 tags=[""Moisturisers""]",
tags,product,gid://shopify/Product/15671403512139,pestle-mortar-superstar-retil-night-oil-30ml,Pestle & Mortar Superstar Retinol Night Oil 30Ml,tagsAdd,Anti-Ageing,Anti-Ageing|Pestle & Mortar|Skincare > Face,Pestle & Mortar|Skincare > Face,,"tagsRemove id=gid://shopify/Product/15671403512139 tags=[""Anti-Ageing""]",
tags,product,gid://shopify/Product/15671374971211,physiologix-level-3-ankle-support-one-size,Physiologix Level 3 Ankle Support One Size,tagsAdd,Supports,Pharmacy > First Aid|Physiologix|Supports,Pharmacy > First Aid|Physiologix,,"tagsRemove id=gid://shopify/Product/15671374971211 tags=[""Supports""]",
tags,product,gid://shopify/Product/15671301439819,physiologix-ultimate-shoulder-support-large-to-extra-large,Physiologix Ultimate Shoulder Support - Large To Extra Large,tagsAdd,Supports,Pharmacy > First Aid|Supports,Pharmacy > First Aid,,"tagsRemove id=gid://shopify/Product/15671301439819 tags=[""Supports""]",
tags,product,gid://shopify/Product/15671306748235,physiologix-ultimate-shoulder-support-small-to-medium,Physiologix Ultimate Shoulder Support - Small To Medium,tagsAdd,Supports,Pharmacy > First Aid|Supports,Pharmacy > First Aid,,"tagsRemove id=gid://shopify/Product/15671306748235 tags=[""Supports""]",
tags,product,gid://shopify/Product/15671310156107,phyto-anti-hair-loss-treatment-for-women-progressive-hair-loss-ageing-menopause-heredity,"Phyto Anti Hair Loss Treatment For Women (Progressive Hair-Loss: Ageing, Menopause, Heredity)",tagsAdd,Hair Loss,Hair Loss|Toiletries > Hair Care,Toiletries > Hair Care,,"tagsRemove id=gid://shopify/Product/15671310156107 tags=[""Hair Loss""]",
tags,product,gid://shopify/Product/15671305535819,phyto-anti-hair-loss-treatment-for-women-reactional-hair-loss-stress-diet-post-preg,"Phyto Anti Hair Loss Treatment For Women (Reactional Hair-Loss: Stress, Diet, Post-Preg)",tagsAdd,Hair Loss,Hair Loss|Toiletries > Hair Care,Toiletries > Hair Care,,"tagsRemove id=gid://shopify/Product/15671305535819 tags=[""Hair Loss""]",
tags,product,gid://shopify/Product/15671289250123,phyto-phytocyane-anti-hair-loss-treatment-for-men,Phyto Phytocyane Anti Hair Loss Treatment For Men,tagsAdd,Hair Loss,Hair Loss|Toiletries > Hair Care,Toiletries > Hair Care,,"tagsRemove id=gid://shopify/Product/15671289250123 tags=[""Hair Loss""]",
tags,product,gid://shopify/Product/15671363109195,preparation-h-gel-25g,Preparation H Gel 25G,tagsAdd,Haemorrhoids & Piles,Haemorrhoids & Piles|Pharmacy > Stomach & Digestion|Preparation H,Pharmacy > Stomach & Digestion|Preparation H,,"tagsRemove id=gid://shopify/Product/15671363109195 tags=[""Haemorrhoids & Piles""]",
tags,product,gid://shopify/Product/15671335551307,preparation-h-gel-50g,Preparation H Gel 50G,tagsAdd,Haemorrhoids & Piles,Haemorrhoids & Piles|Pharmacy > Sensitive Conditions|Preparation H,Pharmacy > Sensitive Conditions|Preparation H,,"tagsRemove id=gid://shopify/Product/15671335551307 tags=[""Haemorrhoids & Piles""]",
tags,product,gid://shopify/Product/15671344857419,preparation-h-ointment-25g,Preparation H Ointment 25G,tagsAdd,Haemorrhoids & Piles,Haemorrhoids & Piles|Pharmacy > Sensitive Conditions|Preparation H,Pharmacy > Sensitive Conditions|Preparation H,,"tagsRemove id=gid://shopify/Product/15671344857419 tags=[""Haemorrhoids & Piles""]",
tags,product,gid://shopify/Product/15671286661451,proceive-pregnancy-first-trimester-60-capsules,Proceive Pregnancy First Trimester - 60 Capsules,tagsAdd,Trying To Conceive,Fertility & Pregnancy|Proceive|Supplements > Women's Wellbeing|Trying To Conceive,Fertility & Pregnancy|Proceive|Supplements > Women's Wellbeing,,"tagsRemove id=gid://shopify/Product/15671286661451 tags=[""Trying To Conceive""]",
tags,product,gid://shopify/Product/15671304945995,proceive-pregnancy-second-trimester-60-capsules,Proceive Pregnancy Second Trimester -60 Capsules,tagsAdd,Trying To Conceive,Fertility & Pregnancy|Proceive|Supplements > Women's Wellbeing|Trying To Conceive,Fertility & Pregnancy|Proceive|Supplements > Women's Wellbeing,,"tagsRemove id=gid://shopify/Product/15671304945995 tags=[""Trying To Conceive""]",
tags,product,gid://shopify/Product/15671266574667,quies-foam-ear-plugs-3pk,Quies Foam Ear Plugs 3Pk,tagsAdd,Ear Care & Earplugs,Ear Care & Earplugs|Quies|Toiletries > Travel,Quies|Toiletries > Travel,,"tagsRemove id=gid://shopify/Product/15671266574667 tags=[""Ear Care & Earplugs""]",
tags,product,gid://shopify/Product/15671413080395,red-door-100ml-edt,Red Door 100Ml Edt,tagsAdd,Ladies Fragrance Singles,Ladies Fragrance Singles,,,"tagsRemove id=gid://shopify/Product/15671413080395 tags=[""Ladies Fragrance Singles""]",
tags,product,gid://shopify/Product/15671259726155,regaine-men-foam-5-3pk,Regaine Men Foam 5% 3Pk,tagsAdd,Hair Loss,Hair Loss|pharmacist-review|Regaine|Sale|Toiletries > Men's Grooming,pharmacist-review|Regaine|Sale|Toiletries > Men's Grooming,,"tagsRemove id=gid://shopify/Product/15671259726155 tags=[""Hair Loss""]",
tags,product,gid://shopify/Product/15671360454987,remind-softgel-capsules-90s,Remind Softgel Capsules 90S,tagsAdd,Brain Health,Brain Health|Supplements > Brain Health & Omega Oils|Vitamins,Supplements > Brain Health & Omega Oils|Vitamins,,"tagsRemove id=gid://shopify/Product/15671360454987 tags=[""Brain Health""]",
tags,product,gid://shopify/Product/15671298752843,rennie-deflatine-18pk-chew-tabs,Rennie Deflatine 18Pk Chew Tabs,tagsAdd,Bloating & Gas,Bloating & Gas|pharmacist-review|Pharmacy > Stomach & Digestion|Rennie,pharmacist-review|Pharmacy > Stomach & Digestion|Rennie,,"tagsRemove id=gid://shopify/Product/15671298752843 tags=[""Bloating & Gas""]",
tags,product,gid://shopify/Product/15671272472907,rennie-peppermint-24pk,Rennie Peppermint 24Pk,tagsAdd,"Nausea, Acid Indigestion & Reflux",Acid Indigestion & Reflux|Nausea|pharmacist-review|Pharmacy > Stomach & Digestion|Rennie,pharmacist-review|Pharmacy > Stomach & Digestion|Rennie,,"tagsRemove id=gid://shopify/Product/15671272472907 tags=[""Acid Indigestion & Reflux"", ""Nausea""]","requested tag contains a comma, Shopify stores it split: Nausea, Acid Indigestion & Reflux"
tags,product,gid://shopify/Product/15671270703435,rennie-peppermint-48pk,Rennie Peppermint 48Pk,tagsAdd,"Nausea, Acid Indigestion & Reflux",Acid Indigestion & Reflux|Nausea|pharmacist-review|Pharmacy > Stomach & Digestion|Rennie,pharmacist-review|Pharmacy > Stomach & Digestion|Rennie,,"tagsRemove id=gid://shopify/Product/15671270703435 tags=[""Acid Indigestion & Reflux"", ""Nausea""]","requested tag contains a comma, Shopify stores it split: Nausea, Acid Indigestion & Reflux"
tags,product,gid://shopify/Product/15671373267275,rennie-spearmint-24pk,Rennie Spearmint 24Pk,tagsAdd,"Nausea, Acid Indigestion & Reflux",Acid Indigestion & Reflux|Nausea|pharmacist-review|Pharmacy > Stomach & Digestion|Rennie,pharmacist-review|Pharmacy > Stomach & Digestion|Rennie,,"tagsRemove id=gid://shopify/Product/15671373267275 tags=[""Acid Indigestion & Reflux"", ""Nausea""]","requested tag contains a comma, Shopify stores it split: Nausea, Acid Indigestion & Reflux"
tags,product,gid://shopify/Product/15671348855115,rennie-spearmint-48pk,Rennie Spearmint 48Pk,tagsAdd,"Nausea, Acid Indigestion & Reflux",Acid Indigestion & Reflux|Nausea|pharmacist-review|Pharmacy > Stomach & Digestion|Rennie,pharmacist-review|Pharmacy > Stomach & Digestion|Rennie,,"tagsRemove id=gid://shopify/Product/15671348855115 tags=[""Acid Indigestion & Reflux"", ""Nausea""]","requested tag contains a comma, Shopify stores it split: Nausea, Acid Indigestion & Reflux"
tags,product,gid://shopify/Product/15671384998219,reno-n5-body-lotion-200ml,Reno N5 Body Lotion 200Ml,tagsAdd,Ladies Fragrance Singles,Chanel|Gifts > Women's Fragrance|Ladies Fragrance Singles,Chanel|Gifts > Women's Fragrance,,"tagsRemove id=gid://shopify/Product/15671384998219 tags=[""Ladies Fragrance Singles""]",
tags,product,gid://shopify/Product/15671341449547,revive-active-mastermind-30pk,Revive Active Mastermind 30Pk,tagsAdd,Brain Health,Brain Health|Revive Active|Supplements > Brain Health & Omega Oils,Revive Active|Supplements > Brain Health & Omega Oils,,"tagsRemove id=gid://shopify/Product/15671341449547 tags=[""Brain Health""]",
tags,product,gid://shopify/Product/15671352656203,revive-active-meno-active,Revive Active Meno Active,tagsAdd,Menopause,Menopause|Revive Active|Supplements > Women's Wellbeing,Revive Active|Supplements > Women's Wellbeing,,"tagsRemove id=gid://shopify/Product/15671352656203 tags=[""Menopause""]",
tags,product,gid://shopify/Product/15671396270411,revive-active-meno-active-3-month-supply,Revive Active Meno Active -3 Month Supply,tagsAdd,Menopause,Menopause|Revive Active|Sale|Supplements > Women's Wellbeing,Revive Active|Sale|Supplements > Women's Wellbeing,,"tagsRemove id=gid://shopify/Product/15671396270411 tags=[""Menopause""]",
tags,product,gid://shopify/Product/15671269622091,revive-active-meno-active-6-month-supply,Revive Active Meno Active -6 Month Supply,tagsAdd,Menopause,Menopause|Revive Active|Sale|Supplements > Women's Wellbeing,Revive Active|Sale|Supplements > Women's Wellbeing,,"tagsRemove id=gid://shopify/Product/15671269622091 tags=[""Menopause""]",
tags,product,gid://shopify/Product/15671374217547,robitussin-chesty-cough-100ml,Robitussin Chesty Cough 100Ml,tagsAdd,Cough,Cough|pharmacist-review|Pharmacy > Cold & Flu|Robitussin,pharmacist-review|Pharmacy > Cold & Flu|Robitussin,,"tagsRemove id=gid://shopify/Product/15671374217547 tags=[""Cough""]",
tags,product,gid://shopify/Product/15671405019467,rowarolan-powder-20g,Rowarolan Powder 20G,tagsAdd,Antiseptics & Wound Cleaning,Antiseptics & Wound Cleaning|pharmacist-review|Pharmacy > First Aid|Rowarolan,pharmacist-review|Pharmacy > First Aid|Rowarolan,,"tagsRemove id=gid://shopify/Product/15671405019467 tags=[""Antiseptics & Wound Cleaning""]",
tags,product,gid://shopify/Product/15671382769995,salactol-wart-paint-10ml,Salactol Wart Paint 10Ml,tagsAdd,"Skintags, Warts & Veruccas",pharmacist-review|Pharmacy > Foot & Nail Care|Salactol|Skintags|Warts & Veruccas,pharmacist-review|Pharmacy > Foot & Nail Care|Salactol|Skintags|Warts & Veruccas,,tagsRemove id=gid://shopify/Product/15671382769995 tags=[],"requested tag contains a comma, Shopify stores it split: Skintags, Warts & Veruccas"
tags,product,gid://shopify/Product/15671290626379,salatac-gel-8g,Salatac Gel 8G,tagsAdd,"Skintags, Warts & Veruccas",pharmacist-review|Pharmacy > Foot & Nail Care|Salatac|Skintags|Warts & Veruccas,pharmacist-review|Pharmacy > Foot & Nail Care|Salatac|Skintags|Warts & Veruccas,,tagsRemove id=gid://shopify/Product/15671290626379 tags=[],"requested tag contains a comma, Shopify stores it split: Skintags, Warts & Veruccas"
tags,product,gid://shopify/Product/15671364518219,savlon-antiseptic-cream-30g,Savlon Antiseptic Cream 30G,tagsAdd,Antiseptics & Wound Cleaning,Antiseptics & Wound Cleaning|pharmacist-review|Pharmacy > First Aid|Savlon,pharmacist-review|Pharmacy > First Aid|Savlon,,"tagsRemove id=gid://shopify/Product/15671364518219 tags=[""Antiseptics & Wound Cleaning""]",
tags,product,gid://shopify/Product/15671257301323,savlon-antiseptic-cream-60g,Savlon Antiseptic Cream 60G,tagsAdd,Antiseptics & Wound Cleaning,Antiseptics & Wound Cleaning|pharmacist-review|Pharmacy > First Aid|Savlon,pharmacist-review|Pharmacy > First Aid|Savlon,,"tagsRemove id=gid://shopify/Product/15671257301323 tags=[""Antiseptics & Wound Cleaning""]",
tags,product,gid://shopify/Product/15671417602379,scholl-corn-removal-plasters-waterproof,Scholl Corn Removal Plasters Waterproof,tagsAdd,Corn & Callous Care,Corn & Callous Care|Pharmacy > Foot & Nail Care|Scholl,Pharmacy > Foot & Nail Care|Scholl,,"tagsRemove id=gid://shopify/Product/15671417602379 tags=[""Corn & Callous Care""]",
tags,product,gid://shopify/Product/15671416717643,scholl-cracked-heel-repair-cream-active-60ml,Scholl Cracked Heel Repair Cream Active 60Ml,tagsAdd,Cracked Heels & Dry Skin,Cracked Heels & Dry Skin|Scholl|Skincare > Hands & Feet,Scholl|Skincare > Hands & Feet,,"tagsRemove id=gid://shopify/Product/15671416717643 tags=[""Cracked Heels & Dry Skin""]",
tags,product,gid://shopify/Product/15671298687307,scholl-fresh-step-deodrant-foot-spray-150ml,Scholl Fresh Step Deodrant Foot Spray 150Ml,tagsAdd,Foot Soak & Odour Control,Foot Soak & Odour Control|Pharmacy > Foot & Nail Care|Scholl,Pharmacy > Foot & Nail Care|Scholl,,"tagsRemove id=gid://shopify/Product/15671298687307 tags=[""Foot Soak & Odour Control""]",
tags,product,gid://shopify/Product/15671427400011,scholl-verruca-wart-freeze-spray-80ml,Scholl Verruca & Wart Freeze Spray 80Ml,tagsAdd,"Skintags, Warts & Veruccas",Pharmacy > Foot & Nail Care|Scholl|Skintags|Warts & Veruccas,Pharmacy > Foot & Nail Care|Scholl|Skintags|Warts & Veruccas,,tagsRemove id=gid://shopify/Product/15671427400011 tags=[],"requested tag contains a comma, Shopify stores it split: Skintags, Warts & Veruccas"
tags,product,gid://shopify/Product/15671405576523,sculpted-brighten-define-eyeliner-duo-nude-black,Sculpted Brighten & Define Eyeliner Duo - Nude/Black,tagsAdd,Eyeliner,Beauty > Eyes|Eyeliner|Sculpted By Aimee,Beauty > Eyes|Eyeliner|Sculpted By Aimee,,tagsRemove id=gid://shopify/Product/15671405576523 tags=[],
tags,product,gid://shopify/Product/15671369695563,sculpted-brighten-define-eyeliner-duo-nude-brown,Sculpted Brighten & Define Eyeliner Duo - Nude/Brown,tagsAdd,Eyeliner,Beauty > Eyes|Eyeliner|Sculpted By Aimee,Beauty > Eyes|Eyeliner|Sculpted By Aimee,,tagsRemove id=gid://shopify/Product/15671369695563 tags=[],
tags,product,gid://shopify/Product/15671357276491,sculpted-brighten-define-eyeliner-duo-nude-rust-brown,Sculpted Brighten & Define Eyeliner Duo - Nude/Rust Brown,tagsAdd,Eyeliner,Beauty > Eyes|Eyeliner|Sculpted By Aimee,Beauty > Eyes|Eyeliner|Sculpted By Aimee,,tagsRemove id=gid://shopify/Product/15671357276491 tags=[],
tags,product,gid://shopify/Product/15671362289995,sculpted-by-aimee-my-mascara-brown,Sculpted By Aimee My Mascara Brown,tagsAdd,Mascara,Beauty > Eyes|Mascara|Sculpted By Aimee,Beauty > Eyes|Mascara|Sculpted By Aimee,,tagsRemove id=gid://shopify/Product/15671362289995 tags=[],
tags,product,gid://shopify/Product/15671339090251,sculpted-by-aimee-my-mascara-ultra-black,Sculpted By Aimee My Mascara Ultra Black,tagsAdd,Mascara,Beauty > Eyes|Mascara|Sculpted By Aimee,Beauty > Eyes|Mascara|Sculpted By Aimee,,tagsRemove id=gid://shopify/Product/15671339090251 tags=[],
tags,product,gid://shopify/Product/15921452155211,sculpted-cream-luxe-blush-dusty-rose,Sculpted Cream Luxe Blush Dusty Rose,tagsAdd,Blusher,Blusher,,,"tagsRemove id=gid://shopify/Product/15921452155211 tags=[""Blusher""]",
tags,product,gid://shopify/Product/15921449501003,sculpted-cream-luxe-blush-pink-supreme,Sculpted Cream Luxe Blush Pink Supreme,tagsAdd,Blusher,Blusher,,,"tagsRemove id=gid://shopify/Product/15921449501003 tags=[""Blusher""]",
tags,product,gid://shopify/Product/15921452908875,sculpted-cream-luxe-bronze-shade-light,Sculpted Cream Luxe Bronze Shade Light,tagsAdd,Bronzer,Bronzer,,,"tagsRemove id=gid://shopify/Product/15921452908875 tags=[""Bronzer""]",
tags,product,gid://shopify/Product/15921449304395,sculpted-cream-luxe-bronze-shade-medium,Sculpted Cream Luxe Bronze Shade Medium,tagsAdd,Bronzer,Bronzer,,,"tagsRemove id=gid://shopify/Product/15921449304395 tags=[""Bronzer""]",
tags,product,gid://shopify/Product/15671400333643,sculpted-hydralip-berry,Sculpted Hydralip - Berry,tagsAdd,Lip Gloss,Beauty > Lips|Lip Gloss|Sculpted By Aimee,Beauty > Lips|Sculpted By Aimee,,"tagsRemove id=gid://shopify/Product/15671400333643 tags=[""Lip Gloss""]",
tags,product,gid://shopify/Product/16024785191243,sculpted-hydralip-blush,Sculpted Hydralip - Blush,tagsAdd,Lip Gloss,Beauty|Lip Gloss|Lips,Beauty|Lips,,"tagsRemove id=gid://shopify/Product/16024785191243 tags=[""Lip Gloss""]",
tags,product,gid://shopify/Product/15671379558731,sculpted-hydralip-bronze,Sculpted Hydralip - Bronze,tagsAdd,Lip Gloss,Beauty > Lips|Lip Gloss|Sculpted By Aimee,Beauty > Lips|Sculpted By Aimee,,"tagsRemove id=gid://shopify/Product/15671379558731 tags=[""Lip Gloss""]",
tags,product,gid://shopify/Product/15671401185611,sculpted-hydralip-mauve,Sculpted Hydralip - Mauve,tagsAdd,Lip Gloss,Beauty > Lips|Lip Gloss|Sculpted By Aimee,Beauty > Lips|Sculpted By Aimee,,"tagsRemove id=gid://shopify/Product/15671401185611 tags=[""Lip Gloss""]",
tags,product,gid://shopify/Product/15671290036555,sculpted-hydralip-rose,Sculpted Hydralip - Rose,tagsAdd,Lip Gloss,Beauty > Lips|Lip Gloss|Sculpted By Aimee,Beauty > Lips|Sculpted By Aimee,,"tagsRemove id=gid://shopify/Product/15671290036555 tags=[""Lip Gloss""]",
tags,product,gid://shopify/Product/15671288430923,sculpted-hydralip-peach,Sculpted Hydralip- Peach,tagsAdd,Lip Gloss,Beauty > Lips|Lip Gloss|Sculpted By Aimee,Beauty > Lips|Sculpted By Aimee,,"tagsRemove id=gid://shopify/Product/15671288430923 tags=[""Lip Gloss""]",
tags,product,gid://shopify/Product/15671367926091,sculpted-liquid-lights-blush,Sculpted Liquid Lights Blush,tagsAdd,Blusher,Beauty > Face|Blusher|Sculpted By Aimee,Beauty > Face|Sculpted By Aimee,,"tagsRemove id=gid://shopify/Product/15671367926091 tags=[""Blusher""]",
tags,product,gid://shopify/Product/15671391322443,senokot-tablets-60pk,Senokot Tablets 60Pk,tagsAdd,Constipation,Constipation|pharmacist-review|Pharmacy > Stomach & Digestion|Senokot,pharmacist-review|Pharmacy > Stomach & Digestion|Senokot,,"tagsRemove id=gid://shopify/Product/15671391322443 tags=[""Constipation""]",
tags,product,gid://shopify/Product/15671284629835,seven-seas-cod-live-oil-one-a-day-60pk,Seven Seas Cod Live Oil One A Day 60Pk,tagsAdd,Brain Health,Brain Health|Seven Seas|Supplements > Brain Health & Omega Oils,Seven Seas|Supplements > Brain Health & Omega Oils,,"tagsRemove id=gid://shopify/Product/15671284629835 tags=[""Brain Health""]",
tags,product,gid://shopify/Product/15671279321419,seven-seas-pure-cod-liver-oil-one-a-day-30pk,Seven Seas Pure Cod Liver Oil One A Day 30Pk,tagsAdd,Brain Health,Brain Health|Seven Seas|Supplements > Brain Health & Omega Oils,Seven Seas|Supplements > Brain Health & Omega Oils,,"tagsRemove id=gid://shopify/Product/15671279321419 tags=[""Brain Health""]",
tags,product,gid://shopify/Product/15671280337227,shape-stick-bronze-define-caramel,Shape Stick Bronze & Define Caramel,tagsAdd,Bronzer,Beauty|BPerfect|Bronzer,Beauty|BPerfect,,"tagsRemove id=gid://shopify/Product/15671280337227 tags=[""Bronzer""]",
tags,product,gid://shopify/Product/15671356424523,shape-stick-bronze-define-espresso,Shape Stick Bronze & Define Espresso,tagsAdd,Bronzer,Beauty|BPerfect|Bronzer,Beauty|BPerfect,,"tagsRemove id=gid://shopify/Product/15671356424523 tags=[""Bronzer""]",
tags,product,gid://shopify/Product/15671348298059,shape-stick-bronze-define-frappe,Shape Stick Bronze & Define Frappe,tagsAdd,Bronzer,Beauty|BPerfect|Bronzer,Beauty|BPerfect,,"tagsRemove id=gid://shopify/Product/15671348298059 tags=[""Bronzer""]",
tags,product,gid://shopify/Product/15671337713995,shape-stick-bronze-define-swirl,Shape Stick Bronze & Define Swirl,tagsAdd,Bronzer,Beauty|BPerfect|Bronzer,Beauty|BPerfect,,"tagsRemove id=gid://shopify/Product/15671337713995 tags=[""Bronzer""]",
tags,product,gid://shopify/Product/16024785944907,sidena-50mg-tablets-4-pack,Sidena 50Mg Tablets 4 Pack,tagsAdd,Erectile Dysfunction,Erectile Dysfunction|pharmacist-review|Pharmacy|questionnaire-ed|Sexual Health,pharmacist-review|Pharmacy|questionnaire-ed|Sexual Health,,"tagsRemove id=gid://shopify/Product/16024785944907 tags=[""Erectile Dysfunction""]",
tags,product,gid://shopify/Product/15671302455627,sinutab-n-d-tabs-15pk,Sinutab N/D Tabs 15Pk,tagsAdd,Blocked Nose & Sinus,Blocked Nose & Sinus|pharmacist-review|Pharmacy > Cold & Flu|Sinutab,pharmacist-review|Pharmacy > Cold & Flu|Sinutab,,"tagsRemove id=gid://shopify/Product/15671302455627 tags=[""Blocked Nose & Sinus""]",
tags,product,gid://shopify/Product/15671258153291,skingredients-skin-protein-anti-ageing-retinoid-serum-45ml-primary,Skingredients Skin Protein Anti-Ageing Retinoid Serum 45Ml Primary,tagsAdd,Anti-Ageing,Anti-Ageing|Dermatological Skincare|Serums & Oils|Skincare,Anti-Ageing|Dermatological Skincare|Serums & Oils|Skincare,,tagsRemove id=gid://shopify/Product/15671258153291 tags=[],
tags,product,gid://shopify/Product/15671407903051,skingredients-skin-protein-anti-ageing-retinoid-serum-45ml-refill,Skingredients Skin Protein Anti-Ageing Retinoid Serum 45Ml Refill,tagsAdd,Anti-Ageing,Anti-Ageing|Dermatological Skincare|Serums & Oils|Skincare,Anti-Ageing|Dermatological Skincare|Serums & Oils|Skincare,,tagsRemove id=gid://shopify/Product/15671407903051 tags=[],
tags,product,gid://shopify/Product/15671275913547,smith-nephew-jelonet-10cm-x-10cm-single,Smith & Nephew Jelonet 10Cm X 10Cm Single,tagsAdd,Bandages & Plasters,Bandages & Plasters|Medicare|Pharmacy > First Aid,Medicare|Pharmacy > First Aid,,"tagsRemove id=gid://shopify/Product/15671275913547 tags=[""Bandages & Plasters""]",
tags,product,gid://shopify/Product/15671357538635,solgar-collagen-hyalurinic-acid-complex-30-pk,Solgar Collagen Hyalurinic Acid Complex (30 Pk),tagsAdd,"Skin, Hair & Nails",Hair & Nails|Skin|Solgar|Supplements > Women's Wellbeing,Solgar|Supplements > Women's Wellbeing,,"tagsRemove id=gid://shopify/Product/15671357538635 tags=[""Hair & Nails"", ""Skin""]","requested tag contains a comma, Shopify stores it split: Skin, Hair & Nails"
tags,product,gid://shopify/Product/15671332733259,solgar-omega-3-double-strength-softgels-30pk,Solgar Omega 3 Double Strength Softgels 30Pk,tagsAdd,Brain Health,Brain Health|Solgar|Supplements > Brain Health & Omega Oils,Solgar|Supplements > Brain Health & Omega Oils,,"tagsRemove id=gid://shopify/Product/15671332733259 tags=[""Brain Health""]",
tags,product,gid://shopify/Product/15671309173067,solgar-omega-3-6-9-sgel-60pack,Solgar Omega 3-6-9 Sgel 60Pack,tagsAdd,Brain Health,Brain Health|Solgar|Supplements > Brain Health & Omega Oils,Solgar|Supplements > Brain Health & Omega Oils,,"tagsRemove id=gid://shopify/Product/15671309173067 tags=[""Brain Health""]",
tags,product,gid://shopify/Product/15671268507979,solgar-skin-hair-and-nail-60tab,"Solgar Skin, Hair And Nail 60Tab",tagsAdd,"Skin, Hair & Nails",Hair & Nails|Skin|Solgar|Supplements > Women's Wellbeing,Hair & Nails|Skin|Solgar|Supplements > Women's Wellbeing,,tagsRemove id=gid://shopify/Product/15671268507979 tags=[],"requested tag contains a comma, Shopify stores it split: Skin, Hair & Nails"
tags,product,gid://shopify/Product/15671387029835,sorefix-rescue-cold-sore-cream,Sorefix Rescue Cold Sore Cream,tagsAdd,Mouth Ulcers & Cold Sores,Mouth Ulcers & Cold Sores|Pharmacy > Cold & Flu,Pharmacy > Cold & Flu,,"tagsRemove id=gid://shopify/Product/15671387029835 tags=[""Mouth Ulcers & Cold Sores""]",
tags,product,gid://shopify/Product/15671304683851,sosu-false-nails-soft-sage,Sosu False Nails Soft Sage,tagsAdd,False Nails & Nail Wraps,Brands > SOSU by Suzanne Jackson|False Nails & Nail Wraps|Sosu,Brands > SOSU by Suzanne Jackson|False Nails & Nail Wraps|Sosu,,tagsRemove id=gid://shopify/Product/15671304683851 tags=[],
tags,product,gid://shopify/Product/15671280206155,sosu-false-nails-sparkle-season,Sosu False Nails Sparkle Season,tagsAdd,False Nails & Nail Wraps,Brands > SOSU by Suzanne Jackson|False Nails & Nail Wraps|Sosu,Brands > SOSU by Suzanne Jackson|False Nails & Nail Wraps|Sosu,,tagsRemove id=gid://shopify/Product/15671280206155 tags=[],
tags,product,gid://shopify/Product/15671375888715,spicebomb-mens-50ml-edt-spr,Spicebomb Mens 50Ml Edt Spr,tagsAdd,Mens Fragrance Singles,Gifts > Men's Fragrance|Mens Fragrance Singles,Gifts > Men's Fragrance,,"tagsRemove id=gid://shopify/Product/15671375888715 tags=[""Mens Fragrance Singles""]",
tags,product,gid://shopify/Product/15671327359307,spotlight-toothpaste-for-gum-health-100ml,Spotlight Toothpaste For Gum Health 100Ml,tagsAdd,Gum Health & Gingivitis,Gum Health & Gingivitis|Spotlight|Toiletries > Dental,Spotlight|Toiletries > Dental,,"tagsRemove id=gid://shopify/Product/15671327359307 tags=[""Gum Health & Gingivitis""]",
tags,product,gid://shopify/Product/15671385162059,sreeze-nasal-spray-10ml,Sreeze Nasal Spray 10Ml,tagsAdd,Blocked Nose & Sinus,Blocked Nose & Sinus|Pharmacy > Allergy Relief|Sreeze,Pharmacy > Allergy Relief|Sreeze,,"tagsRemove id=gid://shopify/Product/15671385162059 tags=[""Blocked Nose & Sinus""]",
tags,product,gid://shopify/Product/15671427662155,sterimar-allergy-50ml,Sterimar Allergy 50Ml,tagsAdd,Blocked Nose & Sinus,Blocked Nose & Sinus|Pharmacy > Allergy Relief|Sterimar,Pharmacy > Allergy Relief|Sterimar,,"tagsRemove id=gid://shopify/Product/15671427662155 tags=[""Blocked Nose & Sinus""]",
tags,product,gid://shopify/Product/15671341809995,sterimar-allergy-response-20ml,Sterimar Allergy Response 20Ml,tagsAdd,Blocked Nose & Sinus,Blocked Nose & Sinus|Pharmacy > Allergy Relief|Sterimar,Pharmacy > Allergy Relief|Sterimar,,"tagsRemove id=gid://shopify/Product/15671341809995 tags=[""Blocked Nose & Sinus""]",
tags,product,gid://shopify/Product/15671421665611,sterimar-isotonic-allergies-sinus-100ml,Sterimar Isotonic Allergies & Sinus 100Ml,tagsAdd,Blocked Nose & Sinus,Blocked Nose & Sinus|Pharmacy > Allergy Relief|Sterimar,Pharmacy > Allergy Relief|Sterimar,,"tagsRemove id=gid://shopify/Product/15671421665611 tags=[""Blocked Nose & Sinus""]",
tags,product,gid://shopify/Product/15671364616523,strepsils-extra-blackcurrant-lozenge-24pk,Strepsils Extra Blackcurrant Lozenge 24Pk,tagsAdd,Sore Throat,pharmacist-review|Pharmacy > Cold & Flu|Sore Throat|Strepsils,pharmacist-review|Pharmacy > Cold & Flu|Strepsils,,"tagsRemove id=gid://shopify/Product/15671364616523 tags=[""Sore Throat""]",
tags,product,gid://shopify/Product/15671385555275,strepsils-honey-lemon-lozenge-36pk,Strepsils Honey & Lemon Lozenge 36Pk,tagsAdd,Sore Throat,pharmacist-review|Pharmacy > Cold & Flu|Sore Throat|Strepsils,pharmacist-review|Pharmacy > Cold & Flu|Strepsils,,"tagsRemove id=gid://shopify/Product/15671385555275 tags=[""Sore Throat""]",
tags,product,gid://shopify/Product/15671416586571,strepsils-intensive-orange-sf-lozenge-16pk,Strepsils Intensive Orange Sf Lozenge 16Pk,tagsAdd,Sore Throat,pharmacist-review|Pharmacy > Cold & Flu|Sore Throat|Strepsils,pharmacist-review|Pharmacy > Cold & Flu|Strepsils,,"tagsRemove id=gid://shopify/Product/15671416586571 tags=[""Sore Throat""]",
tags,product,gid://shopify/Product/15671321657675,strepsils-orange-withvitamin-c-lozenge-36pk,Strepsils Orange Withvitamin C Lozenge 36Pk,tagsAdd,Sore Throat,pharmacist-review|Pharmacy > Cold & Flu|Sore Throat|Strepsils,pharmacist-review|Pharmacy > Cold & Flu|Strepsils,,"tagsRemove id=gid://shopify/Product/15671321657675 tags=[""Sore Throat""]",
tags,product,gid://shopify/Product/15671396761931,strepsils-plus-20ml-throat-spray,Strepsils Plus 20Ml Throat Spray,tagsAdd,Sore Throat,pharmacist-review|Pharmacy > Cold & Flu|Sore Throat|Strepsils,pharmacist-review|Pharmacy > Cold & Flu|Strepsils,,"tagsRemove id=gid://shopify/Product/15671396761931 tags=[""Sore Throat""]",
tags,product,gid://shopify/Product/15671357833547,strepsils-plus-24pk-anaesthetic,Strepsils Plus 24Pk Anaesthetic,tagsAdd,Sore Throat,pharmacist-review|Pharmacy > Cold & Flu|Sore Throat|Strepsils,pharmacist-review|Pharmacy > Cold & Flu|Strepsils,,"tagsRemove id=gid://shopify/Product/15671357833547 tags=[""Sore Throat""]",
tags,product,gid://shopify/Product/15671301898571,strepsils-strawberry-sugar-free-lozenge-16pk,Strepsils Strawberry Sugar Free Lozenge 16Pk,tagsAdd,Sore Throat,pharmacist-review|Pharmacy > Cold & Flu|Sore Throat|Strepsils,pharmacist-review|Pharmacy > Cold & Flu|Strepsils,,"tagsRemove id=gid://shopify/Product/15671301898571 tags=[""Sore Throat""]",
tags,product,gid://shopify/Product/15671296753995,sudafed-15ml-nasal-spray,Sudafed 15Ml Nasal Spray,tagsAdd,Blocked Nose & Sinus,Blocked Nose & Sinus|pharmacist-review|Pharmacy > Cold & Flu|Sudafed,pharmacist-review|Pharmacy > Cold & Flu|Sudafed,,"tagsRemove id=gid://shopify/Product/15671296753995 tags=[""Blocked Nose & Sinus""]",
tags,product,gid://shopify/Product/15671331946827,sudafed-n-d-tabs-12pk,Sudafed N/D Tabs 12Pk,tagsAdd,Blocked Nose & Sinus,Blocked Nose & Sinus|pharmacist-review|Pharmacy > Cold & Flu|Sudafed,pharmacist-review|Pharmacy > Cold & Flu|Sudafed,,"tagsRemove id=gid://shopify/Product/15671331946827 tags=[""Blocked Nose & Sinus""]",
tags,product,gid://shopify/Product/15671373398347,sudafed-syrup-100ml,Sudafed Syrup 100Ml,tagsAdd,Blocked Nose & Sinus,Blocked Nose & Sinus|pharmacist-review|Pharmacy > Cold & Flu|Sudafed,pharmacist-review|Pharmacy > Cold & Flu|Sudafed,,"tagsRemove id=gid://shopify/Product/15671373398347 tags=[""Blocked Nose & Sinus""]",
tags,product,gid://shopify/Product/15671350362443,sudaplus-n-d-tabs-15pk,Sudaplus N/D Tabs 15Pk,tagsAdd,Blocked Nose & Sinus,Blocked Nose & Sinus|pharmacist-review|Pharmacy > Cold & Flu|Sudaplus,pharmacist-review|Pharmacy > Cold & Flu|Sudaplus,,"tagsRemove id=gid://shopify/Product/15671350362443 tags=[""Blocked Nose & Sinus""]",
tags,product,gid://shopify/Product/15671412818251,surgical-spirits-200ml-ovelle,Surgical Spirits 200Ml Ovelle,tagsAdd,Antiseptics & Wound Cleaning,Antiseptics & Wound Cleaning|Pharmacy > First Aid|Surgical,Pharmacy > First Aid|Surgical,,"tagsRemove id=gid://shopify/Product/15671412818251 tags=[""Antiseptics & Wound Cleaning""]",
tags,product,gid://shopify/Product/15671268475211,tears-naturale-15ml-eye-drops,Tears Naturale 15Ml Eye Drops,tagsAdd,Dry Eye,Dry Eye|Pharmacy > Eye & Ear Care|Tears,Pharmacy > Eye & Ear Care|Tears,,"tagsRemove id=gid://shopify/Product/15671268475211 tags=[""Dry Eye""]",
tags,product,gid://shopify/Product/15671410229579,tefin-150mg-ibuprofen-suppositories,Tefin 150Mg Ibuprofen Suppositories,tagsAdd,Baby & Children Pain Relief,Baby & Children Pain Relief|pharmacist-review|Pharmacy > Children's Medicine|Tefin,pharmacist-review|Pharmacy > Children's Medicine|Tefin,,"tagsRemove id=gid://shopify/Product/15671410229579 tags=[""Baby & Children Pain Relief""]",
tags,product,gid://shopify/Product/15671426482507,tefin-75mg-ibuprofen-suppositories,Tefin 75Mg Ibuprofen Suppositories,tagsAdd,Baby & Children Pain Relief,Baby & Children Pain Relief|pharmacist-review|Pharmacy > Children's Medicine|Tefin,pharmacist-review|Pharmacy > Children's Medicine|Tefin,,"tagsRemove id=gid://shopify/Product/15671426482507 tags=[""Baby & Children Pain Relief""]",
tags,product,gid://shopify/Product/15671298359627,tena-lady-discreet-med-pant-6pk,Tena Lady Discreet Med Pant 6Pk,tagsAdd,Continence Care|Pants,Continence Care|Pants|Quest|Toiletries > Feminine Care,Quest|Toiletries > Feminine Care,,"tagsRemove id=gid://shopify/Product/15671298359627 tags=[""Continence Care"", ""Pants""]",
tags,product,gid://shopify/Product/15671340597579,tena-lady-discreet-mini-20pk,Tena Lady Discreet Mini 20Pk,tagsAdd,Continence Care|Pads,Continence Care|Pads|Tena Lady|Toiletries > Feminine Care,Tena Lady|Toiletries > Feminine Care,,"tagsRemove id=gid://shopify/Product/15671340597579 tags=[""Continence Care"", ""Pads""]",
tags,product,gid://shopify/Product/15671379001675,tena-lady-duo-pack,Tena Lady Duo Pack,tagsAdd,Continence Care|Pads,Continence Care|Pads|Tena Lady|Toiletries > Feminine Care,Tena Lady|Toiletries > Feminine Care,,"tagsRemove id=gid://shopify/Product/15671379001675 tags=[""Continence Care"", ""Pads""]",
tags,product,gid://shopify/Product/15671350296907,tena-lady-extra-10pk,Tena Lady Extra 10Pk,tagsAdd,Continence Care|Pads,Continence Care|Pads|Tena Lady|Toiletries > Feminine Care,Tena Lady|Toiletries > Feminine Care,,"tagsRemove id=gid://shopify/Product/15671350296907 tags=[""Continence Care"", ""Pads""]",
tags,product,gid://shopify/Product/15671315497291,tena-lady-extra-plus-8pk,Tena Lady Extra Plus 8Pk,tagsAdd,Continence Care|Pads,Continence Care|Pads|Tena Lady|Toiletries > Feminine Care,Tena Lady|Toiletries > Feminine Care,,"tagsRemove id=gid://shopify/Product/15671315497291 tags=[""Continence Care"", ""Pads""]",
tags,product,gid://shopify/Product/15671377330507,tena-lady-maxi-night-6-s-5069,Tena Lady Maxi Night 6Pk,tagsAdd,Continence Care|Pads,Continence Care|Pads|Tena Lady|Toiletries > Feminine Care,Tena Lady|Toiletries > Feminine Care,,"tagsRemove id=gid://shopify/Product/15671377330507 tags=[""Continence Care"", ""Pads""]",
tags,product,gid://shopify/Product/15671367041355,tena-lady-rmal,Tena Lady Normal,tagsAdd,Continence Care|Pads,Continence Care|Pads|Tena Lady|Toiletries > Feminine Care,Tena Lady|Toiletries > Feminine Care,,"tagsRemove id=gid://shopify/Product/15671367041355 tags=[""Continence Care"", ""Pads""]",
tags,product,gid://shopify/Product/15671269097803,tena-lady-rmal-discreeet-12pk,Tena Lady Normal Discreet 12Pk,tagsAdd,Continence Care|Pads,Continence Care|Pads|Tena Lady|Toiletries > Feminine Care,Tena Lady|Toiletries > Feminine Care,,"tagsRemove id=gid://shopify/Product/15671269097803 tags=[""Continence Care"", ""Pads""]",
tags,product,gid://shopify/Product/15671383327051,tena-lady-pants-discreet-large-5pk,Tena Lady Pants Discreet Large 5Pk,tagsAdd,Continence Care|Pants,Continence Care|Pants|Tena Lady|Toiletries > Feminine Care,Tena Lady|Toiletries > Feminine Care,,"tagsRemove id=gid://shopify/Product/15671383327051 tags=[""Continence Care"", ""Pants""]",
tags,product,gid://shopify/Product/15671277191499,tena-men-extra-level-two-10pk,Tena Men Extra Level Two 10Pk,tagsAdd,Bladder Weakness|Continence Care,Bladder Weakness|Continence Care|Tena Men|Toiletries > Men's Grooming,Tena Men|Toiletries > Men's Grooming,,"tagsRemove id=gid://shopify/Product/15671277191499 tags=[""Bladder Weakness"", ""Continence Care""]",
tags,product,gid://shopify/Product/15671329751371,tena-men-rmal-level-one-12pk,Tena Men Normal Level One 12Pk,tagsAdd,Bladder Weakness|Continence Care,Bladder Weakness|Continence Care|Tena Men|Toiletries > Men's Grooming,Tena Men|Toiletries > Men's Grooming,,"tagsRemove id=gid://shopify/Product/15671329751371 tags=[""Bladder Weakness"", ""Continence Care""]",
tags,product,gid://shopify/Product/15671403446603,tena-pants-plus-extra-large,Tena Pants Plus (Extra Large),tagsAdd,Continence Care|Pants,Continence Care|Pants|Tena Lady|Toiletries > Feminine Care,Tena Lady|Toiletries > Feminine Care,,"tagsRemove id=gid://shopify/Product/15671403446603 tags=[""Continence Care"", ""Pants""]",
tags,product,gid://shopify/Product/15671427694923,tepe-angle-g4141-orange-0-45mm-6pk,Tepe Angle G4141 Orange 0.45Mm 6Pk,tagsAdd,Gum Health & Gingivitis,Gum Health & Gingivitis|Tepe|Toiletries > Dental,Tepe|Toiletries > Dental,,"tagsRemove id=gid://shopify/Product/15671427694923 tags=[""Gum Health & Gingivitis""]",
tags,product,gid://shopify/Product/15671423828299,tepe-angle-g4145-green-0-8mm-6pk,Tepe Angle G4145 Green 0.8Mm 6Pk,tagsAdd,Gum Health & Gingivitis,Gum Health & Gingivitis|Tepe|Toiletries > Dental,Tepe|Toiletries > Dental,,"tagsRemove id=gid://shopify/Product/15671423828299 tags=[""Gum Health & Gingivitis""]",
tags,product,gid://shopify/Product/15671405674827,tepe-g4100-yellow-0-7mm-6pk,Tepe G4100 Yellow 0.7Mm 6Pk,tagsAdd,Gum Health & Gingivitis,Gum Health & Gingivitis|Tepe|Toiletries > Dental,Tepe|Toiletries > Dental,,"tagsRemove id=gid://shopify/Product/15671405674827 tags=[""Gum Health & Gingivitis""]",
tags,product,gid://shopify/Product/15671409312075,tepe-g4101-blue-0-6mm-6pk,Tepe G4101 Blue 0.6Mm 6Pk,tagsAdd,Gum Health & Gingivitis,Gum Health & Gingivitis|Tepe|Toiletries > Dental,Tepe|Toiletries > Dental,,"tagsRemove id=gid://shopify/Product/15671409312075 tags=[""Gum Health & Gingivitis""]",
tags,product,gid://shopify/Product/15671398302027,tepe-g4102-red-0-5mm-6pk,Tepe G4102 Red 0.5Mm 6Pk,tagsAdd,Gum Health & Gingivitis,Gum Health & Gingivitis|Tepe|Toiletries > Dental,Tepe|Toiletries > Dental,,"tagsRemove id=gid://shopify/Product/15671398302027 tags=[""Gum Health & Gingivitis""]",
tags,product,gid://shopify/Product/15671367008587,tepe-g4103-orange-0-45mm-6pk,Tepe G4103 Orange 0.45Mm 6Pk,tagsAdd,Gum Health & Gingivitis,Gum Health & Gingivitis|Tepe|Toiletries > Dental,Tepe|Toiletries > Dental,,"tagsRemove id=gid://shopify/Product/15671367008587 tags=[""Gum Health & Gingivitis""]",
tags,product,gid://shopify/Product/15671394533707,tepe-g4104-pink-0-4mm-6pk,Tepe G4104 Pink 0.4Mm 6Pk,tagsAdd,Gum Health & Gingivitis,Gum Health & Gingivitis|Tepe|Toiletries > Dental,Tepe|Toiletries > Dental,,"tagsRemove id=gid://shopify/Product/15671394533707 tags=[""Gum Health & Gingivitis""]",
tags,product,gid://shopify/Product/15671318806859,tepe-g4105-green-0-8mm-6pk,Tepe G4105 Green 0.8Mm 6Pk,tagsAdd,Gum Health & Gingivitis,Gum Health & Gingivitis|Tepe|Toiletries > Dental,Tepe|Toiletries > Dental,,"tagsRemove id=gid://shopify/Product/15671318806859 tags=[""Gum Health & Gingivitis""]",
tags,product,gid://shopify/Product/15671279255883,tepe-g4107-grey-1-3mm-6pk,Tepe G4107 Grey 1.3Mm 6Pk,tagsAdd,Gum Health & Gingivitis,Gum Health & Gingivitis|Tepe|Toiletries > Dental,Tepe|Toiletries > Dental,,"tagsRemove id=gid://shopify/Product/15671279255883 tags=[""Gum Health & Gingivitis""]",
tags,product,gid://shopify/Product/15671429136715,tepe-g4111-mini-flossers-36pk,Tepe G4111 Mini Flossers 36Pk,tagsAdd,Gum Health & Gingivitis,Gum Health & Gingivitis|Tepe|Toiletries > Dental,Tepe|Toiletries > Dental,,"tagsRemove id=gid://shopify/Product/15671429136715 tags=[""Gum Health & Gingivitis""]",
tags,product,gid://shopify/Product/15671428088139,tepe-green-size-5-6pk,Tepe Green Size 5 6Pk,tagsAdd,Gum Health & Gingivitis,Gum Health & Gingivitis|Tepe|Toiletries > Dental,Tepe|Toiletries > Dental,,"tagsRemove id=gid://shopify/Product/15671428088139 tags=[""Gum Health & Gingivitis""]",
tags,product,gid://shopify/Product/15671413670219,tepe-interdental-brush-fine-0-45mm-oran-1,Tepe Interdental Brush Orange 0.45Mm Size 1,tagsAdd,Gum Health & Gingivitis,Gum Health & Gingivitis|Tepe|Toiletries > Dental,Tepe|Toiletries > Dental,,"tagsRemove id=gid://shopify/Product/15671413670219 tags=[""Gum Health & Gingivitis""]",
tags,product,gid://shopify/Product/15671415505227,tepe-yellow-size-4-6-pk,Tepe Yellow Size 4 6 Pk,tagsAdd,Gum Health & Gingivitis,Gum Health & Gingivitis|Tepe|Toiletries > Dental,Tepe|Toiletries > Dental,,"tagsRemove id=gid://shopify/Product/15671415505227 tags=[""Gum Health & Gingivitis""]",
tags,product,gid://shopify/Product/15671326703947,the-cheek-liquid-blush-cherub,The Cheek Liquid Blush Cherub,tagsAdd,Blusher,Beauty|Blusher|BPerfect,Beauty|BPerfect,,"tagsRemove id=gid://shopify/Product/15671326703947 tags=[""Blusher""]",
tags,product,gid://shopify/Product/15671307075915,the-cheek-liquid-blush-just-peachy,The Cheek Liquid Blush Just Peachy,tagsAdd,Blusher,Beauty|Blusher|BPerfect,Beauty|BPerfect,,"tagsRemove id=gid://shopify/Product/15671307075915 tags=[""Blusher""]",
tags,product,gid://shopify/Product/15671363141963,the-cheek-liquid-blush-rosie,The Cheek Liquid Blush Rosie,tagsAdd,Blusher,Beauty|Blusher|BPerfect,Beauty|BPerfect,,"tagsRemove id=gid://shopify/Product/15671363141963 tags=[""Blusher""]",
tags,product,gid://shopify/Product/15671297835339,the-handmade-soap-company-lemongrass-cedarwood-body-lotion-250ml,The Handmade Soap Company Lemongrass & Cedarwood Body Lotion 250Ml,tagsAdd,Moisturisers,Moisturisers|Skincare > Body Care|The Handmade Soap Company,Skincare > Body Care|The Handmade Soap Company,,"tagsRemove id=gid://shopify/Product/15671297835339 tags=[""Moisturisers""]",
tags,product,gid://shopify/Product/16024779260235,the-original-bug-band-co-insect-repellent-bracelet-12pk,The Original Bug Band Co Insect Repellent Bracelet 12Pk,tagsAdd,Insect Bites & Prevention,Insect Bites & Prevention|Pharmacy|Travel Essentials,Pharmacy|Travel Essentials,,"tagsRemove id=gid://shopify/Product/16024779260235 tags=[""Insect Bites & Prevention""]",
tags,product,gid://shopify/Product/15671419044171,thea-blephaclean-eyelid-wipes-20pk-blepharitis,Thea Blephaclean Eyelid Wipes 20Pk Blepharitis,tagsAdd,Blepharitis & Eyelid Hygiene,Blepharitis & Eyelid Hygiene|Pharmacy > Eye & Ear Care|Thealoz,Pharmacy > Eye & Ear Care|Thealoz,,"tagsRemove id=gid://shopify/Product/15671419044171 tags=[""Blepharitis & Eyelid Hygiene""]",
tags,product,gid://shopify/Product/15671415341387,thealoz-duo-gel-0-4g-30pk,Thealoz Duo Gel 0.4G 30Pk,tagsAdd,Dry Eye,Dry Eye|Pharmacy > Eye & Ear Care|Thealoz,Pharmacy > Eye & Ear Care|Thealoz,,"tagsRemove id=gid://shopify/Product/15671415341387 tags=[""Dry Eye""]",
tags,product,gid://shopify/Product/15671398629707,thermacare-2pk-lower-back-hip,Thermacare 2Pk Lower Back & Hip,tagsAdd,Cold Therapy & Heat Therapy|Muscle & Joint Pain,Cold Therapy & Heat Therapy|Muscle & Joint Pain|Pharmacy > Pain Relief|Thermacare,Pharmacy > Pain Relief|Thermacare,,"tagsRemove id=gid://shopify/Product/15671398629707 tags=[""Cold Therapy & Heat Therapy"", ""Muscle & Joint Pain""]",
tags,product,gid://shopify/Product/15671372579147,thermacare-3pk-neck-shoulder-wrist,"Thermacare 3Pk Neck, Shoulder, Wrist",tagsAdd,Cold Therapy & Heat Therapy|Muscle & Joint Pain,Cold Therapy & Heat Therapy|Muscle & Joint Pain|Pharmacy > Pain Relief|Thermacare,Pharmacy > Pain Relief|Thermacare,,"tagsRemove id=gid://shopify/Product/15671372579147 tags=[""Cold Therapy & Heat Therapy"", ""Muscle & Joint Pain""]",
tags,product,gid://shopify/Product/15671368745291,tommy-girl-50ml-edt-spr,Tommy Girl 50Ml Edt Spr,tagsAdd,Ladies Fragrance Singles,Gifts > Women's Fragrance|Ladies Fragrance Singles,Gifts > Women's Fragrance,,"tagsRemove id=gid://shopify/Product/15671368745291 tags=[""Ladies Fragrance Singles""]",
tags,product,gid://shopify/Product/15671363535179,tommy-mens-100ml-edt-spr,Tommy Mens 100Ml Edt Spr,tagsAdd,Mens Fragrance Singles,Gifts > Men's Fragrance|Mens Fragrance Singles,Gifts > Men's Fragrance,,"tagsRemove id=gid://shopify/Product/15671363535179 tags=[""Mens Fragrance Singles""]",
tags,product,gid://shopify/Product/15671302619467,tramma-gel,Tramma Gel,tagsAdd,Muscle & Joint Pain,Muscle & Joint Pain|Pharmacy > Pain Relief,Pharmacy > Pain Relief,,"tagsRemove id=gid://shopify/Product/15671302619467 tags=[""Muscle & Joint Pain""]",
tags,product,gid://shopify/Product/15671263887691,tropex-5-ear-drops-10ml,Tropex 5% Ear Drops 10Ml,tagsAdd,Ear Wax Treatments,Ear Wax Treatments|pharmacist-review|Pharmacy > Eye & Ear Care|Tropex,pharmacist-review|Pharmacy > Eye & Ear Care|Tropex,,"tagsRemove id=gid://shopify/Product/15671263887691 tags=[""Ear Wax Treatments""]",
tags,product,gid://shopify/Product/15671411605835,tubigrip-bandage-0-5m-natural-f-1,Tubigrip Bandage 0.5M Natural F 1,tagsAdd,Supports,Medicare|Pharmacy > First Aid|Supports,Medicare|Pharmacy > First Aid,,"tagsRemove id=gid://shopify/Product/15671411605835 tags=[""Supports""]",
tags,product,gid://shopify/Product/15671412261195,tubigrip-size-e,Tubigrip Size E,tagsAdd,Supports,Medicare|Pharmacy > First Aid|Supports,Medicare|Pharmacy > First Aid,,"tagsRemove id=gid://shopify/Product/15671412261195 tags=[""Supports""]",
tags,product,gid://shopify/Product/15671426711883,tubigrip-tubular-bandage-size-g-12cm-x-0-5m,Tubigrip Tubular Bandage Size G 12Cm X 0.5M,tagsAdd,Supports,Medicare|Pharmacy > First Aid|Supports,Medicare|Pharmacy > First Aid,,"tagsRemove id=gid://shopify/Product/15671426711883 tags=[""Supports""]",
tags,product,gid://shopify/Product/15671411966283,ultrapure-hydrogen-peroxide-250ml,Ultrapure Hydrogen Peroxide 250Ml,tagsAdd,Antiseptics & Wound Cleaning,Antiseptics & Wound Cleaning|Pharmacy > First Aid|Ultrapure,Pharmacy > First Aid|Ultrapure,,"tagsRemove id=gid://shopify/Product/15671411966283 tags=[""Antiseptics & Wound Cleaning""]",
tags,product,gid://shopify/Product/15671410721099,ultrapure-hydrogen-peroxide130ml,Ultrapure Hydrogen Peroxide130ml,tagsAdd,Antiseptics & Wound Cleaning,Antiseptics & Wound Cleaning|Pharmacy > Medicated Skincare|Ultrapure,Pharmacy > Medicated Skincare|Ultrapure,,"tagsRemove id=gid://shopify/Product/15671410721099 tags=[""Antiseptics & Wound Cleaning""]",
tags,product,gid://shopify/Product/15671297966411,ultrapure-surgical-spirits-200ml,Ultrapure Surgical Spirits 200Ml,tagsAdd,Antiseptics & Wound Cleaning,Antiseptics & Wound Cleaning|Ultrapure,Ultrapure,,"tagsRemove id=gid://shopify/Product/15671297966411 tags=[""Antiseptics & Wound Cleaning""]",
tags,product,gid://shopify/Product/15671377297739,uniflu-cough-stop,Uniflu Cough Stop,tagsAdd,Cough,Cough|Uniflu,Uniflu,,"tagsRemove id=gid://shopify/Product/15671377297739 tags=[""Cough""]",
tags,product,gid://shopify/Product/15671391224139,uniflu-with-vitamin-c-tablets-24pk,Uniflu With Vitamin C Tablets 24Pk,tagsAdd,Cold & Flu Combination Products,Cold & Flu Combination Products|pharmacist-review|Pharmacy > Cold & Flu|Uniflu,pharmacist-review|Pharmacy > Cold & Flu|Uniflu,,"tagsRemove id=gid://shopify/Product/15671391224139 tags=[""Cold & Flu Combination Products""]",
tags,product,gid://shopify/Product/15671360389451,uriage-eau-thermale-silky-body-lotion-500ml,Uriage Eau Thermale Silky Body Lotion 500Ml,tagsAdd,Moisturisers,Moisturisers|Skincare > Body Care|Uriage,Skincare > Body Care|Uriage,,"tagsRemove id=gid://shopify/Product/15671360389451 tags=[""Moisturisers""]",
tags,product,gid://shopify/Product/15671390994763,uriage-xemose-anti-irritation-lipid-replenishing-cream-200ml,Uriage Xemose Anti Irritation Lipid Replenishing Cream 200Ml,tagsAdd,"Dry Skin, Eczema & Psoriasis",Dry Skin|Eczema & Psoriasis|Irritated & Damaged Skin|Skincare > Body Care|Uriage,Irritated & Damaged Skin|Skincare > Body Care|Uriage,,"tagsRemove id=gid://shopify/Product/15671390994763 tags=[""Dry Skin"", ""Eczema & Psoriasis""]","requested tag contains a comma, Shopify stores it split: Dry Skin, Eczema & Psoriasis"
tags,product,gid://shopify/Product/15671365828939,uriage-xemose-anti-itch-soothing-oil-balm-200ml,Uriage Xemose Anti Itch Soothing Oil Balm 200Ml,tagsAdd,"Dry Skin, Eczema & Psoriasis",Dry Skin|Eczema & Psoriasis|Irritated & Damaged Skin|Skincare > Body Care|Uriage,Irritated & Damaged Skin|Skincare > Body Care|Uriage,,"tagsRemove id=gid://shopify/Product/15671365828939 tags=[""Dry Skin"", ""Eczema & Psoriasis""]","requested tag contains a comma, Shopify stores it split: Dry Skin, Eczema & Psoriasis"
tags,product,gid://shopify/Product/15671366648139,uriage-xemose-cleansing-soothing-oil-500ml,Uriage Xemose Cleansing Soothing Oil 500Ml,tagsAdd,"Dry Skin, Eczema & Psoriasis",Dry Skin|Eczema & Psoriasis|Irritated & Damaged Skin|Skincare > Body Care|Uriage,Irritated & Damaged Skin|Skincare > Body Care|Uriage,,"tagsRemove id=gid://shopify/Product/15671366648139 tags=[""Dry Skin"", ""Eczema & Psoriasis""]","requested tag contains a comma, Shopify stores it split: Dry Skin, Eczema & Psoriasis"
tags,product,gid://shopify/Product/15671407968587,uriage-xemose-lipid-replenishing-anti-irritation-cream-200ml,Uriage Xemose Lipid Replenishing Anti Irritation Cream 200Ml,tagsAdd,"Dry Skin, Eczema & Psoriasis",Dry Skin|Eczema & Psoriasis|Irritated & Damaged Skin|Skincare > Body Care|Uriage,Irritated & Damaged Skin|Skincare > Body Care|Uriage,,"tagsRemove id=gid://shopify/Product/15671407968587 tags=[""Dry Skin"", ""Eczema & Psoriasis""]","requested tag contains a comma, Shopify stores it split: Dry Skin, Eczema & Psoriasis"
tags,product,gid://shopify/Product/15671352295755,uriage-xemose-lipid-replenishing-anti-irritation-cream-400ml,Uriage Xemose Lipid-Replenishing Anti-Irritation Cream 400Ml,tagsAdd,"Dry Skin, Eczema & Psoriasis",Dry Skin|Eczema & Psoriasis|Irritated & Damaged Skin|Pharmacy > Medicated Skincare|Uriage,Irritated & Damaged Skin|Pharmacy > Medicated Skincare|Uriage,,"tagsRemove id=gid://shopify/Product/15671352295755 tags=[""Dry Skin"", ""Eczema & Psoriasis""]","requested tag contains a comma, Shopify stores it split: Dry Skin, Eczema & Psoriasis"
tags,product,gid://shopify/Product/15671380148555,uriage-xemose-pso-soothing-concentrate-150ml,Uriage Xemose Pso Soothing Concentrate 150Ml,tagsAdd,"Dry Skin, Eczema & Psoriasis",Dry Skin|Eczema & Psoriasis|Irritated & Damaged Skin|Pharmacy > Medicated Skincare|Uriage,Irritated & Damaged Skin|Pharmacy > Medicated Skincare|Uriage,,"tagsRemove id=gid://shopify/Product/15671380148555 tags=[""Dry Skin"", ""Eczema & Psoriasis""]","requested tag contains a comma, Shopify stores it split: Dry Skin, Eczema & Psoriasis"
tags,product,gid://shopify/Product/15671361536331,uriage-xemose-soothing-cleansing-oil-500ml,Uriage Xemose Soothing Cleansing Oil 500Ml,tagsAdd,"Dry Skin, Eczema & Psoriasis",Dry Skin|Eczema & Psoriasis|Irritated & Damaged Skin|Skincare > Body Care|Uriage,Irritated & Damaged Skin|Skincare > Body Care|Uriage,,"tagsRemove id=gid://shopify/Product/15671361536331 tags=[""Dry Skin"", ""Eczema & Psoriasis""]","requested tag contains a comma, Shopify stores it split: Dry Skin, Eczema & Psoriasis"
tags,product,gid://shopify/Product/15671378968907,uriage-xemose-sos-anti-itch-mist,Uriage Xemose Sos Anti Itch Mist,tagsAdd,"Dry Skin, Eczema & Psoriasis",Dry Skin|Eczema & Psoriasis|Irritated & Damaged Skin|Skincare > Body Care|Uriage,Irritated & Damaged Skin|Skincare > Body Care|Uriage,,"tagsRemove id=gid://shopify/Product/15671378968907 tags=[""Dry Skin"", ""Eczema & Psoriasis""]","requested tag contains a comma, Shopify stores it split: Dry Skin, Eczema & Psoriasis"
tags,product,gid://shopify/Product/15671275356491,vamousse-head-lice-treatment-mousse,Vamousse Head Lice Treatment Mousse,tagsAdd,Headlice,Headlice|Pharmacy > Children's Medicine,Pharmacy > Children's Medicine,,"tagsRemove id=gid://shopify/Product/15671275356491 tags=[""Headlice""]",
tags,product,gid://shopify/Product/15671254450507,vera-wang-princess-100ml-edt-spr,Vera Wang Princess 100Ml Edt Spr,tagsAdd,Ladies Fragrance Singles,Gifts > Women's Fragrance|Ladies Fragrance Singles,Gifts > Women's Fragrance,,"tagsRemove id=gid://shopify/Product/15671254450507 tags=[""Ladies Fragrance Singles""]",
tags,product,gid://shopify/Product/15671348363595,viagra-connect-50mg-tablets-4-pack,Viagra Connect 50Mg Tablets 4 Pack,tagsAdd,Erectile Dysfunction,Erectile Dysfunction|pharmacist-review|Pharmacy > Sexual Health|questionnaire-ed|Viagra Connect,pharmacist-review|Pharmacy > Sexual Health|questionnaire-ed|Viagra Connect,,"tagsRemove id=gid://shopify/Product/15671348363595 tags=[""Erectile Dysfunction""]",
tags,product,gid://shopify/Product/15671307895115,viagra-connect-50mg-tablets-8-pack,Viagra Connect 50Mg Tablets 8 Pack,tagsAdd,Erectile Dysfunction,Erectile Dysfunction|pharmacist-review|Pharmacy > Sexual Health|questionnaire-ed|Viagra Connect,pharmacist-review|Pharmacy > Sexual Health|questionnaire-ed|Viagra Connect,,"tagsRemove id=gid://shopify/Product/15671307895115 tags=[""Erectile Dysfunction""]",
tags,product,gid://shopify/Product/15671321035083,vicks-first-defense-15ml-nasal-spray,Vicks First Defense 15Ml Nasal Spray,tagsAdd,Blocked Nose & Sinus,Blocked Nose & Sinus|pharmacist-review|Pharmacy > Cold & Flu|Vicks,pharmacist-review|Pharmacy > Cold & Flu|Vicks,,"tagsRemove id=gid://shopify/Product/15671321035083 tags=[""Blocked Nose & Sinus""]",
tags,product,gid://shopify/Product/15671268376907,vicks-inhaler-nasal-stick,Vicks Inhaler Nasal Stick,tagsAdd,Blocked Nose & Sinus,Blocked Nose & Sinus|pharmacist-review|Pharmacy > Cold & Flu|Vicks,pharmacist-review|Pharmacy > Cold & Flu|Vicks,,"tagsRemove id=gid://shopify/Product/15671268376907 tags=[""Blocked Nose & Sinus""]",
tags,product,gid://shopify/Product/15671352852811,vicks-sinex-micromist-nasal-spray,Vicks Sinex Micromist Nasal Spray,tagsAdd,Blocked Nose & Sinus,Blocked Nose & Sinus|pharmacist-review|Pharmacy > Cold & Flu|Vicks,pharmacist-review|Pharmacy > Cold & Flu|Vicks,,"tagsRemove id=gid://shopify/Product/15671352852811 tags=[""Blocked Nose & Sinus""]",
tags,product,gid://shopify/Product/15671364649291,vicks-vapopads-7,Vicks Vapopads 7,tagsAdd,Blocked Nose & Sinus,Blocked Nose & Sinus|pharmacist-review|Pharmacy > Cold & Flu|Vicks,pharmacist-review|Pharmacy > Cold & Flu|Vicks,,"tagsRemove id=gid://shopify/Product/15671364649291 tags=[""Blocked Nose & Sinus""]",
tags,product,gid://shopify/Product/15671305830731,vicks-vaporub-100g-tub,Vicks Vaporub 100G Tub,tagsAdd,Blocked Nose & Sinus,Blocked Nose & Sinus|pharmacist-review|Pharmacy > Cold & Flu|Vicks,pharmacist-review|Pharmacy > Cold & Flu|Vicks,,"tagsRemove id=gid://shopify/Product/15671305830731 tags=[""Blocked Nose & Sinus""]",
tags,product,gid://shopify/Product/15671368352075,vicks-vaporub-50g-tub,Vicks Vaporub 50G Tub,tagsAdd,Blocked Nose & Sinus,Blocked Nose & Sinus|pharmacist-review|Pharmacy > Cold & Flu|Vicks,pharmacist-review|Pharmacy > Cold & Flu|Vicks,,"tagsRemove id=gid://shopify/Product/15671368352075 tags=[""Blocked Nose & Sinus""]",
tags,product,gid://shopify/Product/15671308779851,viralief-cs-cream-2g,Viralief Cs Cream 2G,tagsAdd,Mouth Ulcers & Cold Sores,Mouth Ulcers & Cold Sores|pharmacist-review|Pharmacy > Oral Health|Viralief,pharmacist-review|Pharmacy > Oral Health|Viralief,,"tagsRemove id=gid://shopify/Product/15671308779851 tags=[""Mouth Ulcers & Cold Sores""]",
tags,product,gid://shopify/Product/15671332667723,viscolex-syrup-250ml,Viscolex Syrup 250Ml,tagsAdd,Cough,Cough|pharmacist-review|Pharmacy > Cold & Flu|Viscolex,pharmacist-review|Pharmacy > Cold & Flu|Viscolex,,"tagsRemove id=gid://shopify/Product/15671332667723 tags=[""Cough""]",
tags,product,gid://shopify/Product/15671359078731,vital-proteins-collagen-peptides-10-satchets,Vital Proteins Collagen Peptides 10 Satchets,tagsAdd,"Skin, Hair & Nails",Hair & Nails|Skin|Vitamins,Vitamins,,"tagsRemove id=gid://shopify/Product/15671359078731 tags=[""Hair & Nails"", ""Skin""]","requested tag contains a comma, Shopify stores it split: Skin, Hair & Nails"
tags,product,gid://shopify/Product/15671281844555,vital-proteins-marine-collagen-10-satchets,Vital Proteins Marine Collagen 10 Satchets,tagsAdd,"Skin, Hair & Nails",Hair & Nails|Skin|Solgar|Vitamins,Solgar|Vitamins,,"tagsRemove id=gid://shopify/Product/15671281844555 tags=[""Hair & Nails"", ""Skin""]","requested tag contains a comma, Shopify stores it split: Skin, Hair & Nails"
tags,product,gid://shopify/Product/15671328538955,voltarol-1-100g,Voltarol 1% 100G,tagsAdd,Muscle & Joint Pain,Muscle & Joint Pain|pharmacist-review|Pharmacy > Pain Relief|Voltarol,pharmacist-review|Pharmacy > Pain Relief|Voltarol,,"tagsRemove id=gid://shopify/Product/15671328538955 tags=[""Muscle & Joint Pain""]",
tags,product,gid://shopify/Product/15671362257227,voltarol-1-emulgel-30g,Voltarol 1% Emulgel 30G,tagsAdd,Muscle & Joint Pain,Muscle & Joint Pain|pharmacist-review|Pharmacy > Pain Relief|Voltarol,pharmacist-review|Pharmacy > Pain Relief|Voltarol,,"tagsRemove id=gid://shopify/Product/15671362257227 tags=[""Muscle & Joint Pain""]",
tags,product,gid://shopify/Product/15671428120907,voltarol-1-emulgel-p-50g,Voltarol 1% Emulgel P 50G,tagsAdd,Muscle & Joint Pain,Muscle & Joint Pain|pharmacist-review|Pharmacy > Pain Relief|Voltarol,pharmacist-review|Pharmacy > Pain Relief|Voltarol,,"tagsRemove id=gid://shopify/Product/15671428120907 tags=[""Muscle & Joint Pain""]",
tags,product,gid://shopify/Product/15671332110667,voltarol-2-extra-strength-gel-30g,Voltarol 2% Extra Strength Gel 30G,tagsAdd,Muscle & Joint Pain,Muscle & Joint Pain|pharmacist-review|Pharmacy > Pain Relief|Voltarol,pharmacist-review|Pharmacy > Pain Relief|Voltarol,,"tagsRemove id=gid://shopify/Product/15671332110667 tags=[""Muscle & Joint Pain""]",
tags,product,gid://shopify/Product/15671362388299,voltarol-emulgel-1-no-mess-100g,Voltarol Emulgel 1% No Mess 100G,tagsAdd,Muscle & Joint Pain,Muscle & Joint Pain|pharmacist-review|Pharmacy > Pain Relief|Voltarol,pharmacist-review|Pharmacy > Pain Relief|Voltarol,,"tagsRemove id=gid://shopify/Product/15671362388299 tags=[""Muscle & Joint Pain""]",
tags,product,gid://shopify/Product/15671398859083,wartner-freeze-wart-verruca-50ml-2nd-gen,Wartner Freeze Wart & Verruca 50Ml 2Nd Gen,tagsAdd,"Skintags, Warts & Veruccas",Pharmacy > Foot & Nail Care|Skintags|Wartner|Warts & Veruccas,Pharmacy > Foot & Nail Care|Skintags|Wartner|Warts & Veruccas,,tagsRemove id=gid://shopify/Product/15671398859083 tags=[],"requested tag contains a comma, Shopify stores it split: Skintags, Warts & Veruccas"
tags,product,gid://shopify/Product/15671280927051,xemose-creme-anti-irritation-cre,Xemose Creme Anti Irritation Cre,tagsAdd,"Dry Skin, Eczema & Psoriasis",Dry Skin|Eczema & Psoriasis|Irritated & Damaged Skin|Skincare > Body Care|Uriage,Irritated & Damaged Skin|Skincare > Body Care|Uriage,,"tagsRemove id=gid://shopify/Product/15671280927051 tags=[""Dry Skin"", ""Eczema & Psoriasis""]","requested tag contains a comma, Shopify stores it split: Dry Skin, Eczema & Psoriasis"
tags,product,gid://shopify/Product/15671316283723,xpel-adult-kids-tropical-formula-mosquito-and-insect-repellent-pens,Xpel Adult & Kids Tropical Formula Mosquito And Insect Repellent Pens,tagsAdd,Insect Bites & Prevention,Insect Bites & Prevention|Pharmacy > Travel Essentials,Pharmacy > Travel Essentials,,"tagsRemove id=gid://shopify/Product/15671316283723 tags=[""Insect Bites & Prevention""]",
tags,product,gid://shopify/Product/15671312384331,xpel-mosquito-insect-repellent-pump-spray,Xpel Mosquito & Insect Repellent Pump Spray,tagsAdd,Insect Bites & Prevention,Insect Bites & Prevention|Toiletries > Travel,Toiletries > Travel,,"tagsRemove id=gid://shopify/Product/15671312384331 tags=[""Insect Bites & Prevention""]",
tags,product,gid://shopify/Product/15671362355531,zooki-collagen-citrus-lime-14-sachets,Zooki - Collagen Citrus Lime 14 Sachets,tagsAdd,"Skin, Hair & Nails",Hair & Nails|Skin|Supplements|zooki,Supplements|zooki,,"tagsRemove id=gid://shopify/Product/15671362355531 tags=[""Hair & Nails"", ""Skin""]","requested tag contains a comma, Shopify stores it split: Skin, Hair & Nails"
tags,product,gid://shopify/Product/15671370973515,zooki-collagen-grape-14-sachets,Zooki - Collagen Grape 14 Sachets,tagsAdd,"Skin, Hair & Nails",Hair & Nails|Skin|Supplements|zooki,Supplements|zooki,,"tagsRemove id=gid://shopify/Product/15671370973515 tags=[""Hair & Nails"", ""Skin""]","requested tag contains a comma, Shopify stores it split: Skin, Hair & Nails"
tags,product,gid://shopify/Product/15671400038731,zovirax-cream-pump-2g,Zovirax Cream Pump 2G,tagsAdd,Mouth Ulcers & Cold Sores,Mouth Ulcers & Cold Sores|pharmacist-review|Pharmacy > Oral Health|Zovirax,pharmacist-review|Pharmacy > Oral Health|Zovirax,,"tagsRemove id=gid://shopify/Product/15671400038731 tags=[""Mouth Ulcers & Cold Sores""]",
