product_id,handle,title,status,variant_id,sku,tracked_before,inventory_policy_before,quantity_before,change
gid://shopify/Product/15671253991755,revive-active-tropical-210-sachets-7-months-supply,Revive Active Tropical 210 Sachets 7 Months Supply,ACTIVE,gid://shopify/ProductVariant/57050810777931,4789625416554,True,DENY,1,inventoryPolicy DENY -> CONTINUE
gid://shopify/Product/15671254090059,bperfect-mrs-glam-snatch-stick-cool-moon-02-light-tan,Bperfect Mrs Glam Snatch Stick Cool Moon 02 Light Tan,ACTIVE,gid://shopify/ProductVariant/57050810876235,5060938588952,True,DENY,1,inventoryPolicy DENY -> CONTINUE
gid://shopify/Product/15671254122827,aveeno-body-wash,Aveeno Body Wash,ACTIVE,gid://shopify/ProductVariant/57050810909003,3574661490212,True,DENY,1,inventoryPolicy DENY -> CONTINUE
gid://shopify/Product/15671254253899,boss-alive-ladies-30ml-2pc-gift-set,Boss Alive Ladies 30Ml 2Pc Gift Set,ACTIVE,gid://shopify/ProductVariant/57050811269451,3616304197918,True,DENY,1,inventoryPolicy DENY -> CONTINUE
gid://shopify/Product/15671254286667,l-oreal-paris-elvive-dream-lengths-conditioner-for-long-damaged-hair-300ml,L'oreal Paris Elvive Dream Lengths Conditioner For Long Damaged Hair 300Ml,ACTIVE,gid://shopify/ProductVariant/57050811302219,3600523586912,True,DENY,1,inventoryPolicy DENY -> CONTINUE
gid://shopify/Product/15671254319435,sculpted-satin-silk-longwear-concealer-golden,Sculpted Satin Silk Longwear Concealer- Golden,ACTIVE,gid://shopify/ProductVariant/57050811334987,satincongolden,True,DENY,1,inventoryPolicy DENY -> CONTINUE
gid://shopify/Product/15671254417739,jenny-glow-billionaire-inspired-by-paco-rabanne-lady-million-15ml,Jenny Glow Billionaire Inspired By Paco Rabanne Lady Million 15Ml,ACTIVE,gid://shopify/ProductVariant/57050811433291,6294015179484,True,DENY,1,inventoryPolicy DENY -> CONTINUE
gid://shopify/Product/15671254450507,vera-wang-princess-100ml-edt-spr,Vera Wang Princess 100Ml Edt Spr,ACTIVE,gid://shopify/ProductVariant/57050811466059,688575179415,True,DENY,1,inventoryPolicy DENY -> CONTINUE
gid://shopify/Product/15671254516043,scuplted-lashlift-ultra-black,Scuplted Lashlift Ultra Black,ACTIVE,gid://shopify/ProductVariant/57050811531595,5391545124791,True,DENY,1,inventoryPolicy DENY -> CONTINUE
gid://shopify/Product/15671254581579,uriage-eau-thermal-water-mist-150ml,Uriage Eau Thermal Water Mist 150Ml,ACTIVE,gid://shopify/ProductVariant/57050811760971,3661434000515,True,DENY,1,inventoryPolicy DENY -> CONTINUE
gid://shopify/Product/15671254647115,wild-jasmine-starter-pack-with-refill-mix-6,Wild Jasmine Starter Pack With Refill Mix 6,ACTIVE,gid://shopify/ProductVariant/57050811826507,wild17mix,True,DENY,1,inventoryPolicy DENY -> CONTINUE
gid://shopify/Product/15671254745419,luna-filter-finish-silk-foundation-medium,Luna Filter Finish Silk Foundation - Medium,ACTIVE,gid://shopify/ProductVariant/57050812023115,Lunamediumsilk,True,DENY,1,inventoryPolicy DENY -> CONTINUE
gid://shopify/Product/15671254810955,kin-gingival-mouthwash-250ml,Kin Gingival Mouthwash 250Ml,ACTIVE,gid://shopify/ProductVariant/57050812088651,8436026210826,True,DENY,1,inventoryPolicy DENY -> CONTINUE
gid://shopify/Product/15671254876491,got2b-glued-spiking-wax,Got2b Glued Spiking Wax,ACTIVE,gid://shopify/ProductVariant/57050812154187,5012583203797,True,DENY,1,inventoryPolicy DENY -> CONTINUE
gid://shopify/Product/15671254909259,sculpted-cream-cushion-foundation-2w,Sculpted Cream Cushion Foundation 2W,ACTIVE,gid://shopify/ProductVariant/57050812186955,5391548381504,True,DENY,1,inventoryPolicy DENY -> CONTINUE
gid://shopify/Product/15671255073099,optrex-actimist-10ml-eye-spray-2n1-dry-irritated,Optrex Actimist 10Ml Eye Spray 2N1 Dry & Irritated,ACTIVE,gid://shopify/ProductVariant/57050812318027,5000158101241,True,DENY,1,inventoryPolicy DENY -> CONTINUE
gid://shopify/Product/15671255204171,uriage-eau-micellaire-cleansing-water-250ml,Uriage Eau Micellaire Cleansing Water 250Ml,ACTIVE,gid://shopify/ProductVariant/57050812449099,3661434009389,True,DENY,1,inventoryPolicy DENY -> CONTINUE
gid://shopify/Product/15671255269707,batiste-dry-shampoo-tropical-200ml,Batiste Dry Shampoo Tropical 200Ml,ACTIVE,gid://shopify/ProductVariant/57050812514635,5010724527511,True,DENY,1,inventoryPolicy DENY -> CONTINUE
gid://shopify/Product/15671255400779,medicare-7-day-pillbox,Medicare 7 Day Pillbox,ACTIVE,gid://shopify/ProductVariant/57050812973387,5099390404777,True,DENY,1,inventoryPolicy DENY -> CONTINUE
gid://shopify/Product/15671255433547,medicare-foam-toe-protector-large,Medicare Foam Toe Protector Large,ACTIVE,gid://shopify/ProductVariant/57050813006155,5099390407846,True,DENY,1,inventoryPolicy DENY -> CONTINUE
gid://shopify/Product/15671255531851,wild-coconut-starter-pack-with-refill-mix-4,Wild Coconut Starter Pack With Refill Mix 4,ACTIVE,gid://shopify/ProductVariant/57050813104459,wild11mix,True,DENY,1,inventoryPolicy DENY -> CONTINUE
gid://shopify/Product/15671255662923,bperfect-mrs-glam-raspberry-zest-lip-oil,Bperfect Mrs Glam Raspberry Zest Lip Oil,ACTIVE,gid://shopify/ProductVariant/57050813235531,5061045652642,True,DENY,1,inventoryPolicy DENY -> CONTINUE
gid://shopify/Product/15671255761227,spatone-apple-iron-supplement-25ml-28pk,Spatone Apple Iron Supplement 25Ml 28Pk,ACTIVE,gid://shopify/ProductVariant/57050813333835,5000488107623,True,DENY,1,inventoryPolicy DENY -> CONTINUE
gid://shopify/Product/15671255793995,mam-easy-start-anti-colic-2-months-blue,Mam Easy Start Anti Colic 2+Months Blue,ACTIVE,gid://shopify/ProductVariant/57050813366603,9001616908255,True,DENY,1,inventoryPolicy DENY -> CONTINUE
gid://shopify/Product/15671255826763,nicorette-freshmint-2mg-30pk,Nicorette Freshmint 2Mg 30Pk,ACTIVE,gid://shopify/ProductVariant/57050813399371,3574661145488,True,DENY,1,inventoryPolicy DENY -> CONTINUE
gid://shopify/Product/15671255892299,vitabiotics-perfectil-original-30pk,Vitabiotics Perfectil Original 30Pk,ACTIVE,gid://shopify/ProductVariant/57050813464907,5021265220038,True,DENY,1,inventoryPolicy DENY -> CONTINUE
gid://shopify/Product/15671255925067,the-handmade-soap-company-bitter-orange-pink-pepper-pillow-mist-100ml,The Handmade Soap Company Bitter Orange & Pink Pepper Pillow Mist 100Ml,ACTIVE,gid://shopify/ProductVariant/57050813497675,5391520236426,True,DENY,1,inventoryPolicy DENY -> CONTINUE
gid://shopify/Product/15671255957835,medicare-instant-ice-spray-200ml,Medicare Instant Ice Spray 200Ml,ACTIVE,gid://shopify/ProductVariant/57050813530443,5099390418071,True,DENY,1,inventoryPolicy DENY -> CONTINUE
gid://shopify/Product/15671256023371,first-response-preg-test-single,First Response Preg Test Single,ACTIVE,gid://shopify/ProductVariant/57050813595979,5010724506370,True,DENY,1,inventoryPolicy DENY -> CONTINUE
gid://shopify/Product/15671256285515,the-handmade-soap-company-lemongrass-cedarwood-shower-gel-250ml,The Handmade Soap Company Lemongrass & Cedarwood Shower Gel 250Ml,ACTIVE,gid://shopify/ProductVariant/57050814284107,5391520236105,True,DENY,1,inventoryPolicy DENY -> CONTINUE
gid://shopify/Product/15671256482123,loreal-magic-root-touch-light-blonde-75ml,Loreal Magic Root Touch Light Blonde 75Ml,ACTIVE,gid://shopify/ProductVariant/57050814480715,3600523388233,True,DENY,1,inventoryPolicy DENY -> CONTINUE
gid://shopify/Product/15671256547659,hayfever-heroes-bundle,Hayfever Heroes Bundle,ACTIVE,gid://shopify/ProductVariant/57050814546251,hayfeverbundle,True,DENY,1,inventoryPolicy DENY -> CONTINUE
gid://shopify/Product/15671256645963,centrum-advance-30pk,Centrum Advance 30Pk,ACTIVE,gid://shopify/ProductVariant/57050814644555,5000309008146,True,DENY,1,inventoryPolicy DENY -> CONTINUE
gid://shopify/Product/15671256678731,the-great-defender-9g,The Great Defender 9G,ACTIVE,gid://shopify/ProductVariant/57050814808395,5034033000527,True,DENY,1,inventoryPolicy DENY -> CONTINUE
gid://shopify/Product/15671256940875,the-great-defender-14pk,The Great Defender 14Pk,ACTIVE,gid://shopify/ProductVariant/57050815430987,5034033000534,True,DENY,1,inventoryPolicy DENY -> CONTINUE
gid://shopify/Product/15671257071947,optibac-probiotics-one-week-flat-sachets-7s,Optibac Probiotics One Week Flat Sachets 7S,ACTIVE,gid://shopify/ProductVariant/57050815562059,5060086610086,True,DENY,1,inventoryPolicy DENY -> CONTINUE
gid://shopify/Product/15671257137483,biabelle-bundle-instant-shimmer-ultra-dark,Biabelle Bundle Instant Shimmer- Ultra Dark,ACTIVE,gid://shopify/ProductVariant/57050815627595,biabelle34,True,DENY,1,inventoryPolicy DENY -> CONTINUE
gid://shopify/Product/15671257235787,wild-aqua-case-and-fresh-cotton-sea-salt-deodorant-starter-pack,Wild Aqua Case And Fresh Cotton & Sea Salt Deodorant Starter Pack,ACTIVE,gid://shopify/ProductVariant/57050815725899,wild1,True,DENY,1,inventoryPolicy DENY -> CONTINUE
gid://shopify/Product/15671257301323,savlon-antiseptic-cream-60g,Savlon Antiseptic Cream 60G,ACTIVE,gid://shopify/ProductVariant/57050815791435,5099562923952,True,DENY,1,inventoryPolicy DENY -> CONTINUE
gid://shopify/Product/15671257334091,sculpted-satin-silk-longwear-foundation-light-plus,Sculpted Satin Silk Longwear Foundation - Light Plus,ACTIVE,gid://shopify/ProductVariant/57050815824203,satinsilklightplus,True,DENY,1,inventoryPolicy DENY -> CONTINUE
gid://shopify/Product/15671257399627,bach-rr-drops-10ml,Bach Rr Drops 10Ml,ACTIVE,gid://shopify/ProductVariant/57050815889739,741273021001,True,DENY,1,inventoryPolicy DENY -> CONTINUE
gid://shopify/Product/15671257465163,ella-jo-3-in-1-hyaluronic-skin-mist-100ml,Ella & Jo 3 In 1 Hyaluronic Skin Mist 100Ml,ACTIVE,gid://shopify/ProductVariant/57050815955275,5392000150324,True,DENY,1,inventoryPolicy DENY -> CONTINUE
gid://shopify/Product/15671257530699,wild-purple-case-and-coconut-dreams-deodorant-starter-pack,Wild Purple Case And Coconut Dreams Deodorant Starter Pack,ACTIVE,gid://shopify/ProductVariant/57050816020811,wild3,True,DENY,1,inventoryPolicy DENY -> CONTINUE
gid://shopify/Product/15671257727307,voduz-cleanse-it-illuminating-shampoo,Voduz Cleanse It Illuminating Shampoo,ACTIVE,gid://shopify/ProductVariant/57050816348491,5060938583223,True,DENY,1,inventoryPolicy DENY -> CONTINUE
gid://shopify/Product/15671257825611,dettol-antiseptic-liquid-750ml,Dettol Antiseptic Liquid 750Ml,ACTIVE,gid://shopify/ProductVariant/57050816446795,50158225,True,DENY,1,inventoryPolicy DENY -> CONTINUE
gid://shopify/Product/15671257858379,swisss-o-par-brow-dye-brown,Swisss O.Par Brow Dye Brown,ACTIVE,gid://shopify/ProductVariant/57050816479563,7612567135618,True,DENY,1,inventoryPolicy DENY -> CONTINUE
gid://shopify/Product/15671257989451,luna-filter-finish-concealer-vanilla,Luna Filter Finish Concealer -Vanilla,ACTIVE,gid://shopify/ProductVariant/57050816610635,lunavanilla,True,DENY,1,inventoryPolicy DENY -> CONTINUE
gid://shopify/Product/15671258153291,skingredients-skin-protein-anti-ageing-retinoid-serum-45ml-primary,Skingredients Skin Protein Anti-Ageing Retinoid Serum 45Ml Primary,ACTIVE,gid://shopify/ProductVariant/57050816872779,634240001659,True,DENY,1,inventoryPolicy DENY -> CONTINUE
gid://shopify/Product/15671258218827,juvar-com-plex-bond-leave-in-conditioner-120ml,Juvaré Com-Plex Bond Leave-In Conditioner 120Ml,ACTIVE,gid://shopify/ProductVariant/57050816938315,0698596599192,True,DENY,1,inventoryPolicy DENY -> CONTINUE
gid://shopify/Product/15671258317131,tampax-pearl-regular-18pk,Tampax Pearl Regular 18Pk,ACTIVE,gid://shopify/ProductVariant/57050817167691,8001090733795,True,DENY,1,inventoryPolicy DENY -> CONTINUE
gid://shopify/Product/15671258448203,bioxtra-mouthrinse-250ml-dry-mouth,Bioxtra Mouthrinse 250Ml Dry Mouth,ACTIVE,gid://shopify/ProductVariant/57050818085195,5425005120020,True,DENY,1,inventoryPolicy DENY -> CONTINUE
gid://shopify/Product/15671258644811,bayliss-harding-wild-lavender-geranium-luxury-hand-wash-500ml,Bayliss & Harding Wild Lavender & Geranium Luxury Hand Wash 500Ml,ACTIVE,gid://shopify/ProductVariant/57050818281803,017854120020,True,DENY,1,inventoryPolicy DENY -> CONTINUE
gid://shopify/Product/15671258775883,bepanthen-nappy-ointment-100g,Bepanthen Nappy Ointment 100G,ACTIVE,gid://shopify/ProductVariant/57050818445643,5010605292330,True,DENY,1,inventoryPolicy DENY -> CONTINUE
gid://shopify/Product/15671258874187,pestle-mortar-essentials-hand-wash-300ml,Pestle & Mortar Essentials Hand Wash 300Ml,ACTIVE,gid://shopify/ProductVariant/57050818543947,855238006771,True,DENY,1,inventoryPolicy DENY -> CONTINUE
gid://shopify/Product/15671258906955,bperfect-the-cheek-liquid-blush-pretty-pink,Bperfect The Cheek Liquid Blush Pretty Pink,ACTIVE,gid://shopify/ProductVariant/57050818576715,5061007281347,True,DENY,1,inventoryPolicy DENY -> CONTINUE
gid://shopify/Product/15671258939723,sensodyne-pronamel-tp-mint-75ml,Sensodyne Pronamel Tp Mint 75Ml,ACTIVE,gid://shopify/ProductVariant/57050818609483,5000347022999,True,DENY,1,inventoryPolicy DENY -> CONTINUE
gid://shopify/Product/15671259005259,pestle-mortar-brightening-bundle,Pestle & Mortar Brightening Bundle,ACTIVE,gid://shopify/ProductVariant/57050818675019,48564985643598,True,DENY,1,inventoryPolicy DENY -> CONTINUE
gid://shopify/Product/15671259103563,emergen-c-super-orange-8pk,Emergen-C Super Orange 8Pk,ACTIVE,gid://shopify/ProductVariant/57050818773323,5000309007620,True,DENY,1,inventoryPolicy DENY -> CONTINUE
gid://shopify/Product/15671259234635,bperfect-indestructi-brow-charcoal,Bperfect Indestructi'brow Charcoal,ACTIVE,gid://shopify/ProductVariant/57050818904395,793618273675,True,DENY,1,inventoryPolicy DENY -> CONTINUE
gid://shopify/Product/15671259365707,jimmy-choo-i-want-choo-40ml-edp-spray,Jimmy Choo I Want Choo 40Ml Edp Spray,ACTIVE,gid://shopify/ProductVariant/57050819035467,3386460119276,True,DENY,1,inventoryPolicy DENY -> CONTINUE
gid://shopify/Product/15671259627851,uriage-age-lift-firming-smoothing-day-cream,Uriage Age Lift Firming Smoothing Day Cream,ACTIVE,gid://shopify/ProductVariant/57050819395915,3661434009242,True,DENY,1,inventoryPolicy DENY -> CONTINUE
gid://shopify/Product/15671259758923,bperfect-skin-studio-spf50-hydrosheer-skin-glaze-50ml,Bperfect Skin Studio Spf50 Hydrosheer Skin Glaze 50Ml,ACTIVE,gid://shopify/ProductVariant/57050819723595,5061007284119,True,DENY,1,inventoryPolicy DENY -> CONTINUE
gid://shopify/Product/15671259824459,dulcolax-supp-10mg-adult-12pk,Dulcolax Supp 10Mg Adult 12Pk,ACTIVE,gid://shopify/ProductVariant/57050819789131,5012917020489,True,DENY,1,inventoryPolicy DENY -> CONTINUE
gid://shopify/Product/15671259857227,2-piece-mens-set-bad-guy,2 Piece Mens Set Bad Guy,ACTIVE,gid://shopify/ProductVariant/57050819821899,6294015192230,True,DENY,1,inventoryPolicy DENY -> CONTINUE
gid://shopify/Product/15671259922763,mrs-glam-flawless-beauty,Mrs Glam Flawless Beauty,ACTIVE,gid://shopify/ProductVariant/57050819887435,5060806560608,True,DENY,1,inventoryPolicy DENY -> CONTINUE
gid://shopify/Product/15671259955531,lemsip-max-strength-hot-lemon-5pk,Lemsip Max Strength Hot Lemon 5Pk,ACTIVE,gid://shopify/ProductVariant/57050819920203,5000158064188,True,DENY,1,inventoryPolicy DENY -> CONTINUE
gid://shopify/Product/15671260184907,lice-dr-preventation-elastics-4-s,Lice Dr Preventation Elastics 4'S,ACTIVE,gid://shopify/ProductVariant/57050820608331,5060016143172,True,DENY,1,inventoryPolicy DENY -> CONTINUE
gid://shopify/Product/15671260381515,revive-active-original-30pk,Revive Active Original 30Pk,ACTIVE,gid://shopify/ProductVariant/57050821034315,5391517512175,True,DENY,1,inventoryPolicy DENY -> CONTINUE
gid://shopify/Product/15671260479819,wild-coconut-starter-pack-with-refill-mix-2,Wild Coconut Starter Pack With Refill Mix 2,ACTIVE,gid://shopify/ProductVariant/57050821132619,wild9mix,True,DENY,1,inventoryPolicy DENY -> CONTINUE
gid://shopify/Product/15671260774731,voduz-r-oil-and-hairdryer-bundle,Voduz R'oil And Hairdryer Bundle,ACTIVE,gid://shopify/ProductVariant/57050821656907,VoduzHairdyerBundle1,True,DENY,1,inventoryPolicy DENY -> CONTINUE
gid://shopify/Product/15671260807499,berocca-boost-15pk-eff,Berocca Boost 15Pk Eff,ACTIVE,gid://shopify/ProductVariant/57050821722443,5010605952067,True,DENY,1,inventoryPolicy DENY -> CONTINUE
gid://shopify/Product/15671260905803,voduz-trendsetter-extra-strong-hold-hairspray-75ml,Voduz Trendsetter Extra Strong Hold Hairspray 75Ml,ACTIVE,gid://shopify/ProductVariant/57050821820747,minitrendsetter,True,DENY,1,inventoryPolicy DENY -> CONTINUE
gid://shopify/Product/15671260938571,gillette-shaving-foam-200ml,Gillette Shaving Foam 200Ml,ACTIVE,gid://shopify/ProductVariant/57050821853515,3014260000318,True,DENY,1,inventoryPolicy DENY -> CONTINUE
gid://shopify/Product/15671261135179,bach-rr-spray-20ml,Bach Rr Spray 20Ml,ACTIVE,gid://shopify/ProductVariant/57050822050123,5000488201383,True,DENY,1,inventoryPolicy DENY -> CONTINUE
gid://shopify/Product/15671261167947,paco-rabanne-1-million-mens-50ml-edt-spr,Paco Rabanne 1 Million Mens 50Ml Edt Spr,ACTIVE,gid://shopify/ProductVariant/57050822082891,3349666007891,True,DENY,1,inventoryPolicy DENY -> CONTINUE
gid://shopify/Product/15671261364555,hero-mighty-patch-the-original,Hero Mighty Patch The Original,ACTIVE,gid://shopify/ProductVariant/57050822508875,5010724000328,True,DENY,1,inventoryPolicy DENY -> CONTINUE
gid://shopify/Product/15671261462859,vaseline-hand-nail-cream-200ml,Vaseline Hand & Nail Cream 200Ml,ACTIVE,gid://shopify/ProductVariant/57050822607179,8712561485548,True,DENY,1,inventoryPolicy DENY -> CONTINUE
gid://shopify/Product/15671261593931,the-handmade-soap-company-because-you-re-amazing-giftset,The Handmade Soap Company Because You're Amazing Giftset,ACTIVE,gid://shopify/ProductVariant/57050822738251,5391520237928,True,DENY,1,inventoryPolicy DENY -> CONTINUE
gid://shopify/Product/15671261888843,chroma-liquid-concealer-w1,Chroma Liquid Concealer W1,ACTIVE,gid://shopify/ProductVariant/57050823164235,5060907054556,True,DENY,1,inventoryPolicy DENY -> CONTINUE
gid://shopify/Product/15671261954379,medicare-size-d-1m-tubular-supp-bandage,Medicare Size D 1M Tubular Supp Bandage,ACTIVE,gid://shopify/ProductVariant/57050823229771,5099390403114,True,DENY,1,inventoryPolicy DENY -> CONTINUE
gid://shopify/Product/15671262511435,voduz-hold-tight-creaseless-clips,Voduz Hold Tight Creaseless Clips,ACTIVE,gid://shopify/ProductVariant/57050824376651,5060806564224,True,DENY,1,inventoryPolicy DENY -> CONTINUE
gid://shopify/Product/15671262740811,luna-by-lisa-repair-shampoo,Luna By Lisa Repair Shampoo,ACTIVE,gid://shopify/ProductVariant/57050824606027,5391532528328,True,DENY,1,inventoryPolicy DENY -> CONTINUE
gid://shopify/Product/15671262773579,benylin-125ml-chesty-cough-n-d,Benylin 125Ml Chesty Cough N/D,ACTIVE,gid://shopify/ProductVariant/57050824638795,5010123649852,True,DENY,1,inventoryPolicy DENY -> CONTINUE
gid://shopify/Product/15671262871883,uriage-hyseac-oily-skin-bundle,Uriage Hyseac Oily Skin Bundle,ACTIVE,gid://shopify/ProductVariant/57050824737099,uriagebundle1,True,DENY,1,inventoryPolicy DENY -> CONTINUE
gid://shopify/Product/15671263330635,full-marks-solution-200ml,Full Marks Solution 200Ml,ACTIVE,gid://shopify/ProductVariant/57050825261387,5038483224441,True,DENY,1,inventoryPolicy DENY -> CONTINUE
gid://shopify/Product/15671263396171,fabu-shrooms-gut-60pk,Fabu Shrooms Gut 60Pk,ACTIVE,gid://shopify/ProductVariant/57050825326923,3743184122782,True,DENY,1,inventoryPolicy DENY -> CONTINUE
gid://shopify/Product/15671263428939,symprove-on-the-go-original-7-x-70ml,Symprove On The Go Original 7 X 70Ml,ACTIVE,gid://shopify/ProductVariant/57050825359691,5060221910378,True,DENY,1,inventoryPolicy DENY -> CONTINUE
gid://shopify/Product/15671263494475,lynx-body-spray-150ml-africa,Lynx Body Spray 150Ml Africa,ACTIVE,gid://shopify/ProductVariant/57050825425227,8717644012208,True,DENY,1,inventoryPolicy DENY -> CONTINUE
gid://shopify/Product/15671263527243,revlon-uniq-one-hair-treatment-150ml,Revlon Uniq One Hair Treatment 150Ml,ACTIVE,gid://shopify/ProductVariant/57050825457995,8432225129785,True,DENY,1,inventoryPolicy DENY -> CONTINUE
gid://shopify/Product/15671263625547,buttercup-broncho-stop-cough-syrup-120ml,Buttercup Broncho Stop Cough Syrup 120Ml,ACTIVE,gid://shopify/ProductVariant/57050825556299,5012616262654,True,DENY,1,inventoryPolicy DENY -> CONTINUE
gid://shopify/Product/15671263822155,lacoste-touch-of-pink-ladies-90ml-edt-spr,Lacoste Touch Of Pink Ladies 90Ml Edt Spr,ACTIVE,gid://shopify/ProductVariant/57050825883979,0737052191324,True,DENY,1,inventoryPolicy DENY -> CONTINUE
gid://shopify/Product/15671263887691,tropex-5-ear-drops-10ml,Tropex 5% Ear Drops 10Ml,ACTIVE,gid://shopify/ProductVariant/57050825949515,5390387006012,True,DENY,1,inventoryPolicy DENY -> CONTINUE
gid://shopify/Product/15671264018763,chroma-cover-matte-foundation-w5,Chroma Cover Matte Foundation - W5,ACTIVE,gid://shopify/ProductVariant/57050826080587,5060907055904,True,DENY,1,inventoryPolicy DENY -> CONTINUE
gid://shopify/Product/15671264182603,voduz-cleanse-it-repair-shampoo,Voduz Cleanse It Repair Shampoo,ACTIVE,gid://shopify/ProductVariant/57050826604875,5060907059186,True,DENY,1,inventoryPolicy DENY -> CONTINUE
gid://shopify/Product/15671264248139,skingredients-sally-clenase-2-salicylic-acid-oil-control-cleanser-primary-100ml,Skingredients Sally Clenase 2% Salicylic Acid Oil Control Cleanser Primary 100Ml,ACTIVE,gid://shopify/ProductVariant/57050826768715,634240001697,True,DENY,1,inventoryPolicy DENY -> CONTINUE
gid://shopify/Product/15671264346443,nivea-feel-heavenly-set,Nivea Feel Heavenly Set,ACTIVE,gid://shopify/ProductVariant/57050826867019,5025970014494,True,DENY,1,inventoryPolicy DENY -> CONTINUE
gid://shopify/Product/15671264608587,sensi-kin-toothpaste-75ml-daily-hypersensitivity,Sensi-Kin Toothpaste 75Ml Daily Hypersensitivity,ACTIVE,gid://shopify/ProductVariant/57050827293003,8470002191709,True,DENY,1,inventoryPolicy DENY -> CONTINUE
gid://shopify/Product/15671264936267,chroma-cover-matte-foundation-w8,Chroma Cover Matte Foundation - W8,ACTIVE,gid://shopify/ProductVariant/57050827915595,5060907055959,True,DENY,1,inventoryPolicy DENY -> CONTINUE
gid://shopify/Product/15671265001803,wild-pink-case-and-jasmine-mandarin-blossom-deodorant-starter-pack,Wild Pink Case And Jasmine & Mandarin Blossom Deodorant Starter Pack,ACTIVE,gid://shopify/ProductVariant/57050828210507,wild2,True,DENY,1,inventoryPolicy DENY -> CONTINUE
gid://shopify/Product/15671265034571,mccormacks-pharmacy-e-gift-card-75,Mccormacks Pharmacy E-Gift Card €75,ACTIVE,gid://shopify/ProductVariant/57050828243275,giftcard75,True,DENY,1,inventoryPolicy DENY -> CONTINUE
gid://shopify/Product/15671265198411,johnson-s-soft-energise-body-wash-400ml,Johnson's Soft & Energise Body Wash 400Ml,ACTIVE,gid://shopify/ProductVariant/57050828407115,3574661384580,True,DENY,1,inventoryPolicy DENY -> CONTINUE
gid://shopify/Product/15671265460555,neutrogena-t-gel-dry-hair-shampoo-125ml,Neutrogena T/Gel Dry Hair Shampoo 125Ml,ACTIVE,gid://shopify/ProductVariant/57050828669259,3574660007015,True,DENY,1,inventoryPolicy DENY -> CONTINUE
gid://shopify/Product/15671265526091,ilvico-tabs-20pk,Ilvico Tabs 20Pk,ACTIVE,gid://shopify/ProductVariant/57050828734795,5013837204072,True,DENY,1,inventoryPolicy DENY -> CONTINUE
gid://shopify/Product/15671265886539,mm-giraffe-training-toothbrush,Mm Giraffe Training Toothbrush,ACTIVE,gid://shopify/ProductVariant/57050829357387,5060679072680,True,DENY,1,inventoryPolicy DENY -> CONTINUE
gid://shopify/Product/15671265919307,gaviscon-peppermint-liquid-600ml,Gaviscon Peppermint Liquid 600Ml,ACTIVE,gid://shopify/ProductVariant/57050829390155,5000158065956,True,DENY,1,inventoryPolicy DENY -> CONTINUE
gid://shopify/Product/15671266017611,cronzer-cream-brozer-sand,Cronzer Cream Brozer Sand,ACTIVE,gid://shopify/ProductVariant/57050829488459,5060907058806,True,DENY,1,inventoryPolicy DENY -> CONTINUE
gid://shopify/Product/15671266214219,spotlight-ultra-whitening-professional-toothpaste,Spotlight Ultra Whitening Professional Toothpaste,ACTIVE,gid://shopify/ProductVariant/57050829783371,5391531563344,True,DENY,1,inventoryPolicy DENY -> CONTINUE
gid://shopify/Product/15671266246987,voduz-all-rounder-thermal-brush-v4,Voduz All Rounder Thermal Brush V4,ACTIVE,gid://shopify/ProductVariant/57050829816139,793618107970,True,DENY,1,inventoryPolicy DENY -> CONTINUE
gid://shopify/Product/15671266574667,quies-foam-ear-plugs-3pk,Quies Foam Ear Plugs 3Pk,ACTIVE,gid://shopify/ProductVariant/57050830176587,3435171190071,True,DENY,1,inventoryPolicy DENY -> CONTINUE
gid://shopify/Product/15671266705739,declar-age-control-multi-lift-serum-50ml,Declaré Age Control Multi Lift Serum 50Ml,ACTIVE,gid://shopify/ProductVariant/57050833158475,9007867007501,True,DENY,1,inventoryPolicy DENY -> CONTINUE
gid://shopify/Product/15671266836811,dove-advanced-care-reviving-pomegranate-hibiscus-body-wash-225ml,Dove Advanced Care Reviving Pomegranate & Hibiscus Body Wash 225Ml,ACTIVE,gid://shopify/ProductVariant/57050838335819,8720181460111,True,DENY,1,inventoryPolicy DENY -> CONTINUE
gid://shopify/Product/15671267098955,bperfect-mrs-glam-sunset-glow-showstopper-cream-highlight,Bperfect Mrs Glam Sunset Glow Showstopper Cream Highlight,ACTIVE,gid://shopify/ProductVariant/57050840957259,5061045651027,True,DENY,1,inventoryPolicy DENY -> CONTINUE
gid://shopify/Product/15671267361099,the-handmade-soap-company-lemongrass-cedarwood-hand-cream-30ml,The Handmade Soap Company Lemongrass & Cedarwood Hand Cream 30Ml,ACTIVE,gid://shopify/ProductVariant/57050846986571,5391520236167,True,DENY,1,inventoryPolicy DENY -> CONTINUE
gid://shopify/Product/15671267492171,velvet-kiss-collection,Velvet Kiss Collection,ACTIVE,gid://shopify/ProductVariant/57050847117643,5391545562036,True,DENY,1,inventoryPolicy DENY -> CONTINUE
gid://shopify/Product/15671267524939,jimmy-choo-ladies-40ml-edt-spray,Jimmy Choo Ladies 40Ml Edt Spray,ACTIVE,gid://shopify/ProductVariant/57050847150411,3386460025522,True,DENY,1,inventoryPolicy DENY -> CONTINUE
gid://shopify/Product/15671267656011,king-hair-beauty-mircale-root-touch-up-medium-brown,King Hair & Beauty Mircale Root Touch Up (Medium Brown),ACTIVE,gid://shopify/ProductVariant/57050847412555,0745178915922,True,DENY,1,inventoryPolicy DENY -> CONTINUE
gid://shopify/Product/15671268049227,trilogy-cream-cleanser-200ml,Trilogy Cream Cleanser 200Ml,ACTIVE,gid://shopify/ProductVariant/57050847871307,9421017760090,True,DENY,1,inventoryPolicy DENY -> CONTINUE
gid://shopify/Product/15671268147531,uriage-bariesun-moisrturizing-dry-mist,Uriage Bariesun Moisrturizing Dry Mist,ACTIVE,gid://shopify/ProductVariant/57050847969611,3661434006500,True,DENY,1,inventoryPolicy DENY -> CONTINUE
gid://shopify/Product/15671268213067,durex-invisible-extra-thin-12pk,Durex Invisible Extra Thin 12Pk,ACTIVE,gid://shopify/ProductVariant/57050848067915,5011417569269,True,DENY,1,inventoryPolicy DENY -> CONTINUE
gid://shopify/Product/15671268245835,melolin-n-adh-dressing-20cm-x-10cm,Melolin N-Adh Dressing 20Cm X 10Cm,ACTIVE,gid://shopify/ProductVariant/57050848100683,5000223417321,True,DENY,1,inventoryPolicy DENY -> CONTINUE
gid://shopify/Product/15671268376907,vicks-inhaler-nasal-stick,Vicks Inhaler Nasal Stick,ACTIVE,gid://shopify/ProductVariant/57050848231755,5000174025637,True,DENY,1,inventoryPolicy DENY -> CONTINUE
gid://shopify/Product/15671268507979,solgar-skin-hair-and-nail-60tab,"Solgar Skin, Hair And Nail 60Tab",ACTIVE,gid://shopify/ProductVariant/57050848362827,033984017351,True,DENY,1,inventoryPolicy DENY -> CONTINUE
gid://shopify/Product/15671268606283,cydonia-lively-tigers-ointment-30ml,Cydonia Lively Tigers Ointment 30Ml,ACTIVE,gid://shopify/ProductVariant/57050848461131,3870112000307,True,DENY,1,inventoryPolicy DENY -> CONTINUE
gid://shopify/Product/15671268639051,cerumol-ear-drops,Cerumol Ear Drops,ACTIVE,gid://shopify/ProductVariant/57050848493899,5099562923501,True,DENY,1,inventoryPolicy DENY -> CONTINUE
gid://shopify/Product/15671268770123,voduz-condition-it-volumising-conditioner-300ml,Voduz Condition It Volumising Conditioner 300Ml,ACTIVE,gid://shopify/ProductVariant/57050848723275,5061007286755,True,DENY,1,inventoryPolicy DENY -> CONTINUE
gid://shopify/Product/15671269065035,jenny-glow-olympia-inspired-by-paco-rabanne-olympea-30ml,Jenny Glow Olympia Inspired By Paco Rabanne Olympea 30Ml,ACTIVE,gid://shopify/ProductVariant/57050849247563,6294015153422,True,DENY,1,inventoryPolicy DENY -> CONTINUE
gid://shopify/Product/15671269097803,tena-lady-rmal-discreeet-12pk,Tena Lady Normal Discreet 12Pk,ACTIVE,gid://shopify/ProductVariant/57050849280331,7322541124261,True,DENY,1,inventoryPolicy DENY -> CONTINUE
gid://shopify/Product/15671269196107,hugo-boss-reversed-75ml-edt-spr,Hugo Boss Reversed 75Ml Edt Spr,ACTIVE,gid://shopify/ProductVariant/57050849378635,3614225297687,True,DENY,1,inventoryPolicy DENY -> CONTINUE
gid://shopify/Product/15671269327179,your-zooki-vitamin-d-mixed-berry-20-sachets,Your Zooki- Vitamin D Mixed Berry 20 Sachets,ACTIVE,gid://shopify/ProductVariant/57050849640779,5060518930706,True,DENY,1,inventoryPolicy DENY -> CONTINUE
gid://shopify/Product/15671269392715,boss-bottled-grey-mens-100ml-edt-spr,Boss Bottled (Grey) Mens 100Ml Edt Spr,ACTIVE,gid://shopify/ProductVariant/57050849837387,737052351100,True,DENY,1,inventoryPolicy DENY -> CONTINUE
gid://shopify/Product/15671269458251,ck-eternity-moments-ladies-100ml-edp-spr,Ck Eternity Moments Ladies 100Ml Edp Spr,ACTIVE,gid://shopify/ProductVariant/57050849902923,088300139491,True,DENY,1,inventoryPolicy DENY -> CONTINUE
gid://shopify/Product/15671269622091,revive-active-meno-active-6-month-supply,Revive Active Meno Active -6 Month Supply,ACTIVE,gid://shopify/ProductVariant/57050850165067,menoactive6,True,DENY,1,inventoryPolicy DENY -> CONTINUE
gid://shopify/Product/15671269720395,declar-age-control-multi-lift-cream-50ml,Declaré Age Control Multi Lift Cream 50Ml,ACTIVE,gid://shopify/ProductVariant/57050850394443,9007867003282,True,DENY,1,inventoryPolicy DENY -> CONTINUE
gid://shopify/Product/15671269785931,uriage-xemose-gentle-cleansing-syndet-200ml,Uriage Xemose Gentle Cleansing Syndet 200Ml,ACTIVE,gid://shopify/ProductVariant/57050850459979,3661434000171,True,DENY,1,inventoryPolicy DENY -> CONTINUE
gid://shopify/Product/15671270048075,uriage-1st-bebe-cu-zn-spray-100ml,Uriage 1St Bebe Cu-Zn Spray 100Ml,ACTIVE,gid://shopify/ProductVariant/57050851082571,3661434008641,True,DENY,1,inventoryPolicy DENY -> CONTINUE
gid://shopify/Product/15671270179147,kin-baby-teething-gel,Kin Baby Teething Gel,ACTIVE,gid://shopify/ProductVariant/57050851246411,8436026216101,True,DENY,1,inventoryPolicy DENY -> CONTINUE
gid://shopify/Product/15671270310219,estee-lauder-double-wear-makeup-pump,Estee Lauder Double Wear Makeup Pump,ACTIVE,gid://shopify/ProductVariant/57050851377483,587167188877,True,DENY,1,inventoryPolicy DENY -> CONTINUE
gid://shopify/Product/15671270408523,hismile-teeth-whitening-pap-toothpaste,Hismile Teeth Whitening Pap+ Toothpaste,ACTIVE,gid://shopify/ProductVariant/57050851475787,93571142,True,DENY,1,inventoryPolicy DENY -> CONTINUE
gid://shopify/Product/15671270441291,imodium-plus-tabs-12pk,Imodium Plus Tabs 12Pk,ACTIVE,gid://shopify/ProductVariant/57050851508555,5027097377339,True,DENY,1,inventoryPolicy DENY -> CONTINUE
gid://shopify/Product/15671270572363,halls-original,Halls Original,ACTIVE,gid://shopify/ProductVariant/57050851869003,50696925,True,DENY,1,inventoryPolicy DENY -> CONTINUE
gid://shopify/Product/15671270637899,bio-oil-dry-skin-gel-100ml,Bio-Oil Dry Skin Gel 100Ml,ACTIVE,gid://shopify/ProductVariant/57050851934539,6001159120933,True,DENY,1,inventoryPolicy DENY -> CONTINUE
gid://shopify/Product/15671270703435,rennie-peppermint-48pk,Rennie Peppermint 48Pk,ACTIVE,gid://shopify/ProductVariant/57050852000075,5010605295065,True,DENY,1,inventoryPolicy DENY -> CONTINUE
gid://shopify/Product/15671271063883,svr-sebiaclear-mat-pores-40ml,Svr Sebiaclear Mat+Pores 40Ml,ACTIVE,gid://shopify/ProductVariant/57050852491595,3662361002726,True,DENY,1,inventoryPolicy DENY -> CONTINUE
gid://shopify/Product/15671271096651,paco-rabanne-olympea-ladies-30ml-edp-spr,Paco Rabanne Olympea Ladies 30Ml Edp Spr,ACTIVE,gid://shopify/ProductVariant/57050855506251,3349668528653,True,DENY,1,inventoryPolicy DENY -> CONTINUE
gid://shopify/Product/15671271817547,anusol-hc-suppositories-12pk,Anusol Hc Suppositories 12Pk,ACTIVE,gid://shopify/ProductVariant/57050868253003,5010724531105,True,DENY,1,inventoryPolicy DENY -> CONTINUE
gid://shopify/Product/15671271850315,iglow-chilli-lips-lip-plumper-peach,Iglow Chilli Lips Lip Plumper Peach,ACTIVE,gid://shopify/ProductVariant/57050868285771,7073186000105,True,DENY,1,inventoryPolicy DENY -> CONTINUE
gid://shopify/Product/15671271883083,jenny-glow-posies-inspired-by-marc-jacobs-daisy-edp-15ml,Jenny Glow Posies Inspired By Marc Jacobs Daisy Edp 15Ml,ACTIVE,gid://shopify/ProductVariant/57050868318539,6294015179538,True,DENY,1,inventoryPolicy DENY -> CONTINUE
gid://shopify/Product/15671272014155,aveeno-300ml-dly-moist-pump,Aveeno 300Ml Dly Moist Pump,ACTIVE,gid://shopify/ProductVariant/57050868449611,3574661285894,True,DENY,1,inventoryPolicy DENY -> CONTINUE
gid://shopify/Product/15671272145227,sona-calcium-with-vit-d-tabs-90pk,Sona Calcium With Vit. D Tabs 90Pk,ACTIVE,gid://shopify/ProductVariant/57050868580683,5390612002703,True,DENY,1,inventoryPolicy DENY -> CONTINUE
gid://shopify/Product/15671272243531,cleanse-off-mitt-pink,Cleanse Off Mitt Pink,ACTIVE,gid://shopify/ProductVariant/57050868678987,630941002001,True,DENY,1,inventoryPolicy DENY -> CONTINUE
gid://shopify/Product/15671272440139,medicare-waterproof-plasters-30pk,Medicare Waterproof Plasters 30Pk,ACTIVE,gid://shopify/ProductVariant/57050869530955,5099390413595,True,DENY,1,inventoryPolicy DENY -> CONTINUE
gid://shopify/Product/15671272472907,rennie-peppermint-24pk,Rennie Peppermint 24Pk,ACTIVE,gid://shopify/ProductVariant/57050871923019,5010605295287,True,DENY,1,inventoryPolicy DENY -> CONTINUE
gid://shopify/Product/15671272538443,sudocrem-tub-60g,Sudocrem Tub 60G,ACTIVE,gid://shopify/ProductVariant/57050871988555,50953349,True,DENY,1,inventoryPolicy DENY -> CONTINUE
gid://shopify/Product/15671272571211,bperfect-mrs-glam-snatch-stick-golden-hour-04-warm-tan,Bperfect Mrs Glam Snatch Stick Golden Hour 04 Warm Tan,ACTIVE,gid://shopify/ProductVariant/57050872021323,5060938583728,True,DENY,1,inventoryPolicy DENY -> CONTINUE
gid://shopify/Product/15671272866123,uriage-roseliane-anti-redness-cream-40ml,Uriage Roseliane Anti Redness Cream 40Ml,ACTIVE,gid://shopify/ProductVariant/57050872611147,3661434003394,True,DENY,1,inventoryPolicy DENY -> CONTINUE
gid://shopify/Product/15671273128267,medicare-zoo-fun-kids-plasters-30pk,Medicare Zoo Fun Kids Plasters 30Pk,ACTIVE,gid://shopify/ProductVariant/57050875658571,5099390413922,True,DENY,1,inventoryPolicy DENY -> CONTINUE
gid://shopify/Product/15671273685323,actifed-tabs-12pk,Actifed Tabs 12Pk,ACTIVE,gid://shopify/ProductVariant/57050884309323,5010123667290,True,DENY,1,inventoryPolicy DENY -> CONTINUE
gid://shopify/Product/15671273750859,solgar-cran-flora-vegtable-caps-60pk,Solgar Cran Flora Vegtable Caps 60Pk,ACTIVE,gid://shopify/ProductVariant/57050884374859,033984314054,True,DENY,1,inventoryPolicy DENY -> CONTINUE
gid://shopify/Product/15671273849163,bperfect-annalivia-lip-library-satin-lipstick,Bperfect Annalivia Lip Library Satin Lipstick,ACTIVE,gid://shopify/ProductVariant/57050884473163,5061045651386,True,DENY,1,inventoryPolicy DENY -> CONTINUE
gid://shopify/Product/15671273980235,declar-eye-contour-bi-phase-sensitive-eye-make-up-remover-100ml,Declaré Eye Contour Bi-Phase Sensitive Eye Make-Up Remover 100Ml,ACTIVE,gid://shopify/ProductVariant/57050884866379,9007867003299,True,DENY,1,inventoryPolicy DENY -> CONTINUE
gid://shopify/Product/15671274176843,luna-filter-finish-silk-foundation-light-plus,Luna Filter Finish Silk Foundation - Light Plus,ACTIVE,gid://shopify/ProductVariant/57050885062987,Lunalightplussilk,True,DENY,1,inventoryPolicy DENY -> CONTINUE
gid://shopify/Product/15671274209611,kit-kaboodle-hair-roller-velcro-sml-8pk,Kit & Kaboodle Hair Roller Velcro Sml 8Pk,ACTIVE,gid://shopify/ProductVariant/57050885095755,5391531140415,True,DENY,1,inventoryPolicy DENY -> CONTINUE
gid://shopify/Product/15671274275147,sure-for-women-250ml-2pk-5-cotton-dry,Sure For Women 250Ml 2Pk €5 Cotton Dry,ACTIVE,gid://shopify/ProductVariant/57050885161291,8710908549588,True,DENY,1,inventoryPolicy DENY -> CONTINUE
gid://shopify/Product/15671274307915,l-oreal-paris-casting-creme-gloss-semi-permanent-hair-dye-dark-chocolate-323,"L'oreal Paris Casting Creme Gloss Semi-Permanent Hair Dye, Dark Chocolate 323",ACTIVE,gid://shopify/ProductVariant/57050885194059,3600521366035,True,DENY,1,inventoryPolicy DENY -> CONTINUE
gid://shopify/Product/15671274996043,the-handmade-soap-company-3-x-hand-cream-tube-giftset,The Handmade Soap Company 3 X Hand Cream Tube Giftset,ACTIVE,gid://shopify/ProductVariant/57050886275403,5391520236600,True,DENY,1,inventoryPolicy DENY -> CONTINUE
gid://shopify/Product/15671275028811,wild-coconut-starter-pack-with-refill-mix-1,Wild Coconut Starter Pack With Refill Mix 1,ACTIVE,gid://shopify/ProductVariant/57050886308171,wild5mix,True,DENY,1,inventoryPolicy DENY -> CONTINUE
gid://shopify/Product/15671275094347,sonisk-sonic-pulse-toothbrush-silver,Sonisk Sonic Pulse Toothbrush (Silver),ACTIVE,gid://shopify/ProductVariant/57050886570315,5060679070730,True,DENY,1,inventoryPolicy DENY -> CONTINUE
gid://shopify/Product/15671275422027,luna-by-lisa-airbrush-3in1-primer-nude,Luna By Lisa Airbrush 3In1 Primer - Nude,ACTIVE,gid://shopify/ProductVariant/57050887061835,5391532521886,True,DENY,1,inventoryPolicy DENY -> CONTINUE
gid://shopify/Product/15671275585867,sona-c500-chewable-vitamin-c-500mg-30pk,Sona C500 Chewable - Vitamin C 500Mg 30Pk,ACTIVE,gid://shopify/ProductVariant/57050887192907,5390612008316,True,DENY,1,inventoryPolicy DENY -> CONTINUE
gid://shopify/Product/15671275651403,uriage-age-absolute-redensifying-rosy-cream-50ml,Uriage Age Absolute Redensifying Rosy Cream 50Ml,ACTIVE,gid://shopify/ProductVariant/57050887258443,3661434009181,True,DENY,1,inventoryPolicy DENY -> CONTINUE
gid://shopify/Product/15671275684171,pestle-mortar-double-sided-face-cloth-3pk,Pestle & Mortar Double Sided Face Cloth 3Pk,ACTIVE,gid://shopify/ProductVariant/57050887291211,855238006351,True,DENY,1,inventoryPolicy DENY -> CONTINUE
gid://shopify/Product/15671275913547,smith-nephew-jelonet-10cm-x-10cm-single,Smith & Nephew Jelonet 10Cm X 10Cm Single,ACTIVE,gid://shopify/ProductVariant/57050887651659,5099390406641,True,DENY,1,inventoryPolicy DENY -> CONTINUE
gid://shopify/Product/15671276142923,jimmy-choo-ladies-40ml-edp-spray,Jimmy Choo Ladies 40Ml Edp Spray,ACTIVE,gid://shopify/ProductVariant/57050888012107,3386460025492,True,DENY,1,inventoryPolicy DENY -> CONTINUE
gid://shopify/Product/15671276175691,cleanmarine-krill-oil-capsules-60pk,Cleanmarine Krill Oil Capsules 60Pk,ACTIVE,gid://shopify/ProductVariant/57050888044875,5391500071337,True,DENY,1,inventoryPolicy DENY -> CONTINUE
gid://shopify/Product/15671276241227,voduz-nourishing-conditioner,Voduz Nourishing Conditioner,ACTIVE,gid://shopify/ProductVariant/57050888110411,5060907052965,True,DENY,1,inventoryPolicy DENY -> CONTINUE
gid://shopify/Product/15671276273995,beckham-classic-mens-60ml-edt-spr,Beckham Classic Mens 60Ml Edt Spr,ACTIVE,gid://shopify/ProductVariant/57050888143179,3607346570906,True,DENY,1,inventoryPolicy DENY -> CONTINUE
gid://shopify/Product/15671276306763,ogam-lemongrass-10ml,Ogam Lemongrass 10Ml,ACTIVE,gid://shopify/ProductVariant/57050888175947,5390600001152,True,DENY,1,inventoryPolicy DENY -> CONTINUE
gid://shopify/Product/15671276339531,panadol-actifast-20pk,Panadol Actifast 20Pk,ACTIVE,gid://shopify/ProductVariant/57050888208715,5011080181997,True,DENY,1,inventoryPolicy DENY -> CONTINUE
gid://shopify/Product/15671276405067,medicare-size-b-1m-tubular-supp-bandage,Medicare Size B 1M Tubular Supp Bandage,ACTIVE,gid://shopify/ProductVariant/57050888274251,5099390403091,True,DENY,1,inventoryPolicy DENY -> CONTINUE
gid://shopify/Product/15671276470603,sol-beauty-dry-body-oil-with-watermelon,Sol Beauty Dry Body Oil With Watermelon,ACTIVE,gid://shopify/ProductVariant/57050888339787,5013692278072,True,DENY,1,inventoryPolicy DENY -> CONTINUE
gid://shopify/Product/15671276568907,the-handmade-soap-company-bitter-orange-pink-pepper-hand-cream-50ml,The Handmade Soap Company Bitter Orange & Pink Pepper Hand Cream 50Ml,ACTIVE,gid://shopify/ProductVariant/57050888438091,5391520236396,True,DENY,1,inventoryPolicy DENY -> CONTINUE
gid://shopify/Product/15671276634443,vitabiotics-wellkid-peppa-pig-multi-vits-vegan-3-7-years,Vitabiotics Wellkid Peppa Pig Multi Vits Vegan 3-7 Years,ACTIVE,gid://shopify/ProductVariant/57050888503627,5021265248384,True,DENY,1,inventoryPolicy DENY -> CONTINUE
gid://shopify/Product/15671276831051,bperfect-ekin-su-radiant-glo-06-deep,Bperfect Ekin Su Radiant Glo (06 Deep),ACTIVE,gid://shopify/ProductVariant/57050888962379,5060938587351,True,DENY,1,inventoryPolicy DENY -> CONTINUE
gid://shopify/Product/15671276929355,burnshield-hydrogel-50ml,Burnshield Hydrogel 50Ml,ACTIVE,gid://shopify/ProductVariant/57050889060683,6007645000123,True,DENY,1,inventoryPolicy DENY -> CONTINUE
gid://shopify/Product/15671276994891,voduz-cleanse-it-re-balancing-shampoo-300ml,Voduz Cleanse It Re-Balancing Shampoo 300Ml,ACTIVE,gid://shopify/ProductVariant/57050889158987,voduzbalancing1,True,DENY,1,inventoryPolicy DENY -> CONTINUE
gid://shopify/Product/15671277191499,tena-men-extra-level-two-10pk,Tena Men Extra Level Two 10Pk,ACTIVE,gid://shopify/ProductVariant/57050889453899,7322540016413,True,DENY,1,inventoryPolicy DENY -> CONTINUE
gid://shopify/Product/15671277420875,vitabiotics-pregnacare-breastfeeding-84pk,Vitabiotics Pregnacare Breastfeeding 84Pk,ACTIVE,gid://shopify/ProductVariant/57050889716043,5021265232062,True,DENY,1,inventoryPolicy DENY -> CONTINUE
gid://shopify/Product/15671277519179,pestle-mortar-hydrate-and-vit-c-bundle,Pestle & Mortar Hydrate And Vit C Bundle,ACTIVE,gid://shopify/ProductVariant/57050889814347,11111,True,DENY,1,inventoryPolicy DENY -> CONTINUE
gid://shopify/Product/15671277683019,bperfect-skin-studio-reset-recharge-cleansing-balm-90g,Bperfect Skin Studio Reset & Recharge Cleansing Balm 90G,ACTIVE,gid://shopify/ProductVariant/57050890076491,5061007282474,True,DENY,1,inventoryPolicy DENY -> CONTINUE
gid://shopify/Product/15671278403915,the-handmade-soap-company-bitter-orange-pink-pepper-hand-wash-hand-lotion-duo-set,The Handmade Soap Company Bitter Orange & Pink Pepper Hand Wash & Hand Lotion Duo Set,ACTIVE,gid://shopify/ProductVariant/57050903118155,5391520236624,True,DENY,1,inventoryPolicy DENY -> CONTINUE
gid://shopify/Product/15671278567755,canesten-2-thrush-cream-20g,Canesten 2% Thrush Cream 20G,ACTIVE,gid://shopify/ProductVariant/57050908328267,5010605950094,True,DENY,1,inventoryPolicy DENY -> CONTINUE
gid://shopify/Product/15671278993739,biabelle-tan-bundle-dark,Biabelle Tan Bundle-Dark,ACTIVE,gid://shopify/ProductVariant/57050917110091,biabelle28,True,DENY,1,inventoryPolicy DENY -> CONTINUE
gid://shopify/Product/15671279026507,wild-cotton-starter-pack-with-refill-mix-6,Wild Cotton Starter Pack With Refill Mix 6,ACTIVE,gid://shopify/ProductVariant/57050917142859,wild24mix,True,DENY,1,inventoryPolicy DENY -> CONTINUE
gid://shopify/Product/15671279059275,optibac-pb-everyday-extra-caps-30pk,Optibac Pb Everyday Extra Caps 30Pk,ACTIVE,gid://shopify/ProductVariant/57050917175627,5060086610376,True,DENY,1,inventoryPolicy DENY -> CONTINUE
gid://shopify/Product/15671279190347,easofen-child-3m-100ml-strawberry,Easofen Child 3M+ 100Ml Strawberry,ACTIVE,gid://shopify/ProductVariant/57050917568843,5099562205355,True,DENY,1,inventoryPolicy DENY -> CONTINUE
gid://shopify/Product/15671279255883,tepe-g4107-grey-1-3mm-6pk,Tepe G4107 Grey 1.3Mm 6Pk,ACTIVE,gid://shopify/ProductVariant/57050917634379,7317400015484,True,DENY,1,inventoryPolicy DENY -> CONTINUE
gid://shopify/Product/15671279288651,lacabine-pure-retinol-amp-2ml,Lacabine Pure Retinol Amp 2Ml,ACTIVE,gid://shopify/ProductVariant/57050917667147,8435534405816,True,DENY,1,inventoryPolicy DENY -> CONTINUE
gid://shopify/Product/15671279419723,iglow-chilli-lips-lip-plumper-cool-fuchsia,Iglow Chilli Lips Lip Plumper Cool Fuchsia,ACTIVE,gid://shopify/ProductVariant/57050918093131,7073186000068,True,DENY,1,inventoryPolicy DENY -> CONTINUE
gid://shopify/Product/15671279485259,feel-fully-sensitive-bumper-gift-pack,Feel Fully Sensitive Bumper Gift Pack,ACTIVE,gid://shopify/ProductVariant/57050918158667,5025970017617,True,DENY,1,inventoryPolicy DENY -> CONTINUE
gid://shopify/Product/15671280140619,full-impact-complete-coverage-concealer-shade-m3,Full Impact Complete Coverage Concealer Shade M3,ACTIVE,gid://shopify/ProductVariant/57050927661387,5060907054808,True,DENY,1,inventoryPolicy DENY -> CONTINUE
gid://shopify/Product/15671280206155,sosu-false-nails-sparkle-season,Sosu False Nails Sparkle Season,ACTIVE,gid://shopify/ProductVariant/57050927759691,5391545371690,True,DENY,1,inventoryPolicy DENY -> CONTINUE
gid://shopify/Product/15671280337227,shape-stick-bronze-define-caramel,Shape Stick Bronze & Define Caramel,ACTIVE,gid://shopify/ProductVariant/57050927890763,5060806561209,True,DENY,1,inventoryPolicy DENY -> CONTINUE
gid://shopify/Product/15671280402763,mam-learn-to-drink-cup-6-months-pink,Mam Learn To Drink Cup 6+Months Pink,ACTIVE,gid://shopify/ProductVariant/57050927956299,9001616698392,True,DENY,1,inventoryPolicy DENY -> CONTINUE
gid://shopify/Product/15671280468299,medicare-sensitive-strip-1m-x-6cm,Medicare Sensitive Strip 1M X 6Cm,ACTIVE,gid://shopify/ProductVariant/57050928021835,5099390100457,True,DENY,1,inventoryPolicy DENY -> CONTINUE
gid://shopify/Product/15671280501067,water-wipes-24-pack,Water Wipes- 24 Pack,ACTIVE,gid://shopify/ProductVariant/57050928054603,35614643163,True,DENY,1,inventoryPolicy DENY -> CONTINUE
gid://shopify/Product/15671280927051,xemose-creme-anti-irritation-cre,Xemose Creme Anti Irritation Cre,ACTIVE,gid://shopify/ProductVariant/57050933625163,3661434005428,True,DENY,1,inventoryPolicy DENY -> CONTINUE
gid://shopify/Product/15671281123659,magnesium-oil-joint-spray-100ml,Magnesium Oil Joint Spray 100Ml,ACTIVE,gid://shopify/ProductVariant/57050941096267,5060148520315,True,DENY,1,inventoryPolicy DENY -> CONTINUE
gid://shopify/Product/15671281221963,lemsip-original-hot-lemon-5pk,Lemsip Original Hot Lemon 5Pk,ACTIVE,gid://shopify/ProductVariant/57050941325643,5000158064256,True,DENY,1,inventoryPolicy DENY -> CONTINUE
gid://shopify/Product/15671281320267,actifed-syrup-100ml,Actifed Syrup 100Ml,ACTIVE,gid://shopify/ProductVariant/57050941423947,5010123667344,True,DENY,1,inventoryPolicy DENY -> CONTINUE
gid://shopify/Product/15671281353035,fleaway-plus-small-dog,Fleaway Plus Small Dog,ACTIVE,gid://shopify/ProductVariant/57050941456715,5099299224971,True,DENY,1,inventoryPolicy DENY -> CONTINUE
gid://shopify/Product/15671281484107,sculpted-by-aimee-sculpted-hydratint-3-0,Sculpted By Aimee Sculpted Hydratint 3.0,ACTIVE,gid://shopify/ProductVariant/57050941849931,0796548127025,True,DENY,1,inventoryPolicy DENY -> CONTINUE
gid://shopify/Product/15671281549643,biabelle-hydrating-self-tan-ultra-dark,Biabelle Hydrating Self Tan - Ultra Dark,ACTIVE,gid://shopify/ProductVariant/57050942177611,5391534620938,True,DENY,1,inventoryPolicy DENY -> CONTINUE
gid://shopify/Product/15671281582411,voduz-heat-protective-glove,Voduz Heat Protective Glove,ACTIVE,gid://shopify/ProductVariant/57050942210379,793618273217,True,DENY,1,inventoryPolicy DENY -> CONTINUE
gid://shopify/Product/15671281615179,telfast-allergy-120mg-tabs-30pk,Telfast Allergy 120Mg Tabs 30Pk,ACTIVE,gid://shopify/ProductVariant/57050942243147,5000283662235,True,DENY,1,inventoryPolicy DENY -> CONTINUE
gid://shopify/Product/15671281647947,isoclean-makeup-brush-cleaner,Isoclean Makeup Brush Cleaner,ACTIVE,gid://shopify/ProductVariant/57050942275915,9504139565184,True,DENY,1,inventoryPolicy DENY -> CONTINUE
gid://shopify/Product/15671281713483,potted-gelousy-matte-gel-liner-black-out,Potted Gelousy Matte Gel Liner Black Out,ACTIVE,gid://shopify/ProductVariant/57050942341451,5060806561643,True,DENY,1,inventoryPolicy DENY -> CONTINUE
gid://shopify/Product/15671281746251,svr-biotic-collagen-bouncing-regenerating-cream-50ml,Svr Biotic Collagen Bouncing Regenerating Cream 50Ml,ACTIVE,gid://shopify/ProductVariant/57050942374219,3662361002719,True,DENY,1,inventoryPolicy DENY -> CONTINUE
gid://shopify/Product/15671281811787,gillette-2-disposable-razor,Gillette 2 Disposable Razor,ACTIVE,gid://shopify/ProductVariant/57050942570827,3014260287030,True,DENY,1,inventoryPolicy DENY -> CONTINUE
gid://shopify/Product/15671281844555,vital-proteins-marine-collagen-10-satchets,Vital Proteins Marine Collagen 10 Satchets,ACTIVE,gid://shopify/ProductVariant/57050942603595,8445290113436,True,DENY,1,inventoryPolicy DENY -> CONTINUE
gid://shopify/Product/15671281877323,sensodyne-repair-protect-75ml-original-mint,Sensodyne Repair & Protect 75Ml Original Mint,ACTIVE,gid://shopify/ProductVariant/57050942636363,5054563100832,True,DENY,1,inventoryPolicy DENY -> CONTINUE
gid://shopify/Product/15671281910091,azio-beauty-rejuvenating-night-cream,Azio Beauty Rejuvenating Night Cream,ACTIVE,gid://shopify/ProductVariant/57050942669131,5070000552620,True,DENY,1,inventoryPolicy DENY -> CONTINUE
gid://shopify/Product/15671281975627,daktarin-2-cream-30g,Daktarin 2% Cream 30G,ACTIVE,gid://shopify/ProductVariant/57050942734667,5027097909950,True,DENY,1,inventoryPolicy DENY -> CONTINUE
gid://shopify/Product/15671282041163,aroma-works-basil-lime-10ml,Aroma Works Basil & Lime 10Ml,ACTIVE,gid://shopify/ProductVariant/57050942800203,5060283074995,True,DENY,1,inventoryPolicy DENY -> CONTINUE
gid://shopify/Product/15671282073931,jimmy-choo-illicit-ladies-100ml-edp-spray,Jimmy Choo Illicit Ladies 100Ml Edp Spray,ACTIVE,gid://shopify/ProductVariant/57050942832971,3386460071727,True,DENY,1,inventoryPolicy DENY -> CONTINUE
gid://shopify/Product/15671282139467,medicare-multipore-plasters-30pk,Medicare Multipore Plasters 30Pk,ACTIVE,gid://shopify/ProductVariant/57050942996811,5099390100259,True,DENY,1,inventoryPolicy DENY -> CONTINUE
gid://shopify/Product/15671282172235,brylcreem-orig-250ml-prot-enrich,Brylcreem Orig 250Ml Prot Enrich,ACTIVE,gid://shopify/ProductVariant/57050943029579,5000231039546,True,DENY,1,inventoryPolicy DENY -> CONTINUE
gid://shopify/Product/15671282205003,lacabine-flash-effect-amp-2ml,Lacabine Flash Effect Amp 2Ml,ACTIVE,gid://shopify/ProductVariant/57050943062347,8435534405731,True,DENY,1,inventoryPolicy DENY -> CONTINUE
gid://shopify/Product/15671282237771,sculpted-satin-silk-longwear-foundation-medium-plus,Sculpted Satin Silk Longwear Foundation - Medium Plus,ACTIVE,gid://shopify/ProductVariant/57050943095115,satinsilkmediumplus,True,DENY,1,inventoryPolicy DENY -> CONTINUE
gid://shopify/Product/15671282303307,castor-oil-100m,Castor Oil 100M;,ACTIVE,gid://shopify/ProductVariant/57050943160651,5391510474173,True,DENY,1,inventoryPolicy DENY -> CONTINUE
gid://shopify/Product/15671282336075,voduz-sun-soothe-after-sun-leave-in-fluid-90ml,Voduz Sun Soothe After Sun Leave In Fluid 90Ml,ACTIVE,gid://shopify/ProductVariant/57050943193419,5060939587221,True,DENY,1,inventoryPolicy DENY -> CONTINUE
gid://shopify/Product/15671282663755,fleaway-plus-medium-dog,Fleaway Plus Medium Dog,ACTIVE,gid://shopify/ProductVariant/57050943947083,5099299224957,True,DENY,1,inventoryPolicy DENY -> CONTINUE
gid://shopify/Product/15671282762059,indestructi-brow-pencil-brown,Indestructi'brow Pencil Brown,ACTIVE,gid://shopify/ProductVariant/57050944045387,793591326771,True,DENY,1,inventoryPolicy DENY -> CONTINUE
gid://shopify/Product/15671282827595,hismile-everyday-smilecare-mango-sorbet-toothpaste,Hismile Everyday Smilecare Mango Sorbet Toothpaste,ACTIVE,gid://shopify/ProductVariant/57050944241995,93568654,True,DENY,1,inventoryPolicy DENY -> CONTINUE
gid://shopify/Product/15671282991435,l-or-al-paris-elvive-bond-repair-conditioner-150ml,L'oréal Paris Elvive Bond Repair Conditioner 150Ml,ACTIVE,gid://shopify/ProductVariant/57050944569675,3600524074807,True,DENY,1,inventoryPolicy DENY -> CONTINUE
gid://shopify/Product/15671283056971,sculpted-cream-cushion-foundation-3c,Sculpted Cream Cushion Foundation 3C,ACTIVE,gid://shopify/ProductVariant/57050944635211,5391548381597,True,DENY,1,inventoryPolicy DENY -> CONTINUE
gid://shopify/Product/15671283089739,l-oreal-paris-casting-creme-gloss-semi-permanent-hair-dye-darkest-brown-300,"L'oreal Paris Casting Creme Gloss Semi-Permanent Hair Dye, Darkest Brown 300",ACTIVE,gid://shopify/ProductVariant/57050944667979,3600520987699,True,DENY,1,inventoryPolicy DENY -> CONTINUE
gid://shopify/Product/15671283122507,ov-aqueous-cream-500g,Ov Aqueous Cream 500G,ACTIVE,gid://shopify/ProductVariant/57050944700747,5098928121575,True,DENY,1,inventoryPolicy DENY -> CONTINUE
gid://shopify/Product/15671283155275,jenny-glow-peony-inspired-by-jo-malone-peony-blush-30ml,Jenny Glow Peony Inspired By Jo Malone Peony & Blush 30Ml,ACTIVE,gid://shopify/ProductVariant/57050944733515,6294015110333,True,DENY,1,inventoryPolicy DENY -> CONTINUE
gid://shopify/Product/15671283188043,glycerine-rosewater-ultrapure-125ml,Glycerine & Rosewater Ultrapure 125Ml,ACTIVE,gid://shopify/ProductVariant/57050944766283,5391510474210,True,DENY,1,inventoryPolicy DENY -> CONTINUE
gid://shopify/Product/15671283220811,uriage-bebe-1st-cleansing-water-1litre,Uriage Bebe 1St Cleansing Water 1Litre,ACTIVE,gid://shopify/ProductVariant/57050944799051,3661434008726,True,DENY,1,inventoryPolicy DENY -> CONTINUE
gid://shopify/Product/15671283319115,sculpted-by-aimee-line-shine-duo-rose,Sculpted By Aimee Line & Shine Duo Rose,ACTIVE,gid://shopify/ProductVariant/57050945061195,0796548511091,True,DENY,1,inventoryPolicy DENY -> CONTINUE
gid://shopify/Product/15671283614027,cystopurin-cranb-3g-sachets-6pk,Cystopurin Cranb 3G Sachets 6Pk,ACTIVE,gid://shopify/ProductVariant/57050945880395,5010605190094,True,DENY,1,inventoryPolicy DENY -> CONTINUE
gid://shopify/Product/15671283646795,seoulista-beauty-wonderberry-skin-defence-instant-facial,Seoulista Beauty Wonderberry Skin Defence Instant Facial,ACTIVE,gid://shopify/ProductVariant/57050945913163,5060524850357,True,DENY,1,inventoryPolicy DENY -> CONTINUE
gid://shopify/Product/15671283745099,voduz-so-hooked-shower-comb,Voduz So Hooked Shower Comb,ACTIVE,gid://shopify/ProductVariant/57050946142539,5060907052460,True,DENY,1,inventoryPolicy DENY -> CONTINUE
gid://shopify/Product/15671283777867,revive-active-zest-active-ages-20-35-30pk,Revive Active Zest Active Ages 20-35 30Pk,ACTIVE,gid://shopify/ProductVariant/57050946175307,793618039950,True,DENY,1,inventoryPolicy DENY -> CONTINUE
gid://shopify/Product/15671283876171,svr-sensifine-ar-anti-redness-creme-40ml,Svr Sensifine Ar Anti Redness Creme 40Ml,ACTIVE,gid://shopify/ProductVariant/57050946273611,3401360167872,True,DENY,1,inventoryPolicy DENY -> CONTINUE
gid://shopify/Product/15671283908939,compeed-cs-patch-15pk,Compeed Cs Patch 15Pk,ACTIVE,gid://shopify/ProductVariant/57050946306379,3574660277364,True,DENY,1,inventoryPolicy DENY -> CONTINUE
gid://shopify/Product/15671284040011,eucerin-bath-shower-oil,Eucerin Bath & Shower Oil,ACTIVE,gid://shopify/ProductVariant/57050946437451,4005808858729,True,DENY,1,inventoryPolicy DENY -> CONTINUE
gid://shopify/Product/15671284105547,aveeno-200ml-daily-moisturising-after-shower-mist,Aveeno 200Ml Daily Moisturising After Shower Mist,ACTIVE,gid://shopify/ProductVariant/57050946765131,3574661288826,True,DENY,1,inventoryPolicy DENY -> CONTINUE
gid://shopify/Product/15671284138315,biomiracle-staysafe-hand-cleansing-towlettes-20pk,Biomiracle Staysafe Hand Cleansing Towlettes 20Pk,ACTIVE,gid://shopify/ProductVariant/57050946797899,810004102118,True,DENY,1,inventoryPolicy DENY -> CONTINUE
gid://shopify/Product/15671284236619,wild-jasmine-starter-pack-with-refill-mix-3,Wild Jasmine Starter Pack With Refill Mix 3,ACTIVE,gid://shopify/ProductVariant/57050946994507,wild7mix,True,DENY,1,inventoryPolicy DENY -> CONTINUE
gid://shopify/Product/15671284269387,abercrombie-fitch-authentic-homme-50ml-edt-spr,Abercrombie & Fitch Authentic Homme 50Ml Edt Spr,ACTIVE,gid://shopify/ProductVariant/57050947027275,085715166029,True,DENY,1,inventoryPolicy DENY -> CONTINUE
gid://shopify/Product/15671284433227,compeed-toe-blister-pack,Compeed Toe Blister Pack,ACTIVE,gid://shopify/ProductVariant/57050947387723,3574660127720,True,DENY,1,inventoryPolicy DENY -> CONTINUE
gid://shopify/Product/15671284498763,caldesene-medicated-powder-100g,Caldesene Medicated Powder 100G,ACTIVE,gid://shopify/ProductVariant/57050947453259,50995627273520,True,DENY,1,inventoryPolicy DENY -> CONTINUE
gid://shopify/Product/15671284597067,elave-oil-free-moisturiser-50ml,Elave Oil Free Moisturiser 50Ml,ACTIVE,gid://shopify/ProductVariant/57050947551563,5098928124613,True,DENY,1,inventoryPolicy DENY -> CONTINUE
gid://shopify/Product/15671284629835,seven-seas-cod-live-oil-one-a-day-60pk,Seven Seas Cod Live Oil One A Day 60Pk,ACTIVE,gid://shopify/ProductVariant/57050947584331,045879002304,True,DENY,1,inventoryPolicy DENY -> CONTINUE
gid://shopify/Product/15671284728139,nexium-control-tabs-7pk,Nexium Control Tabs 7Pk,ACTIVE,gid://shopify/ProductVariant/57050947682635,5391523250146,True,DENY,1,inventoryPolicy DENY -> CONTINUE
gid://shopify/Product/15671284760907,kidsner-anti-allergic-spray,Kidsner Anti Allergic Spray,ACTIVE,gid://shopify/ProductVariant/57050947715403,8719325830903,True,DENY,1,inventoryPolicy DENY -> CONTINUE
gid://shopify/Product/15671284891979,lacabine-anti-aging-amp-2ml,Lacabine Anti-Aging + Amp 2Ml,ACTIVE,gid://shopify/ProductVariant/57050947846475,8435534405748,True,DENY,1,inventoryPolicy DENY -> CONTINUE
gid://shopify/Product/15671284924747,deep-heat-patch-for-back-pain-2pk,Deep Heat Patch For Back Pain 2Pk,ACTIVE,gid://shopify/ProductVariant/57050947879243,5011501006731,True,DENY,1,inventoryPolicy DENY -> CONTINUE
gid://shopify/Product/15671285023051,nurofen-child-suppositories-60mg-10pk,Nurofen Child Suppositories 60Mg 10Pk,ACTIVE,gid://shopify/ProductVariant/57050948436299,5000158067707,True,DENY,1,inventoryPolicy DENY -> CONTINUE
gid://shopify/Product/15671285088587,nicorette-invisi-patch-15mg-7pk,Nicorette Invisi Patch 15Mg 7Pk,ACTIVE,gid://shopify/ProductVariant/57050948501835,3574661146454,True,DENY,1,inventoryPolicy DENY -> CONTINUE
gid://shopify/Product/15671285154123,l-oreal-paris-casting-creme-gloss-semi-permanent-hair-dye-medium-brown-500,"L'oreal Paris Casting Creme Gloss Semi-Permanent Hair Dye, Medium Brown 500",ACTIVE,gid://shopify/ProductVariant/57050948567371,3600520987743,True,DENY,1,inventoryPolicy DENY -> CONTINUE
gid://shopify/Product/15671285219659,canesten-1-cream-20g,Canesten 1% Cream 20G,ACTIVE,gid://shopify/ProductVariant/57050948665675,5010605950032,True,DENY,1,inventoryPolicy DENY -> CONTINUE
gid://shopify/Product/15671285317963,benylin-4-flu-tabs-24pk,Benylin 4 Flu Tabs 24Pk,ACTIVE,gid://shopify/ProductVariant/57050948862283,5010123702984,True,DENY,1,inventoryPolicy DENY -> CONTINUE
gid://shopify/Product/15671285481803,mam-night-soother-12mths-silicone,Mam Night Soother 12Mths+ Silicone,ACTIVE,gid://shopify/ProductVariant/57050949026123,9001616709654,True,DENY,1,inventoryPolicy DENY -> CONTINUE
gid://shopify/Product/15671285547339,sculpted-satin-silk-longwear-foundation-medium,Sculpted Satin Silk Longwear Foundation - Medium,ACTIVE,gid://shopify/ProductVariant/57050949091659,satinsilkmedium,True,DENY,1,inventoryPolicy DENY -> CONTINUE
gid://shopify/Product/15671285645643,canesten-pessary-500mg-1pk,Canesten Pessary 500Mg 1Pk,ACTIVE,gid://shopify/ProductVariant/57050949288267,5010605950186,True,DENY,1,inventoryPolicy DENY -> CONTINUE
gid://shopify/Product/15671285940555,lacabine-collagen-boost-amp-2ml,Lacabine Collagen Boost Amp 2Ml,ACTIVE,gid://shopify/ProductVariant/57050949583179,8435534405830,True,DENY,1,inventoryPolicy DENY -> CONTINUE
gid://shopify/Product/15671286169931,vaseline-spray-go-190ml-cocoa,Vaseline Spray & Go 190Ml Cocoa,ACTIVE,gid://shopify/ProductVariant/57050954334539,8712561676106,True,DENY,1,inventoryPolicy DENY -> CONTINUE
gid://shopify/Product/15671286497611,biabelle-bundle-instant-shimmer-dark,Biabelle Bundle Instant Shimmer- Dark,ACTIVE,gid://shopify/ProductVariant/57050965541195,biabelle35,True,DENY,1,inventoryPolicy DENY -> CONTINUE
gid://shopify/Product/15671286628683,declar-hydro-balance-oceans-best-eye-cream-15ml,Declaré Hydro Balance Oceans Best Eye Cream 15Ml,ACTIVE,gid://shopify/ProductVariant/57050971177291,9007867116050,True,DENY,1,inventoryPolicy DENY -> CONTINUE
gid://shopify/Product/15671286661451,proceive-pregnancy-first-trimester-60-capsules,Proceive Pregnancy First Trimester - 60 Capsules,ACTIVE,gid://shopify/ProductVariant/57050974323019,Proceieve1,True,DENY,1,inventoryPolicy DENY -> CONTINUE
gid://shopify/Product/15671286694219,voduz-root-reviver-dark-blonde-75ml,Voduz Root Reviver Dark Blonde 75Ml,ACTIVE,gid://shopify/ProductVariant/57050974355787,voduzrootdarkblonde,True,DENY,1,inventoryPolicy DENY -> CONTINUE
gid://shopify/Product/15671286759755,jenny-glow-billionaire-inspired-by-paco-rabanne-lady-million-30ml,Jenny Glow Billionaire Inspired By Paco Rabanne Lady Million 30Ml,ACTIVE,gid://shopify/ProductVariant/57050974519627,6294015136890,True,DENY,1,inventoryPolicy DENY -> CONTINUE
gid://shopify/Product/15671286792523,nicorette-classic-4mg-210pk,Nicorette Classic 4Mg 210Pk,ACTIVE,gid://shopify/ProductVariant/57050974552395,3574661146782,True,DENY,1,inventoryPolicy DENY -> CONTINUE
gid://shopify/Product/15671286825291,macushield-gold-30pk,Macushield Gold 30Pk,ACTIVE,gid://shopify/ProductVariant/57050974585163,5036631001524,True,DENY,1,inventoryPolicy DENY -> CONTINUE
gid://shopify/Product/15671286956363,oraldene-liquid-200ml,Oraldene Liquid 200Ml,ACTIVE,gid://shopify/ProductVariant/57050974814539,5010123728250,True,DENY,1,inventoryPolicy DENY -> CONTINUE
gid://shopify/Product/15671286989131,sculpted-by-aimee-sculpted-hydratint-6-0,Sculpted By Aimee Sculpted Hydratint 6.0,ACTIVE,gid://shopify/ProductVariant/57050974847307,0796548127117,True,DENY,1,inventoryPolicy DENY -> CONTINUE
gid://shopify/Product/15671287054667,hylo-forte-lubricating-eye-drops-7-5ml,Hylo-Forte Lubricating Eye Drops 7.5Ml,ACTIVE,gid://shopify/ProductVariant/57050974912843,4031626710901,True,DENY,1,inventoryPolicy DENY -> CONTINUE
gid://shopify/Product/15671287152971,l-oreal-paris-casting-creme-gloss-semi-permanent-hair-dye-dark-brown-400,"L'oreal Paris Casting Creme Gloss Semi-Permanent Hair Dye, Dark Brown 400",ACTIVE,gid://shopify/ProductVariant/57050975371595,3600520987712,True,DENY,1,inventoryPolicy DENY -> CONTINUE
gid://shopify/Product/15671287251275,pestle-mortar-hydrate-moisturiser-50ml,Pestle & Mortar Hydrate Moisturiser 50Ml,ACTIVE,gid://shopify/ProductVariant/57050975469899,855238006009,True,DENY,1,inventoryPolicy DENY -> CONTINUE
gid://shopify/Product/15671287284043,trilogy-rosapene-night-cream-60ml,Trilogy Rosapene Night Cream 60Ml,ACTIVE,gid://shopify/ProductVariant/57050975502667,9421017762056,True,DENY,1,inventoryPolicy DENY -> CONTINUE
gid://shopify/Product/15671287349579,orthokin-toothpaste-strawberry-mint-flavour-75ml,Orthokin Toothpaste Strawberry Mint Flavour 75Ml,ACTIVE,gid://shopify/ProductVariant/57050975568203,8470001508249,True,DENY,1,inventoryPolicy DENY -> CONTINUE
gid://shopify/Product/15671287710027,celti-can-jar-lime,Celti Can Jar Lime,ACTIVE,gid://shopify/ProductVariant/57050975928651,5038871042985,True,DENY,1,inventoryPolicy DENY -> CONTINUE
gid://shopify/Product/15671287906635,svr-sensifine-ar-creme-riche-40ml,Svr Sensifine Ar Creme Riche 40Ml,ACTIVE,gid://shopify/ProductVariant/57050983629131,3662361000081,True,DENY,1,inventoryPolicy DENY -> CONTINUE
gid://shopify/Product/15671287972171,boss-bottled-grey-50ml-edt-spr,Boss Bottled (Grey) 50Ml Edt Spr,ACTIVE,gid://shopify/ProductVariant/57050985660747,0737052351018,True,DENY,1,inventoryPolicy DENY -> CONTINUE
gid://shopify/Product/15671288430923,sculpted-hydralip-peach,Sculpted Hydralip- Peach,ACTIVE,gid://shopify/ProductVariant/57050997555531,0754590489379,True,DENY,1,inventoryPolicy DENY -> CONTINUE
gid://shopify/Product/15671288660299,garnier-ultimate-blends-nourishing-hair-food-banana-coconut-conditioner,Garnier Ultimate Blends Nourishing Hair Food Banana & Coconut Conditioner,ACTIVE,gid://shopify/ProductVariant/57051004207435,3600542342896,True,DENY,1,inventoryPolicy DENY -> CONTINUE
gid://shopify/Product/15671288922443,voduz-in-vented-3d-flat-brush,Voduz In-Vented 3D Flat Brush,ACTIVE,gid://shopify/ProductVariant/57051009810763,0793591683911,True,DENY,1,inventoryPolicy DENY -> CONTINUE
gid://shopify/Product/15671289086283,nuage-hayfever-relief-wipes-30pk,Nuage Hayfever Relief Wipes 30Pk,ACTIVE,gid://shopify/ProductVariant/57051014693195,26789030980,True,DENY,1,inventoryPolicy DENY -> CONTINUE
gid://shopify/Product/15671289151819,dripping-gold-define-and-sculpt-face-and-body-brush,Dripping Gold Define And Sculpt Face And Body Brush,ACTIVE,gid://shopify/ProductVariant/57051018461515,5391541763000,True,DENY,1,inventoryPolicy DENY -> CONTINUE
gid://shopify/Product/15671289217355,ck-obsession-ladies-100ml-edp-spr,Ck Obsession Ladies 100Ml Edp Spr,ACTIVE,gid://shopify/ProductVariant/57051018527051,088300603404,True,DENY,1,inventoryPolicy DENY -> CONTINUE
gid://shopify/Product/15671289250123,phyto-phytocyane-anti-hair-loss-treatment-for-men,Phyto Phytocyane Anti Hair Loss Treatment For Men,ACTIVE,gid://shopify/ProductVariant/57051018559819,3701436910303,True,DENY,1,inventoryPolicy DENY -> CONTINUE
gid://shopify/Product/15671289315659,uriahe-hyseac-purifying-oil,Uriahe Hyseac Purifying Oil,ACTIVE,gid://shopify/ProductVariant/57051018625355,3661434008276,True,DENY,1,inventoryPolicy DENY -> CONTINUE
gid://shopify/Product/15671289348427,vitabiotics-wellkid-peppa-pig-omega-3-dha-vegan-3-7-years,Vitabiotics Wellkid Peppa Pig Omega 3 Dha Vegan 3-7 Years,ACTIVE,gid://shopify/ProductVariant/57051018658123,5021265250257,True,DENY,1,inventoryPolicy DENY -> CONTINUE
gid://shopify/Product/15671289446731,diclac-1-relief-gel-30g,Diclac 1% Relief Gel 30G,ACTIVE,gid://shopify/ProductVariant/57051019084107,5390387020612,True,DENY,1,inventoryPolicy DENY -> CONTINUE
gid://shopify/Product/15671289479499,ov-calamine-cream-100ml,Ov Calamine Cream 100Ml,ACTIVE,gid://shopify/ProductVariant/57051019116875,5098928121667,True,DENY,1,inventoryPolicy DENY -> CONTINUE
gid://shopify/Product/15671290134859,treat-yo-self-zero-fizz-100g-grab-n-go-pouch,Treat Yo Self Zero Fizz 100G Grab N Go Pouch,ACTIVE,gid://shopify/ProductVariant/57051037499723,TYS100GFZF,True,DENY,1,inventoryPolicy DENY -> CONTINUE
gid://shopify/Product/15671290167627,mm-teddy-tiger-teething-soother-comforter,Mm Teddy Tiger Teething Soother & Comforter,ACTIVE,gid://shopify/ProductVariant/57051037532491,5060679073489,True,DENY,1,inventoryPolicy DENY -> CONTINUE
gid://shopify/Product/15671290233163,bperfect-eye-duo-collection-gift-set,Bperfect Eye Duo Collection Gift Set,ACTIVE,gid://shopify/ProductVariant/57051037598027,5061045654592,True,DENY,1,inventoryPolicy DENY -> CONTINUE
gid://shopify/Product/15671290364235,bperfect-mini-empress-base-body-brush,Bperfect Mini Empress Base & Body Brush,ACTIVE,gid://shopify/ProductVariant/57051038187851,5060938584664,True,DENY,1,inventoryPolicy DENY -> CONTINUE
gid://shopify/Product/15671290495307,spatone-iron-plus-sachets-28pk,Spatone Iron Plus Sachets 28Pk,ACTIVE,gid://shopify/ProductVariant/57051039105355,5000488105292,True,DENY,1,inventoryPolicy DENY -> CONTINUE
gid://shopify/Product/15671290528075,juvar-com-plex-bond-oil-75ml,Juvaré Com-Plex Bond Oil 75Ml,ACTIVE,gid://shopify/ProductVariant/57051040481611,0698596599215,True,DENY,1,inventoryPolicy DENY -> CONTINUE
gid://shopify/Product/15671290626379,salatac-gel-8g,Salatac Gel 8G,ACTIVE,gid://shopify/ProductVariant/57051040743755,5016379321009,True,DENY,1,inventoryPolicy DENY -> CONTINUE
gid://shopify/Product/15671290659147,biabelle-shimmer-bundle-with-blur-brush-dark,Biabelle Shimmer Bundle With Blur Brush- Dark,ACTIVE,gid://shopify/ProductVariant/57051040776523,biabelle44,True,DENY,1,inventoryPolicy DENY -> CONTINUE
gid://shopify/Product/15671290790219,celtic-can-mini-box-gs-lime-basil,Celtic Can Mini Box Gs Lime/Basil,ACTIVE,gid://shopify/ProductVariant/57051041136971,5038871040196,True,DENY,1,inventoryPolicy DENY -> CONTINUE
gid://shopify/Product/15671290888523,medicare-instant-ice-pack,Medicare Instant Ice Pack,ACTIVE,gid://shopify/ProductVariant/57051041235275,5099390403176,True,DENY,1,inventoryPolicy DENY -> CONTINUE
gid://shopify/Product/15671290986827,luna-filter-finish-concealer-porcelain,Luna Filter Finish Concealer -Porcelain,ACTIVE,gid://shopify/ProductVariant/57051041333579,Lunaporcelain,True,DENY,1,inventoryPolicy DENY -> CONTINUE
gid://shopify/Product/15671291150667,biabelle-hydrating-self-tan-dark,Biabelle Hydrating Self Tan - Dark,ACTIVE,gid://shopify/ProductVariant/57051041661259,5391534620921,True,DENY,1,inventoryPolicy DENY -> CONTINUE
gid://shopify/Product/15671291183435,mam-starter-cup-night-4-months-pink,Mam Starter Cup Night 4+Months Pink,ACTIVE,gid://shopify/ProductVariant/57051041694027,90016168079477,True,DENY,1,inventoryPolicy DENY -> CONTINUE
gid://shopify/Product/15671291216203,l-oreal-paris-elvive-dream-lengths-shampoo-for-long-damaged-hair-400ml,L'oreal Paris Elvive Dream Lengths Shampoo For Long Damaged Hair 400Ml,ACTIVE,gid://shopify/ProductVariant/57051041726795,3600523586370,True,DENY,1,inventoryPolicy DENY -> CONTINUE
gid://shopify/Product/15671291380043,voduz-all-rounder-thermal-brush-v3,Voduz All Rounder Thermal Brush V3,ACTIVE,gid://shopify/ProductVariant/57051042054475,793618107987,True,DENY,1,inventoryPolicy DENY -> CONTINUE
gid://shopify/Product/15671291445579,pestle-mortar-renew-gel-cleanser-100ml,Pestle & Mortar Renew Gel Cleanser 100Ml,ACTIVE,gid://shopify/ProductVariant/57051042120011,855238006344,True,DENY,1,inventoryPolicy DENY -> CONTINUE
gid://shopify/Product/15671291543883,water-wipes-baby-wipes,Water Wipes Baby Wipes,ACTIVE,gid://shopify/ProductVariant/57051042382155,5099514400142,True,DENY,1,inventoryPolicy DENY -> CONTINUE
gid://shopify/Product/15671291609419,chroma-liquid-concealer-w2,Chroma Liquid Concealer W2,ACTIVE,gid://shopify/ProductVariant/57051042447691,5060907054594,True,DENY,1,inventoryPolicy DENY -> CONTINUE
gid://shopify/Product/15671291642187,solgar-garlic-oil-100-softgels,Solgar Garlic Oil 100 Softgels,ACTIVE,gid://shopify/ProductVariant/57051042480459,033984012202,True,DENY,1,inventoryPolicy DENY -> CONTINUE
gid://shopify/Product/15671291740491,the-belle-backcomb,The Belle Backcomb,ACTIVE,gid://shopify/ProductVariant/57051042906443,5391532760056,True,DENY,1,inventoryPolicy DENY -> CONTINUE
gid://shopify/Product/15671291773259,uriage-roseliane-anti-redness-rich-cream-50ml,Uriage Roseliane Anti Redness Rich Cream 50Ml,ACTIVE,gid://shopify/ProductVariant/57051042939211,3661434003400,True,DENY,1,inventoryPolicy DENY -> CONTINUE
gid://shopify/Product/15671291904331,bio-kult-candea-60pk,Bio-Kult Candea 60Pk,ACTIVE,gid://shopify/ProductVariant/57051043037515,5027314502599,True,DENY,1,inventoryPolicy DENY -> CONTINUE
gid://shopify/Product/15671292068171,medi-spray-plaster-32-5ml-can509,Medi Spray Plaster 32.5Ml,ACTIVE,gid://shopify/ProductVariant/57051043135819,5099390403954,True,DENY,1,inventoryPolicy DENY -> CONTINUE
gid://shopify/Product/15671292100939,full-impact-complere-coverage-concealer-shade-l4,Full Impact Complere Coverage Concealer Shade L4,ACTIVE,gid://shopify/ProductVariant/57051043168587,5060907054761,True,DENY,1,inventoryPolicy DENY -> CONTINUE
gid://shopify/Product/15671292133707,mrs-glam-glorious-skin-powder-foundation-golden-deep,Mrs Glam - Glorious Skin Powder Foundation (Golden Deep),ACTIVE,gid://shopify/ProductVariant/57051043201355,5060806561803,True,DENY,1,inventoryPolicy DENY -> CONTINUE
gid://shopify/Product/15671292363083,alka-seltzer-20pk-lemon,Alka Seltzer 20Pk Lemon,ACTIVE,gid://shopify/ProductVariant/57051043430731,5010605920295,True,DENY,1,inventoryPolicy DENY -> CONTINUE
gid://shopify/Product/15671292592459,the-handmade-soap-company-travel-suitcase-gift-set,The Handmade Soap Company Travel Suitcase Gift Set,ACTIVE,gid://shopify/ProductVariant/57051043823947,5391520238727,True,DENY,1,inventoryPolicy DENY -> CONTINUE
gid://shopify/Product/15671293051211,jenny-glow-floral-explosion-inspired-by-victor-ralph-flower-bomb-15ml,Jenny Glow Floral Explosion Inspired By Victor & Ralph Flower Bomb 15Ml,ACTIVE,gid://shopify/ProductVariant/57051044282699,6294015179453,True,DENY,1,inventoryPolicy DENY -> CONTINUE
gid://shopify/Product/15671293280587,uriage-xemose-face-cream-40ml,Uriage Xemose Face Cream 40Ml,ACTIVE,gid://shopify/ProductVariant/57051044512075,3661434004865,True,DENY,1,inventoryPolicy DENY -> CONTINUE
gid://shopify/Product/15671293575499,wild-cotton-starter-pack-with-refill-mix-5,Wild Cotton Starter Pack With Refill Mix 5,ACTIVE,gid://shopify/ProductVariant/57051044970827,wild23mix,True,DENY,1,inventoryPolicy DENY -> CONTINUE
gid://shopify/Product/15671294099787,mam-clip-double-set-0-months,Mam Clip Double Set 0+Months,ACTIVE,gid://shopify/ProductVariant/57051045495115,90016162052311,True,DENY,1,inventoryPolicy DENY -> CONTINUE
gid://shopify/Product/15671294460235,lanes-olbas-inhaler-nasal-stick-1pk,Lanes Olbas Inhaler Nasal Stick 1Pk,ACTIVE,gid://shopify/ProductVariant/57051045855563,5000477324994,True,DENY,1,inventoryPolicy DENY -> CONTINUE
gid://shopify/Product/15671295115595,voduz-blow-out-infrared-hair-dryer-black,Voduz Blow Out Infrared Hair Dryer Black,ACTIVE,gid://shopify/ProductVariant/57051046510923,0793591505480,True,DENY,1,inventoryPolicy DENY -> CONTINUE
gid://shopify/Product/15671296328011,elvive-fibrology-conditioner-xxl-700ml,Elvive Fibrology Conditioner Xxl 700Ml,ACTIVE,gid://shopify/ProductVariant/57051047919947,3600523650248,True,DENY,1,inventoryPolicy DENY -> CONTINUE
gid://shopify/Product/15671296753995,sudafed-15ml-nasal-spray,Sudafed 15Ml Nasal Spray,ACTIVE,gid://shopify/ProductVariant/57051049230667,5010123711986,True,DENY,1,inventoryPolicy DENY -> CONTINUE
gid://shopify/Product/15671296852299,declar-oceans-best-hyaluron-triple-booster-50ml,Declaré Oceans Best Hyaluron Triple Booster 50Ml,ACTIVE,gid://shopify/ProductVariant/57051049328971,9007867007655,True,DENY,1,inventoryPolicy DENY -> CONTINUE
gid://shopify/Product/15671297212747,dulcolax-tabs-60pk,Dulcolax Tabs 60Pk,ACTIVE,gid://shopify/ProductVariant/57051049689419,5000283659389,True,DENY,1,inventoryPolicy DENY -> CONTINUE
gid://shopify/Product/15671297376587,luna-filter-finish-concealer-beige,Luna Filter Finish Concealer -Beige,ACTIVE,gid://shopify/ProductVariant/57051050082635,lunabeige,True,DENY,1,inventoryPolicy DENY -> CONTINUE
gid://shopify/Product/15671297573195,pestle-mortar-hydration-bundle,Pestle & Mortar Hydration Bundle,ACTIVE,gid://shopify/ProductVariant/57051050312011,75748438398,True,DENY,1,inventoryPolicy DENY -> CONTINUE
gid://shopify/Product/15671297835339,the-handmade-soap-company-lemongrass-cedarwood-body-lotion-250ml,The Handmade Soap Company Lemongrass & Cedarwood Body Lotion 250Ml,ACTIVE,gid://shopify/ProductVariant/57051050541387,5391520236112,True,DENY,1,inventoryPolicy DENY -> CONTINUE
gid://shopify/Product/15671297933643,kit-kaboodle-hair-elastics-black-thick-24pk,Kit & Kaboodle Hair Elastics Black Thick 24Pk,ACTIVE,gid://shopify/ProductVariant/57051050869067,5391531140378,True,DENY,1,inventoryPolicy DENY -> CONTINUE
gid://shopify/Product/15671297966411,ultrapure-surgical-spirits-200ml,Ultrapure Surgical Spirits 200Ml,ACTIVE,gid://shopify/ProductVariant/57051050901835,5391510474074,True,DENY,1,inventoryPolicy DENY -> CONTINUE
gid://shopify/Product/15671298163019,double-glazed-high-shine-gloss-pink-frosting,Double Glazed High Shine Gloss Pink Frosting,ACTIVE,gid://shopify/ProductVariant/57051051098443,793618107109,True,DENY,1,inventoryPolicy DENY -> CONTINUE
gid://shopify/Product/15671298195787,sculpted-satin-silk-longwear-foundation-fair-plus,Sculpted Satin Silk Longwear Foundation - Fair Plus,ACTIVE,gid://shopify/ProductVariant/57051051131211,satinsilkfairplus,True,DENY,1,inventoryPolicy DENY -> CONTINUE
gid://shopify/Product/15671298228555,canesten-1-cream-50g,Canesten 1% Cream 50G,ACTIVE,gid://shopify/ProductVariant/57051051163979,5010605950063,True,DENY,1,inventoryPolicy DENY -> CONTINUE
gid://shopify/Product/15671298261323,ck-men-50ml-edt-spr,Ck Men 50Ml Edt Spr,ACTIVE,gid://shopify/ProductVariant/57051051196747,031655644295,True,DENY,1,inventoryPolicy DENY -> CONTINUE
gid://shopify/Product/15671298425163,scuplted-easybrow-deep-brown,Scuplted Easybrow Deep Brown,ACTIVE,gid://shopify/ProductVariant/57051051360587,5391545120588,True,DENY,1,inventoryPolicy DENY -> CONTINUE
gid://shopify/Product/15671298457931,gillette-fusion-power-4pk-blades,Gillette Fusion Power 4Pk Blades,ACTIVE,gid://shopify/ProductVariant/57051051393355,7702018852475,True,DENY,1,inventoryPolicy DENY -> CONTINUE
gid://shopify/Product/15671298490699,declar-hydro-balance-oceans-best-cream-50ml,Declaré Hydro Balance Oceans Best Cream 50Ml,ACTIVE,gid://shopify/ProductVariant/57051051426123,9007867006153,True,DENY,1,inventoryPolicy DENY -> CONTINUE
gid://shopify/Product/15671298883915,joop-jump-mens-30ml-edt-spr,Joop Jump Mens 30Ml Edt Spr,ACTIVE,gid://shopify/ProductVariant/57051052081483,3414202486413,True,DENY,1,inventoryPolicy DENY -> CONTINUE
gid://shopify/Product/15671299014987,nicorette-freshmint-4mg-30pk,Nicorette Freshmint 4Mg 30Pk,ACTIVE,gid://shopify/ProductVariant/57051052540235,3574661145495,True,DENY,1,inventoryPolicy DENY -> CONTINUE
gid://shopify/Product/15671299047755,kin-aloe-vera-mouthwash-500ml,Kin Aloe Vera Mouthwash 500Ml,ACTIVE,gid://shopify/ProductVariant/57051052573003,8470001574114,True,DENY,1,inventoryPolicy DENY -> CONTINUE
gid://shopify/Product/15671299146059,uriage-ds-hair-soft-balancing-shampoo-200ml,Uriage Ds Hair Soft Balancing Shampoo 200Ml,ACTIVE,gid://shopify/ProductVariant/57051052671307,3661434007408,True,DENY,1,inventoryPolicy DENY -> CONTINUE
gid://shopify/Product/15671299211595,chummi-lip-mask-coconut-20g,Chummi Lip Mask Coconut 20G,ACTIVE,gid://shopify/ProductVariant/57051052736843,855717008623,True,DENY,1,inventoryPolicy DENY -> CONTINUE
gid://shopify/Product/15671299244363,fabu-shrooms-meno-peri-60pk,Fabu Shrooms Meno & Peri 60Pk,ACTIVE,gid://shopify/ProductVariant/57051052769611,3743184122768,True,DENY,1,inventoryPolicy DENY -> CONTINUE
gid://shopify/Product/15671299277131,benylin-day-night-tabs-16pk,Benylin Day & Night Tabs 16Pk,ACTIVE,gid://shopify/ProductVariant/57051052802379,3574660439120,True,DENY,1,inventoryPolicy DENY -> CONTINUE
gid://shopify/Product/15671299309899,panadol-baby-infant-susp-paracetamol-100ml,Panadol Baby & Infant Susp Paracetamol 100Ml,ACTIVE,gid://shopify/ProductVariant/57051052835147,5011080162460,True,DENY,1,inventoryPolicy DENY -> CONTINUE
gid://shopify/Product/15671299473739,l-oreal-paris-casting-creme-gloss-semi-permanent-hair-dye-light-brown-600,"L'oreal Paris Casting Creme Gloss Semi-Permanent Hair Dye, Light Brown 600",ACTIVE,gid://shopify/ProductVariant/57051052998987,3600520987804,True,DENY,1,inventoryPolicy DENY -> CONTINUE
gid://shopify/Product/15671299506507,bperfect-x-laura-b-the-one-lashes,Bperfect X Laura B The One Lashes,ACTIVE,gid://shopify/ProductVariant/57051053031755,laurab2,True,DENY,1,inventoryPolicy DENY -> CONTINUE
gid://shopify/Product/15671299539275,dextro-energy-lemon-vit-c-47g,Dextro Energy Lemon + Vit C 47G,ACTIVE,gid://shopify/ProductVariant/57051053064523,50184248,True,DENY,1,inventoryPolicy DENY -> CONTINUE
gid://shopify/Product/15671299572043,luna-by-lisa-volume-conditioner,Luna By Lisa Volume Conditioner,ACTIVE,gid://shopify/ProductVariant/57051053097291,5391532528373,True,DENY,1,inventoryPolicy DENY -> CONTINUE
gid://shopify/Product/15671299604811,wild-jasmine-starter-pack-with-refill-mix-4,Wild Jasmine Starter Pack With Refill Mix 4,ACTIVE,gid://shopify/ProductVariant/57051053130059,wild15mix,True,DENY,1,inventoryPolicy DENY -> CONTINUE
gid://shopify/Product/15671299637579,compeed-blister-small-6pk,Compeed Blister Small 6Pk,ACTIVE,gid://shopify/ProductVariant/57051053162827,5708932006903,True,DENY,1,inventoryPolicy DENY -> CONTINUE
gid://shopify/Product/15671299670347,uriage-eau-thermal-micellaire-water-sensitive-250ml,Uriage Eau Thermal Micellaire Water Sensitive 250Ml,ACTIVE,gid://shopify/ProductVariant/57051053195595,3661434009327,True,DENY,1,inventoryPolicy DENY -> CONTINUE
gid://shopify/Product/15671299899723,c-and-h-mixed-fruit-drops,C And H Mixed Fruit Drops,ACTIVE,gid://shopify/ProductVariant/57051053490507,4013197767010,True,DENY,1,inventoryPolicy DENY -> CONTINUE
gid://shopify/Product/15671299932491,voduz-care-for-it-re-energising-scalp-spray-100ml,Voduz Care For It Re-Energising Scalp Spray 100Ml,ACTIVE,gid://shopify/ProductVariant/57051053523275,voduzscalpspray1,True,DENY,1,inventoryPolicy DENY -> CONTINUE
gid://shopify/Product/15671300096331,aveeno-500ml-daily-moisturising-bodywash,Aveeno 500Ml Daily Moisturising Bodywash,ACTIVE,gid://shopify/ProductVariant/57051053883723,3574661250984,True,DENY,1,inventoryPolicy DENY -> CONTINUE
gid://shopify/Product/15671300161867,waterwipes-12pk-and-biomiracle-hand-wipes-20pk-x-12-bundle,Waterwipes 12Pk And Biomiracle Hand Wipes 20Pk X 12 Bundle,ACTIVE,gid://shopify/ProductVariant/57051054047563,WipesBundle1,True,DENY,1,inventoryPolicy DENY -> CONTINUE
gid://shopify/Product/15671300391243,aveeno-75ml-relief-hand-cream,Aveeno 75Ml Relief Hand Cream,ACTIVE,gid://shopify/ProductVariant/57051054637387,3574661286167,True,DENY,1,inventoryPolicy DENY -> CONTINUE
gid://shopify/Product/15671300424011,tampax-pearl-super-18pk,Tampax Pearl Super 18Pk,ACTIVE,gid://shopify/ProductVariant/57051054670155,4015400269793,True,DENY,1,inventoryPolicy DENY -> CONTINUE
gid://shopify/Product/15671300456779,chance-spray-deodorant-100ml,Chance-Spray Deodorant 100Ml,ACTIVE,gid://shopify/ProductVariant/57051054702923,3145891269000,True,DENY,1,inventoryPolicy DENY -> CONTINUE
gid://shopify/Product/15671300522315,svr-sebiaclear-creme-hydra-40ml,Svr Sebiaclear Creme Hydra 40Ml,ACTIVE,gid://shopify/ProductVariant/57051054866763,3662361003594,True,DENY,1,inventoryPolicy DENY -> CONTINUE
gid://shopify/Product/15671300555083,menoelle-plus-tablets-30pk,Menoelle Plus Tablets 30Pk,ACTIVE,gid://shopify/ProductVariant/57051054899531,5391132000156,True,DENY,1,inventoryPolicy DENY -> CONTINUE
gid://shopify/Product/15671300587851,medicare-sterile-saline-solution-wound-eyewash-wash-spray,Medicare Sterile Saline Solution Wound & Eyewash Wash Spray,ACTIVE,gid://shopify/ProductVariant/57051054932299,5099390416763,True,DENY,1,inventoryPolicy DENY -> CONTINUE
gid://shopify/Product/15671300653387,bperfect-mrs-glam-sunset-glow-peach-melba-cream-blush,Bperfect Mrs Glam Sunset Glow Peach Melba Cream Blush,ACTIVE,gid://shopify/ProductVariant/57051054997835,5061045650891,True,DENY,1,inventoryPolicy DENY -> CONTINUE
gid://shopify/Product/15671300751691,declar-stress-balance-anti-irritation-serum-50ml,Declaré Stress Balance Anti-Irritation Serum 50Ml,ACTIVE,gid://shopify/ProductVariant/57051055096139,9007867007068,True,DENY,1,inventoryPolicy DENY -> CONTINUE
gid://shopify/Product/15671301013835,voduz-care-for-it-repair-anti-snap-spray,Voduz Care For It Repair Anti Snap Spray,ACTIVE,gid://shopify/ProductVariant/57051055456587,5060907059209,True,DENY,1,inventoryPolicy DENY -> CONTINUE
gid://shopify/Product/15671301308747,old-spice-original-deo-stick-50ml,Old Spice Original Deo Stick 50Ml,ACTIVE,gid://shopify/ProductVariant/57051056144715,5000174003451,True,DENY,1,inventoryPolicy DENY -> CONTINUE
gid://shopify/Product/15671301341515,cerumol-olive-oil-ear-drops-10ml,Cerumol Olive Oil Ear Drops 10Ml,ACTIVE,gid://shopify/ProductVariant/57051056177483,5011309010114,True,DENY,1,inventoryPolicy DENY -> CONTINUE
gid://shopify/Product/15671301407051,so-ibiza-dreams-body-mist-200ml,So? Ibiza Dreams Body Mist 200Ml,ACTIVE,gid://shopify/ProductVariant/57051056243019,5018389015862,True,DENY,1,inventoryPolicy DENY -> CONTINUE
gid://shopify/Product/15671301439819,physiologix-ultimate-shoulder-support-large-to-extra-large,Physiologix Ultimate Shoulder Support - Large To Extra Large,ACTIVE,gid://shopify/ProductVariant/57051056275787,5099390415537,True,DENY,1,inventoryPolicy DENY -> CONTINUE
gid://shopify/Product/15671301636427,bperfect-chroma-cover-matte-foundation-w1,Bperfect Chroma Cover Matte Foundation - W1,ACTIVE,gid://shopify/ProductVariant/57051056734539,chromaw1,True,DENY,1,inventoryPolicy DENY -> CONTINUE
gid://shopify/Product/15671301669195,solgar-vitamin-d3-50tabs,Solgar Vitamin D3 50Tabs,ACTIVE,gid://shopify/ProductVariant/57051056767307,033984033160,True,DENY,1,inventoryPolicy DENY -> CONTINUE
gid://shopify/Product/15671301701963,uriage-eau-thermal-d-uriage-water-mist-50ml,Uriage Eau Thermal D'uriage Water Mist 50Ml,ACTIVE,gid://shopify/ProductVariant/57051056800075,3661434000539,True,DENY,1,inventoryPolicy DENY -> CONTINUE
gid://shopify/Product/15671301767499,luna-filter-finish-concealer-light-neutral,Luna Filter Finish Concealer - Light/Neutral,ACTIVE,gid://shopify/ProductVariant/57051056865611,lunalight,True,DENY,1,inventoryPolicy DENY -> CONTINUE
gid://shopify/Product/15671301800267,easofen-ibuprofen-200mg-12pk,Easofen Ibuprofen 200Mg 12Pk,ACTIVE,gid://shopify/ProductVariant/57051056898379,5099562205157,True,DENY,1,inventoryPolicy DENY -> CONTINUE
gid://shopify/Product/15671301865803,revive-active-zest-active-berry-burst,Revive Active Zest Active Berry Burst,ACTIVE,gid://shopify/ProductVariant/57051056963915,5391546180031,True,DENY,1,inventoryPolicy DENY -> CONTINUE
gid://shopify/Product/15671301898571,strepsils-strawberry-sugar-free-lozenge-16pk,Strepsils Strawberry Sugar Free Lozenge 16Pk,ACTIVE,gid://shopify/ProductVariant/57051056996683,5000167090345,True,DENY,1,inventoryPolicy DENY -> CONTINUE
gid://shopify/Product/15671301996875,declar-stress-balance-couperose-solution-50ml,Declaré Stress Balance Couperose Solution 50Ml,ACTIVE,gid://shopify/ProductVariant/57051057094987,9007867007846,True,DENY,1,inventoryPolicy DENY -> CONTINUE
gid://shopify/Product/15671302062411,travel-blue-comfort-bands,Travel Blue Comfort Bands,ACTIVE,gid://shopify/ProductVariant/57051057160523,501840400501,True,DENY,1,inventoryPolicy DENY -> CONTINUE
gid://shopify/Product/15671302095179,medporex-surgical-adhesive-dress-6-x-7cm-50pk,Medporex Surgical Adhesive Dress 6 X 7Cm 50Pk,ACTIVE,gid://shopify/ProductVariant/57051057226059,5099390403541,True,DENY,1,inventoryPolicy DENY -> CONTINUE
gid://shopify/Product/15671302160715,the-handmade-soap-company-lemongrass-cedarwood-hand-wash-hand-lotion-duo,The Handmade Soap Company Lemongrass & Cedarwood Hand Wash & Hand Lotion Duo,ACTIVE,gid://shopify/ProductVariant/57051057291595,5391520236655,True,DENY,1,inventoryPolicy DENY -> CONTINUE
gid://shopify/Product/15671302259019,nurofen-express-400mg-maximum-strength-12p,Nurofen Express 400Mg Maximum Strength 12P,ACTIVE,gid://shopify/ProductVariant/57051057520971,5000158102941,True,DENY,1,inventoryPolicy DENY -> CONTINUE
gid://shopify/Product/15671302291787,lemsip-max-cough-cold-sachets-5pk,Lemsip Max Cough Cold Sachets 5Pk,ACTIVE,gid://shopify/ProductVariant/57051057553739,5000158066540,True,DENY,1,inventoryPolicy DENY -> CONTINUE
gid://shopify/Product/15671302422859,broncho-stop-junior-cough-strawberry-120ml,Broncho Stop Junior Cough Strawberry 120Ml,ACTIVE,gid://shopify/ProductVariant/57051058602315,5012616264290,True,DENY,1,inventoryPolicy DENY -> CONTINUE
gid://shopify/Product/15671302455627,sinutab-n-d-tabs-15pk,Sinutab N/D Tabs 15Pk,ACTIVE,gid://shopify/ProductVariant/57051058635083,5010123121945,True,DENY,1,inventoryPolicy DENY -> CONTINUE
gid://shopify/Product/15671302521163,corsodyl-300ml-mouthwash-aniseed,Corsodyl 300Ml Mouthwash Aniseed,ACTIVE,gid://shopify/ProductVariant/57051058700619,5011080010600,True,DENY,1,inventoryPolicy DENY -> CONTINUE
gid://shopify/Product/15671302619467,tramma-gel,Tramma Gel,ACTIVE,gid://shopify/ProductVariant/57051058929995,3870112003780,True,DENY,1,inventoryPolicy DENY -> CONTINUE
gid://shopify/Product/15671302717771,durex-thin-feel-3pk,Durex Thin Feel 3Pk,ACTIVE,gid://shopify/ProductVariant/57051059028299,5010232967649,True,DENY,1,inventoryPolicy DENY -> CONTINUE
gid://shopify/Product/15671302881611,perfection-primer-golden-glow,Perfection Primer Golden Glow,ACTIVE,gid://shopify/ProductVariant/57051059323211,5060806562275,True,DENY,1,inventoryPolicy DENY -> CONTINUE
gid://shopify/Product/15671302947147,medicare-family-pack-fabric-50-assorted-plasters,Medicare Family Pack Fabric 50+ Assorted Plasters,ACTIVE,gid://shopify/ProductVariant/57051059388747,5099390415957,True,DENY,1,inventoryPolicy DENY -> CONTINUE
gid://shopify/Product/15671302979915,fishermans-friend-lozenges-25g-original,Fishermans Friend Lozenges 25G Original,ACTIVE,gid://shopify/ProductVariant/57051059421515,50357185,True,DENY,1,inventoryPolicy DENY -> CONTINUE
gid://shopify/Product/15671303078219,bbold-instant-airbrush-medium-75ml,Bbold Instant Airbrush Medium 75Ml,ACTIVE,gid://shopify/ProductVariant/57051059650891,5060298553980,True,DENY,1,inventoryPolicy DENY -> CONTINUE
gid://shopify/Product/15671303143755,ella-jo-melt-the-day-away-cleansing-balm,Ella & Jo Melt The Day Away Cleansing Balm,ACTIVE,gid://shopify/ProductVariant/57051059716427,5392000189331,True,DENY,1,inventoryPolicy DENY -> CONTINUE
gid://shopify/Product/15671303209291,bperfect-chroma-cover-matte-foundation-w4,Bperfect Chroma Cover Matte Foundation - W4,ACTIVE,gid://shopify/ProductVariant/57051059880267,chromaw4,True,DENY,1,inventoryPolicy DENY -> CONTINUE
gid://shopify/Product/15671303242059,floradix-liquid-iron-500ml,Floradix Liquid Iron 500Ml,ACTIVE,gid://shopify/ProductVariant/57051059913035,4004148047503,True,DENY,1,inventoryPolicy DENY -> CONTINUE
gid://shopify/Product/15671303274827,dextro-energy-blackcurrant-vit-c-47g,Dextro Energy Blackcurrant + Vit C 47G,ACTIVE,gid://shopify/ProductVariant/57051059945803,50184262,True,DENY,1,inventoryPolicy DENY -> CONTINUE
gid://shopify/Product/15671303307595,the-gentleman-s-emporium-golf-mug-sock-set,The Gentleman's Emporium Golf Mug & Sock Set,ACTIVE,gid://shopify/ProductVariant/57051059978571,5051237093650,True,DENY,1,inventoryPolicy DENY -> CONTINUE
gid://shopify/Product/15671303504203,pestle-mortar-the-heroes-collection-double-cleanse,Pestle & Mortar The Heroes Collection Double Cleanse,ACTIVE,gid://shopify/ProductVariant/57051060175179,855238006665,True,DENY,1,inventoryPolicy DENY -> CONTINUE
gid://shopify/Product/15671303569739,lanes-kalms-night-28-tablets,Lanes Kalms Night 28 Tablets,ACTIVE,gid://shopify/ProductVariant/57051060240715,5000477829239,True,DENY,1,inventoryPolicy DENY -> CONTINUE
gid://shopify/Product/15671303700811,indestructi-brow-pencil-ultra-dark-brown,Indestructi'brow Pencil Ultra Dark Brown,ACTIVE,gid://shopify/ProductVariant/57051060633931,5060806560592,True,DENY,1,inventoryPolicy DENY -> CONTINUE
gid://shopify/Product/15671303864651,niquitin-clear-step-2-14mg-patch-7pk,Niquitin Clear Step 2 14Mg Patch 7Pk,ACTIVE,gid://shopify/ProductVariant/57051060797771,5011080105412,True,DENY,1,inventoryPolicy DENY -> CONTINUE
gid://shopify/Product/15671303897419,solgar-boitin-5000ug-50caps,Solgar Boitin 5000Ug 50Caps,ACTIVE,gid://shopify/ProductVariant/57051060830539,033984003132,True,DENY,1,inventoryPolicy DENY -> CONTINUE
gid://shopify/Product/15671304094027,pestle-mortar-exfoliate-toner-180ml,Pestle & Mortar Exfoliate Toner 180Ml,ACTIVE,gid://shopify/ProductVariant/57051061158219,855717008180,True,DENY,1,inventoryPolicy DENY -> CONTINUE
gid://shopify/Product/15671304192331,pestle-mortar-essentials-body-wash-500ml,Pestle & Mortar Essentials Body Wash 500Ml,ACTIVE,gid://shopify/ProductVariant/57051061485899,856149007376,True,DENY,1,inventoryPolicy DENY -> CONTINUE
gid://shopify/Product/15671304257867,uriage-hyseac-pate-sos-spot-control-paste-15g,Uriage Hyseac Pate Sos Spot Control Paste 15G,ACTIVE,gid://shopify/ProductVariant/57051061551435,3661434010118,True,DENY,1,inventoryPolicy DENY -> CONTINUE
gid://shopify/Product/15671304388939,jimmy-choo-i-want-choo-forever-60ml-2pc-gift-set,Jimmy Choo I Want Choo Forever 60Ml 2Pc Gift Set,ACTIVE,gid://shopify/ProductVariant/57051061682507,3386406013415,True,DENY,1,inventoryPolicy DENY -> CONTINUE
gid://shopify/Product/15671304421707,voduz-unbreaka-bobble-neutral,Voduz Unbreaka'bobble - Neutral,ACTIVE,gid://shopify/ProductVariant/57051061715275,5060806563241,True,DENY,1,inventoryPolicy DENY -> CONTINUE
gid://shopify/Product/15671304520011,voduz-pure-silk-hair-and-body-oil,Voduz Pure Silk Hair And Body Oil,ACTIVE,gid://shopify/ProductVariant/57051061813579,5060938582066,True,DENY,1,inventoryPolicy DENY -> CONTINUE
gid://shopify/Product/15671304552779,simple-kts-cleanser-200ml-micellar,Simple Kts Cleanser 200Ml Micellar,ACTIVE,gid://shopify/ProductVariant/57051061846347,8712561669825,True,DENY,1,inventoryPolicy DENY -> CONTINUE
gid://shopify/Product/15671304651083,nizoral-dandruff-shampoo-100ml,Nizoral Dandruff Shampoo 100Ml,ACTIVE,gid://shopify/ProductVariant/57051061944651,5099562743055,True,DENY,1,inventoryPolicy DENY -> CONTINUE
gid://shopify/Product/15671304683851,sosu-false-nails-soft-sage,Sosu False Nails Soft Sage,ACTIVE,gid://shopify/ProductVariant/57051061977419,5391545371683,True,DENY,1,inventoryPolicy DENY -> CONTINUE
gid://shopify/Product/15671304716619,mccormacks-pharmacy-e-gift-card-10,Mccormacks Pharmacy E-Gift Card €10,ACTIVE,gid://shopify/ProductVariant/57051062010187,giftcard10,True,DENY,1,inventoryPolicy DENY -> CONTINUE
gid://shopify/Product/15671304749387,bayliss-harding-jasmine-apple-blossom-luxury-hand-wash-500ml,Bayliss & Harding Jasmine & Apple Blossom Luxury Hand Wash 500Ml,ACTIVE,gid://shopify/ProductVariant/57051062042955,017854064836,True,DENY,1,inventoryPolicy DENY -> CONTINUE
gid://shopify/Product/15671304782155,cali-coast-palm-paradise,Cali Coast Palm Paradise,ACTIVE,gid://shopify/ProductVariant/57051062075723,5060298554550,True,DENY,1,inventoryPolicy DENY -> CONTINUE
gid://shopify/Product/15671304913227,cotton-wool-500g,Cotton Wool 500G,ACTIVE,gid://shopify/ProductVariant/57051062305099,5098983000471,True,DENY,1,inventoryPolicy DENY -> CONTINUE
gid://shopify/Product/15671304945995,proceive-pregnancy-second-trimester-60-capsules,Proceive Pregnancy Second Trimester -60 Capsules,ACTIVE,gid://shopify/ProductVariant/57051062337867,proceive2,True,DENY,1,inventoryPolicy DENY -> CONTINUE
gid://shopify/Product/15671305077067,svr-sebiaclear-serum-30ml,Svr Sebiaclear Serum 30Ml,ACTIVE,gid://shopify/ProductVariant/57051062567243,3662361000364,True,DENY,1,inventoryPolicy DENY -> CONTINUE
gid://shopify/Product/15671305109835,wild-coconut-dreams-deodorant-refill-43g,Wild Coconut Dreams Deodorant Refill 43G,ACTIVE,gid://shopify/ProductVariant/57051062600011,wild6,True,DENY,1,inventoryPolicy DENY -> CONTINUE
gid://shopify/Product/15671305142603,beconase-hayfever-100-dose,Beconase Hayfever 100 Dose,ACTIVE,gid://shopify/ProductVariant/57051062632779,5012616262128,True,DENY,1,inventoryPolicy DENY -> CONTINUE
gid://shopify/Product/15671305306443,infinity-m0307-toe-nail-clipperpk,Infinity M0307 Toe Nail Clipperpk,ACTIVE,gid://shopify/ProductVariant/57051062796619,5391018024221,True,DENY,1,inventoryPolicy DENY -> CONTINUE
gid://shopify/Product/15671305339211,easofen-max-400mg-ibuprofen-24pk,Easofen Max 400Mg Ibuprofen 24Pk,ACTIVE,gid://shopify/ProductVariant/57051062829387,5099562205300,True,DENY,1,inventoryPolicy DENY -> CONTINUE
gid://shopify/Product/15671305371979,medicare-pill-splitter,Medicare Pill Splitter,ACTIVE,gid://shopify/ProductVariant/57051062862155,079573011157,True,DENY,1,inventoryPolicy DENY -> CONTINUE
gid://shopify/Product/15671305535819,phyto-anti-hair-loss-treatment-for-women-reactional-hair-loss-stress-diet-post-preg,"Phyto Anti Hair Loss Treatment For Women (Reactional Hair-Loss: Stress, Diet, Post-Preg)",ACTIVE,gid://shopify/ProductVariant/57051063320907,3701436910143,True,DENY,1,inventoryPolicy DENY -> CONTINUE
gid://shopify/Product/15671305732427,yankee-candle-ss24-and-sharpie-giftset,Yankee Candle Ss24 And Sharpie Giftset,ACTIVE,gid://shopify/ProductVariant/57051063517515,5038581160894,True,DENY,1,inventoryPolicy DENY -> CONTINUE
gid://shopify/Product/15671305797963,kelkin-tea-tree-shampoo-250ml,Kelkin Tea Tree Shampoo 250Ml,ACTIVE,gid://shopify/ProductVariant/57051063779659,5011032579964,True,DENY,1,inventoryPolicy DENY -> CONTINUE
gid://shopify/Product/15671305830731,vicks-vaporub-100g-tub,Vicks Vaporub 100G Tub,ACTIVE,gid://shopify/ProductVariant/57051063812427,8006540034910,True,DENY,1,inventoryPolicy DENY -> CONTINUE
gid://shopify/Product/15671305863499,dove-advanced-care-deeply-nourishing-body-wash-225ml,Dove Advanced Care Deeply Nourishing Body Wash 225Ml,ACTIVE,gid://shopify/ProductVariant/57051063845195,8720181443367,True,DENY,1,inventoryPolicy DENY -> CONTINUE
gid://shopify/Product/15671305896267,zirtek-plus-decongestant-6pk,Zirtek Plus Decongestant 6Pk,ACTIVE,gid://shopify/ProductVariant/57051063877963,5015313013673,True,DENY,1,inventoryPolicy DENY -> CONTINUE
gid://shopify/Product/15671305929035,infinity-m0068-i-7-way-maxi-buffer,Infinity M0068/I 7 Way Maxi Buffer,ACTIVE,gid://shopify/ProductVariant/57051063910731,5022638000400,True,DENY,1,inventoryPolicy DENY -> CONTINUE
gid://shopify/Product/15671305994571,gucci-guilty-ladies-50ml-edt-spr,Gucci Guilty Ladies 50Ml Edt Spr,ACTIVE,gid://shopify/ProductVariant/57051063976267,737052777238,True,DENY,1,inventoryPolicy DENY -> CONTINUE
gid://shopify/Product/15671306060107,mccormacks-pharmacy-e-gift-card-100,Mccormacks Pharmacy E-Gift Card €100,ACTIVE,gid://shopify/ProductVariant/57051064828235,giftcard100,True,DENY,1,inventoryPolicy DENY -> CONTINUE
gid://shopify/Product/15671306092875,solgar-vitamin-d3-4000iu-60-vegetable-capsules,Solgar Vitamin D3 4000Iu 60 Vegetable Capsules,ACTIVE,gid://shopify/ProductVariant/57051064861003,033984529076,True,DENY,1,inventoryPolicy DENY -> CONTINUE
gid://shopify/Product/15671306125643,pepcid-ac-tabs-12pk,Pepcid Ac Tabs 12Pk,ACTIVE,gid://shopify/ProductVariant/57051064893771,5027097010090,True,DENY,1,inventoryPolicy DENY -> CONTINUE
gid://shopify/Product/15671306158411,luna-filter-finish-naturally-matte-foundation-rich,Luna Filter Finish Naturally Matte Foundation - Rich,ACTIVE,gid://shopify/ProductVariant/57051064926539,lunamatterich,True,DENY,1,inventoryPolicy DENY -> CONTINUE
gid://shopify/Product/15671306191179,nurofen-cold-flu-24pk,Nurofen Cold & Flu 24Pk,ACTIVE,gid://shopify/ProductVariant/57051064959307,5000158102163,True,DENY,1,inventoryPolicy DENY -> CONTINUE
gid://shopify/Product/15671306289483,nexium-control-capsules-14pk,Nexium Control Capsules 14Pk,ACTIVE,gid://shopify/ProductVariant/57051065155915,5391523250283,True,DENY,1,inventoryPolicy DENY -> CONTINUE
gid://shopify/Product/15671306322251,revive-original-1-year-supply-360-sachets,Revive Original 1 Year Supply 360 Sachets,ACTIVE,gid://shopify/ProductVariant/57051065188683,REV1YS,True,DENY,1,inventoryPolicy DENY -> CONTINUE
gid://shopify/Product/15671306387787,sculpted-by-aimee-sculpted-hydratint-5-0,Sculpted By Aimee Sculpted Hydratint 5.0,ACTIVE,gid://shopify/ProductVariant/57051065254219,0796548127087,True,DENY,1,inventoryPolicy DENY -> CONTINUE
gid://shopify/Product/15671306420555,scuplted-duocleanse-cleanse-exfoliate,Scuplted Duocleanse Cleanse & Exfoliate,ACTIVE,gid://shopify/ProductVariant/57051065286987,5391545121042,True,DENY,1,inventoryPolicy DENY -> CONTINUE
gid://shopify/Product/15671306453323,jenny-glow-coding-inspired-by-armani-code-50ml,Jenny Glow Coding Inspired By Armani Code 50Ml,ACTIVE,gid://shopify/ProductVariant/57051065319755,6294015153613,True,DENY,1,inventoryPolicy DENY -> CONTINUE
gid://shopify/Product/15671306486091,jenny-glow-just-kloe-inspired-by-chloe,Jenny Glow Just Kloe Inspired By Chloe,ACTIVE,gid://shopify/ProductVariant/57051065352523,6294015174595,True,DENY,1,inventoryPolicy DENY -> CONTINUE
gid://shopify/Product/15671306584395,revive-active-collagen-complex-30pk,Revive Active Collagen Complex 30Pk,ACTIVE,gid://shopify/ProductVariant/57051065549131,5391546180406,True,DENY,1,inventoryPolicy DENY -> CONTINUE
gid://shopify/Product/15671306649931,melolin-n-adh-dressing-10cm-x-10cm,Melolin N-Adh Dressing 10Cm X 10Cm,ACTIVE,gid://shopify/ProductVariant/57051065614667,5000223417307,True,DENY,1,inventoryPolicy DENY -> CONTINUE
gid://shopify/Product/15671306748235,physiologix-ultimate-shoulder-support-small-to-medium,Physiologix Ultimate Shoulder Support - Small To Medium,ACTIVE,gid://shopify/ProductVariant/57051065975115,5099390415544,True,DENY,1,inventoryPolicy DENY -> CONTINUE
gid://shopify/Product/15671306846539,macushield-caps-30pk,Macushield Caps 30Pk,ACTIVE,gid://shopify/ProductVariant/57051066138955,5036631001494,True,DENY,1,inventoryPolicy DENY -> CONTINUE
gid://shopify/Product/15671306912075,bperfect-mrs-glam-sunset-glow-rosemantic-cream-blush,Bperfect Mrs Glam Sunset Glow Rosemantic Cream Blush,ACTIVE,gid://shopify/ProductVariant/57051066204491,5061045650914,True,DENY,1,inventoryPolicy DENY -> CONTINUE
gid://shopify/Product/15671307075915,the-cheek-liquid-blush-just-peachy,The Cheek Liquid Blush Just Peachy,ACTIVE,gid://shopify/ProductVariant/57051066532171,5060907052606,True,DENY,1,inventoryPolicy DENY -> CONTINUE
gid://shopify/Product/15671307108683,bioxtra-dry-mouth-oral-gel-40ml,Bioxtra Dry Mouth Oral Gel 40Ml,ACTIVE,gid://shopify/ProductVariant/57051066564939,5425005120037,True,DENY,1,inventoryPolicy DENY -> CONTINUE
gid://shopify/Product/15671307141451,declar-soft-cleansing-cleansing-powder-90g,Declaré Soft Cleansing Cleansing Powder 90G,ACTIVE,gid://shopify/ProductVariant/57051066597707,9007867005118,True,DENY,1,inventoryPolicy DENY -> CONTINUE
gid://shopify/Product/15671307174219,skingredients-sally-clenase-2-salicylic-acid-oil-control-cleanser-refill-100ml,Skingredients Sally Clenase 2% Salicylic Acid Oil Control Cleanser Refill 100Ml,ACTIVE,gid://shopify/ProductVariant/57051066630475,634240001703,True,DENY,1,inventoryPolicy DENY -> CONTINUE
gid://shopify/Product/15671307206987,uriage-pruriced-soothing-creme-100ml,Uriage Pruriced Soothing Creme 100Ml,ACTIVE,gid://shopify/ProductVariant/57051066663243,3661434009686,True,DENY,1,inventoryPolicy DENY -> CONTINUE
gid://shopify/Product/15671307272523,mm-zippy-zebra-tething-soother-comforter,Mm Zippy Zebra Tething Soother & Comforter,ACTIVE,gid://shopify/ProductVariant/57051066728779,5060679073496,True,DENY,1,inventoryPolicy DENY -> CONTINUE
gid://shopify/Product/15671307305291,lansih-cream-40ml,Lansinoh Cream 40Ml,ACTIVE,gid://shopify/ProductVariant/57051066761547,5060062996104,True,DENY,1,inventoryPolicy DENY -> CONTINUE
gid://shopify/Product/15671307338059,sona-thiamin-100mg-tabs-120pk,Sona Thiamin 100Mg Tabs (120Pk),ACTIVE,gid://shopify/ProductVariant/57051066794315,5390612004202,True,DENY,1,inventoryPolicy DENY -> CONTINUE
gid://shopify/Product/15671307534667,l-or-al-paris-elvive-bond-repair-leave-in-serum-150ml,L’Oréal Paris Elvive Bond Repair Leave-In Serum 150Ml,ACTIVE,gid://shopify/ProductVariant/57051066990923,3600524075583,True,DENY,1,inventoryPolicy DENY -> CONTINUE
gid://shopify/Product/15671307567435,uriage-pruriced-soothing-gel-100ml,Uriage Pruriced Soothing Gel 100Ml,ACTIVE,gid://shopify/ProductVariant/57051067023691,3661434009679,True,DENY,1,inventoryPolicy DENY -> CONTINUE
gid://shopify/Product/15671307632971,the-handmade-soap-company-bitter-orange-pink-pepper-soap-bar-100g,The Handmade Soap Company Bitter Orange & Pink Pepper Soap Bar 100G,ACTIVE,gid://shopify/ProductVariant/57051067089227,5391520236310,True,DENY,1,inventoryPolicy DENY -> CONTINUE
gid://shopify/Product/15671307665739,medi-sport-zinc-oxidetape-1-5x14,Medi Sport Zinc Oxidetape 1.5X14,ACTIVE,gid://shopify/ProductVariant/57051067121995,5099390409154,True,DENY,1,inventoryPolicy DENY -> CONTINUE
gid://shopify/Product/15671307698507,gaviscon-aniseed-liquid-300ml,Gaviscon Aniseed Liquid 300Ml,ACTIVE,gid://shopify/ProductVariant/57051067154763,5000158065925,True,DENY,1,inventoryPolicy DENY -> CONTINUE
gid://shopify/Product/15671307731275,chanel-no5-eau-de-parfum-35ml,Chanel No5 Eau De Parfum 35Ml,ACTIVE,gid://shopify/ProductVariant/57051067187531,3145891252309,True,DENY,1,inventoryPolicy DENY -> CONTINUE
gid://shopify/Product/15671307829579,voduz-velvet-crown-200ml,Voduz Velvet Crown 200Ml,ACTIVE,gid://shopify/ProductVariant/57051067285835,079359168304,True,DENY,1,inventoryPolicy DENY -> CONTINUE
gid://shopify/Product/15671307895115,viagra-connect-50mg-tablets-8-pack,Viagra Connect 50Mg Tablets 8 Pack,ACTIVE,gid://shopify/ProductVariant/57051067351371,1210001168503,True,DENY,1,inventoryPolicy DENY -> CONTINUE
gid://shopify/Product/15671307993419,luna-filter-finish-silk-foundation-fair,Luna Filter Finish Silk Foundation - Fair,ACTIVE,gid://shopify/ProductVariant/57051067416907,Lunafairsilk,True,DENY,1,inventoryPolicy DENY -> CONTINUE
gid://shopify/Product/15671308091723,voduz-hair-diffuser,Voduz Hair Diffuser,ACTIVE,gid://shopify/ProductVariant/57051067515211,793618107796,True,DENY,1,inventoryPolicy DENY -> CONTINUE
gid://shopify/Product/15671308157259,micropore-50mmx5m,Micropore 50Mmx5m,ACTIVE,gid://shopify/ProductVariant/57051067580747,5037015010989,True,DENY,1,inventoryPolicy DENY -> CONTINUE
gid://shopify/Product/15671308222795,ov-silcocks-base-250ml-tube,Ov Silcocks Base 250Ml Tube,ACTIVE,gid://shopify/ProductVariant/57051067646283,5098928124637,True,DENY,1,inventoryPolicy DENY -> CONTINUE
gid://shopify/Product/15671308255563,lansih-ultra-thin-nursing-pads-24pk,Lansinoh Ultra Thin Nursing Pads 24Pk,ACTIVE,gid://shopify/ProductVariant/57051067679051,5060062991420,True,DENY,1,inventoryPolicy DENY -> CONTINUE
gid://shopify/Product/15671308321099,declar-age-control-night-revitalizer-50ml,Declaré Age Control Night Revitalizer 50Ml,ACTIVE,gid://shopify/ProductVariant/57051067875659,9007867005910,True,DENY,1,inventoryPolicy DENY -> CONTINUE
gid://shopify/Product/15671308353867,nytol-50mg-diphenhydramine-20pk-perrigo,Nytol 50Mg Diphenhydramine 20Pk Perrigo,ACTIVE,gid://shopify/ProductVariant/57051067908427,5012616264887,True,DENY,1,inventoryPolicy DENY -> CONTINUE
gid://shopify/Product/15671308452171,mccormacks-pharmacy-e-gift-card-50,Mccormacks Pharmacy E-Gift Card €50,ACTIVE,gid://shopify/ProductVariant/57051068137803,giftcard50,True,DENY,1,inventoryPolicy DENY -> CONTINUE
gid://shopify/Product/15671308484939,sculpted-duocleanse-cleanse-clarify,Sculpted Duocleanse Cleanse & Clarify,ACTIVE,gid://shopify/ProductVariant/57051068170571,5391545120984,True,DENY,1,inventoryPolicy DENY -> CONTINUE
gid://shopify/Product/15671308583243,solgar-vitamin-d3-1000mcg-softgels-100-pk,Solgar Vitamin D3 1000Mcg Softgels (100 Pk),ACTIVE,gid://shopify/ProductVariant/57051068563787,033984033405,True,DENY,1,inventoryPolicy DENY -> CONTINUE
gid://shopify/Product/15671308681547,compeed-blister-mix-5pk,Compeed Blister Mix 5Pk,ACTIVE,gid://shopify/ProductVariant/57051068825931,3574660651751,True,DENY,1,inventoryPolicy DENY -> CONTINUE
gid://shopify/Product/15671308747083,cydonia-horse-balm-100ml,Cydonia Horse Balm 100Ml,ACTIVE,gid://shopify/ProductVariant/57051068891467,3870112001168,True,DENY,1,inventoryPolicy DENY -> CONTINUE
gid://shopify/Product/15671308779851,viralief-cs-cream-2g,Viralief Cs Cream 2G,ACTIVE,gid://shopify/ProductVariant/57051068924235,5099562922054,True,DENY,1,inventoryPolicy DENY -> CONTINUE
gid://shopify/Product/15671308976459,burts-bees-hemp-chanvre-lip-balm,Burts Bees Hemp Chanvre Lip Balm,ACTIVE,gid://shopify/ProductVariant/57051069153611,792850908499,True,DENY,1,inventoryPolicy DENY -> CONTINUE
gid://shopify/Product/15671309041995,garnier-olia-5-0-brown-no-ammonia-permanent-hair-dye,Garnier Olia 5.0 Brown No Ammonia Permanent Hair Dye,ACTIVE,gid://shopify/ProductVariant/57051069219147,3600541233621,True,DENY,1,inventoryPolicy DENY -> CONTINUE
gid://shopify/Product/15671309107531,jenny-glow-the-shoe-inspired-by-carolina-herrera-good-girl-15ml,"Jenny Glow The Shoe Inspired By Carolina Herrera, Good Girl 15Ml",ACTIVE,gid://shopify/ProductVariant/57051069284683,6294015179521,True,DENY,1,inventoryPolicy DENY -> CONTINUE
gid://shopify/Product/15671309173067,solgar-omega-3-6-9-sgel-60pack,Solgar Omega 3-6-9 Sgel 60Pack,ACTIVE,gid://shopify/ProductVariant/57051071643979,033984020276,True,DENY,1,inventoryPolicy DENY -> CONTINUE
gid://shopify/Product/15671309271371,skingredients-skin-veg-hylauronic-acid-hydrating-serum-45ml-refill,Skingredients Skin Veg Hylauronic Acid Hydrating Serum 45Ml Refill,ACTIVE,gid://shopify/ProductVariant/57051071742283,634240001642,True,DENY,1,inventoryPolicy DENY -> CONTINUE
gid://shopify/Product/15671309304139,motilium-tabs-10pk,Motilium Tabs 10Pk,ACTIVE,gid://shopify/ProductVariant/57051071775051,3574661316994,True,DENY,1,inventoryPolicy DENY -> CONTINUE
gid://shopify/Product/15671309336907,ultra-pure-citric-acid-50g,Ultra Pure Citric Acid 50G,ACTIVE,gid://shopify/ProductVariant/57051071807819,5391510473145,True,DENY,1,inventoryPolicy DENY -> CONTINUE
gid://shopify/Product/15671309369675,chroma-cover-luminous-foundation-w6,Chroma Cover Luminous Foundation - W6,ACTIVE,gid://shopify/ProductVariant/57051071840587,5060907056291,True,DENY,1,inventoryPolicy DENY -> CONTINUE
gid://shopify/Product/15671309402443,ogam-tea-tree-10ml,Ogam Tea Tree 10Ml,ACTIVE,gid://shopify/ProductVariant/57051071873355,5390600001268,True,DENY,1,inventoryPolicy DENY -> CONTINUE
gid://shopify/Product/15671309467979,sona-d1000-iu-tabs-30pk,Sona D1000 Iu Tabs 30Pk,ACTIVE,gid://shopify/ProductVariant/57051072725323,5390612002710,True,DENY,1,inventoryPolicy DENY -> CONTINUE
gid://shopify/Product/15671309500747,waxperts-calm-down-after-wax-ice-gel,Waxperts Calm Down After Wax Ice Gel,ACTIVE,gid://shopify/ProductVariant/57051072758091,5391530360272,True,DENY,1,inventoryPolicy DENY -> CONTINUE
gid://shopify/Product/15671309533515,uriage-hyseac-cleansing-gel-150ml,Uriage Hyseac Cleansing Gel 150Ml,ACTIVE,gid://shopify/ProductVariant/57051072790859,3661434009983,True,DENY,1,inventoryPolicy DENY -> CONTINUE
gid://shopify/Product/15671309631819,potted-gelousy-matte-gel-liner-mute,Potted Gelousy Matte Gel Liner Mute,ACTIVE,gid://shopify/ProductVariant/57051072889163,5060806561681,True,DENY,1,inventoryPolicy DENY -> CONTINUE
gid://shopify/Product/15671309697355,medicare-fabric-strip-1m-x-6m,Medicare Fabric Strip 1M X 6M,ACTIVE,gid://shopify/ProductVariant/57051072954699,5099390100402,True,DENY,1,inventoryPolicy DENY -> CONTINUE
gid://shopify/Product/15671309730123,fabu-skin-glow-60pk,Fabu Skin Glow 60Pk,ACTIVE,gid://shopify/ProductVariant/57051072987467,3743184122775,True,DENY,1,inventoryPolicy DENY -> CONTINUE
gid://shopify/Product/15671309762891,sculpted-by-aimee-brighten-up-energising-eye-cream-10ml,Sculpted By Aimee Brighten Up Energising Eye Cream 10Ml,ACTIVE,gid://shopify/ProductVariant/57051073020235,5391545129253,True,DENY,1,inventoryPolicy DENY -> CONTINUE
gid://shopify/Product/15671309795659,purified-water-5l,Purified Water 5L,ACTIVE,gid://shopify/ProductVariant/57051073053003,5391510473015,True,DENY,1,inventoryPolicy DENY -> CONTINUE
gid://shopify/Product/15671309861195,uriage-bebe-1st-peri-oral-30ml,Uriage Bebe 1St Peri-Oral 30Ml,ACTIVE,gid://shopify/ProductVariant/57051073282379,3661434008634,True,DENY,1,inventoryPolicy DENY -> CONTINUE
gid://shopify/Product/15671309893963,homme-allure-sport-spray-edt-50ml,Homme Allure Sport-Spray Edt 50Ml,ACTIVE,gid://shopify/ProductVariant/57051073315147,3145891236200,True,DENY,1,inventoryPolicy DENY -> CONTINUE
gid://shopify/Product/15671309992267,jakemans-41g-stick-honey-lemon,Jakemans 41G Stick Honey & Lemon,ACTIVE,gid://shopify/ProductVariant/57051073413451,5030104004944,True,DENY,1,inventoryPolicy DENY -> CONTINUE
gid://shopify/Product/15671310057803,uriage-xemose-moisturising-lipstick-4g,Uriage Xemose Moisturising Lipstick 4G,ACTIVE,gid://shopify/ProductVariant/57051073478987,3661434004452,True,DENY,1,inventoryPolicy DENY -> CONTINUE
gid://shopify/Product/15671310156107,phyto-anti-hair-loss-treatment-for-women-progressive-hair-loss-ageing-menopause-heredity,"Phyto Anti Hair Loss Treatment For Women (Progressive Hair-Loss: Ageing, Menopause, Heredity)",ACTIVE,gid://shopify/ProductVariant/57051073806667,3701436910174,True,DENY,1,inventoryPolicy DENY -> CONTINUE
gid://shopify/Product/15671310254411,dove-advanced-care-nourishing-silk-body-wash-225ml,Dove Advanced Care Nourishing Silk Body Wash 225Ml,ACTIVE,gid://shopify/ProductVariant/57051074265419,8720181457388,True,DENY,1,inventoryPolicy DENY -> CONTINUE
gid://shopify/Product/15671310319947,microlax-5ml-tube-4pk,Microlax 5Ml Tube 4Pk,ACTIVE,gid://shopify/ProductVariant/57051074429259,3574661203409,True,DENY,1,inventoryPolicy DENY -> CONTINUE
gid://shopify/Product/15671310385483,durex-pleasure-me-12pk,Durex Pleasure Me 12Pk,ACTIVE,gid://shopify/ProductVariant/57051074494795,5052197045390,True,DENY,1,inventoryPolicy DENY -> CONTINUE
gid://shopify/Product/15671310418251,luna-by-lisa-hydrate-masque,Luna By Lisa Hydrate Masque,ACTIVE,gid://shopify/ProductVariant/57051074527563,5391532528403,True,DENY,1,inventoryPolicy DENY -> CONTINUE
gid://shopify/Product/15671310483787,anthisan-cream-25g,Anthisan Cream 25G,ACTIVE,gid://shopify/ProductVariant/57051074593099,5013011003545,True,DENY,1,inventoryPolicy DENY -> CONTINUE
gid://shopify/Product/15671310516555,aveeno-200ml-skin-relief-shea,Aveeno 200Ml Skin Relief Shea,ACTIVE,gid://shopify/ProductVariant/57051074625867,3574660325492,True,DENY,1,inventoryPolicy DENY -> CONTINUE
gid://shopify/Product/15671310582091,buscopan-10mg-tabs-20pk,Buscopan 10Mg Tabs 20Pk,ACTIVE,gid://shopify/ProductVariant/57051074691403,5012917022025,True,DENY,1,inventoryPolicy DENY -> CONTINUE
gid://shopify/Product/15671310680395,the-handmade-soap-company-soap-gift-set-three-pack,The Handmade Soap Company Soap Gift Set Three Pack,ACTIVE,gid://shopify/ProductVariant/57051074789707,5391520236617,True,DENY,1,inventoryPolicy DENY -> CONTINUE
gid://shopify/Product/15671310713163,revive-active-teen-20-pk,Revive Active Teen 20 Pk,ACTIVE,gid://shopify/ProductVariant/57051074822475,735850563572,True,DENY,1,inventoryPolicy DENY -> CONTINUE
gid://shopify/Product/15671310877003,scuplted-duocleanse-cleanse-brighten,Scuplted Duocleanse Cleanse & Brighten,ACTIVE,gid://shopify/ProductVariant/57051075248459,5391545121011,True,DENY,1,inventoryPolicy DENY -> CONTINUE
gid://shopify/Product/15671310942539,uriage-bariederm-cica-lips-repairing-balm-15ml,Uriage Bariederm Cica Lips Repairing Balm 15Ml,ACTIVE,gid://shopify/ProductVariant/57051075313995,3661434005459,True,DENY,1,inventoryPolicy DENY -> CONTINUE
gid://shopify/Product/15671311040843,cerave-reparative-hand-cream-50ml,Cerave Reparative Hand Cream 50Ml,ACTIVE,gid://shopify/ProductVariant/57051075412299,3337875597319,True,DENY,1,inventoryPolicy DENY -> CONTINUE
gid://shopify/Product/15671311073611,revive-tropical-1-year-supply-360-sachets,Revive Tropical 1 Year Supply 360 Sachets,ACTIVE,gid://shopify/ProductVariant/57051075445067,Revivetropbundle2,True,DENY,1,inventoryPolicy DENY -> CONTINUE
gid://shopify/Product/15671311368523,king-drench-repair-luxury-shampoo,King Drench & Repair Luxury Shampoo,ACTIVE,gid://shopify/ProductVariant/57051076198731,0745178675284,True,DENY,1,inventoryPolicy DENY -> CONTINUE
gid://shopify/Product/15671311434059,steradent-fresh-tabs-30pk,Steradent Fresh Tabs 30Pk,ACTIVE,gid://shopify/ProductVariant/57051076264267,5011417566329,True,DENY,1,inventoryPolicy DENY -> CONTINUE
gid://shopify/Product/15671311597899,kelkin-tea-tree-conditioner-250ml,Kelkin Tea Tree Conditioner 250Ml,ACTIVE,gid://shopify/ProductVariant/57051076559179,5011032579971,True,DENY,1,inventoryPolicy DENY -> CONTINUE
gid://shopify/Product/15671311761739,sculpted-by-aimee-shape-set-brow-pencil-fixing-gel-deep-brown,Sculpted By Aimee Shape & Set Brow Pencil & Fixing Gel (Deep Brown),ACTIVE,gid://shopify/ProductVariant/57051076723019,0796548963081,True,DENY,1,inventoryPolicy DENY -> CONTINUE
gid://shopify/Product/15671311892811,medicare-size-c-1m-tubular-supp-bandage,Medicare Size C 1M Tubular Supp Bandage,ACTIVE,gid://shopify/ProductVariant/57051077312843,5099390403107,True,DENY,1,inventoryPolicy DENY -> CONTINUE
gid://shopify/Product/15671311958347,niquitin-mini-4mg-60pk-mint-lozenges,Niquitin Mini 4Mg 60Pk Mint Lozenges,ACTIVE,gid://shopify/ProductVariant/57051077378379,5011080930779,True,DENY,1,inventoryPolicy DENY -> CONTINUE
gid://shopify/Product/15671311991115,losec-control-20mg-gr-tabs-14pk,Losec Control 20Mg Gr Tabs 14Pk,ACTIVE,gid://shopify/ProductVariant/57051077411147,5010605952173,True,DENY,1,inventoryPolicy DENY -> CONTINUE
gid://shopify/Product/15671312023883,luna-by-lisa-brow-brush,Luna By Lisa Brow Brush,ACTIVE,gid://shopify/ProductVariant/57051077443915,5391532521268,True,DENY,1,inventoryPolicy DENY -> CONTINUE
gid://shopify/Product/15671312089419,bperfect-mrs-glam-snatch-stick-golden-moon-01-light-peach,Bperfect Mrs Glam Snatch Stick Golden Moon 01 Light Peach,ACTIVE,gid://shopify/ProductVariant/57051077509451,5060938588945,True,DENY,1,inventoryPolicy DENY -> CONTINUE
gid://shopify/Product/15671312154955,kool-n-soothe-migraine-strip-4pk,Kool N Soothe Migraine Strip 4Pk,ACTIVE,gid://shopify/ProductVariant/57051077574987,4987072014103,True,DENY,1,inventoryPolicy DENY -> CONTINUE
gid://shopify/Product/15671312220491,svr-densitium-rich-cream-mature-skin-dry-to-very-dry-50ml,Svr Densitium Rich Cream Mature Skin Dry To Very Dry 50Ml,ACTIVE,gid://shopify/ProductVariant/57051077640523,3662361002467,True,DENY,1,inventoryPolicy DENY -> CONTINUE
gid://shopify/Product/15671312286027,lash-out-black-mascara,Lash Out Black Mascara,ACTIVE,gid://shopify/ProductVariant/57051077837131,5060806567317,True,DENY,1,inventoryPolicy DENY -> CONTINUE
gid://shopify/Product/15671312318795,johnson-s-soft-nourish-body-wash-400ml,Johnson's Soft & Nourish Body Wash 400Ml,ACTIVE,gid://shopify/ProductVariant/57051077869899,3574661384627,True,DENY,1,inventoryPolicy DENY -> CONTINUE
gid://shopify/Product/15671312384331,xpel-mosquito-insect-repellent-pump-spray,Xpel Mosquito & Insect Repellent Pump Spray,ACTIVE,gid://shopify/ProductVariant/57051078033739,5060120160645,True,DENY,1,inventoryPolicy DENY -> CONTINUE
gid://shopify/Product/15671312417099,voduz-buff-it-exfoliating-scalp-brush,Voduz Buff It Exfoliating Scalp Brush,ACTIVE,gid://shopify/ProductVariant/57051078066507,5060806569816,True,DENY,1,inventoryPolicy DENY -> CONTINUE
gid://shopify/Product/15671312613707,centrum-women-30pk,Centrum Women 30Pk,ACTIVE,gid://shopify/ProductVariant/57051078263115,5000309008214,True,DENY,1,inventoryPolicy DENY -> CONTINUE
gid://shopify/Product/15671312777547,spotlight-oral-care-graphite-grey-sonic-toothbrush,Spotlight Oral Care Graphite Grey Sonic Toothbrush,ACTIVE,gid://shopify/ProductVariant/57051078426955,5391531561395,True,DENY,1,inventoryPolicy DENY -> CONTINUE
gid://shopify/Product/15671312875851,celtic-can-pot-round-pink-grapefruit-champagne,Celtic Can Pot Round Pink Grapefruit & Champagne,ACTIVE,gid://shopify/ProductVariant/57051078525259,5038871058313,True,DENY,1,inventoryPolicy DENY -> CONTINUE
gid://shopify/Product/15671312908619,potted-gelousy-matte-gel-liner-foxy,Potted Gelousy Matte Gel Liner Foxy,ACTIVE,gid://shopify/ProductVariant/57051078558027,5060806561674,True,DENY,1,inventoryPolicy DENY -> CONTINUE
gid://shopify/Product/15671312974155,lacabine-5-x-pure-hyaluronic-amp-2ml,Lacabine 5 X Pure Hyaluronic Amp 2Ml,ACTIVE,gid://shopify/ProductVariant/57051078623563,8435534405786,True,DENY,1,inventoryPolicy DENY -> CONTINUE
gid://shopify/Product/15671313039691,indestructi-brow-pencil-dark-brown,Indestructi'brow Pencil Dark Brown,ACTIVE,gid://shopify/ProductVariant/57051078689099,793591326795,True,DENY,1,inventoryPolicy DENY -> CONTINUE
gid://shopify/Product/15671313137995,declar-eye-contour-essential-eye-lifting-serum-15ml,Declaré Eye Contour Essential Eye Lifting Serum 15Ml,ACTIVE,gid://shopify/ProductVariant/57051078787403,9007867007471,True,DENY,1,inventoryPolicy DENY -> CONTINUE
gid://shopify/Product/15671313269067,garnier-olia-6-60-intense-red-no-ammonia-permanent-hair-dye,Garnier Olia 6.60 Intense Red No Ammonia Permanent Hair Dye,ACTIVE,gid://shopify/ProductVariant/57051078951243,3600541233928,True,DENY,1,inventoryPolicy DENY -> CONTINUE
gid://shopify/Product/15671313400139,the-handmade-soap-company-bitter-orange-pink-pepper-hand-lotion-250ml,The Handmade Soap Company Bitter Orange & Pink Pepper Hand Lotion 250Ml,ACTIVE,gid://shopify/ProductVariant/57051079344459,5391520236365,True,DENY,1,inventoryPolicy DENY -> CONTINUE
gid://shopify/Product/15671313498443,svr-densitium-eye-contour-global-correction-15ml,Svr Densitium Eye Contour Global Correction 15Ml,ACTIVE,gid://shopify/ProductVariant/57051079573835,3662361001965,True,DENY,1,inventoryPolicy DENY -> CONTINUE
gid://shopify/Product/15671313727819,chroma-liquid-concealer-c2,Chroma Liquid Concealer C2,ACTIVE,gid://shopify/ProductVariant/57051079803211,5060907054570,True,DENY,1,inventoryPolicy DENY -> CONTINUE
gid://shopify/Product/15671313793355,micropore-surgical-tape-2-5cm,Micropore Surgical Tape 2.5Cm,ACTIVE,gid://shopify/ProductVariant/57051079868747,5037015010965,True,DENY,1,inventoryPolicy DENY -> CONTINUE
gid://shopify/Product/15671314022731,uriage-water-cleansing-gel-200ml,Uriage Water Cleansing Gel 200Ml,ACTIVE,gid://shopify/ProductVariant/57051080360267,3661434005411,True,DENY,1,inventoryPolicy DENY -> CONTINUE
gid://shopify/Product/15671314088267,pestle-mortar-the-spot-dots,Pestle & Mortar The Spot Dots,ACTIVE,gid://shopify/ProductVariant/57051080425803,856149007048,True,DENY,1,inventoryPolicy DENY -> CONTINUE
gid://shopify/Product/15671314252107,carnation-heel-grips,Carnation Heel Grips,ACTIVE,gid://shopify/ProductVariant/57051080589643,5012654200878,True,DENY,1,inventoryPolicy DENY -> CONTINUE
gid://shopify/Product/15671314350411,sculpted-mauve-match,Sculpted Mauve Match,ACTIVE,gid://shopify/ProductVariant/57051080687947,0793591414287,True,DENY,1,inventoryPolicy DENY -> CONTINUE
gid://shopify/Product/15671314547019,uriage-age-lift-intensive-firming-smoothing-serum,Uriage Age Lift Intensive Firming Smoothing Serum,ACTIVE,gid://shopify/ProductVariant/57051080884555,3661434009273,True,DENY,1,inventoryPolicy DENY -> CONTINUE
gid://shopify/Product/15671314612555,flowerbomb-ladies-30ml-edp-spr,Flowerbomb Ladies 30Ml Edp Spr,ACTIVE,gid://shopify/ProductVariant/57051080950091,3360374000004,True,DENY,1,inventoryPolicy DENY -> CONTINUE
gid://shopify/Product/15671314776395,active-iron-for-women-b-complex-30pk,Active Iron For Women + B Complex 30Pk,ACTIVE,gid://shopify/ProductVariant/57051081113931,735850357454,True,DENY,1,inventoryPolicy DENY -> CONTINUE
gid://shopify/Product/15671314907467,svr-biotic-c20-regenerating-radiance-cream-50ml,Svr Biotic C20 Regenerating Radiance Cream 50Ml,ACTIVE,gid://shopify/ProductVariant/57051081245003,3662361001187,True,DENY,1,inventoryPolicy DENY -> CONTINUE
gid://shopify/Product/15671315005771,matchstick-monkey-starter-set,Matchstick Monkey Starter Set,ACTIVE,gid://shopify/ProductVariant/57051081343307,5060679070952,True,DENY,1,inventoryPolicy DENY -> CONTINUE
gid://shopify/Product/15671315333451,deep-heat-cream-100g,Deep Heat Cream 100G,ACTIVE,gid://shopify/ProductVariant/57051082654027,5011501040926,True,DENY,1,inventoryPolicy DENY -> CONTINUE
gid://shopify/Product/15671315595595,ck-in-2u-ladies-100ml-edp-spr,Ck In 2U Ladies 100Ml Edp Spr,ACTIVE,gid://shopify/ProductVariant/57051082883403,088300196814,True,DENY,1,inventoryPolicy DENY -> CONTINUE
gid://shopify/Product/15671315792203,biabelle-bundle-instant-shimmer-medium,Biabelle Bundle Instant Shimmer- Medium,ACTIVE,gid://shopify/ProductVariant/57051083309387,biabelle33,True,DENY,1,inventoryPolicy DENY -> CONTINUE
gid://shopify/Product/15671315923275,alflorex-for-children,Alflorex For Children,ACTIVE,gid://shopify/ProductVariant/57051083440459,5391528870363,True,DENY,1,inventoryPolicy DENY -> CONTINUE
gid://shopify/Product/15671316054347,spotlight-oral-care-fresh-breath-whitening-mouthwash,Spotlight Oral Care Fresh Breath Whitening Mouthwash,ACTIVE,gid://shopify/ProductVariant/57051083735371,5391531563337,True,DENY,1,inventoryPolicy DENY -> CONTINUE
gid://shopify/Product/15671316283723,xpel-adult-kids-tropical-formula-mosquito-and-insect-repellent-pens,Xpel Adult & Kids Tropical Formula Mosquito And Insect Repellent Pens,ACTIVE,gid://shopify/ProductVariant/57051084292427,5060120160508,True,DENY,1,inventoryPolicy DENY -> CONTINUE
gid://shopify/Product/15671316349259,nurofen-durance-200mg-plasters,Nurofen Durance 200Mg Plasters,ACTIVE,gid://shopify/ProductVariant/57051084357963,5011417578018,True,DENY,1,inventoryPolicy DENY -> CONTINUE
gid://shopify/Product/15671316545867,garnier-nutrisse-6-light-brown-permanent-hair-dye,Garnier Nutrisse 6 Light Brown Permanent Hair Dye,ACTIVE,gid://shopify/ProductVariant/57051084587339,5021044025168,True,DENY,1,inventoryPolicy DENY -> CONTINUE
gid://shopify/Product/15671316906315,luna-by-lisa-repair-leave-in-treatment,Luna By Lisa Repair Leave-In Treatment,ACTIVE,gid://shopify/ProductVariant/57051085308235,5391532528342,True,DENY,1,inventoryPolicy DENY -> CONTINUE
gid://shopify/Product/15671316971851,uriage-bariederm-repairing-cica-cream-40ml,Uriage Bariederm Repairing Cica Cream 40Ml,ACTIVE,gid://shopify/ProductVariant/57051085537611,3661434004735,True,DENY,1,inventoryPolicy DENY -> CONTINUE
gid://shopify/Product/15671317037387,cacharel-yes-i-am-pink-50ml-edp-spr,Cacharel Yes I Am Pink 50Ml Edp Spr,ACTIVE,gid://shopify/ProductVariant/57051085603147,3614272365124,True,DENY,1,inventoryPolicy DENY -> CONTINUE
gid://shopify/Product/15671317102923,sculpted-by-aimee-shape-set-brow-pencil-fixing-gel-soft-brown,Sculpted By Aimee Shape & Set Brow Pencil & Fixing Gel (Soft Brown),ACTIVE,gid://shopify/ProductVariant/57051085668683,0796548963043,True,DENY,1,inventoryPolicy DENY -> CONTINUE
gid://shopify/Product/15671317430603,sonisk-sonic-pulse-toothbrush-rose-gold,Sonisk Sonic Pulse Toothbrush (Rose Gold),ACTIVE,gid://shopify/ProductVariant/57051086291275,5060679070761,True,DENY,1,inventoryPolicy DENY -> CONTINUE
gid://shopify/Product/15671317823819,diesel-only-the-brave-50ml-edt-spr,Diesel Only The Brave 50Ml Edt Spr,ACTIVE,gid://shopify/ProductVariant/57051087143243,0951577468,True,DENY,1,inventoryPolicy DENY -> CONTINUE
gid://shopify/Product/15671317889355,biabelle-tan-bundle-with-instant-medium,Biabelle Tan Bundle With Instant- Medium,ACTIVE,gid://shopify/ProductVariant/57051087208779,biabelle32,True,DENY,1,inventoryPolicy DENY -> CONTINUE
gid://shopify/Product/15671317987659,voduz-on-point-tail-comb,Voduz On Point Tail Comb,ACTIVE,gid://shopify/ProductVariant/57051087307083,5060806565009,True,DENY,1,inventoryPolicy DENY -> CONTINUE
gid://shopify/Product/15671318151499,declar-stress-balance-5-secrets-night-cream-50ml,Declaré Stress Balance 5 Secrets Night Cream 50Ml,ACTIVE,gid://shopify/ProductVariant/57051087733067,9007867007853,True,DENY,1,inventoryPolicy DENY -> CONTINUE
gid://shopify/Product/15671318217035,voduz-root-reviver-dark-brown-75ml,Voduz Root Reviver Dark Brown 75Ml,ACTIVE,gid://shopify/ProductVariant/57051087798603,voduzrootdarkbrown,True,DENY,1,inventoryPolicy DENY -> CONTINUE
gid://shopify/Product/15671318282571,mrs-glam-glorious-skin-powder-foundation-medium-warm,Mrs Glam - Glorious Skin Powder Foundation (Medium Warm),ACTIVE,gid://shopify/ProductVariant/57051087864139,5060806561773,True,DENY,1,inventoryPolicy DENY -> CONTINUE
gid://shopify/Product/15671318413643,declar-soft-cleansing-anti-pollution-cleansing-balm-150ml,Declaré Soft Cleansing Anti-Pollution Cleansing Balm 150Ml,ACTIVE,gid://shopify/ProductVariant/57051088126283,9007867007754,True,DENY,1,inventoryPolicy DENY -> CONTINUE
gid://shopify/Product/15671318544715,bperfect-mrs-glam-ice-ice-baby-lip-oil,Bperfect Mrs Glam Ice Ice Baby Lip Oil,ACTIVE,gid://shopify/ProductVariant/57051088257355,5061045652659,True,DENY,1,inventoryPolicy DENY -> CONTINUE
gid://shopify/Product/15671318708555,revive-active-joint-complex-30pk,Revive Active Joint Complex 30Pk,ACTIVE,gid://shopify/ProductVariant/57051088453963,799439659360,True,DENY,1,inventoryPolicy DENY -> CONTINUE
gid://shopify/Product/15671318806859,tepe-g4105-green-0-8mm-6pk,Tepe G4105 Green 0.8Mm 6Pk,ACTIVE,gid://shopify/ProductVariant/57051088552267,7317400015422,True,DENY,1,inventoryPolicy DENY -> CONTINUE
gid://shopify/Product/15671318872395,azio-beauty-intense-firming-face-serum,Azio Beauty Intense Firming Face Serum,ACTIVE,gid://shopify/ProductVariant/57051088617803,5070000552606,True,DENY,1,inventoryPolicy DENY -> CONTINUE
gid://shopify/Product/15671318905163,mam-start-pure-soothers-0-2-months-assorted,Mam Start Pure Soothers 0-2 Months Assorted,ACTIVE,gid://shopify/ProductVariant/57051088650571,9001616829413,True,DENY,1,inventoryPolicy DENY -> CONTINUE
gid://shopify/Product/15671318970699,sudocrem-tube-30g,Sudocrem Tube 30G,ACTIVE,gid://shopify/ProductVariant/57051088716107,53996671,True,DENY,1,inventoryPolicy DENY -> CONTINUE
gid://shopify/Product/15671319134539,bepanthen-tattoo-intense-care-ointment,Bepanthen Tattoo Intense Care Ointment,ACTIVE,gid://shopify/ProductVariant/57051088879947,5010605401329,True,DENY,1,inventoryPolicy DENY -> CONTINUE
gid://shopify/Product/15671319298379,uriage-bariesun-silky-lotion-spf-50,Uriage Bariesun Silky Lotion Spf 50+,ACTIVE,gid://shopify/ProductVariant/57051089043787,3661434009846,True,DENY,1,inventoryPolicy DENY -> CONTINUE
gid://shopify/Product/15671319363915,optibac-babies-children-0-12-years-30-sachets,Optibac Babies & Children 0-12 Years (30 Sachets),ACTIVE,gid://shopify/ProductVariant/57051089109323,506008661028,True,DENY,1,inventoryPolicy DENY -> CONTINUE
gid://shopify/Product/15671319429451,jimmy-choo-i-want-choo-60ml-2pc-gift-set,Jimmy Choo I Want Choo 60Ml 2Pc Gift Set,ACTIVE,gid://shopify/ProductVariant/57051089174859,3386460139854,True,DENY,1,inventoryPolicy DENY -> CONTINUE
gid://shopify/Product/15671319626059,dr-teals-pure-epsom-salt-post-workout,Dr Teals Pure Epsom Salt Post Workout,ACTIVE,gid://shopify/ProductVariant/57051089633611,811068013648,True,DENY,1,inventoryPolicy DENY -> CONTINUE
gid://shopify/Product/15671319724363,bperfect-10-second-tan-bronze-boost-instant-tan-gel-medium-dark,Bperfect 10 Second Tan Bronze Boost Instant Tan Gel - Medium/Dark,ACTIVE,gid://shopify/ProductVariant/57051089731915,5060938587016,True,DENY,1,inventoryPolicy DENY -> CONTINUE
gid://shopify/Product/15671319822667,ella-jo-squeaky-clean-brush-cleaner-200ml,Ella & Jo Squeaky Clean Brush Cleaner 200Ml,ACTIVE,gid://shopify/ProductVariant/57051089830219,5392000150300,True,DENY,1,inventoryPolicy DENY -> CONTINUE
gid://shopify/Product/15671320019275,wild-fresh-cotton-sea-salt-mens-refill,Wild Fresh Cotton & Sea Salt Mens Refill,ACTIVE,gid://shopify/ProductVariant/57051090878795,506500399070,True,DENY,1,inventoryPolicy DENY -> CONTINUE
gid://shopify/Product/15671320281419,fathers-day-bundle,Fathers Day Bundle,ACTIVE,gid://shopify/ProductVariant/57051091304779,5065003990708,True,DENY,1,inventoryPolicy DENY -> CONTINUE
gid://shopify/Product/15671320674635,cialis-for-men-tadalafil-tablets-8pk,Cialis For Men Tadalafil Tablets 8Pk,ACTIVE,gid://shopify/ProductVariant/57051091697995,3664798072426,True,DENY,1,inventoryPolicy DENY -> CONTINUE
gid://shopify/Product/15671320740171,boss-orange-mens-100ml-edt-spr,Boss Orange Mens 100Ml Edt Spr,ACTIVE,gid://shopify/ProductVariant/57051091763531,3616301623359,True,DENY,1,inventoryPolicy DENY -> CONTINUE
gid://shopify/Product/15671320969547,pro-voke-touch-of-silver-brightening-shampoo-200ml,Pro:Voke Touch Of Silver Brightening Shampoo 200Ml,ACTIVE,gid://shopify/ProductVariant/57051091992907,5012008719407,True,DENY,1,inventoryPolicy DENY -> CONTINUE
gid://shopify/Product/15671321035083,vicks-first-defense-15ml-nasal-spray,Vicks First Defense 15Ml Nasal Spray,ACTIVE,gid://shopify/ProductVariant/57051092058443,5013965704666,True,DENY,1,inventoryPolicy DENY -> CONTINUE
gid://shopify/Product/15671321100619,kin-care-gel-15ml-apthous-ulcers,Kin Care Gel 15Ml Apthous Ulcers,ACTIVE,gid://shopify/ProductVariant/57051092123979,8436026212103,True,DENY,1,inventoryPolicy DENY -> CONTINUE
gid://shopify/Product/15671321362763,biabelle-bronze-obsession-instant-tan-medium,Biabelle Bronze Obsession Instant Tan- Medium,ACTIVE,gid://shopify/ProductVariant/57051092746571,biabelle3,True,DENY,1,inventoryPolicy DENY -> CONTINUE
gid://shopify/Product/15671321395531,easofen-child-6y-200ml-strawberry,Easofen Child 6Y+ 200Ml Strawberry,ACTIVE,gid://shopify/ProductVariant/57051092779339,5099562205508,True,DENY,1,inventoryPolicy DENY -> CONTINUE
gid://shopify/Product/15671321461067,uriage-eau-thermale-water-sleeping-mask-50ml,Uriage Eau Thermale Water Sleeping Mask 50Ml,ACTIVE,gid://shopify/ProductVariant/57051092844875,3661434005503,True,DENY,1,inventoryPolicy DENY -> CONTINUE
gid://shopify/Product/15671321657675,strepsils-orange-withvitamin-c-lozenge-36pk,Strepsils Orange Withvitamin C Lozenge 36Pk,ACTIVE,gid://shopify/ProductVariant/57051093172555,5011417579183,True,DENY,1,inventoryPolicy DENY -> CONTINUE
gid://shopify/Product/15671321755979,vermox-tabs-6pk,Vermox Tabs 6Pk,ACTIVE,gid://shopify/ProductVariant/57051093270859,5027097904948,True,DENY,1,inventoryPolicy DENY -> CONTINUE
gid://shopify/Product/15671321821515,bepanthen-nappy-ointment-30g,Bepanthen Nappy Ointment 30G,ACTIVE,gid://shopify/ProductVariant/57051093336395,5010605292361,True,DENY,1,inventoryPolicy DENY -> CONTINUE
gid://shopify/Product/15671321952587,ck-eternity-mens-50ml-edt-spr,Ck Eternity Mens 50Ml Edt Spr,ACTIVE,gid://shopify/ProductVariant/57051093729611,0883001053040,True,DENY,1,inventoryPolicy DENY -> CONTINUE
gid://shopify/Product/15671322149195,clarityn-tabs-loratadine-30pk,Clarityn Tabs Loratadine 30Pk,ACTIVE,gid://shopify/ProductVariant/57051094483275,5010605240553,True,DENY,1,inventoryPolicy DENY -> CONTINUE
gid://shopify/Product/15671322181963,dove-advanced-care-pampering-shea-butter-vanilla-body-wash-225ml,Dove Advanced Care Pampering Shea Butter & Vanilla Body Wash 225Ml,ACTIVE,gid://shopify/ProductVariant/57051094516043,8720181462924,True,DENY,1,inventoryPolicy DENY -> CONTINUE
gid://shopify/Product/15671322313035,mrs-glam-glorious-skin-powder-foundation-light-pink,Mrs Glam - Glorious Skin Powder Foundation (Light Pink),ACTIVE,gid://shopify/ProductVariant/57051094647115,5060907051937,True,DENY,1,inventoryPolicy DENY -> CONTINUE
gid://shopify/Product/15671322476875,voduz-complete-it-nourishing-hair-treatment,Voduz Complete It Nourishing Hair Treatment,ACTIVE,gid://shopify/ProductVariant/57051094810955,5060907052989,True,DENY,1,inventoryPolicy DENY -> CONTINUE
gid://shopify/Product/15671322542411,motilium-fastmelts-10pk,Motilium Fastmelts 10Pk,ACTIVE,gid://shopify/ProductVariant/57051094876491,3574660419566,True,DENY,1,inventoryPolicy DENY -> CONTINUE
gid://shopify/Product/15671322706251,seaband-hay-band-acupressure-band-1pk,Seaband Hay-Band Acupressure Band 1Pk,ACTIVE,gid://shopify/ProductVariant/57051095040331,5015259006975,True,DENY,1,inventoryPolicy DENY -> CONTINUE
gid://shopify/Product/15671323001163,voduz-root-reviver-blonde-75ml,Voduz Root Reviver Blonde 75Ml,ACTIVE,gid://shopify/ProductVariant/57051095859531,voduzrootblonde,True,DENY,1,inventoryPolicy DENY -> CONTINUE
gid://shopify/Product/15671323230539,vitabiotics-jointace-chondroitin-glucosamine-30pk-orange,Vitabiotics Jointace Original Chondroitin & Glucosamine 30Pk,ACTIVE,gid://shopify/ProductVariant/57051096449355,5021265222407,True,DENY,1,inventoryPolicy DENY -> CONTINUE
gid://shopify/Product/15671323296075,jakemans-100g-bag-throat-chest,Jakemans 100G Bag Throat & Chest,ACTIVE,gid://shopify/ProductVariant/57051096514891,5030104001202,True,DENY,1,inventoryPolicy DENY -> CONTINUE
gid://shopify/Product/15671323427147,bperfect-indestructi-brow-dark-brown-pomade,Bperfect Indestructi'brow Dark Brown Pomade,ACTIVE,gid://shopify/ProductVariant/57051096645963,793618273668,True,DENY,1,inventoryPolicy DENY -> CONTINUE
gid://shopify/Product/15671323525451,valentines-day-8-piece-pamper-box,Valentines Day 8 Piece Pamper Box,ACTIVE,gid://shopify/ProductVariant/57051096908107,5391018006098,True,DENY,1,inventoryPolicy DENY -> CONTINUE
gid://shopify/Product/15671323558219,the-belle-brush-scalp-brush,The Belle Brush Scalp Brush,ACTIVE,gid://shopify/ProductVariant/57051096940875,5391532760100,True,DENY,1,inventoryPolicy DENY -> CONTINUE
gid://shopify/Product/15671323754827,otrivine-adult-nasal-drops-10ml,Otrivine Adult Nasal Drops 10Ml,ACTIVE,gid://shopify/ProductVariant/57051097170251,5012131646809,True,DENY,1,inventoryPolicy DENY -> CONTINUE
gid://shopify/Product/15671323820363,anhydrol-forte-60ml,Anhydrol Forte 60Ml,ACTIVE,gid://shopify/ProductVariant/57051097203019,5016379105005,True,DENY,1,inventoryPolicy DENY -> CONTINUE
gid://shopify/Product/15671323885899,centrum-women-50-30pk,Centrum Women 50+ 30Pk,ACTIVE,gid://shopify/ProductVariant/57051097268555,5000309008221,True,DENY,1,inventoryPolicy DENY -> CONTINUE
gid://shopify/Product/15671323951435,calpol-vapour-plug-nightlight,Calpol Vapour Plug & Nightlight,ACTIVE,gid://shopify/ProductVariant/57051097334091,3574661369020,True,DENY,1,inventoryPolicy DENY -> CONTINUE
gid://shopify/Product/15671324016971,uriage-gentle-jelly-face-scrub-50ml,Uriage Gentle Jelly Face Scrub 50Ml,ACTIVE,gid://shopify/ProductVariant/57051097399627,3661434006494,True,DENY,1,inventoryPolicy DENY -> CONTINUE
gid://shopify/Product/15671324180811,sculpted-prime-eyes-cream-shadow-sticks-tan-topaz,Sculpted Prime Eyes Cream Shadow Sticks ( Tan Topaz),ACTIVE,gid://shopify/ProductVariant/57051097563467,0754590489294,True,DENY,1,inventoryPolicy DENY -> CONTINUE
gid://shopify/Product/15671324344651,cali-coast-golden-hour,Cali Coast Golden Hour,ACTIVE,gid://shopify/ProductVariant/57051097727307,5060298554574,True,DENY,1,inventoryPolicy DENY -> CONTINUE
gid://shopify/Product/15671324836171,gillette-fusion-blades-4pk,Gillette Fusion Blades 4Pk,ACTIVE,gid://shopify/ProductVariant/57051100578123,7702018851294,True,DENY,1,inventoryPolicy DENY -> CONTINUE
gid://shopify/Product/15671324901707,luna-by-lisa-volume-shampoo,Luna By Lisa Volume Shampoo,ACTIVE,gid://shopify/ProductVariant/57051100643659,5391532528366,True,DENY,1,inventoryPolicy DENY -> CONTINUE
gid://shopify/Product/15671324934475,nurofen-child-oral-suspension-strawberry-w-syringe-150ml,Nurofen Child Oral Suspension Strawberry W/ Syringe 150Ml,ACTIVE,gid://shopify/ProductVariant/57051100676427,5000158067257,True,DENY,1,inventoryPolicy DENY -> CONTINUE
gid://shopify/Product/15671324967243,uriage-cleansing-cream-200ml,Uriage Cleansing Cream 200Ml,ACTIVE,gid://shopify/ProductVariant/57051100709195,3661434008795,True,DENY,1,inventoryPolicy DENY -> CONTINUE
gid://shopify/Product/15671325032779,jakemans-100g-bag-blackcurrant-menthol,Jakemans 100G Bag Blackcurrant & Menthol,ACTIVE,gid://shopify/ProductVariant/57051100774731,5030104004654,True,DENY,1,inventoryPolicy DENY -> CONTINUE
gid://shopify/Product/15671325065547,lyclear-treatment-shampoo-200ml,Lyclear Treatment Shampoo 200Ml,ACTIVE,gid://shopify/ProductVariant/57051100807499,5012616291401,True,DENY,1,inventoryPolicy DENY -> CONTINUE
gid://shopify/Product/15671325196619,nasacort-allergy-nasal-spray,Nasacort Allergy Nasal Spray,ACTIVE,gid://shopify/ProductVariant/57051100971339,5000283660002,True,DENY,1,inventoryPolicy DENY -> CONTINUE
gid://shopify/Product/15671325327691,skingredients-skin-good-fats-ultra-hydrating-ceramide-moisturiser-primary-45ml,Skingredients Skin Good Fats Ultra-Hydrating Ceramide Moisturiser Primary 45Ml,ACTIVE,gid://shopify/ProductVariant/57051101331787,634240001710,True,DENY,1,inventoryPolicy DENY -> CONTINUE
gid://shopify/Product/15671325524299,radox-bath-500ml-muscle-soak,Radox Bath 500Ml Muscle Soak,ACTIVE,gid://shopify/ProductVariant/57051101659467,5000231050831,True,DENY,1,inventoryPolicy DENY -> CONTINUE
gid://shopify/Product/15671325622603,panadol-ets-tabs-24pk,Panadol Ets Tabs 24Pk,ACTIVE,gid://shopify/ProductVariant/57051101757771,5098802500137,True,DENY,1,inventoryPolicy DENY -> CONTINUE
gid://shopify/Product/15671325688139,chloe-new-signature-ladies-50ml-edp-spr,Chloe Signature Ladies 50Ml Edp Spr,ACTIVE,gid://shopify/ProductVariant/57051101823307,3607346232347,True,DENY,1,inventoryPolicy DENY -> CONTINUE
gid://shopify/Product/15671325720907,stugeron-tabs-15pk,Stugeron Tabs 15Pk,ACTIVE,gid://shopify/ProductVariant/57051101856075,5099467000390,True,DENY,1,inventoryPolicy DENY -> CONTINUE
gid://shopify/Product/15671325786443,optibac-pb-everyday-caps-30pk,Optibac Pb Everyday Caps 30Pk,ACTIVE,gid://shopify/ProductVariant/57051101921611,5060086610079,True,DENY,1,inventoryPolicy DENY -> CONTINUE
gid://shopify/Product/15671325983051,eylure-brow-dye-light-brown,Eylure Brow Dye (Light Brown),ACTIVE,gid://shopify/ProductVariant/57051102150987,61923200349,True,DENY,1,inventoryPolicy DENY -> CONTINUE
gid://shopify/Product/15671326081355,anadin-tabs-12pk,Anadin Tabs 12Pk,ACTIVE,gid://shopify/ProductVariant/57051102511435,5054563245441,True,DENY,1,inventoryPolicy DENY -> CONTINUE
gid://shopify/Product/15671326146891,paco-robanne-phantom-50ml-edt-spr,Paco Robanne Phantom 50Ml Edt Spr,ACTIVE,gid://shopify/ProductVariant/57051102576971,3349668582365,True,DENY,1,inventoryPolicy DENY -> CONTINUE
gid://shopify/Product/15671326179659,voduz-hold-tight-styling-clips,Voduz Hold Tight Styling Clips,ACTIVE,gid://shopify/ProductVariant/57051102609739,5060806564217,True,DENY,1,inventoryPolicy DENY -> CONTINUE
gid://shopify/Product/15671326277963,hismile-v34-colour-corrector-teeth-brightening-serum-30ml,Hismile V34 Colour Corrector Teeth Brightening Serum 30Ml,ACTIVE,gid://shopify/ProductVariant/57051102708043,0744109218965,True,DENY,1,inventoryPolicy DENY -> CONTINUE
gid://shopify/Product/15671326441803,armani-code-mens-50ml-edt-spr,Armani Code Mens 50Ml Edt Spr,ACTIVE,gid://shopify/ProductVariant/57051102871883,3360372100515,True,DENY,1,inventoryPolicy DENY -> CONTINUE
gid://shopify/Product/15671326507339,luna-by-lisa-airbrush-touch-nude,Luna By Lisa Airbrush Touch Nude,ACTIVE,gid://shopify/ProductVariant/57051102937419,ac1547896,True,DENY,1,inventoryPolicy DENY -> CONTINUE
gid://shopify/Product/15671326605643,jan-de-vires-concentration-essence,Jan De Vires Concentration Essence,ACTIVE,gid://shopify/ProductVariant/57051103035723,7610313807529,True,DENY,1,inventoryPolicy DENY -> CONTINUE
gid://shopify/Product/15671326671179,luna-by-lisa-weekly-detox-shampoo-300ml,Luna By Lisa Weekly Detox Shampoo 300Ml,ACTIVE,gid://shopify/ProductVariant/57051103101259,5391532521299,True,DENY,1,inventoryPolicy DENY -> CONTINUE
gid://shopify/Product/15671326703947,the-cheek-liquid-blush-cherub,The Cheek Liquid Blush Cherub,ACTIVE,gid://shopify/ProductVariant/57051103134027,5060907052521,True,DENY,1,inventoryPolicy DENY -> CONTINUE
gid://shopify/Product/15671326933323,nurofen-sinus-pain-24pk,Nurofen Sinus & Pain 24Pk,ACTIVE,gid://shopify/ProductVariant/57051103625547,5000158105577,True,DENY,1,inventoryPolicy DENY -> CONTINUE
gid://shopify/Product/15671327031627,revive-active-zest-7pk,Revive Active Zest 7Pk,ACTIVE,gid://shopify/ProductVariant/57051103756619,735850866857,True,DENY,1,inventoryPolicy DENY -> CONTINUE
gid://shopify/Product/15671327129931,ov-cotton-gloves-medium,Ov Cotton Gloves Medium,ACTIVE,gid://shopify/ProductVariant/57051103854923,5098928122688,True,DENY,1,inventoryPolicy DENY -> CONTINUE
gid://shopify/Product/15671327228235,dove-men-care-bodywash-sport,Dove Men + Care Bodywash Sport,ACTIVE,gid://shopify/ProductVariant/57051104215371,8710522394830,True,DENY,1,inventoryPolicy DENY -> CONTINUE
gid://shopify/Product/15671327261003,nurofen-child-oral-suspension-orange-w-syringe-150ml,Nurofen Child Oral Suspension Orange W/ Syringe 150Ml,ACTIVE,gid://shopify/ProductVariant/57051104248139,5000158067011,True,DENY,1,inventoryPolicy DENY -> CONTINUE
gid://shopify/Product/15671327359307,spotlight-toothpaste-for-gum-health-100ml,Spotlight Toothpaste For Gum Health 100Ml,ACTIVE,gid://shopify/ProductVariant/57051104346443,5391531560350,True,DENY,1,inventoryPolicy DENY -> CONTINUE
gid://shopify/Product/15671327490379,bio-kult-caps-60pk,Bio-Kult Caps 60Pk,ACTIVE,gid://shopify/ProductVariant/57051104477515,5027314502629,True,DENY,1,inventoryPolicy DENY -> CONTINUE
gid://shopify/Product/15671327555915,sensodyne-toothpaste-75ml,Sensodyne Toothpaste 75Ml,ACTIVE,gid://shopify/ProductVariant/57051104543051,5000347080685,True,DENY,1,inventoryPolicy DENY -> CONTINUE
gid://shopify/Product/15671327621451,carnation-gel-toe-separators-2pk,Carnation Gel Toe Separators 2Pk,ACTIVE,gid://shopify/ProductVariant/57051104608587,5012654200632,True,DENY,1,inventoryPolicy DENY -> CONTINUE
gid://shopify/Product/15671327686987,bperfect-mrs-glam-sunset-glow-disco-diva-cream-blush,Bperfect Mrs Glam Sunset Glow Disco Diva Cream Blush,ACTIVE,gid://shopify/ProductVariant/57051104674123,5061045650907,True,DENY,1,inventoryPolicy DENY -> CONTINUE
gid://shopify/Product/15671327785291,l-il-critters-gummy-vites-multi-vitamin-mineral-formula-70pk,L'il Critters Gummy Vites Multi Vitamin & Mineral Formula 70Pk,ACTIVE,gid://shopify/ProductVariant/57051104772427,2791701757,True,DENY,1,inventoryPolicy DENY -> CONTINUE
gid://shopify/Product/15671327850827,bperfect-10-second-strawberry-dark-lotion,Bperfect 10 Second Strawberry Dark Lotion,ACTIVE,gid://shopify/ProductVariant/57051104969035,793591864471,True,DENY,1,inventoryPolicy DENY -> CONTINUE
gid://shopify/Product/15671328080203,nicorette-quickmist-1mg-2pk,Nicorette Quickmist 1Mg 2Pk,ACTIVE,gid://shopify/ProductVariant/57051105460555,3574661147000,True,DENY,1,inventoryPolicy DENY -> CONTINUE
gid://shopify/Product/15671328145739,boss-the-scent-ladies-50ml-edp-spray,Boss The Scent Ladies 50Ml Edp Spray,ACTIVE,gid://shopify/ProductVariant/57051105526091,8005610298894,True,DENY,1,inventoryPolicy DENY -> CONTINUE
gid://shopify/Product/15671328342347,wild-green-case-mint-aloe-vera-mens-starter-pack,Wild Green Case Mint & Aloe Vera Mens Starter Pack,ACTIVE,gid://shopify/ProductVariant/57051105722699,50650003990685,True,DENY,1,inventoryPolicy DENY -> CONTINUE
gid://shopify/Product/15671328407883,wild-jasmine-starter-pack-with-refill-mix-1,Wild Jasmine Starter Pack With Refill Mix 1,ACTIVE,gid://shopify/ProductVariant/57051105755467,wild8mix,True,DENY,1,inventoryPolicy DENY -> CONTINUE
gid://shopify/Product/15671328473419,sreeze-oral-strips-14pk,Sreeze Oral Strips 14Pk,ACTIVE,gid://shopify/ProductVariant/57051105853771,5035883004314,True,DENY,1,inventoryPolicy DENY -> CONTINUE
gid://shopify/Product/15671328538955,voltarol-1-100g,Voltarol 1% 100G,ACTIVE,gid://shopify/ProductVariant/57051105919307,5391511116355,True,DENY,1,inventoryPolicy DENY -> CONTINUE
gid://shopify/Product/15671328571723,bperfect-mrs-glam-snatch-stick-sunset-03-medium-tan,Bperfect Mrs Glam Snatch Stick Sunset 03 Medium Tan,ACTIVE,gid://shopify/ProductVariant/57051105952075,5060938588969,True,DENY,1,inventoryPolicy DENY -> CONTINUE
gid://shopify/Product/15671328735563,ck-eternity-ladies-50ml-3pc-gift-set,Ck Eternity Ladies 50Ml 3Pc Gift Set,ACTIVE,gid://shopify/ProductVariant/57051106345291,3616304678325,True,DENY,1,inventoryPolicy DENY -> CONTINUE
gid://shopify/Product/15671329128779,celtic-can-diffuser-blk-pom,Celtic Can Diffuser Blk Pom,ACTIVE,gid://shopify/ProductVariant/57051106738507,5038871056562,True,DENY,1,inventoryPolicy DENY -> CONTINUE
gid://shopify/Product/15671329227083,uriage-bariesun-invisible-spray-50,Uriage Bariesun Invisible Spray 50+,ACTIVE,gid://shopify/ProductVariant/57051106836811,3661434008405,True,DENY,1,inventoryPolicy DENY -> CONTINUE
gid://shopify/Product/15671329325387,voduz-conquer-it-re-energising-scalp-treatment-150ml,Voduz Conquer It Re-Energising Scalp Treatment 150Ml,ACTIVE,gid://shopify/ProductVariant/57051106935115,voduzconquer1,True,DENY,1,inventoryPolicy DENY -> CONTINUE
gid://shopify/Product/15671329456459,jakemans-100g-bag-honey-lemon,Jakemans 100G Bag Honey & Lemon,ACTIVE,gid://shopify/ProductVariant/57051107066187,5030104001233,True,DENY,1,inventoryPolicy DENY -> CONTINUE
gid://shopify/Product/15671329489227,nurofen-cold-and-flu-tabs-24pk,Nurofen Cold And Flu Tabs 24Pk,ACTIVE,gid://shopify/ProductVariant/57051107098955,5391511112654,True,DENY,1,inventoryPolicy DENY -> CONTINUE
gid://shopify/Product/15671329554763,revive-active-collagen-complex-3-month-supply-90-sachets,Revive Active Collagen Complex 3 Month Supply 90 Sachets,ACTIVE,gid://shopify/ProductVariant/57051107164491,05391546180406,True,DENY,1,inventoryPolicy DENY -> CONTINUE
gid://shopify/Product/15671329653067,solgar-prenatal-nutrients-tablets-60pk,Solgar Prenatal Nutrients Tablets 60Pk,ACTIVE,gid://shopify/ProductVariant/57051107230027,033984022713,True,DENY,1,inventoryPolicy DENY -> CONTINUE
gid://shopify/Product/15671329751371,tena-men-rmal-level-one-12pk,Tena Men Normal Level One 12Pk,ACTIVE,gid://shopify/ProductVariant/57051107492171,7322540426335,True,DENY,1,inventoryPolicy DENY -> CONTINUE
gid://shopify/Product/15671329816907,mycosan-athletes-foot-gel,Mycosan Athletes Foot Gel,ACTIVE,gid://shopify/ProductVariant/57051107623243,8718309701253,True,DENY,1,inventoryPolicy DENY -> CONTINUE
gid://shopify/Product/15671330177355,nurofen-child-oral-susp-3-orange-w-spoon-100m,Nurofen Child Oral Susp 3+ Orange W/ Spoon 100M,ACTIVE,gid://shopify/ProductVariant/57051107983691,5000158067288,True,DENY,1,inventoryPolicy DENY -> CONTINUE
gid://shopify/Product/15671330308427,bbold-instant-airbrush-medium-dark-75ml,Bbold Instant Airbrush Medium-Dark 75Ml,ACTIVE,gid://shopify/ProductVariant/57051108409675,5060298554444,True,DENY,1,inventoryPolicy DENY -> CONTINUE
gid://shopify/Product/15671330373963,eskimo-oil-eskimo-brain-3-6-9-210ml,Eskimo Oil Eskimo Brain 3-6-9 210Ml,ACTIVE,gid://shopify/ProductVariant/57051108475211,7391325933337,True,DENY,1,inventoryPolicy DENY -> CONTINUE
gid://shopify/Product/15671330472267,centrum-men-30pk,Centrum Men 30Pk,ACTIVE,gid://shopify/ProductVariant/57051108704587,5000309008184,True,DENY,1,inventoryPolicy DENY -> CONTINUE
gid://shopify/Product/15671330701643,bperfect-ekin-su-radiant-blush-turkish-delight,Bperfect Ekin Su Radiant Blush (Turkish Delight),ACTIVE,gid://shopify/ProductVariant/57051108966731,5061007282597,True,DENY,1,inventoryPolicy DENY -> CONTINUE
gid://shopify/Product/15671330832715,j-j-cotton-buds-200pk,J&J Cotton Buds 200Pk,ACTIVE,gid://shopify/ProductVariant/57051109065035,5000207584506,True,DENY,1,inventoryPolicy DENY -> CONTINUE
gid://shopify/Product/15671330931019,sona-s02a-beta-carotene-caps-60pk,Sona S02a Beta Carotene Caps 60Pk,ACTIVE,gid://shopify/ProductVariant/57051109163339,5390612000204,True,DENY,1,inventoryPolicy DENY -> CONTINUE
gid://shopify/Product/15671331127627,solgar-b-complex-50-caps-50pk,"Solgar B Complex ""50"" Caps (50Pk)",ACTIVE,gid://shopify/ProductVariant/57051109687627,033984011205,True,DENY,1,inventoryPolicy DENY -> CONTINUE
gid://shopify/Product/15671331225931,calpol-infant-syringe-60ml-strawberry-susp,Calpol Infant Syringe 60Ml Strawberry Susp,ACTIVE,gid://shopify/ProductVariant/57051109785931,3574661149295,True,DENY,1,inventoryPolicy DENY -> CONTINUE
gid://shopify/Product/15671331357003,neilmed-starter-kit-bottle-15-sachets,Neilmed Starter Kit Bottle 15 Sachets,ACTIVE,gid://shopify/ProductVariant/57051109917003,705928003101,True,DENY,1,inventoryPolicy DENY -> CONTINUE
gid://shopify/Product/15671331586379,solgar-chromium-picolinate-tabs-100ug,Solgar Chromium Picolinate Tabs 100Ug,ACTIVE,gid://shopify/ProductVariant/57051110146379,033984013650,True,DENY,1,inventoryPolicy DENY -> CONTINUE
gid://shopify/Product/15671331619147,brupro-ibuprofen-200mg-tabs-24pk,Brupro Ibuprofen 200Mg Tabs 24Pk,ACTIVE,gid://shopify/ProductVariant/57051110179147,5390387373107,True,DENY,1,inventoryPolicy DENY -> CONTINUE
gid://shopify/Product/15671331684683,got2b-glued-blasting-freeze-hairspray-300ml,Got2b Glued Blasting Freeze Hairspray 300Ml,ACTIVE,gid://shopify/ProductVariant/57051110244683,5012583105091,True,DENY,1,inventoryPolicy DENY -> CONTINUE
gid://shopify/Product/15671331815755,l-or-al-paris-elvive-bond-repair-shampoo-200ml,L'oréal Paris Elvive Bond Repair Shampoo 200Ml,ACTIVE,gid://shopify/ProductVariant/57051110375755,3600524074661,True,DENY,1,inventoryPolicy DENY -> CONTINUE
gid://shopify/Product/15671331946827,sudafed-n-d-tabs-12pk,Sudafed N/D Tabs 12Pk,ACTIVE,gid://shopify/ProductVariant/57051110506827,5010123667696,True,DENY,1,inventoryPolicy DENY -> CONTINUE
gid://shopify/Product/15671332012363,the-handmade-soap-company-lemongrass-cedarwood-hand-lotion-250ml,The Handmade Soap Company Lemongrass & Cedarwood Hand Lotion 250Ml,ACTIVE,gid://shopify/ProductVariant/57051110572363,5391520236099,True,DENY,1,inventoryPolicy DENY -> CONTINUE
gid://shopify/Product/15671332077899,revive-active-original-7pk,Revive Active Original 7Pk,ACTIVE,gid://shopify/ProductVariant/57051110637899,619613834690,True,DENY,1,inventoryPolicy DENY -> CONTINUE
gid://shopify/Product/15671332110667,voltarol-2-extra-strength-gel-30g,Voltarol 2% Extra Strength Gel 30G,ACTIVE,gid://shopify/ProductVariant/57051110670667,5054563014252,True,DENY,1,inventoryPolicy DENY -> CONTINUE
gid://shopify/Product/15671332176203,kwells-12pk-travel-sickness-tabs,Kwells 12Pk Travel Sickness Tabs,ACTIVE,gid://shopify/ProductVariant/57051110736203,5010605242014,True,DENY,1,inventoryPolicy DENY -> CONTINUE
gid://shopify/Product/15671332274507,deep-heat-cream-67g,Deep Heat Cream 67G,ACTIVE,gid://shopify/ProductVariant/57051110998347,5011501040919,True,DENY,1,inventoryPolicy DENY -> CONTINUE
gid://shopify/Product/15671332340043,mam-easy-start-anti-colic-2-months-light-pink,Mam Easy Start Anti Colic 2+Months Light Pink,ACTIVE,gid://shopify/ProductVariant/57051111063883,90016166699341,True,DENY,1,inventoryPolicy DENY -> CONTINUE
gid://shopify/Product/15671332602187,ck-euphoria-ladies-30ml-edp-spr,Ck Euphoria Ladies 30Ml Edp Spr,ACTIVE,gid://shopify/ProductVariant/57051111719243,088300162567,True,DENY,1,inventoryPolicy DENY -> CONTINUE
gid://shopify/Product/15671332733259,solgar-omega-3-double-strength-softgels-30pk,Solgar Omega 3 Double Strength Softgels 30Pk,ACTIVE,gid://shopify/ProductVariant/57051111850315,033984020504,True,DENY,1,inventoryPolicy DENY -> CONTINUE
gid://shopify/Product/15671332831563,wild-coconut-starter-pack-with-refill-mix-6,Wild Coconut Starter Pack With Refill Mix 6,ACTIVE,gid://shopify/ProductVariant/57051111948619,wild19mix,True,DENY,1,inventoryPolicy DENY -> CONTINUE
gid://shopify/Product/15671332897099,drink-spike-test,Drink Spike Test,ACTIVE,gid://shopify/ProductVariant/57051112014155,0754590783804,True,DENY,1,inventoryPolicy DENY -> CONTINUE
gid://shopify/Product/15671332962635,active-iron-caps-30pk,Active Iron Caps 30Pk,ACTIVE,gid://shopify/ProductVariant/57051112079691,797776159482,True,DENY,1,inventoryPolicy DENY -> CONTINUE
gid://shopify/Product/15671333028171,clearblue-digital-1pk-pregnancy-test,Clearblue Digital 1Pk Pregnancy Test,ACTIVE,gid://shopify/ProductVariant/57051112145227,4084500477360,True,DENY,1,inventoryPolicy DENY -> CONTINUE
gid://shopify/Product/15671333192011,panadol-extra-24pk,Panadol Extra 24Pk,ACTIVE,gid://shopify/ProductVariant/57051112702283,5011080139196,True,DENY,1,inventoryPolicy DENY -> CONTINUE
gid://shopify/Product/15671333224779,ogam-lavender-10ml,Ogam Lavender 10Ml,ACTIVE,gid://shopify/ProductVariant/57051112735051,5390600001138,True,DENY,1,inventoryPolicy DENY -> CONTINUE
gid://shopify/Product/15671333355851,glow-hub-skin-drink-hydrating-set,Glow Hub Skin Drink Hydrating Set,ACTIVE,gid://shopify/ProductVariant/57051112866123,5019607257255,True,DENY,1,inventoryPolicy DENY -> CONTINUE
gid://shopify/Product/15671333421387,midnight-gaze,Midnight Gaze,ACTIVE,gid://shopify/ProductVariant/57051112931659,5391545561978 x,True,DENY,1,inventoryPolicy DENY -> CONTINUE
gid://shopify/Product/15671333552459,lacabine-vitamin-c-amp-2ml,Lacabine Vitamin C Amp 2Ml,ACTIVE,gid://shopify/ProductVariant/57051113062731,8435534405762,True,DENY,1,inventoryPolicy DENY -> CONTINUE
gid://shopify/Product/15671333585227,revive-active-6-month-supply-180-sachets,Revive Active 6 Month Supply -180 Sachets,ACTIVE,gid://shopify/ProductVariant/57051113095499,5391517512177,True,DENY,1,inventoryPolicy DENY -> CONTINUE
gid://shopify/Product/15671333716299,luna-filter-finish-silk-foundation-rich-plus,Luna Filter Finish Silk Foundation - Rich Plus,ACTIVE,gid://shopify/ProductVariant/57051113226571,Lunarichplussilk,True,DENY,1,inventoryPolicy DENY -> CONTINUE
gid://shopify/Product/15671333814603,the-heritage-collection-pure-hyaluronic-serum-15ml,The Heritage Collection - Pure Hyaluronic Serum 15Ml,ACTIVE,gid://shopify/ProductVariant/57051113357643,840202281094,True,DENY,1,inventoryPolicy DENY -> CONTINUE
gid://shopify/Product/15671333880139,childs-farm-conditioner-250ml-strawbery,Childs Farm Conditioner 250Ml Strawbery,ACTIVE,gid://shopify/ProductVariant/57051113423179,5029066007186,True,DENY,1,inventoryPolicy DENY -> CONTINUE
gid://shopify/Product/15671333978443,creme-gommante-corps-200ml,Creme Gommante Corps 200Ml,ACTIVE,gid://shopify/ProductVariant/57051113521483,3661434006234,True,DENY,1,inventoryPolicy DENY -> CONTINUE
gid://shopify/Product/15671334076747,cetrine-allergy-cetirizine-7pk,Cetrine Allergy Cetirizine 7Pk,ACTIVE,gid://shopify/ProductVariant/57051113816395,5390387082016,True,DENY,1,inventoryPolicy DENY -> CONTINUE
gid://shopify/Product/15671334142283,chroma-cover-luminous-foundation-w2,Chroma Cover Luminous Foundation - W2,ACTIVE,gid://shopify/ProductVariant/57051114111307,5060907056185,True,DENY,1,inventoryPolicy DENY -> CONTINUE
gid://shopify/Product/15671334207819,ck-one-200ml-edt-spr,Ck One 200Ml Edt Spr,ACTIVE,gid://shopify/ProductVariant/57051114176843,088300107438,True,DENY,1,inventoryPolicy DENY -> CONTINUE
gid://shopify/Product/15671334371659,medicare-fabric-long-finger-plaster,Medicare Fabric Long Finger Plaster,ACTIVE,gid://shopify/ProductVariant/57051114373451,5099390415988,True,DENY,1,inventoryPolicy DENY -> CONTINUE
gid://shopify/Product/15671334437195,mam-clip-double-set-0-months-blue,Mam Clip Double Set 0+Months Blue,ACTIVE,gid://shopify/ProductVariant/57051114668363,9001616205231,True,DENY,1,inventoryPolicy DENY -> CONTINUE
gid://shopify/Product/15671334568267,luna-filter-finish-naturally-matte-foundation-tan,Luna Filter Finish Naturally Matte Foundation - Tan,ACTIVE,gid://shopify/ProductVariant/57051114799435,Lunamattetan,True,DENY,1,inventoryPolicy DENY -> CONTINUE
gid://shopify/Product/15671334764875,deep-heat-massage-roll-on-lotion-50ml,Deep Heat Massage Roll On Lotion 50Ml,ACTIVE,gid://shopify/ProductVariant/57051114996043,5011501013739,True,DENY,1,inventoryPolicy DENY -> CONTINUE
gid://shopify/Product/15671334961483,sculpted-by-aimee-line-shine-duo-buff,Sculpted By Aimee Line & Shine Duo Buff,ACTIVE,gid://shopify/ProductVariant/57051115422027,0796548511121,True,DENY,1,inventoryPolicy DENY -> CONTINUE
gid://shopify/Product/15671335158091,nurofen-tablets-12pk,Nurofen Tablets 12Pk,ACTIVE,gid://shopify/ProductVariant/57051116732747,5000158102248,True,DENY,3,inventoryPolicy DENY -> CONTINUE
gid://shopify/Product/15671335354699,solgar-advanced-acidophilus-plus-60-tabs,Solgar Advanced Acidophilus Plus 60 Tabs,ACTIVE,gid://shopify/ProductVariant/57051117388107,033984007505,True,DENY,1,inventoryPolicy DENY -> CONTINUE
gid://shopify/Product/15671335387467,svr-topialyse-palpebral-cream-15ml,Svr Topialyse Palpebral Cream 15Ml,ACTIVE,gid://shopify/ProductVariant/57051117420875,3401060256340,True,DENY,1,inventoryPolicy DENY -> CONTINUE
gid://shopify/Product/15671335485771,disprin-tablets-12pk,Disprin Tablets 12Pk,ACTIVE,gid://shopify/ProductVariant/57051118305611,5000158060012,True,DENY,1,inventoryPolicy DENY -> CONTINUE
gid://shopify/Product/15671335551307,preparation-h-gel-50g,Preparation H Gel 50G,ACTIVE,gid://shopify/ProductVariant/57051118371147,5000309005589,True,DENY,1,inventoryPolicy DENY -> CONTINUE
gid://shopify/Product/15671335649611,garnier-ultimate-blends-smoothing-hair-food-coconut-macadamia-conditioner,Garnier Ultimate Blends Smoothing Hair Food Coconut & Macadamia Conditioner,ACTIVE,gid://shopify/ProductVariant/57051118469451,3600542342810,True,DENY,1,inventoryPolicy DENY -> CONTINUE
gid://shopify/Product/15671335682379,king-hair-beauty-bye-bye-baby-hairs-wand,King Hair & Beauty Bye Bye Baby Hairs Wand,ACTIVE,gid://shopify/ProductVariant/57051118502219,796554770000,True,DENY,1,inventoryPolicy DENY -> CONTINUE
gid://shopify/Product/15671335747915,marc-jacobs-daisy-50ml-edt-spray,Marc Jacobs Daisy 50Ml Edt Spray,ACTIVE,gid://shopify/ProductVariant/57051118567755,031655513027,True,DENY,1,inventoryPolicy DENY -> CONTINUE
gid://shopify/Product/15671335813451,sculpted-satin-silk-longwear-concealer-sand,Sculpted Satin Silk Longwear Concealer- Sand,ACTIVE,gid://shopify/ProductVariant/57051118633291,satinconsand,True,DENY,1,inventoryPolicy DENY -> CONTINUE
gid://shopify/Product/15671335911755,steradent-pro-extr-strength-tablets-30p,Steradent Pro Extr Strength Tablets 30P,ACTIVE,gid://shopify/ProductVariant/57051118731595,5011417545652,True,DENY,1,inventoryPolicy DENY -> CONTINUE
gid://shopify/Product/15671335977291,garnier-ultimate-blends-smoothing-hair-food-coconut-macadamia-shampoo,Garnier Ultimate Blends Smoothing Hair Food Coconut & Macadamia Shampoo,ACTIVE,gid://shopify/ProductVariant/57051118829899,3600542342858,True,DENY,1,inventoryPolicy DENY -> CONTINUE
gid://shopify/Product/15671336403275,cl-ear-ear-relief-drops,Cl-Ear Ear Relief Drops,ACTIVE,gid://shopify/ProductVariant/57051119419723,5060133376255,True,DENY,1,inventoryPolicy DENY -> CONTINUE
gid://shopify/Product/15671336501579,uriage-d-s-regulating-foaming-gel-150ml,Uriage D.S.Regulating Foaming Gel 150Ml,ACTIVE,gid://shopify/ProductVariant/57051119518027,3661434000089,True,DENY,1,inventoryPolicy DENY -> CONTINUE
gid://shopify/Product/15671336665419,uriage-bebe-1st-cleansing-water-500ml,Uriage Bebe 1St Cleansing Water 500Ml,ACTIVE,gid://shopify/ProductVariant/57051119812939,3661434008719,True,DENY,1,inventoryPolicy DENY -> CONTINUE
gid://shopify/Product/15671336698187,biabelle-the-blur-brush,Biabelle - The Blur Brush,ACTIVE,gid://shopify/ProductVariant/57051119878475,biabelle11,True,DENY,1,inventoryPolicy DENY -> CONTINUE
gid://shopify/Product/15671336763723,wild-fresh-cotton-sea-salt-deodorant-refill-43g,Wild Fresh Cotton & Sea Salt Deodorant Refill 43G,ACTIVE,gid://shopify/ProductVariant/57051119944011,wild5,True,DENY,1,inventoryPolicy DENY -> CONTINUE
gid://shopify/Product/15671336894795,trilogy-hydrating-mist-toner,Trilogy Hydrating Mist Toner,ACTIVE,gid://shopify/ProductVariant/57051120238923,9421017760052,True,DENY,1,inventoryPolicy DENY -> CONTINUE
gid://shopify/Product/15671336993099,medi-tubular-gauze-with-applicat,Medi Tubular Gauze With Applicat,ACTIVE,gid://shopify/ProductVariant/57051120337227,5099390410228,True,DENY,1,inventoryPolicy DENY -> CONTINUE
gid://shopify/Product/15671337025867,full-impact-complete-coverage-concealer-shade-md1,Full Impact Complete Coverage Concealer Shade Md1,ACTIVE,gid://shopify/ProductVariant/57051120369995,5060907054839,True,DENY,1,inventoryPolicy DENY -> CONTINUE
gid://shopify/Product/15671337222475,floradix-floravital-liquid-250ml,Floradix Floravital Liquid 250Ml,ACTIVE,gid://shopify/ProductVariant/57051121844555,4004148017179,True,DENY,1,inventoryPolicy DENY -> CONTINUE
gid://shopify/Product/15671337320779,declar-soft-cleansing-tonifying-lotion-400ml,Declaré Soft Cleansing Tonifying Lotion 400Ml,ACTIVE,gid://shopify/ProductVariant/57051122401611,9007867005187,True,DENY,1,inventoryPolicy DENY -> CONTINUE
gid://shopify/Product/15671337386315,chroma-liquid-concealer-c3,Chroma Liquid Concealer C3,ACTIVE,gid://shopify/ProductVariant/57051122467147,5060907054631,True,DENY,1,inventoryPolicy DENY -> CONTINUE
gid://shopify/Product/15671337451851,chroma-cover-matte-foundation-w3,Chroma Cover Matte Foundation - W3,ACTIVE,gid://shopify/ProductVariant/57051122532683,5060907055850,True,DENY,1,inventoryPolicy DENY -> CONTINUE
gid://shopify/Product/15671337484619,unicorn-magic-soap-sponge,Unicorn Magic Soap Sponge,ACTIVE,gid://shopify/ProductVariant/57051122565451,5055071798917,True,DENY,1,inventoryPolicy DENY -> CONTINUE
gid://shopify/Product/15671337550155,sculpted-body-base-light-shimmer,Sculpted Body Base Light Shimmer,ACTIVE,gid://shopify/ProductVariant/57051122630987,0754590721516,True,DENY,1,inventoryPolicy DENY -> CONTINUE
gid://shopify/Product/15671337582923,medicare-waterproof-strip-6cm-x-1m,Medicare Waterproof Strip 6Cm X 1M,ACTIVE,gid://shopify/ProductVariant/57051122663755,5099390413588,True,DENY,1,inventoryPolicy DENY -> CONTINUE
gid://shopify/Product/15671337615691,voduz-r-oil-hydrating-hair-oil,Voduz R'oil Hydrating Hair Oil,ACTIVE,gid://shopify/ProductVariant/57051122696523,793591864532,True,DENY,1,inventoryPolicy DENY -> CONTINUE
gid://shopify/Product/15671337648459,annalivia-lip-library-tinted-lip-oil-sweety,Annalivia Lip Library Tinted Lip Oil Sweety,ACTIVE,gid://shopify/ProductVariant/57051122729291,5061045655520,True,DENY,1,inventoryPolicy DENY -> CONTINUE
gid://shopify/Product/15671337713995,shape-stick-bronze-define-swirl,Shape Stick Bronze & Define Swirl,ACTIVE,gid://shopify/ProductVariant/57051122794827,5060806561179,True,DENY,1,inventoryPolicy DENY -> CONTINUE
gid://shopify/Product/15671337779531,sculpted-cream-cushion-foundation-4n,Sculpted Cream Cushion Foundation 4N,ACTIVE,gid://shopify/ProductVariant/57051122860363,5391548381627,True,DENY,1,inventoryPolicy DENY -> CONTINUE
gid://shopify/Product/15671337877835,unisex-festival-essentials-bundle,Unisex Festival Essentials Bundle,ACTIVE,gid://shopify/ProductVariant/57051123089739,743485657575858,True,DENY,1,inventoryPolicy DENY -> CONTINUE
gid://shopify/Product/15671337943371,corsodyl-50g-dental-gel,Corsodyl 50G Dental Gel,ACTIVE,gid://shopify/ProductVariant/57051123384651,5000347070761,True,DENY,1,inventoryPolicy DENY -> CONTINUE
gid://shopify/Product/15671338074443,wild-jasmine-starter-pack-with-refill-mix-5,Wild Jasmine Starter Pack With Refill Mix 5,ACTIVE,gid://shopify/ProductVariant/57051123515723,wild16mix,True,DENY,1,inventoryPolicy DENY -> CONTINUE
gid://shopify/Product/15671338500427,waxperts-beautiful-body-oil,Waxperts Beautiful Body Oil,ACTIVE,gid://shopify/ProductVariant/57051125416267,21542515912,True,DENY,1,inventoryPolicy DENY -> CONTINUE
gid://shopify/Product/15671338533195,pharmanord-jointcare-60pk,Pharmanord Jointcare 60Pk,ACTIVE,gid://shopify/ProductVariant/57051125449035,5709976464308,True,DENY,1,inventoryPolicy DENY -> CONTINUE
gid://shopify/Product/15671338664267,ck-euphoria-ladies-100ml-edp-spr,Ck Euphoria Ladies 100Ml Edp Spr,ACTIVE,gid://shopify/ProductVariant/57051125580107,088300162505,True,DENY,1,inventoryPolicy DENY -> CONTINUE
gid://shopify/Product/15671338697035,clarityn-tabs-loratadine-7pk,Clarityn Tabs Loratadine 7Pk,ACTIVE,gid://shopify/ProductVariant/57051125612875,5010605240010,True,DENY,1,inventoryPolicy DENY -> CONTINUE
gid://shopify/Product/15671338762571,luna-filter-finish-silk-foundation-rich,Luna Filter Finish Silk Foundation - Rich,ACTIVE,gid://shopify/ProductVariant/57051125678411,Lunarichsilk,True,DENY,1,inventoryPolicy DENY -> CONTINUE
gid://shopify/Product/15671338860875,emazole-20mg-tablets-14pk,Emazole 20Mg Tablets 14Pk,ACTIVE,gid://shopify/ProductVariant/57051126104395,5390387330223,True,DENY,1,inventoryPolicy DENY -> CONTINUE
gid://shopify/Product/15671339090251,sculpted-by-aimee-my-mascara-ultra-black,Sculpted By Aimee My Mascara Ultra Black,ACTIVE,gid://shopify/ProductVariant/57051126333771,0794712794394,True,DENY,1,inventoryPolicy DENY -> CONTINUE
gid://shopify/Product/15671339221323,perfection-primer-bronze-glow,Perfection Primer Bronze Glow,ACTIVE,gid://shopify/ProductVariant/57051126694219,5060907052477,True,DENY,1,inventoryPolicy DENY -> CONTINUE
gid://shopify/Product/15671339286859,dulcolax-tabs-40pk,Dulcolax Tabs 40Pk,ACTIVE,gid://shopify/ProductVariant/57051126989131,5012917020397,True,DENY,1,inventoryPolicy DENY -> CONTINUE
gid://shopify/Product/15671339352395,uriage-eau-thermale-light-water-cream-40ml,Uriage Eau Thermale Light Water Cream 40Ml,ACTIVE,gid://shopify/ProductVariant/57051127054667,3661434005008,True,DENY,1,inventoryPolicy DENY -> CONTINUE
gid://shopify/Product/15671339385163,indestructi-brow-pencil-irid-brown,Indestructi'brow Pencil Irid Brown,ACTIVE,gid://shopify/ProductVariant/57051127087435,793591326788,True,DENY,1,inventoryPolicy DENY -> CONTINUE
gid://shopify/Product/15671339450699,uriage-xemose-soothing-eye-contour-care-15ml,Uriage Xemose Soothing Eye Contour Care 15Ml,ACTIVE,gid://shopify/ProductVariant/57051127152971,3661434007903,True,DENY,1,inventoryPolicy DENY -> CONTINUE
gid://shopify/Product/15671339483467,vitabiotics-wellteen-her-13-19-years,Vitabiotics Wellteen Her 13-19 Years,ACTIVE,gid://shopify/ProductVariant/57051127185739,5021265247318,True,DENY,1,inventoryPolicy DENY -> CONTINUE
gid://shopify/Product/15671339549003,wild-lemon-basil-blood-orange-refillable-natural-deodorant,Wild Lemon Basil & Blood Orange Refillable Natural Deodorant,ACTIVE,gid://shopify/ProductVariant/57051127251275,5060968411664,True,DENY,1,inventoryPolicy DENY -> CONTINUE
gid://shopify/Product/15671339647307,uriage-keratosane-30-gel-treatment-for-callused-skin-75ml,Uriage Keratosane 30- Gel Treatment For Callused Skin 75Ml,ACTIVE,gid://shopify/ProductVariant/57051128168779,3661434000836,True,DENY,1,inventoryPolicy DENY -> CONTINUE
gid://shopify/Product/15671339680075,mam-easy-start-anti-colic-0-months,Mam Easy Start Anti-Colic 0+Months,ACTIVE,gid://shopify/ProductVariant/57051128201547,901616620058,True,DENY,1,inventoryPolicy DENY -> CONTINUE
gid://shopify/Product/15671339909451,berocca-orange-15pk-eff,Berocca Orange 15Pk Eff,ACTIVE,gid://shopify/ProductVariant/57051128660299,5010605152085,True,DENY,1,inventoryPolicy DENY -> CONTINUE
gid://shopify/Product/15671340106059,the-handmade-soap-company-bitter-orange-pink-pepper-hand-cream-30ml,The Handmade Soap Company Bitter Orange & Pink Pepper Hand Cream 30Ml,ACTIVE,gid://shopify/ProductVariant/57051129184587,5391520236419,True,DENY,1,inventoryPolicy DENY -> CONTINUE
gid://shopify/Product/15671340138827,solgar-coq10-vegetarian-120mg-30-pk,Solgar Coq10 Vegetarian 120Mg (30 Pk),ACTIVE,gid://shopify/ProductVariant/57051129217355,033984009240,True,DENY,1,inventoryPolicy DENY -> CONTINUE
gid://shopify/Product/15671340171595,tommee-tippee-essential-baby-sissors-0m-1pk,Tommee Tippee Essential Baby Sissors 0M+ 1Pk,ACTIVE,gid://shopify/ProductVariant/57051129250123,5010415330444,True,DENY,1,inventoryPolicy DENY -> CONTINUE
gid://shopify/Product/15671340204363,sculpted-lip-duo-undressed-naked,Sculpted Lip Duo Undressed- Naked,ACTIVE,gid://shopify/ProductVariant/57051129282891,794712143499,True,DENY,1,inventoryPolicy DENY -> CONTINUE
gid://shopify/Product/15671340237131,svr-sensifine-hydra-creme-40ml,Svr Sensifine Hydra-Creme 40Ml,ACTIVE,gid://shopify/ProductVariant/57051129315659,3662361001842,True,DENY,1,inventoryPolicy DENY -> CONTINUE
gid://shopify/Product/15671340269899,biabelle-instant-bundle-with-blur-brush-ultra-dark,Biabelle Instant Bundle With Blur Brush- Ultra Dark,ACTIVE,gid://shopify/ProductVariant/57051129348427,biabelle42,True,DENY,1,inventoryPolicy DENY -> CONTINUE
gid://shopify/Product/15671340302667,bloom-and-blossom-baby-pillow-spray-75ml,Bloom And Blossom Baby Pillow Spray 75Ml,ACTIVE,gid://shopify/ProductVariant/57051129381195,5060193641539,True,DENY,1,inventoryPolicy DENY -> CONTINUE
gid://shopify/Product/15671340368203,uriage-roseliane-anti-redness-masque-40ml,Uriage Roseliane Anti Redness Masque 40Ml,ACTIVE,gid://shopify/ProductVariant/57051129446731,3661434003424,True,DENY,1,inventoryPolicy DENY -> CONTINUE
gid://shopify/Product/15671340499275,declar-hydro-balance-bb-cream-spf-30-50ml,Declaré Hydro Balance Bb Cream Spf 30 50Ml,ACTIVE,gid://shopify/ProductVariant/57051129577803,9007867007099,True,DENY,1,inventoryPolicy DENY -> CONTINUE
gid://shopify/Product/15671340663115,zirtek-oral-solution-1mg-ml-200ml,Zirtek Oral Solution 1Mg/Ml 200Ml,ACTIVE,gid://shopify/ProductVariant/57051130036555,5015313013574,True,DENY,1,inventoryPolicy DENY -> CONTINUE
gid://shopify/Product/15671340728651,luna-by-lisa-pencil-brush,Luna By Lisa Pencil Brush,ACTIVE,gid://shopify/ProductVariant/57051130102091,5391532521237,True,DENY,1,inventoryPolicy DENY -> CONTINUE
gid://shopify/Product/15671340859723,lacoste-red-eau-de-toilette-125ml,Lacoste Red Eau De Toilette 125Ml,ACTIVE,gid://shopify/ProductVariant/57051130495307,3616302931781,True,DENY,1,inventoryPolicy DENY -> CONTINUE
gid://shopify/Product/15671340925259,arret-2mg-hard-capsules-12pk,Arret 2Mg Hard Capsules 12Pk,ACTIVE,gid://shopify/ProductVariant/57051130560843,5099467000758,True,DENY,1,inventoryPolicy DENY -> CONTINUE
gid://shopify/Product/15671340990795,mccormacks-pharmacy-e-gift-card-20,Mccormacks Pharmacy E-Gift Card €20,ACTIVE,gid://shopify/ProductVariant/57051130626379,giftcard20,True,DENY,1,inventoryPolicy DENY -> CONTINUE
gid://shopify/Product/15671341187403,ck-eternity-mens-100ml-edt-spr,Ck Eternity Mens 100Ml Edt Spr,ACTIVE,gid://shopify/ProductVariant/57051131838795,088300105519,True,DENY,1,inventoryPolicy DENY -> CONTINUE
gid://shopify/Product/15671341252939,proceive-women-fertility-supplement-28-caps,Proceive Women Fertility Supplement 28 Caps,ACTIVE,gid://shopify/ProductVariant/57051131904331,5392000077232,True,DENY,1,inventoryPolicy DENY -> CONTINUE
gid://shopify/Product/15671341449547,revive-active-mastermind-30pk,Revive Active Mastermind 30Pk,ACTIVE,gid://shopify/ProductVariant/57051132297547,797776114726,True,DENY,1,inventoryPolicy DENY -> CONTINUE
gid://shopify/Product/15671341515083,bperfect-chroma-cover-matte-foundation-w6,Bperfect Chroma Cover Matte Foundation - W6,ACTIVE,gid://shopify/ProductVariant/57051132363083,chromaw6,True,DENY,1,inventoryPolicy DENY -> CONTINUE
gid://shopify/Product/15671341613387,wild-cotton-starter-pack-with-refill-mix-3,Wild Cotton Starter Pack With Refill Mix 3,ACTIVE,gid://shopify/ProductVariant/57051132461387,wild14mix,True,DENY,1,inventoryPolicy DENY -> CONTINUE
gid://shopify/Product/15671341678923,gelorevoice-blackcurrant,Gelorevoice Blackcurrant,ACTIVE,gid://shopify/ProductVariant/57051132526923,5000477720185,True,DENY,1,inventoryPolicy DENY -> CONTINUE
gid://shopify/Product/15671341777227,casacol-expectorant-sf-125ml-syrup,Casacol Expectorant Sf 125Ml Syrup,ACTIVE,gid://shopify/ProductVariant/57051132625227,5391513950216,True,DENY,1,inventoryPolicy DENY -> CONTINUE
gid://shopify/Product/15671341809995,sterimar-allergy-response-20ml,Sterimar Allergy Response 20Ml,ACTIVE,gid://shopify/ProductVariant/57051132657995,3331300097771,True,DENY,1,inventoryPolicy DENY -> CONTINUE
gid://shopify/Product/15671341908299,mccormacks-pharmacy-e-gift-card-40,Mccormacks Pharmacy E-Gift Card €40,ACTIVE,gid://shopify/ProductVariant/57051132756299,giftcard40,True,DENY,1,inventoryPolicy DENY -> CONTINUE
gid://shopify/Product/15671341941067,the-handmade-soap-company-lemongrass-cedarwood-hand-wash-250ml,The Handmade Soap Company Lemongrass & Cedarwood Hand Wash 250Ml,ACTIVE,gid://shopify/ProductVariant/57051132789067,5391520236075,True,DENY,1,inventoryPolicy DENY -> CONTINUE
gid://shopify/Product/15671342006603,pestle-mortar-hand-wash-hand-cream-bundle,Pestle & Mortar Hand Wash & Hand Cream Bundle,ACTIVE,gid://shopify/ProductVariant/57051132854603,111111,True,DENY,1,inventoryPolicy DENY -> CONTINUE
gid://shopify/Product/15671342039371,chanel-chance-eau-de-parfum-50ml,Chanel Chance Eau De Parfum 50Ml,ACTIVE,gid://shopify/ProductVariant/57051132887371,3145891264203,True,DENY,1,inventoryPolicy DENY -> CONTINUE
gid://shopify/Product/15671342465355,sona-b-complex-tabs-60pk,Sona B-Complex Tabs 60Pk,ACTIVE,gid://shopify/ProductVariant/57051133509963,5390612002857,True,DENY,1,inventoryPolicy DENY -> CONTINUE
gid://shopify/Product/15671342727499,gaviscon-extra-chew-tabs-24pk-peppermint,Gaviscon Extra Chew Tabs 24Pk Peppermint,ACTIVE,gid://shopify/ProductVariant/57051133870411,5011417569481,True,DENY,1,inventoryPolicy DENY -> CONTINUE
gid://shopify/Product/15671343382859,sol-beauty-shower-cream-watermelon-500ml,Sol Beauty Shower Cream Watermelon 500Ml,ACTIVE,gid://shopify/ProductVariant/57051134722379,5013692278140,True,DENY,1,inventoryPolicy DENY -> CONTINUE
gid://shopify/Product/15671344202059,cleanmarine-memin-for-women-60pk,Cleanmarine Memin For Women 60Pk,ACTIVE,gid://shopify/ProductVariant/57051135541579,5391500077889,True,DENY,1,inventoryPolicy DENY -> CONTINUE
gid://shopify/Product/15671344464203,solgar-calcium-magnesium-50-tabs,Solgar Calcium Magnesium 50 Tabs,ACTIVE,gid://shopify/ProductVariant/57051135803723,033984005082,True,DENY,1,inventoryPolicy DENY -> CONTINUE
gid://shopify/Product/15671346135371,calpol-vapour-refill-pads-5pk,Calpol Vapour Refill Pads 5Pk,ACTIVE,gid://shopify/ProductVariant/57051137573195,3574661368597,True,DENY,1,inventoryPolicy DENY -> CONTINUE
gid://shopify/Product/15671346397515,meda-vitamin-d3-2000iu-60pk,Meda Vitamin D3 2000Iu 60Pk,ACTIVE,gid://shopify/ProductVariant/57051137900875,5391521890597,True,DENY,1,inventoryPolicy DENY -> CONTINUE
gid://shopify/Product/15671347020107,celtic-can-diffuser-pomelo-grape,Celtic Can Diffuser Pomelo/Grape,ACTIVE,gid://shopify/ProductVariant/57051138490699,5038871068077,True,DENY,1,inventoryPolicy DENY -> CONTINUE
gid://shopify/Product/15671347315019,luna-filter-finish-naturally-matte-foundation-medium-tan,Luna Filter Finish Naturally Matte Foundation - Medium Tan,ACTIVE,gid://shopify/ProductVariant/57051138785611,Lunamattemediumtan,True,DENY,1,inventoryPolicy DENY -> CONTINUE
gid://shopify/Product/15671347609931,bperfect-annalivia-lip-library-hydrating-lip-oil,Bperfect Annalivia Lip Library Hydrating Lip Oil,ACTIVE,gid://shopify/ProductVariant/57051139211595,5061045651409,True,DENY,1,inventoryPolicy DENY -> CONTINUE
gid://shopify/Product/15671347708235,uriage-bebe-1st-cleansing-cream-1ltr,Uriage Bebe 1St Cleansing Cream 1Ltr,ACTIVE,gid://shopify/ProductVariant/57051139309899,3661434001215,True,DENY,1,inventoryPolicy DENY -> CONTINUE
gid://shopify/Product/15671347773771,svr-eye-lip-filler-biotic-15ml,Svr Eye & Lip Filler Biotic 15Ml,ACTIVE,gid://shopify/ProductVariant/57051139572043,3662361003259,True,DENY,1,inventoryPolicy DENY -> CONTINUE
gid://shopify/Product/15671347806539,boss-femme-75ml-edp-spr,Boss Femme 75Ml Edp Spr,ACTIVE,gid://shopify/ProductVariant/57051139604811,0737052041353,True,DENY,1,inventoryPolicy DENY -> CONTINUE
gid://shopify/Product/15671347904843,nurofen-rapid-relief-max-400mg-liquid-caps-20pk,Nurofen Rapid Relief Max 400Mg Liquid Caps 20Pk,ACTIVE,gid://shopify/ProductVariant/57051139834187,5011417575017,True,DENY,1,inventoryPolicy DENY -> CONTINUE
gid://shopify/Product/15671347970379,snufflebabe-vapour-rub-24gm,Snufflebabe Vapour Rub 24Gm,ACTIVE,gid://shopify/ProductVariant/57051139899723,5011784000716,True,DENY,1,inventoryPolicy DENY -> CONTINUE
gid://shopify/Product/15671348035915,uriage-eau-thermale-water-serum-30ml,Uriage Eau Thermale Water Serum 30Ml,ACTIVE,gid://shopify/ProductVariant/57051139965259,3661434005022,True,DENY,1,inventoryPolicy DENY -> CONTINUE
gid://shopify/Product/15671348298059,shape-stick-bronze-define-frappe,Shape Stick Bronze & Define Frappe,ACTIVE,gid://shopify/ProductVariant/57051140718923,5060806561186,True,DENY,1,inventoryPolicy DENY -> CONTINUE
gid://shopify/Product/15671348363595,viagra-connect-50mg-tablets-4-pack,Viagra Connect 50Mg Tablets 4 Pack,ACTIVE,gid://shopify/ProductVariant/57051140882763,5391521021229,True,DENY,1,inventoryPolicy DENY -> CONTINUE
gid://shopify/Product/15671348396363,dulcolax-tabs-100pk,Dulcolax Tabs 100Pk,ACTIVE,gid://shopify/ProductVariant/57051140915531,5012917020458,True,DENY,1,inventoryPolicy DENY -> CONTINUE
gid://shopify/Product/15671348461899,tresemme-lamellar-shine-shampoo-300ml,Tresemme Lamellar Shine Shampoo 300Ml,ACTIVE,gid://shopify/ProductVariant/57051140981067,8720181474682,True,DENY,1,inventoryPolicy DENY -> CONTINUE
gid://shopify/Product/15671348494667,luna-filter-finish-naturally-matte-foundation-light,Luna Filter Finish Naturally Matte Foundation - Light,ACTIVE,gid://shopify/ProductVariant/57051141013835,Lunamattelight,True,DENY,1,inventoryPolicy DENY -> CONTINUE
gid://shopify/Product/15671348625739,medicare-elbow-sml-supp-18cm-25cm,Medicare Elbow Sml Supp 18Cm-25Cm,ACTIVE,gid://shopify/ProductVariant/57051141374283,5099390411478,True,DENY,1,inventoryPolicy DENY -> CONTINUE
gid://shopify/Product/15671348658507,bperfect-katie-daley-perfect-powder-vanilla,Bperfect Katie Daley Perfect Powder Vanilla,ACTIVE,gid://shopify/ProductVariant/57051141407051,5061007282900,True,DENY,1,inventoryPolicy DENY -> CONTINUE
gid://shopify/Product/15671348724043,luna-by-lisa-volume-foam,Luna By Lisa Volume Foam,ACTIVE,gid://shopify/ProductVariant/57051141472587,5391532521497,True,DENY,1,inventoryPolicy DENY -> CONTINUE
gid://shopify/Product/15671348756811,bayliss-harding-vetiver-cedar-lemongrass-luxury-hand-wash-500ml,"Bayliss & Harding Vetiver, Cedar & Lemongrass Luxury Hand Wash 500Ml",ACTIVE,gid://shopify/ProductVariant/57051141505355,017854120013,True,DENY,1,inventoryPolicy DENY -> CONTINUE
gid://shopify/Product/15671348855115,rennie-spearmint-48pk,Rennie Spearmint 48Pk,ACTIVE,gid://shopify/ProductVariant/57051141701963,5010605295126,True,DENY,1,inventoryPolicy DENY -> CONTINUE
gid://shopify/Product/15671349018955,eucryl-pwdr-50g-original,Eucryl Pwdr 50G Original,ACTIVE,gid://shopify/ProductVariant/57051141865803,5011309895810,True,DENY,1,inventoryPolicy DENY -> CONTINUE
gid://shopify/Product/15671349150027,quies-pure-wax-8pk,Quies Pure Wax 8Pk,ACTIVE,gid://shopify/ProductVariant/57051143012683,3435172101175,True,DENY,1,inventoryPolicy DENY -> CONTINUE
gid://shopify/Product/15671349444939,buttercup-broncho-stop-cough-pastilles-10pk,Buttercup Broncho Stop Cough Pastilles 10Pk,ACTIVE,gid://shopify/ProductVariant/57051143864651,5012616262685,True,DENY,1,inventoryPolicy DENY -> CONTINUE
gid://shopify/Product/15671349477707,tidy-whiskers,Tidy Whiskers,ACTIVE,gid://shopify/ProductVariant/57051143897419,5021769826903,True,DENY,1,inventoryPolicy DENY -> CONTINUE
gid://shopify/Product/15671349510475,mam-easy-start-anti-colic-2-months-pink,Mam Easy Start Anti Colic 2+Months Pink,ACTIVE,gid://shopify/ProductVariant/57051143930187,9001616669934,True,DENY,1,inventoryPolicy DENY -> CONTINUE
gid://shopify/Product/15671349543243,biabelle-bronze-obsession-instant-tan-dark,Biabelle Bronze Obsession Instant Tan- Dark,ACTIVE,gid://shopify/ProductVariant/57051143962955,biabelle4,True,DENY,1,inventoryPolicy DENY -> CONTINUE
gid://shopify/Product/15671349576011,fybogel-orange-10pk,Fybogel Orange 10Pk,ACTIVE,gid://shopify/ProductVariant/57051143995723,5000158061361,True,DENY,1,inventoryPolicy DENY -> CONTINUE
gid://shopify/Product/15671349641547,medicare-wrist-support,Medicare Wrist Support,ACTIVE,gid://shopify/ProductVariant/57051144061259,5099390407105,True,DENY,1,inventoryPolicy DENY -> CONTINUE
gid://shopify/Product/15671349674315,chroma-cover-luminous-foundation-w3,Chroma Cover Luminous Foundation - W3,ACTIVE,gid://shopify/ProductVariant/57051144094027,5060907056215,True,DENY,1,inventoryPolicy DENY -> CONTINUE
gid://shopify/Product/15671349772619,pestle-mortar-essentials-the-facial-cleanser-100ml,Pestle & Mortar Essentials The Facial Cleanser 100Ml,ACTIVE,gid://shopify/ProductVariant/57051144323403,855238006511,True,DENY,1,inventoryPolicy DENY -> CONTINUE
gid://shopify/Product/15671349805387,hugo-extreme-mens-75ml-edp-spr,Hugo Extreme Mens 75Ml Edp Spr,ACTIVE,gid://shopify/ProductVariant/57051144356171,36163016223380,True,DENY,1,inventoryPolicy DENY -> CONTINUE
gid://shopify/Product/15671349903691,hugo-man-green-75ml-edt-spr,Hugo Man (Green) 75Ml Edt Spr,ACTIVE,gid://shopify/ProductVariant/57051144454475,737052664026,True,DENY,1,inventoryPolicy DENY -> CONTINUE
gid://shopify/Product/15671349936459,nurofen-child-six-plus-orange-200mg-5ml-oral-suspension-100ml,Nurofen Child Six Plus Orange 200Mg/5Ml Oral Suspension 100Ml,ACTIVE,gid://shopify/ProductVariant/57051144487243,5000158068209,True,DENY,1,inventoryPolicy DENY -> CONTINUE
gid://shopify/Product/15671350100299,cetrine-allergy-cetirizine-30pk,Cetrine Allergy Cetirizine 30Pk,ACTIVE,gid://shopify/ProductVariant/57051144651083,5390387082030,True,DENY,1,inventoryPolicy DENY -> CONTINUE
gid://shopify/Product/15671350165835,got2b-volumania-24hr-volumising-mousee-250ml,Got2b Volumania 24Hr Volumising Mousee 250Ml,ACTIVE,gid://shopify/ProductVariant/57051144716619,7332531063456,True,DENY,1,inventoryPolicy DENY -> CONTINUE
gid://shopify/Product/15671350329675,voduz-smooth-start-mini-travel-set,Voduz Smooth Start Mini Travel Set,ACTIVE,gid://shopify/ProductVariant/57051144978763,5061045650808,True,DENY,1,inventoryPolicy DENY -> CONTINUE
gid://shopify/Product/15671350362443,sudaplus-n-d-tabs-15pk,Sudaplus N/D Tabs 15Pk,ACTIVE,gid://shopify/ProductVariant/57051145011531,3574660708486,True,DENY,1,inventoryPolicy DENY -> CONTINUE
gid://shopify/Product/15671350427979,uriage-bariesun-after-sun-repair-balm,Uriage Bariesun After Sun Repair Balm,ACTIVE,gid://shopify/ProductVariant/57051145175371,3661434001468,True,DENY,1,inventoryPolicy DENY -> CONTINUE
gid://shopify/Product/15671350493515,man-stuff-feelin-fresh-gift-set,Man'stuff Feelin' Fresh Gift Set,ACTIVE,gid://shopify/ProductVariant/57051145240907,5021769826934,True,DENY,1,inventoryPolicy DENY -> CONTINUE
gid://shopify/Product/15671350526283,vitabiotics-feroglobin-b12-caps,Vitabiotics Feroglobin B12 Caps,ACTIVE,gid://shopify/ProductVariant/57051145273675,5021265220076,True,DENY,1,inventoryPolicy DENY -> CONTINUE
gid://shopify/Product/15671350559051,nelsons-arnicare-cooling-gel-30g,Nelsons Arnicare Cooling Gel 30G,ACTIVE,gid://shopify/ProductVariant/57051145306443,5000488104356,True,DENY,1,inventoryPolicy DENY -> CONTINUE
gid://shopify/Product/15671350788427,uriage-cleansing-milk-250ml,Uriage Cleansing Milk 250Ml,ACTIVE,gid://shopify/ProductVariant/57051145765195,3661434009402,True,DENY,1,inventoryPolicy DENY -> CONTINUE
gid://shopify/Product/15671351673163,cialis-for-men-tadalafil-tablets-4pk,Cialis For Men Tadalafil Tablets 4Pk,ACTIVE,gid://shopify/ProductVariant/57051147370827,3664798072419,True,DENY,1,inventoryPolicy DENY -> CONTINUE
gid://shopify/Product/15671351837003,sculpted-satin-silk-longwear-foundation-light,Sculpted Satin Silk Longwear Foundation - Light,ACTIVE,gid://shopify/ProductVariant/57051147731275,satinsilklight,True,DENY,1,inventoryPolicy DENY -> CONTINUE
gid://shopify/Product/15671351869771,ov-coconut-oil-100g,Ov Coconut Oil 100G,ACTIVE,gid://shopify/ProductVariant/57051147764043,53999214,True,DENY,1,inventoryPolicy DENY -> CONTINUE
gid://shopify/Product/15671352131915,durex-intense-12pk,Durex Intense 12Pk,ACTIVE,gid://shopify/ProductVariant/57051148255563,5011417567272,True,DENY,1,inventoryPolicy DENY -> CONTINUE
gid://shopify/Product/15671352230219,ck-in-2u-mens-150ml-edt-spr,Ck In 2U Mens 150Ml Edt Spr,ACTIVE,gid://shopify/ProductVariant/57051148386635,088300196944,True,DENY,1,inventoryPolicy DENY -> CONTINUE
gid://shopify/Product/15671352262987,calpol-infant-140ml-spoon-syringe-strawberry-susp,Calpol Infant 140Ml Spoon/ Syringe Strawberry Susp,ACTIVE,gid://shopify/ProductVariant/57051148419403,3574661149288,True,DENY,1,inventoryPolicy DENY -> CONTINUE
gid://shopify/Product/15671352459595,solgar-ultimate-b-c-comp-60-tab,Solgar Ultimate B+C Comp 60 Tab,ACTIVE,gid://shopify/ProductVariant/57051149992267,033984027718,True,DENY,1,inventoryPolicy DENY -> CONTINUE
gid://shopify/Product/15671352492363,lorat-10mg-tabs-28pk,Lorat 10Mg Tabs 28Pk,ACTIVE,gid://shopify/ProductVariant/57051150025035,5390387077036,True,DENY,1,inventoryPolicy DENY -> CONTINUE
gid://shopify/Product/15671352525131,mitchum-roll-on-shwr-frsh-100ml,Mitchum Roll-On Shwr Frsh 100Ml,ACTIVE,gid://shopify/ProductVariant/57051150057803,309975122091,True,DENY,1,inventoryPolicy DENY -> CONTINUE
gid://shopify/Product/15671352557899,floradix-kindervital-500ml,Floradix Kindervital 500Ml,ACTIVE,gid://shopify/ProductVariant/57051150090571,4004148047527,True,DENY,1,inventoryPolicy DENY -> CONTINUE
gid://shopify/Product/15671352590667,biabelle-tan-bundle-instant-ultra-dark,Biabelle Tan Bundle & Instant - Ultra Dark,ACTIVE,gid://shopify/ProductVariant/57051150123339,biabelle29,True,DENY,1,inventoryPolicy DENY -> CONTINUE
gid://shopify/Product/15671352623435,deep-heat-well-patch-4pk,Deep Heat Well Patch 4Pk,ACTIVE,gid://shopify/ProductVariant/57051150156107,5011501003259,True,DENY,1,inventoryPolicy DENY -> CONTINUE
gid://shopify/Product/15671352656203,revive-active-meno-active,Revive Active Meno Active,ACTIVE,gid://shopify/ProductVariant/57051150188875,794712627296,True,DENY,1,inventoryPolicy DENY -> CONTINUE
gid://shopify/Product/15671352820043,bperfect-katie-daley-perfect-powder-honeycomb,Bperfect Katie Daley Perfect Powder Honeycomb,ACTIVE,gid://shopify/ProductVariant/57051150614859,5061007282931,True,DENY,1,inventoryPolicy DENY -> CONTINUE
gid://shopify/Product/15671352852811,vicks-sinex-micromist-nasal-spray,Vicks Sinex Micromist Nasal Spray,ACTIVE,gid://shopify/ProductVariant/57051150647627,8001090834287,True,DENY,1,inventoryPolicy DENY -> CONTINUE
gid://shopify/Product/15671352885579,kin-gingival-toothpaste-75ml,Kin Gingival Toothpaste 75Ml,ACTIVE,gid://shopify/ProductVariant/57051150680395,8470001575890,True,DENY,1,inventoryPolicy DENY -> CONTINUE
gid://shopify/Product/15671352918347,apple-cider-mega-strength-1000mg-tabs-30-pk,Apple Cider Mega Strength 1000Mg Tabs (30 Pk),ACTIVE,gid://shopify/ProductVariant/57051150713163,5021827447800,True,DENY,1,inventoryPolicy DENY -> CONTINUE
gid://shopify/Product/15671352983883,kit-kaboodle-toe-nail-clippers,Kit & Kaboodle Toe Nail Clippers,ACTIVE,gid://shopify/ProductVariant/57051150778699,5391531140965,True,DENY,1,inventoryPolicy DENY -> CONTINUE
gid://shopify/Product/15671353082187,biabelle-tan-bundle-medium,Biabelle Tan Bundle-Medium,ACTIVE,gid://shopify/ProductVariant/57051151139147,biabelle21,True,DENY,1,inventoryPolicy DENY -> CONTINUE
gid://shopify/Product/15671353114955,voduz-complete-it-illuminating-hair-treatment,Voduz Complete It Illuminating Hair Treatment,ACTIVE,gid://shopify/ProductVariant/57051151204683,5060938583261,True,DENY,1,inventoryPolicy DENY -> CONTINUE
gid://shopify/Product/15671353147723,gaviscon-infant-sachets-15pk-30-doses,Gaviscon Infant Sachets 15Pk (30 Doses),ACTIVE,gid://shopify/ProductVariant/57051151237451,9300631074038,True,DENY,1,inventoryPolicy DENY -> CONTINUE
gid://shopify/Product/15671353246027,sol-beauty-watermelon-lip-oil,Sol Beauty Watermelon Lip Oil,ACTIVE,gid://shopify/ProductVariant/57051151335755,5013692278102,True,DENY,1,inventoryPolicy DENY -> CONTINUE
gid://shopify/Product/15671353311563,flow-flex-antigen-test-1-pack,Flow Flex Antigen Test 1 Pack,ACTIVE,gid://shopify/ProductVariant/57051151532363,FlowFlex1,True,DENY,1,inventoryPolicy DENY -> CONTINUE
gid://shopify/Product/15671353377099,sculpted-by-aimee-line-shine-duo-blush,Sculpted By Aimee Line & Shine Duo Blush,ACTIVE,gid://shopify/ProductVariant/57051151597899,0796548511039,True,DENY,1,inventoryPolicy DENY -> CONTINUE
gid://shopify/Product/15671353409867,jimmy-choo-blossom-ladies-100ml-edp-spray,Jimmy Choo Blossom Ladies 100Ml Edp Spray,ACTIVE,gid://shopify/ProductVariant/57051151630667,3386460066273,True,DENY,1,inventoryPolicy DENY -> CONTINUE
gid://shopify/Product/15671353475403,imodium-instants-12pk,Imodium Instants 12Pk,ACTIVE,gid://shopify/ProductVariant/57051151696203,5027097968544,True,DENY,1,inventoryPolicy DENY -> CONTINUE
gid://shopify/Product/15671353508171,voduz-complete-it-repair-hair-treatment,Voduz Complete It Repair Hair Treatment,ACTIVE,gid://shopify/ProductVariant/57051151728971,5060907059193,True,DENY,1,inventoryPolicy DENY -> CONTINUE
gid://shopify/Product/15671353606475,uriage-bariesun-mineral-cream-spf-50,Uriage Bariesun Mineral Cream Spf 50+,ACTIVE,gid://shopify/ProductVariant/57051151827275,3661434001437,True,DENY,1,inventoryPolicy DENY -> CONTINUE
gid://shopify/Product/15671353835851,bonjela-teething-gel-15g,Bonjela Teething Gel 15G,ACTIVE,gid://shopify/ProductVariant/57051152056651,5000158069046,True,DENY,1,inventoryPolicy DENY -> CONTINUE
gid://shopify/Product/15671353868619,vaseline-pet-jelly-250ml-tub,Vaseline Pet Jelly 250Ml Tub,ACTIVE,gid://shopify/ProductVariant/57051152089419,42182658,True,DENY,1,inventoryPolicy DENY -> CONTINUE
gid://shopify/Product/15671353934155,the-handmade-soap-company-lemongrass-cedarwood-hand-cream-50ml,The Handmade Soap Company Lemongrass & Cedarwood Hand Cream 50Ml,ACTIVE,gid://shopify/ProductVariant/57051152154955,5391520236129,True,DENY,1,inventoryPolicy DENY -> CONTINUE
gid://shopify/Product/15671354196299,j-j-baby-more-tears-shampoo-500ml,J&J Baby More Tears Shampoo 500Ml,ACTIVE,gid://shopify/ProductVariant/57051152548171,3574669907903,True,DENY,1,inventoryPolicy DENY -> CONTINUE
gid://shopify/Product/15671354229067,solgar-b12-1000ug-100pk,Solgar B12 1000Ug 100Pk,ACTIVE,gid://shopify/ProductVariant/57051152580939,033984032293,True,DENY,1,inventoryPolicy DENY -> CONTINUE
gid://shopify/Product/15671354261835,uriage-ds-hair-anti-dandruff-treatment-shampoo-200ml,Uriage Ds Hair Anti Dandruff Treatment Shampoo 200Ml,ACTIVE,gid://shopify/ProductVariant/57051152613707,3661434009303,True,DENY,1,inventoryPolicy DENY -> CONTINUE
gid://shopify/Product/15671354294603,kidsner-cooling-foam-for-chickenpox-100ml,Kidsner Cooling Foam For Chickenpox 100Ml,ACTIVE,gid://shopify/ProductVariant/57051152646475,8719325831030,True,DENY,1,inventoryPolicy DENY -> CONTINUE
gid://shopify/Product/15671354327371,pharmaton-vitality-11-caps-30-pk,Pharmaton Vitality 11 Caps (30 Pk),ACTIVE,gid://shopify/ProductVariant/57051152679243,5000283662501,True,DENY,1,inventoryPolicy DENY -> CONTINUE
gid://shopify/Product/15671354360139,nivea-men-post-shave-balm-100ml-replenishing,Nivea Men Post Shave Balm 100Ml Replenishing,ACTIVE,gid://shopify/ProductVariant/57051152712011,5025970023274,True,DENY,1,inventoryPolicy DENY -> CONTINUE
gid://shopify/Product/15671354425675,mam-starter-cup-night-4-months-green,Mam Starter Cup Night 4+Months Green,ACTIVE,gid://shopify/ProductVariant/57051152777547,9001616807947,True,DENY,1,inventoryPolicy DENY -> CONTINUE
gid://shopify/Product/15671354556747,sol-beauty-dry-body-oil-with-coconut,Sol Beauty Dry Body Oil With Coconut,ACTIVE,gid://shopify/ProductVariant/57051153170763,5013692278065,True,DENY,1,inventoryPolicy DENY -> CONTINUE
gid://shopify/Product/15671354589515,fabu-shrooms-immune-60pk,Fabu Shrooms Immune 60Pk,ACTIVE,gid://shopify/ProductVariant/57051153203531,3743184122744,True,DENY,1,inventoryPolicy DENY -> CONTINUE
gid://shopify/Product/15671354622283,fusion-allergy-nasal-spray-20ml,Fusion Allergy Nasal Spray 20Ml,ACTIVE,gid://shopify/ProductVariant/57051153236299,5391531760286,True,DENY,1,inventoryPolicy DENY -> CONTINUE
gid://shopify/Product/15671354720587,doubole-glazed-high-shine-gloss-iced,Doubole Glazed High Shine Gloss Iced,ACTIVE,gid://shopify/ProductVariant/57051153334603,793618107154,True,DENY,1,inventoryPolicy DENY -> CONTINUE
gid://shopify/Product/15671354753355,medicare-calico-triangular-bandage-96-x-96-x-135cm,Medicare Calico Triangular Bandage 96 X 96 X 135Cm,ACTIVE,gid://shopify/ProductVariant/57051153367371,5099390415773,True,DENY,1,inventoryPolicy DENY -> CONTINUE
gid://shopify/Product/15671354851659,full-impact-complete-coverage-concealer-shade-l5,Full Impact Complete Coverage Concealer Shade L5,ACTIVE,gid://shopify/ProductVariant/57051153727819,5060907054778,True,DENY,1,inventoryPolicy DENY -> CONTINUE
gid://shopify/Product/15671355015499,eylure-lash-tint-black,Eylure Lash Tint (Black),ACTIVE,gid://shopify/ProductVariant/57051153891659,5011522292441,True,DENY,1,inventoryPolicy DENY -> CONTINUE
gid://shopify/Product/15671355048267,arnicare-arnica-cream-30g,Arnicare Arnica Cream 30G,ACTIVE,gid://shopify/ProductVariant/57051153924427,5000488108842,True,DENY,1,inventoryPolicy DENY -> CONTINUE
gid://shopify/Product/15671355179339,voduz-unbreaka-bobble-pastel,Voduz Unbreaka'bobble - Pastel,ACTIVE,gid://shopify/ProductVariant/57051154055499,5060907050763,True,DENY,1,inventoryPolicy DENY -> CONTINUE
gid://shopify/Product/15671355244875,uriage-eau-thermale-rich-water-cream-40ml,Uriage Eau Thermale Rich Water Cream 40Ml,ACTIVE,gid://shopify/ProductVariant/57051154121035,3661434004995,True,DENY,1,inventoryPolicy DENY -> CONTINUE
gid://shopify/Product/15671355277643,batiste-200ml-blush-dry-shampoo,Batiste 200Ml Blush Dry Shampoo,ACTIVE,gid://shopify/ProductVariant/57051154153803,5010724527375,True,DENY,1,inventoryPolicy DENY -> CONTINUE
gid://shopify/Product/15671355310411,uriage-bariederm-drying-repairing-cica-spray-100ml,Uriage Bariederm Drying Repairing Cica Spray 100Ml,ACTIVE,gid://shopify/ProductVariant/57051154186571,3661434005367,True,DENY,1,inventoryPolicy DENY -> CONTINUE
gid://shopify/Product/15671355474251,mycosan-fungal-nail-treatment-set-5ml,Mycosan Fungal Nail Treatment Set 5Ml,ACTIVE,gid://shopify/ProductVariant/57051154383179,8718309700782,True,DENY,1,inventoryPolicy DENY -> CONTINUE
gid://shopify/Product/15671355638091,nicorette-invisi-patch-25mg-14pk,Nicorette Invisi Patch 25Mg 14Pk,ACTIVE,gid://shopify/ProductVariant/57051154710859,3574660546811,True,DENY,1,inventoryPolicy DENY -> CONTINUE
gid://shopify/Product/15671355670859,skingredients-prebiotic-cleanser-100ml-primary,Skingredients Prebiotic Cleanser 100Ml Primary,ACTIVE,gid://shopify/ProductVariant/57051155235147,634240001611,True,DENY,1,inventoryPolicy DENY -> CONTINUE
gid://shopify/Product/15671355801931,exterol-ear-drops-8ml,Exterol Ear Drops 8Ml,ACTIVE,gid://shopify/ProductVariant/57051155497291,5016379265006,True,DENY,1,inventoryPolicy DENY -> CONTINUE
gid://shopify/Product/15671355834699,full-marks-solution-100ml,Full Marks Solution 100Ml,ACTIVE,gid://shopify/ProductVariant/57051155530059,5038483224410,True,DENY,1,inventoryPolicy DENY -> CONTINUE
gid://shopify/Product/15671355900235,seven-seas-hb-fruit-softies-stawberry-30pk,Seven Seas Hb Fruit Softies Stawberry 30Pk,ACTIVE,gid://shopify/ProductVariant/57051155595595,5012335112902,True,DENY,1,inventoryPolicy DENY -> CONTINUE
gid://shopify/Product/15671356358987,jenny-glow-ufo-inspired-by-thierry-mugler-alien-15ml,Jenny Glow Ufo Inspired By Thierry Mugler Alien 15Ml,ACTIVE,gid://shopify/ProductVariant/57051156316491,6294015179460,True,DENY,1,inventoryPolicy DENY -> CONTINUE
gid://shopify/Product/15671356424523,shape-stick-bronze-define-espresso,Shape Stick Bronze & Define Espresso,ACTIVE,gid://shopify/ProductVariant/57051156382027,5060806561148,True,DENY,1,inventoryPolicy DENY -> CONTINUE
gid://shopify/Product/15671356522827,nurofen-tablets-48pk,Nurofen Tablets 48Pk,ACTIVE,gid://shopify/ProductVariant/57051156447563,5000158102262,True,DENY,1,inventoryPolicy DENY -> CONTINUE
gid://shopify/Product/15671356555595,alflorex-precision-biotics-adult-capsules-30pk,Alflorex Precision Biotics Adult Capsules 30Pk,ACTIVE,gid://shopify/ProductVariant/57051156611403,5392000067417,True,DENY,1,inventoryPolicy DENY -> CONTINUE
gid://shopify/Product/15671356719435,bperfect-ekin-su-radiant-glo-02-light-medium,Bperfect Ekin Su Radiant Glo (02 Light Medium),ACTIVE,gid://shopify/ProductVariant/57051157168459,5060938587313,True,DENY,1,inventoryPolicy DENY -> CONTINUE
gid://shopify/Product/15671356784971,full-impact-complete-coverage-concealer-shade-l3,Full Impact Complete Coverage Concealer Shade L3,ACTIVE,gid://shopify/ProductVariant/57051157233995,5060907054754,True,DENY,1,inventoryPolicy DENY -> CONTINUE
gid://shopify/Product/15671356916043,nivea-men-clean-shave-kit,Nivea Men Clean Shave Kit,ACTIVE,gid://shopify/ProductVariant/57051157332299,025970012858,True,DENY,1,inventoryPolicy DENY -> CONTINUE
gid://shopify/Product/15671356981579,euthymol-75ml-toothpaste,Euthymol 75Ml Toothpaste,ACTIVE,gid://shopify/ProductVariant/57051157430603,5010123715175,True,DENY,1,inventoryPolicy DENY -> CONTINUE
gid://shopify/Product/15671357079883,pestle-mortar-essentials-bundle,Pestle & Mortar Essentials Bundle,ACTIVE,gid://shopify/ProductVariant/57051157528907,038548748843,True,DENY,1,inventoryPolicy DENY -> CONTINUE
gid://shopify/Product/15671357178187,floradix-magnesium-liquid-250ml,Floradix Magnesium Liquid 250Ml,ACTIVE,gid://shopify/ProductVariant/57051157627211,4004148017711,True,DENY,1,inventoryPolicy DENY -> CONTINUE
gid://shopify/Product/15671357276491,sculpted-brighten-define-eyeliner-duo-nude-rust-brown,Sculpted Brighten & Define Eyeliner Duo - Nude/Rust Brown,ACTIVE,gid://shopify/ProductVariant/57051157856587,0754590360135,True,DENY,1,inventoryPolicy DENY -> CONTINUE
gid://shopify/Product/15671357538635,solgar-collagen-hyalurinic-acid-complex-30-pk,Solgar Collagen Hyalurinic Acid Complex (30 Pk),ACTIVE,gid://shopify/ProductVariant/57051158249803,033984014176,True,DENY,1,inventoryPolicy DENY -> CONTINUE
gid://shopify/Product/15671357702475,the-handmade-soap-company-lemongrass-cedarwood-pillow-mist-100ml,The Handmade Soap Company Lemongrass & Cedarwood Pillow Mist 100Ml,ACTIVE,gid://shopify/ProductVariant/57051158413643,5391520236174,True,DENY,1,inventoryPolicy DENY -> CONTINUE
gid://shopify/Product/15671357735243,vit-e-400i-u-mixed-soft-gels400i,Vit.E 400I.U.Mixed Soft Gels400i,ACTIVE,gid://shopify/ProductVariant/57051158446411,033984035409,True,DENY,1,inventoryPolicy DENY -> CONTINUE
gid://shopify/Product/15671357833547,strepsils-plus-24pk-anaesthetic,Strepsils Plus 24Pk Anaesthetic,ACTIVE,gid://shopify/ProductVariant/57051158708555,5000158102477,True,DENY,1,inventoryPolicy DENY -> CONTINUE
gid://shopify/Product/15671357997387,mediswab-10cm-x10cm-100pk,Mediswab 10Cm X10cm 100Pk,ACTIVE,gid://shopify/ProductVariant/57051158905163,5099390403398,True,DENY,1,inventoryPolicy DENY -> CONTINUE
gid://shopify/Product/15671358030155,infinity-nail-scissors-straight,Infinity Nail Scissors Straight,ACTIVE,gid://shopify/ProductVariant/57051158937931,5391018024245,True,DENY,1,inventoryPolicy DENY -> CONTINUE
gid://shopify/Product/15671358062923,scholl-gel-activ-insole-everyday-men,Scholl Gel Activ Insole Everyday Men,ACTIVE,gid://shopify/ProductVariant/57051158970699,5052197038002,True,DENY,1,inventoryPolicy DENY -> CONTINUE
gid://shopify/Product/15671358193995,easofen-ibuprofen-200mg-24pk,Easofen Ibuprofen 200Mg 24Pk,ACTIVE,gid://shopify/ProductVariant/57051159200075,5099562205201,True,DENY,1,inventoryPolicy DENY -> CONTINUE
gid://shopify/Product/15671358226763,armani-diamonds-ladies-50ml-edp-spr,Armani Diamonds Ladies 50Ml Edp Spr,ACTIVE,gid://shopify/ProductVariant/57051159232843,3605520380259,True,DENY,1,inventoryPolicy DENY -> CONTINUE
gid://shopify/Product/15671358357835,magnesium-verla-20pk,Magnesium Verla 20Pk,ACTIVE,gid://shopify/ProductVariant/57051159363915,5390387084010,True,DENY,1,inventoryPolicy DENY -> CONTINUE
gid://shopify/Product/15671358423371,cool-water-ladies-30ml-2pc-gift-set,Cool Water Ladies 30Ml 2Pc Gift Set,ACTIVE,gid://shopify/ProductVariant/57051159429451,3616304197475,True,DENY,1,inventoryPolicy DENY -> CONTINUE
gid://shopify/Product/15671358488907,fishermans-friend-lozenges-25g-aniseed,Fishermans Friend Lozenges 25G Aniseed,ACTIVE,gid://shopify/ProductVariant/57051159494987,50357192,True,DENY,1,inventoryPolicy DENY -> CONTINUE
gid://shopify/Product/15671358685515,luna-by-lisa-eye-paddle-brush,Luna By Lisa Eye Paddle Brush,ACTIVE,gid://shopify/ProductVariant/57051160084811,5391532521244,True,DENY,1,inventoryPolicy DENY -> CONTINUE
gid://shopify/Product/15671358751051,voduz-cleanse-it-volumising-shampoo,Voduz Cleanse It Volumising Shampoo,ACTIVE,gid://shopify/ProductVariant/57051160150347,5061007286748,True,DENY,1,inventoryPolicy DENY -> CONTINUE
gid://shopify/Product/15671358816587,fabu-r-r-relax-60pk,Fabu R&R Relax 60Pk,ACTIVE,gid://shopify/ProductVariant/57051160215883,3743184122751,True,DENY,1,inventoryPolicy DENY -> CONTINUE
gid://shopify/Product/15671358849355,king-drench-repair-luxury-conditioning-hair-mask,King Drench & Repair Luxury Conditioning Hair Mask,ACTIVE,gid://shopify/ProductVariant/57051160248651,0745178675291,True,DENY,1,inventoryPolicy DENY -> CONTINUE
gid://shopify/Product/15671358882123,sambucol-tonic-immu-forte-120ml,Sambucol Tonic Immuno Forte 120Ml,ACTIVE,gid://shopify/ProductVariant/57051160281419,5060149820094,True,DENY,1,inventoryPolicy DENY -> CONTINUE
gid://shopify/Product/15671358914891,lactulose-fresenius-670mg-ml-500ml,Lactulose Fresenius 670Mg/Ml 500Ml,ACTIVE,gid://shopify/ProductVariant/57051160314187,5390387393013,True,DENY,1,inventoryPolicy DENY -> CONTINUE
gid://shopify/Product/15671358947659,nurofen-child-orange-oral-suspension-w-spoon-200ml,Nurofen Child Orange Oral Suspension W/Spoon 200Ml,ACTIVE,gid://shopify/ProductVariant/57051160346955,5000158069800,True,DENY,1,inventoryPolicy DENY -> CONTINUE
gid://shopify/Product/15671359013195,cronzer-cream-bronzer-tan,Cronzer Cream Bronzer Tan,ACTIVE,gid://shopify/ProductVariant/57051160412491,5060907058813,True,DENY,1,inventoryPolicy DENY -> CONTINUE
gid://shopify/Product/15671359078731,vital-proteins-collagen-peptides-10-satchets,Vital Proteins Collagen Peptides 10 Satchets,ACTIVE,gid://shopify/ProductVariant/57051160478027,8445290113221,True,DENY,1,inventoryPolicy DENY -> CONTINUE
gid://shopify/Product/15671359144267,mrs-glam-glorious-skin-powder-foundation-medium-tan,Mrs Glam - Glorious Skin Powder Foundation (Medium Tan),ACTIVE,gid://shopify/ProductVariant/57051160674635,5060806561780,True,DENY,1,inventoryPolicy DENY -> CONTINUE
gid://shopify/Product/15671359209803,hismile-teeth-whitening-pap-whitening-powder,Hismile Teeth Whitening Pap+ Whitening Powder,ACTIVE,gid://shopify/ProductVariant/57051160740171,0744109218996,True,DENY,1,inventoryPolicy DENY -> CONTINUE
gid://shopify/Product/15671359242571,easofen-child-6y-100ml-strawberry,Easofen Child 6Y+ 100Ml Strawberry,ACTIVE,gid://shopify/ProductVariant/57051160772939,5099562205454,True,DENY,1,inventoryPolicy DENY -> CONTINUE
gid://shopify/Product/15671359275339,lanes-olbas-oil-10ml,Lanes Olbas Oil 10Ml,ACTIVE,gid://shopify/ProductVariant/57051160838475,50477944,True,DENY,1,inventoryPolicy DENY -> CONTINUE
gid://shopify/Product/15671359340875,sculpted-by-aimee-connolly-cloud-cream,Sculpted By Aimee Connolly Cloud Cream,ACTIVE,gid://shopify/ProductVariant/57051160904011,sculptedcloudcream,True,DENY,1,inventoryPolicy DENY -> CONTINUE
gid://shopify/Product/15671359406411,vitabiotics-pregnacare-plus-omega-3-56pk,Vitabiotics Pregnacare Plus Omega 3 56Pk,ACTIVE,gid://shopify/ProductVariant/57051161100619,5021265221523,True,DENY,1,inventoryPolicy DENY -> CONTINUE
gid://shopify/Product/15671359504715,uriage-bariederm-isnulating-repairing-cream-75ml,Uriage Bariederm Isnulating Repairing Cream 75Ml,ACTIVE,gid://shopify/ProductVariant/57051161198923,3661434000508,True,DENY,1,inventoryPolicy DENY -> CONTINUE
gid://shopify/Product/15671359603019,sona-l-lysine-tabs-500mg-60pk,Sona L-Lysine Tabs 500Mg 60Pk,ACTIVE,gid://shopify/ProductVariant/57051161297227,5390612002000,True,DENY,1,inventoryPolicy DENY -> CONTINUE
gid://shopify/Product/15671359668555,bepantiseptic-1st-aid-cream-30g,Bepantiseptic 1St Aid Cream 30G,ACTIVE,gid://shopify/ProductVariant/57051161362763,5010605951367,True,DENY,1,inventoryPolicy DENY -> CONTINUE
gid://shopify/Product/15671359799627,lynx-ice-chill-s-gel,Lynx Ice Chill S/Gel,ACTIVE,gid://shopify/ProductVariant/57051161526603,8710847924507,True,DENY,1,inventoryPolicy DENY -> CONTINUE
gid://shopify/Product/15671359865163,ogam-eucalyptus-10ml,Ogam Eucalyptus 10Ml,ACTIVE,gid://shopify/ProductVariant/57051161592139,5390600001077,True,DENY,1,inventoryPolicy DENY -> CONTINUE
gid://shopify/Product/15671360061771,panadol-c-f-relief-tabs-12pk,Panadol C&F Relief Tabs 12Pk,ACTIVE,gid://shopify/ProductVariant/57051161952587,5011080125090,True,DENY,1,inventoryPolicy DENY -> CONTINUE
gid://shopify/Product/15671360225611,paco-lady-million-50ml-edp-spr,Paco Lady Million 50Ml Edp Spr,ACTIVE,gid://shopify/ProductVariant/57051162116427,3349668508488,True,DENY,1,inventoryPolicy DENY -> CONTINUE
gid://shopify/Product/15671360258379,desenex-30g-ointment,Desenex 30G Ointment,ACTIVE,gid://shopify/ProductVariant/57051162149195,5099562742102,True,DENY,1,inventoryPolicy DENY -> CONTINUE
gid://shopify/Product/15671360291147,durex-extra-safe-3pk,Durex Extra Safe 3Pk,ACTIVE,gid://shopify/ProductVariant/57051162181963,5010232967588,True,DENY,1,inventoryPolicy DENY -> CONTINUE
gid://shopify/Product/15671360454987,remind-softgel-capsules-90s,Remind Softgel Capsules 90S,ACTIVE,gid://shopify/ProductVariant/57051162476875,remindcaps,True,DENY,1,inventoryPolicy DENY -> CONTINUE
gid://shopify/Product/15671360487755,declar-age-control-night-essential-serum-50ml,Declaré Age Control Night Essential Serum 50Ml,ACTIVE,gid://shopify/ProductVariant/57051162509643,9007867006405,True,DENY,1,inventoryPolicy DENY -> CONTINUE
gid://shopify/Product/15671360520523,tos-intensive-treatment-conditioner-150ml,Tos Intensive Treatment Conditioner 150Ml,ACTIVE,gid://shopify/ProductVariant/57051164311883,5012008468008,True,DENY,1,inventoryPolicy DENY -> CONTINUE
gid://shopify/Product/15671360586059,sculpted-satin-silk-longwear-foundation-tan,Sculpted Satin Silk Longwear Foundation - Tan,ACTIVE,gid://shopify/ProductVariant/57051164377419,satinsilktan,True,DENY,1,inventoryPolicy DENY -> CONTINUE
gid://shopify/Product/15671360913739,nicorette-invisi-patch-10mg-7pk,Nicorette Invisi Patch 10Mg 7Pk,ACTIVE,gid://shopify/ProductVariant/57051165098315,3574661146416,True,DENY,1,inventoryPolicy DENY -> CONTINUE
gid://shopify/Product/15671361012043,full-impact-complete-coverage-concealer-shade-m1,Full Impact Complete Coverage Concealer Shade M1,ACTIVE,gid://shopify/ProductVariant/57051165196619,5060907054785,True,DENY,1,inventoryPolicy DENY -> CONTINUE
gid://shopify/Product/15671361143115,udos-super-8-probiotics-30-caps,Udos Super 8 Probiotics 30 Caps,ACTIVE,gid://shopify/ProductVariant/57051165327691,5391500070804,True,DENY,1,inventoryPolicy DENY -> CONTINUE
gid://shopify/Product/15671361241419,optase-tea-tree-oil-lid-wipes,Optase Tea Tree Oil Lid Wipes,ACTIVE,gid://shopify/ProductVariant/57051165425995,5392000104266,True,DENY,1,inventoryPolicy DENY -> CONTINUE
gid://shopify/Product/15671361306955,declar-soft-cleansing-cleansing-milk-400ml,Declaré Soft Cleansing Cleansing Milk 400Ml,ACTIVE,gid://shopify/ProductVariant/57051165491531,9007867005125,True,DENY,1,inventoryPolicy DENY -> CONTINUE
gid://shopify/Product/15671361339723,dax-wax-c0848-red-wave-groom,Dax Wax C0848 Red Wave & Groom,ACTIVE,gid://shopify/ProductVariant/57051165524299,077315009042,True,DENY,1,inventoryPolicy DENY -> CONTINUE
gid://shopify/Product/15671361405259,chummi-lip-mask-vanilla-20g,Chummi Lip Mask Vanilla 20G,ACTIVE,gid://shopify/ProductVariant/57051165589835,855717008647,True,DENY,1,inventoryPolicy DENY -> CONTINUE
gid://shopify/Product/15671361438027,svr-spirial-48h-intense-anti-perspirant-deodorant-roll-on-50ml,Svr Spirial 48H Intense Anti-Perspirant Deodorant Roll-On 50Ml,ACTIVE,gid://shopify/ProductVariant/57051165622603,SV1014217,True,DENY,1,inventoryPolicy DENY -> CONTINUE
gid://shopify/Product/15671361536331,uriage-xemose-soothing-cleansing-oil-500ml,Uriage Xemose Soothing Cleansing Oil 500Ml,ACTIVE,gid://shopify/ProductVariant/57051165720907,3661434006968,True,DENY,1,inventoryPolicy DENY -> CONTINUE
gid://shopify/Product/15671361601867,luna-by-lisa-repair-conditioner,Luna By Lisa Repair Conditioner,ACTIVE,gid://shopify/ProductVariant/57051165786443,5391532528335,True,DENY,1,inventoryPolicy DENY -> CONTINUE
gid://shopify/Product/15671361864011,chroma-cover-luminous-foundation-n3,Chroma Cover Luminous Foundation - N3,ACTIVE,gid://shopify/ProductVariant/57051166310731,5060907056208,True,DENY,1,inventoryPolicy DENY -> CONTINUE
gid://shopify/Product/15671362060619,medicare-elbow-large-support-31cm-33cm,Medicare Elbow Large Support 31Cm-33Cm,ACTIVE,gid://shopify/ProductVariant/57051166638411,5099390411492,True,DENY,1,inventoryPolicy DENY -> CONTINUE
gid://shopify/Product/15671362093387,voduz-trend-setter-extra-strong-hair-spray,Voduz Trend Setter Extra Strong Hair Spray,ACTIVE,gid://shopify/ProductVariant/57051166671179,5060806562794,True,DENY,1,inventoryPolicy DENY -> CONTINUE
gid://shopify/Product/15671362191691,solgar-soya-lecithin-1360mg-100-softgels,Solgar Soya Lecithin 1360Mg 100 Softgels,ACTIVE,gid://shopify/ProductVariant/57051166769483,033984015401,True,DENY,1,inventoryPolicy DENY -> CONTINUE
gid://shopify/Product/15671362257227,voltarol-1-emulgel-30g,Voltarol 1% Emulgel 30G,ACTIVE,gid://shopify/ProductVariant/57051166835019,5012131742709,True,DENY,1,inventoryPolicy DENY -> CONTINUE
gid://shopify/Product/15671362289995,sculpted-by-aimee-my-mascara-brown,Sculpted By Aimee My Mascara Brown,ACTIVE,gid://shopify/ProductVariant/57051166867787,0754590721592,True,DENY,1,inventoryPolicy DENY -> CONTINUE
gid://shopify/Product/15671362322763,gaviscon-handy-pack-peppermint-16pk,Gaviscon Handy Pack Peppermint 16Pk,ACTIVE,gid://shopify/ProductVariant/57051166900555,50090174,True,DENY,1,inventoryPolicy DENY -> CONTINUE
gid://shopify/Product/15671362388299,voltarol-emulgel-1-no-mess-100g,Voltarol Emulgel 1% No Mess 100G,ACTIVE,gid://shopify/ProductVariant/57051166966091,5054563912060,True,DENY,1,inventoryPolicy DENY -> CONTINUE
gid://shopify/Product/15671362421067,voduz-care-for-it-nourishing-leave-in-conditioner-spray,Voduz Care For It Nourishing Leave In Conditioner Spray,ACTIVE,gid://shopify/ProductVariant/57051166998859,5060907052972,True,DENY,1,inventoryPolicy DENY -> CONTINUE
gid://shopify/Product/15671362650443,caldebaby-teething-gel-20ml,Caldebaby Teething Gel 20Ml,ACTIVE,gid://shopify/ProductVariant/57051167359307,5099562743659,True,DENY,1,inventoryPolicy DENY -> CONTINUE
gid://shopify/Product/15671362715979,sculpted-satin-silk-longwear-concealer-ivory,Sculpted Satin Silk Longwear Concealer- Ivory,ACTIVE,gid://shopify/ProductVariant/57051167424843,satinconivory,True,DENY,1,inventoryPolicy DENY -> CONTINUE
gid://shopify/Product/15671362879819,uriage-age-lift-revitalizing-night-smoothing-cream,Uriage Age Lift Revitalizing Night Smoothing Cream,ACTIVE,gid://shopify/ProductVariant/57051167850827,3661434009228,True,DENY,1,inventoryPolicy DENY -> CONTINUE
gid://shopify/Product/15671362912587,bperfect-skin-studio-glow-boost-moisture-cream-50ml,Bperfect Skin Studio Glow Boost Moisture Cream 50Ml,ACTIVE,gid://shopify/ProductVariant/57051167883595,5060938588341,True,DENY,1,inventoryPolicy DENY -> CONTINUE
gid://shopify/Product/15671362945355,biabelle-bronze-obsession-instant-tan-ultra-dark,Biabelle Bronze Obsession Instant Tan- Ultra Dark,ACTIVE,gid://shopify/ProductVariant/57051167916363,biabelle5,True,DENY,1,inventoryPolicy DENY -> CONTINUE
gid://shopify/Product/15671363010891,j-j-baby-powder-500g,J&J Baby Powder 500G,ACTIVE,gid://shopify/ProductVariant/57051168178507,3574660026917,True,DENY,1,inventoryPolicy DENY -> CONTINUE
gid://shopify/Product/15671363076427,epaderm-cream-pump-50g,Epaderm Cream Pump 50G,ACTIVE,gid://shopify/ProductVariant/57051168244043,5055158013216,True,DENY,1,inventoryPolicy DENY -> CONTINUE
gid://shopify/Product/15671363109195,preparation-h-gel-25g,Preparation H Gel 25G,ACTIVE,gid://shopify/ProductVariant/57051168276811,5000309004513,True,DENY,1,inventoryPolicy DENY -> CONTINUE
gid://shopify/Product/15671363141963,the-cheek-liquid-blush-rosie,The Cheek Liquid Blush Rosie,ACTIVE,gid://shopify/ProductVariant/57051168342347,5060907052583,True,DENY,1,inventoryPolicy DENY -> CONTINUE
gid://shopify/Product/15671363174731,imodium-liquigels-12pk,Imodium Liquigels 12Pk,ACTIVE,gid://shopify/ProductVariant/57051168506187,3574660631517,True,DENY,1,inventoryPolicy DENY -> CONTINUE
gid://shopify/Product/15671363207499,floradix-liquid-iron-250ml,Floradix Liquid Iron 250Ml,ACTIVE,gid://shopify/ProductVariant/57051168538955,4004148057076,True,DENY,1,inventoryPolicy DENY -> CONTINUE
gid://shopify/Product/15671363240267,carmex-classic-orig-tube-10g,Carmex Classic Orig Tube 10G,ACTIVE,gid://shopify/ProductVariant/57051168571723,083078421144,True,DENY,1,inventoryPolicy DENY -> CONTINUE
gid://shopify/Product/15671363305803,nicorette-classic-2mg-210pk,Nicorette Classic 2Mg 210Pk,ACTIVE,gid://shopify/ProductVariant/57051168637259,3574661146799,True,DENY,1,inventoryPolicy DENY -> CONTINUE
gid://shopify/Product/15671363469643,medicare-tubular-gauze-4-finger-cots,Medicare Tubular Gauze & 4 Finger Cots,ACTIVE,gid://shopify/ProductVariant/57051168801099,5099390412772,True,DENY,1,inventoryPolicy DENY -> CONTINUE
gid://shopify/Product/15671363502411,sculpted-easybrow-clear,Sculpted Easybrow Clear,ACTIVE,gid://shopify/ProductVariant/57051168833867,5391545123664,True,DENY,1,inventoryPolicy DENY -> CONTINUE
gid://shopify/Product/15671363535179,tommy-mens-100ml-edt-spr,Tommy Mens 100Ml Edt Spr,ACTIVE,gid://shopify/ProductVariant/57051168866635,022548024324,True,DENY,1,inventoryPolicy DENY -> CONTINUE
gid://shopify/Product/15671363764555,dettol-liquid-500ml,Dettol Liquid 500Ml,ACTIVE,gid://shopify/ProductVariant/57051169292619,50158089,True,DENY,1,inventoryPolicy DENY -> CONTINUE
gid://shopify/Product/15671363830091,mccormacks-pharmacy-e-gift-card-30,Mccormacks Pharmacy E-Gift Card €30,ACTIVE,gid://shopify/ProductVariant/57051169358155,giftcard30,True,DENY,1,inventoryPolicy DENY -> CONTINUE
gid://shopify/Product/15671363993931,chroma-cover-luminous-foundation-w1,Chroma Cover Luminous Foundation - W1,ACTIVE,gid://shopify/ProductVariant/57051169718603,5060907056154,True,DENY,1,inventoryPolicy DENY -> CONTINUE
gid://shopify/Product/15671364059467,garnier-olia-9-0-light-blonde-no-ammonia-permanent-hair-dye,Garnier Olia 9.0 Light Blonde No Ammonia Permanent Hair Dye,ACTIVE,gid://shopify/ProductVariant/57051169784139,3600541234178,True,DENY,1,inventoryPolicy DENY -> CONTINUE
gid://shopify/Product/15671364157771,ov-calamine-lotion-100ml,Ov Calamine Lotion 100Ml,ACTIVE,gid://shopify/ProductVariant/57051169882443,5098928121674,True,DENY,1,inventoryPolicy DENY -> CONTINUE
gid://shopify/Product/15671364223307,wild-cotton-starter-pack-with-refill-mix-1,Wild Cotton Starter Pack With Refill Mix 1,ACTIVE,gid://shopify/ProductVariant/57051170079051,wild12mix,True,DENY,1,inventoryPolicy DENY -> CONTINUE
gid://shopify/Product/15671364354379,uriage-hyseac-exfoliating-masque-100ml,Uriage Hyseac Exfoliating Masque 100Ml,ACTIVE,gid://shopify/ProductVariant/57051170210123,3661434006227,True,DENY,1,inventoryPolicy DENY -> CONTINUE
gid://shopify/Product/15671364419915,luna-by-lisa-hydrate-shampoo,Luna By Lisa Hydrate Shampoo,ACTIVE,gid://shopify/ProductVariant/57051170275659,5391532528380,True,DENY,1,inventoryPolicy DENY -> CONTINUE
gid://shopify/Product/15671364518219,savlon-antiseptic-cream-30g,Savlon Antiseptic Cream 30G,ACTIVE,gid://shopify/ProductVariant/57051170373963,5099562923907,True,DENY,1,inventoryPolicy DENY -> CONTINUE
gid://shopify/Product/15671364583755,biabelle-bronze-obsession-bundle-dark,Biabelle Bronze Obsession Bundle- Dark,ACTIVE,gid://shopify/ProductVariant/57051170439499,Biabelle8,True,DENY,1,inventoryPolicy DENY -> CONTINUE
gid://shopify/Product/15671364616523,strepsils-extra-blackcurrant-lozenge-24pk,Strepsils Extra Blackcurrant Lozenge 24Pk,ACTIVE,gid://shopify/ProductVariant/57051170472267,5000167094299,True,DENY,1,inventoryPolicy DENY -> CONTINUE
gid://shopify/Product/15671364747595,cali-coast-malibu-mist,Cali Coast Malibu Mist,ACTIVE,gid://shopify/ProductVariant/57051170767179,5060298554567,True,DENY,1,inventoryPolicy DENY -> CONTINUE
gid://shopify/Product/15671364813131,king-hair-beauty-miracle-mist-7-in-1-spray,King Hair & Beauty Miracle Mist 7 In 1 Spray,ACTIVE,gid://shopify/ProductVariant/57051170832715,4560405959,True,DENY,1,inventoryPolicy DENY -> CONTINUE
gid://shopify/Product/15671364944203,maalox-oral-suspension-250ml-peppermint,Maalox Oral Suspension 250Ml Peppermint,ACTIVE,gid://shopify/ProductVariant/57051171094859,5000283657385,True,DENY,1,inventoryPolicy DENY -> CONTINUE
gid://shopify/Product/15671365042507,full-impact-complete-coverage-concealer-shade-m4,Full Impact Complete Coverage Concealer Shade M4,ACTIVE,gid://shopify/ProductVariant/57051171455307,5060907054822,True,DENY,1,inventoryPolicy DENY -> CONTINUE
gid://shopify/Product/15671365108043,kit-kaboodle-kids-snaps-8pk-floral,Kit & Kaboodle Kids Snaps 8Pk Floral,ACTIVE,gid://shopify/ProductVariant/57051171520843,5391531140675,True,DENY,1,inventoryPolicy DENY -> CONTINUE
gid://shopify/Product/15671365140811,bperfect-skin-studio-replenish-revive-recovery-cream-50ml,Bperfect Skin Studio Replenish & Revive Recovery Cream 50Ml,ACTIVE,gid://shopify/ProductVariant/57051172700491,5060938585029,True,DENY,1,inventoryPolicy DENY -> CONTINUE
gid://shopify/Product/15671365173579,luna-filter-finish-naturally-matte-foundation-rich-plus,Luna Filter Finish Naturally Matte Foundation - Rich Plus,ACTIVE,gid://shopify/ProductVariant/57051172733259,lunamatterichplus,True,DENY,1,inventoryPolicy DENY -> CONTINUE
gid://shopify/Product/15671365239115,voduz-care-for-it-illuminating-leave-in-conditioning-spray,Voduz Care For It Illuminating Leave In Conditioning Spray,ACTIVE,gid://shopify/ProductVariant/57051172798795,5060938583285,True,DENY,1,inventoryPolicy DENY -> CONTINUE
gid://shopify/Product/15671365304651,bperfect-10-second-tan-bronze-boost-instant-tan-gel-light-medium,Bperfect 10 Second Tan Bronze Boost Instant Tan Gel - Light/Medium,ACTIVE,gid://shopify/ProductVariant/57051172864331,5060938587009,True,DENY,1,inventoryPolicy DENY -> CONTINUE
gid://shopify/Product/15671365501259,udos-digestive-enzymes-60-capsules,Udos Digestive Enzymes 60 Capsules,ACTIVE,gid://shopify/ProductVariant/57051173060939,5391500070828,True,DENY,1,inventoryPolicy DENY -> CONTINUE
gid://shopify/Product/15671365763403,infinity-pumice-stone,Infinity Pumice Stone,ACTIVE,gid://shopify/ProductVariant/57051173486923,5391018024382,True,DENY,1,inventoryPolicy DENY -> CONTINUE
gid://shopify/Product/15671365796171,aveeno-200ml-skin-relief-menthol,Aveeno 200Ml Skin Relief Menthol,ACTIVE,gid://shopify/ProductVariant/57051173519691,3574660123364,True,DENY,1,inventoryPolicy DENY -> CONTINUE
gid://shopify/Product/15671365828939,uriage-xemose-anti-itch-soothing-oil-balm-200ml,Uriage Xemose Anti Itch Soothing Oil Balm 200Ml,ACTIVE,gid://shopify/ProductVariant/57051173552459,3661434007347,True,DENY,1,inventoryPolicy DENY -> CONTINUE
gid://shopify/Product/15671365861707,bonjela-gel-15g,Bonjela Gel 15G,ACTIVE,gid://shopify/ProductVariant/57051173585227,5000158067141,True,DENY,1,inventoryPolicy DENY -> CONTINUE
gid://shopify/Product/15671365927243,vitabiotics-pregnacare-max-84pk,Vitabiotics Pregnacare Max 84Pk,ACTIVE,gid://shopify/ProductVariant/57051173650763,5021265244843,True,DENY,1,inventoryPolicy DENY -> CONTINUE
gid://shopify/Product/15671366123851,trilogy-vital-moisturising-cream-60ml,Trilogy Vital Moisturising Cream 60Ml,ACTIVE,gid://shopify/ProductVariant/57051173978443,9421017760076,True,DENY,1,inventoryPolicy DENY -> CONTINUE
gid://shopify/Product/15671366189387,easofen-child-3m-200ml-strawberry,Easofen Child 3M+ 200Ml Strawberry,ACTIVE,gid://shopify/ProductVariant/57051174043979,5099562205409,True,DENY,1,inventoryPolicy DENY -> CONTINUE
gid://shopify/Product/15671366222155,steradent-active-plus-30pk,Steradent Active Plus 30Pk,ACTIVE,gid://shopify/ProductVariant/57051174076747,5011417566312,True,DENY,1,inventoryPolicy DENY -> CONTINUE
gid://shopify/Product/15671366254923,bperfect-erin-mcgregor-lip-library-creamy-lip-oil-blushing,Bperfect Erin Mcgregor Lip Library Creamy Lip Oil Blushing,ACTIVE,gid://shopify/ProductVariant/57051174109515,5061045652437,True,DENY,1,inventoryPolicy DENY -> CONTINUE
gid://shopify/Product/15671366320459,uriage-bariederm-handcream-50ml,Uriage Bariederm Handcream 50Ml,ACTIVE,gid://shopify/ProductVariant/57051174306123,3661434004728,True,DENY,1,inventoryPolicy DENY -> CONTINUE
gid://shopify/Product/15671366418763,medicare-foam-toe-protector-small-2-s,Medicare Foam Toe Protector Small 2'S,ACTIVE,gid://shopify/ProductVariant/57051174666571,5099390407853,True,DENY,1,inventoryPolicy DENY -> CONTINUE
gid://shopify/Product/15671366451531,marc-jacobs-daisy-50ml-3pc-gift-set,Marc Jacobs Daisy 50Ml 3Pc Gift Set,ACTIVE,gid://shopify/ProductVariant/57051174764875,3616303472993,True,DENY,1,inventoryPolicy DENY -> CONTINUE
gid://shopify/Product/15671366484299,bperfect-mrs-glam-snatch-stick-tantalizing-06-deep-tan,Bperfect Mrs Glam Snatch Stick Tantalizing 06 Deep Tan,ACTIVE,gid://shopify/ProductVariant/57051174797643,5060806568659,True,DENY,1,inventoryPolicy DENY -> CONTINUE
gid://shopify/Product/15671366582603,treat-yo-self-funky-fizz-mega-800g-pouch,Treat Yo Self Funky Fizz Mega 800G Pouch,ACTIVE,gid://shopify/ProductVariant/57051174895947,TYS800FF,True,DENY,1,inventoryPolicy DENY -> CONTINUE
gid://shopify/Product/15671366615371,uriage-bariederm-cica-cleansing-gel-200ml,Uriage Bariederm Cica Cleansing Gel 200Ml,ACTIVE,gid://shopify/ProductVariant/57051174928715,3661434008962,True,DENY,1,inventoryPolicy DENY -> CONTINUE
gid://shopify/Product/15671366648139,uriage-xemose-cleansing-soothing-oil-500ml,Uriage Xemose Cleansing Soothing Oil 500Ml,ACTIVE,gid://shopify/ProductVariant/57051174961483,3661434005923,True,DENY,1,inventoryPolicy DENY -> CONTINUE
gid://shopify/Product/15671366713675,durex-thin-feel-12pk,Durex Thin Feel 12Pk,ACTIVE,gid://shopify/ProductVariant/57051175027019,5052197045277,True,DENY,1,inventoryPolicy DENY -> CONTINUE
gid://shopify/Product/15671366746443,anusol-soothing-wipes-30pk,Anusol Soothing Wipes 30Pk,ACTIVE,gid://shopify/ProductVariant/57051175059787,5010724533888,True,DENY,1,inventoryPolicy DENY -> CONTINUE
gid://shopify/Product/15671366779211,uriage-bebe-1st-cleansing-cream-200ml,Uriage Bebe 1St Cleansing Cream 200Ml,ACTIVE,gid://shopify/ProductVariant/57051175092555,3661434008665,True,DENY,1,inventoryPolicy DENY -> CONTINUE
gid://shopify/Product/15671366844747,sona-revital-c-effervescent-1000mg-20pk,Sona Revital C Effervescent 1000Mg 20Pk,ACTIVE,gid://shopify/ProductVariant/57051175289163,5390612990055,True,DENY,1,inventoryPolicy DENY -> CONTINUE
gid://shopify/Product/15671366943051,sculpted-satin-silk-longwear-foundation-fair,Sculpted Satin Silk Longwear Foundation - Fair,ACTIVE,gid://shopify/ProductVariant/57051175387467,satinsilkfair,True,DENY,1,inventoryPolicy DENY -> CONTINUE
gid://shopify/Product/15671366975819,medicare-size-a-1m-tubular-supp-bandage,Medicare Size A 1M Tubular Supp Bandage,ACTIVE,gid://shopify/ProductVariant/57051175420235,5099390403084,True,DENY,1,inventoryPolicy DENY -> CONTINUE
gid://shopify/Product/15671367008587,tepe-g4103-orange-0-45mm-6pk,Tepe G4103 Orange 0.45Mm 6Pk,ACTIVE,gid://shopify/ProductVariant/57051175453003,7317400015309,True,DENY,1,inventoryPolicy DENY -> CONTINUE
gid://shopify/Product/15671367237963,sudocrem-tub-250g,Sudocrem Tub 250G,ACTIVE,gid://shopify/ProductVariant/57051175682379,5011025015004,True,DENY,1,inventoryPolicy DENY -> CONTINUE
gid://shopify/Product/15671367369035,mam-original-soother-12mths,Mam Original Soother 12Mths+,ACTIVE,gid://shopify/ProductVariant/57051176075595,9001616639074,True,DENY,1,inventoryPolicy DENY -> CONTINUE
gid://shopify/Product/15671367401803,lemsip-headcold-10pk,Lemsip Headcold 10Pk,ACTIVE,gid://shopify/ProductVariant/57051176108363,5000158064263,True,DENY,1,inventoryPolicy DENY -> CONTINUE
gid://shopify/Product/15671367467339,nicorette-quickmist-1mg-1pk,Nicorette Quickmist 1Mg 1Pk,ACTIVE,gid://shopify/ProductVariant/57051176436043,3574661147017,True,DENY,1,inventoryPolicy DENY -> CONTINUE
gid://shopify/Product/15671367532875,nivea-men-shave-gel-200ml-moisturising,Nivea Men Shave Gel 200Ml Moisturising,ACTIVE,gid://shopify/ProductVariant/57051176632651,5025970023250,True,DENY,1,inventoryPolicy DENY -> CONTINUE
gid://shopify/Product/15671367598411,nicorette-invisi-patch-25mg-7pk,Nicorette Invisi Patch 25Mg 7Pk,ACTIVE,gid://shopify/ProductVariant/57051176698187,3574660454451,True,DENY,1,inventoryPolicy DENY -> CONTINUE
gid://shopify/Product/15671367631179,solgar-curcumin-30-soft-gels,Solgar Curcumin 30 Soft Gels,ACTIVE,gid://shopify/ProductVariant/57051176730955,033984595972,True,DENY,1,inventoryPolicy DENY -> CONTINUE
gid://shopify/Product/15671367663947,chummi-lip-mask-berry-20g,Chummi Lip Mask Berry 20G,ACTIVE,gid://shopify/ProductVariant/57051176763723,855717008609,True,DENY,1,inventoryPolicy DENY -> CONTINUE
gid://shopify/Product/15671367696715,wild-cherry-blossom-refillable-natural-deodorant,Wild Cherry Blossom Refillable Natural Deodorant,ACTIVE,gid://shopify/ProductVariant/57051176796491,5060968411572,True,DENY,1,inventoryPolicy DENY -> CONTINUE
gid://shopify/Product/15671367827787,bperfect-chroma-cover-matte-foundation-n2,Bperfect Chroma Cover Matte Foundation - N2,ACTIVE,gid://shopify/ProductVariant/57051176927563,chroman2,True,DENY,1,inventoryPolicy DENY -> CONTINUE
gid://shopify/Product/15671367860555,luna-filter-finish-silk-foundation-tan-plus,Luna Filter Finish Silk Foundation - Tan Plus,ACTIVE,gid://shopify/ProductVariant/57051176960331,Lunatanplussilk,True,DENY,1,inventoryPolicy DENY -> CONTINUE
gid://shopify/Product/15671367926091,sculpted-liquid-lights-blush,Sculpted Liquid Lights Blush,ACTIVE,gid://shopify/ProductVariant/57051177156939,793618017248,True,DENY,1,inventoryPolicy DENY -> CONTINUE
gid://shopify/Product/15671368024395,milk-of-magnesia-200ml,Milk Of Magnesia 200Ml,ACTIVE,gid://shopify/ProductVariant/57051177255243,50217106,True,DENY,1,inventoryPolicy DENY -> CONTINUE
gid://shopify/Product/15671368089931,vitabiotics-wellkid-muti-vitamin-liquid-4-12-years,Vitabiotics Wellkid Muti Vitamin Liquid 4-12 Years,ACTIVE,gid://shopify/ProductVariant/57051177451851,5021265246656,True,DENY,1,inventoryPolicy DENY -> CONTINUE
gid://shopify/Product/15671368155467,uriage-glow-up-water-essence-100ml,Uriage Glow Up Water Essence 100Ml,ACTIVE,gid://shopify/ProductVariant/57051177517387,3661434012020,True,DENY,1,inventoryPolicy DENY -> CONTINUE
gid://shopify/Product/15671368253771,solar-buddies-sunscreen-applicator-blue,Solar Buddies Sunscreen Applicator Blue,ACTIVE,gid://shopify/ProductVariant/57051177615691,659436258747,True,DENY,1,inventoryPolicy DENY -> CONTINUE
gid://shopify/Product/15671368319307,menopause-test,Menopause Test,ACTIVE,gid://shopify/ProductVariant/57051177681227,6936983114882,True,DENY,1,inventoryPolicy DENY -> CONTINUE
gid://shopify/Product/15671368352075,vicks-vaporub-50g-tub,Vicks Vaporub 50G Tub,ACTIVE,gid://shopify/ProductVariant/57051177713995,5410076427710,True,DENY,1,inventoryPolicy DENY -> CONTINUE
gid://shopify/Product/15671368384843,nicorette-freshmint-4mg-105pk,Nicorette Freshmint 4Mg 105Pk,ACTIVE,gid://shopify/ProductVariant/57051177746763,3574661146713,True,DENY,1,inventoryPolicy DENY -> CONTINUE
gid://shopify/Product/15671368614219,jenny-glow-billionaire-inspird-by-pack-rabanne-1-million,Jenny Glow Billionaire Inspird By Pack Rabanne 1 Million,ACTIVE,gid://shopify/ProductVariant/57051178107211,6294015156157,True,DENY,1,inventoryPolicy DENY -> CONTINUE
gid://shopify/Product/15671368679755,wellman-original-30-pk,Wellman Original (30 Pk),ACTIVE,gid://shopify/ProductVariant/57051178205515,5021265221301,True,DENY,1,inventoryPolicy DENY -> CONTINUE
gid://shopify/Product/15671368745291,tommy-girl-50ml-edt-spr,Tommy Girl 50Ml Edt Spr,ACTIVE,gid://shopify/ProductVariant/57051178500427,022548040119,True,DENY,1,inventoryPolicy DENY -> CONTINUE
gid://shopify/Product/15671368778059,opticrom-allergy-2-eye-drops-10ml,Opticrom Allergy 2% Eye Drops 10Ml,ACTIVE,gid://shopify/ProductVariant/57051178533195,5391513750335,True,DENY,1,inventoryPolicy DENY -> CONTINUE
gid://shopify/Product/15671368810827,ultra-pure-glucose-powder,Ultra Pure Glucose Powder,ACTIVE,gid://shopify/ProductVariant/57051178565963,5391510473459,True,DENY,1,inventoryPolicy DENY -> CONTINUE
gid://shopify/Product/15671368909131,revive-active-joint-complex-3-month-supply,Revive Active Joint Complex - 3 Month Supply,ACTIVE,gid://shopify/ProductVariant/57051178795339,Jointcomplex3,True,DENY,1,inventoryPolicy DENY -> CONTINUE
gid://shopify/Product/15671368974667,bperfect-empress-base-body-brush,Bperfect Empress Base&Body Brush,ACTIVE,gid://shopify/ProductVariant/57051178860875,0793618273392,True,DENY,1,inventoryPolicy DENY -> CONTINUE
gid://shopify/Product/15671369105739,sultry-eye-duo,Sultry Eye Duo,ACTIVE,gid://shopify/ProductVariant/57051179123019,5391545562005,True,DENY,1,inventoryPolicy DENY -> CONTINUE
gid://shopify/Product/15671369138507,mam-learn-to-drink-cup-6-months-blue,Mam Learn To Drink Cup 6+Months Blue,ACTIVE,gid://shopify/ProductVariant/57051179155787,9001616698385,True,DENY,1,inventoryPolicy DENY -> CONTINUE
gid://shopify/Product/15671369204043,trilogy-pure-plant-body-oil-110ml,Trilogy Pure Plant Body Oil 110Ml,ACTIVE,gid://shopify/ProductVariant/57051179221323,9421017763817,True,DENY,1,inventoryPolicy DENY -> CONTINUE
gid://shopify/Product/15671369269579,medicare-blue-detectable-plasters-1-size-100-pk,Medicare Blue Detectable Plasters 1 Size 100 Pk,ACTIVE,gid://shopify/ProductVariant/57051179286859,5099390405132,True,DENY,1,inventoryPolicy DENY -> CONTINUE
gid://shopify/Product/15671369302347,bperfect-chroma-cover-matte-foundation-w9,Bperfect Chroma Cover Matte Foundation - W9,ACTIVE,gid://shopify/ProductVariant/57051179319627,chormaw9,True,DENY,1,inventoryPolicy DENY -> CONTINUE
gid://shopify/Product/15671369335115,pharmaton-immuno10-caps-30-pk,Pharmaton Immuno10 Caps (30 Pk),ACTIVE,gid://shopify/ProductVariant/57051179352395,5000283662549,True,DENY,1,inventoryPolicy DENY -> CONTINUE
gid://shopify/Product/15671369400651,garnier-nutrisse-4-3-dark-golden-brown-permanent-hair-dye,Garnier Nutrisse 4.3 Dark Golden Brown Permanent Hair Dye,ACTIVE,gid://shopify/ProductVariant/57051179417931,5021044025083,True,DENY,1,inventoryPolicy DENY -> CONTINUE
gid://shopify/Product/15671369564491,relactagel-vaginal-ph-reg-5ml,Relactagel Vaginal Ph Reg 5Ml,ACTIVE,gid://shopify/ProductVariant/57051179974987,5099627961110,True,DENY,1,inventoryPolicy DENY -> CONTINUE
gid://shopify/Product/15671369597259,biabelle-shimmer-bundle-with-blur-brush-ultra-dark,Biabelle Shimmer Bundle With Blur Brush- Ultra Dark,ACTIVE,gid://shopify/ProductVariant/57051180007755,biabelle45,True,DENY,1,inventoryPolicy DENY -> CONTINUE
gid://shopify/Product/15671369630027,so-seychelle-sands-body-mist-200ml,So? Seychelle Sands Body Mist 200Ml,ACTIVE,gid://shopify/ProductVariant/57051180040523,5018389024086,True,DENY,1,inventoryPolicy DENY -> CONTINUE
gid://shopify/Product/15671369662795,sol-beauty-coconut-lip-oil,Sol Beauty Coconut Lip Oil,ACTIVE,gid://shopify/ProductVariant/57051180073291,5013692278096,True,DENY,1,inventoryPolicy DENY -> CONTINUE
gid://shopify/Product/15671369695563,sculpted-brighten-define-eyeliner-duo-nude-brown,Sculpted Brighten & Define Eyeliner Duo - Nude/Brown,ACTIVE,gid://shopify/ProductVariant/57051180106059,0794712794585,True,DENY,1,inventoryPolicy DENY -> CONTINUE
gid://shopify/Product/15671369924939,revive-active-omega-active-60-capsules,Revive Active Omega Active 60 Capsules,ACTIVE,gid://shopify/ProductVariant/57051180859723,5391546180024,True,DENY,1,inventoryPolicy DENY -> CONTINUE
gid://shopify/Product/15671369990475,revive-active-joint-complex-7pk,Revive Active Joint Complex 7Pk,ACTIVE,gid://shopify/ProductVariant/57051180925259,702785152836,True,DENY,1,inventoryPolicy DENY -> CONTINUE
gid://shopify/Product/15671370056011,fluor-kin-mouthwash-500ml-children-s,Fluor-Kin Mouthwash 500Ml Children's,ACTIVE,gid://shopify/ProductVariant/57051180990795,8436026211700,True,DENY,1,inventoryPolicy DENY -> CONTINUE
gid://shopify/Product/15671370187083,revive-active-zest-3-month-supply-90-sachets,Revive Active Zest- 3 Month Supply-90 Sachets,ACTIVE,gid://shopify/ProductVariant/57051181252939,735850866841,True,DENY,1,inventoryPolicy DENY -> CONTINUE
gid://shopify/Product/15671370252619,infinity-black-tweezer-straight,Infinity Black Tweezer Straight,ACTIVE,gid://shopify/ProductVariant/57051181318475,5391018015724,True,DENY,1,inventoryPolicy DENY -> CONTINUE
gid://shopify/Product/15671370318155,revive-zest-active-6-month-supply,Revive Zest Active - 6 Month Supply,ACTIVE,gid://shopify/ProductVariant/57051181384011,zestactive6,True,DENY,1,inventoryPolicy DENY -> CONTINUE
gid://shopify/Product/15671370449227,l-oreal-elvive-shamp-400ml-fibrology,L'oreal Elvive Shamp 400Ml Fibrology,ACTIVE,gid://shopify/ProductVariant/57051181515083,3600522497233,True,DENY,1,inventoryPolicy DENY -> CONTINUE
gid://shopify/Product/15671370580299,sculpted-hydraglow-skin-serum,Sculpted Hydraglow Skin Serum,ACTIVE,gid://shopify/ProductVariant/57051181875531,Hydraglow,True,DENY,1,inventoryPolicy DENY -> CONTINUE
gid://shopify/Product/15671370613067,luna-filter-finish-naturally-matte-foundation-tan-plus,Luna Filter Finish Naturally Matte Foundation - Tan Plus,ACTIVE,gid://shopify/ProductVariant/57051181908299,lunamattetanplus,True,DENY,1,inventoryPolicy DENY -> CONTINUE
gid://shopify/Product/15671370645835,nubit,Nubit,ACTIVE,gid://shopify/ProductVariant/57051181941067,8433042022655,True,DENY,1,inventoryPolicy DENY -> CONTINUE
gid://shopify/Product/15671370776907,aveeno-baby-hair-and-body-wash,Aveeno Baby Hair And Body Wash,ACTIVE,gid://shopify/ProductVariant/57051182367051,3574661497495,True,DENY,1,inventoryPolicy DENY -> CONTINUE
gid://shopify/Product/15671370809675,wild-cotton-starter-pack-with-refill-mix-2,Wild Cotton Starter Pack With Refill Mix 2,ACTIVE,gid://shopify/ProductVariant/57051182399819,wild13mix,True,DENY,1,inventoryPolicy DENY -> CONTINUE
gid://shopify/Product/15671370842443,azio-beauty-intense-lifting-day-cream,Azio Beauty Intense Lifting Day Cream,ACTIVE,gid://shopify/ProductVariant/57051182432587,5070000552644,True,DENY,1,inventoryPolicy DENY -> CONTINUE
gid://shopify/Product/15671370907979,uriage-water-cream-compact-spf30-10g,Uriage Water Cream Compact Spf30 10G,ACTIVE,gid://shopify/ProductVariant/57051182498123,3661434006555,True,DENY,1,inventoryPolicy DENY -> CONTINUE
gid://shopify/Product/15671370973515,zooki-collagen-grape-14-sachets,Zooki - Collagen Grape 14 Sachets,ACTIVE,gid://shopify/ProductVariant/57051182563659,5060518931307,True,DENY,1,inventoryPolicy DENY -> CONTINUE
gid://shopify/Product/15671371137355,sculpted-satin-silk-longwear-foundation-porcelain,Sculpted Satin Silk Longwear Foundation- Porcelain,ACTIVE,gid://shopify/ProductVariant/57051182825803,satinsilkporcelain,True,DENY,1,inventoryPolicy DENY -> CONTINUE
gid://shopify/Product/15671371268427,otrivine-antistin-eye-drops-10ml,Otrivine Antistin Eye Drops 10Ml,ACTIVE,gid://shopify/ProductVariant/57051182956875,50487172,True,DENY,1,inventoryPolicy DENY -> CONTINUE
gid://shopify/Product/15671371301195,johnson-s-soft-pamper-body-wash-400ml,Johnson's Soft & Pamper Body Wash 400Ml,ACTIVE,gid://shopify/ProductVariant/57051182989643,3574661384665,True,DENY,1,inventoryPolicy DENY -> CONTINUE
gid://shopify/Product/15671371333963,gaviscon-peppermint-liquid-300ml,Gaviscon Peppermint Liquid 300Ml,ACTIVE,gid://shopify/ProductVariant/57051183022411,5000158065949,True,DENY,1,inventoryPolicy DENY -> CONTINUE
gid://shopify/Product/15671371399499,bioactive-d-pearls-75ug-80pk,Bioactive D-Pearls 75Ug 80Pk,ACTIVE,gid://shopify/ProductVariant/57051183219019,5709976123205,True,DENY,1,inventoryPolicy DENY -> CONTINUE
gid://shopify/Product/15671371432267,pestle-and-mortar-2-phase-vitamin-c-serum-40ml,Pestle And Mortar 2 Phase Vitamin C Serum 40Ml,ACTIVE,gid://shopify/ProductVariant/57051183251787,855717008272,True,DENY,1,inventoryPolicy DENY -> CONTINUE
gid://shopify/Product/15671371465035,flormar-fl1084-illuminating-primer-make-up,Flormar Fl1084 Illuminating Primer Make Up,ACTIVE,gid://shopify/ProductVariant/57051183284555,8690604164660,True,DENY,1,inventoryPolicy DENY -> CONTINUE
gid://shopify/Product/15671371497803,perfection-primer-champagne-glow,Perfection Primer Champagne Glow,ACTIVE,gid://shopify/ProductVariant/57051183317323,5060806562022,True,DENY,1,inventoryPolicy DENY -> CONTINUE
gid://shopify/Product/15671371563339,voduz-knot-anymore-detangling-brush,Voduz Knot Anymore Detangling Brush,ACTIVE,gid://shopify/ProductVariant/57051183382859,0793591683959,True,DENY,1,inventoryPolicy DENY -> CONTINUE
gid://shopify/Product/15671371628875,ogam-clove-bud-5ml,Ogam Clove Bud 5Ml,ACTIVE,gid://shopify/ProductVariant/57051183448395,5390600001060,True,DENY,1,inventoryPolicy DENY -> CONTINUE
gid://shopify/Product/15671371661643,medicare-wound-closure-strips-10,Medicare Wound Closure Strips 10,ACTIVE,gid://shopify/ProductVariant/57051183481163,5099390404760,True,DENY,1,inventoryPolicy DENY -> CONTINUE
gid://shopify/Product/15671371694411,chroma-liquid-concealer-w6,Chroma Liquid Concealer W6,ACTIVE,gid://shopify/ProductVariant/57051183513931,5060907054655,True,DENY,1,inventoryPolicy DENY -> CONTINUE
gid://shopify/Product/15671371825483,boss-the-scent-mens-100ml-2pc-gift-set,Boss The Scent Mens 100Ml 2Pc Gift Set,ACTIVE,gid://shopify/ProductVariant/57051183972683,3616305488817,True,DENY,1,inventoryPolicy DENY -> CONTINUE
gid://shopify/Product/15671371858251,luna-filter-finish-silk-foundation-beige,Luna Filter Finish Silk Foundation - Beige,ACTIVE,gid://shopify/ProductVariant/57051184005451,Lunabeigesilk,True,DENY,1,inventoryPolicy DENY -> CONTINUE
gid://shopify/Product/15671371891019,iglow-chilli-lips-lip-plumper-soft-pink,Iglow Chilli Lips Lip Plumper Soft Pink,ACTIVE,gid://shopify/ProductVariant/57051184038219,7073186000075,True,DENY,1,inventoryPolicy DENY -> CONTINUE
gid://shopify/Product/15671372054859,revive-active-3-month-supply-90-sachets,Revive Active 3 Month Supply - 90 Sachets,ACTIVE,gid://shopify/ProductVariant/57051184300363,5391517512176,True,DENY,1,inventoryPolicy DENY -> CONTINUE
gid://shopify/Product/15671372120395,cl-ear-express-dual-action-ear-drops,Cl-Ear Express Dual Action Ear Drops,ACTIVE,gid://shopify/ProductVariant/57051184398667,5060133376279,True,DENY,1,inventoryPolicy DENY -> CONTINUE
gid://shopify/Product/15671372448075,biabelle-hydrating-self-tan-medium,Biabelle Hydrating Self Tan - Medium,ACTIVE,gid://shopify/ProductVariant/57051184857419,5391534620914,True,DENY,1,inventoryPolicy DENY -> CONTINUE
gid://shopify/Product/15671372480843,carmex-cherry-tube-10g-spf15,Carmex Cherry Tube 10G Spf15,ACTIVE,gid://shopify/ProductVariant/57051184890187,083078001445,True,DENY,1,inventoryPolicy DENY -> CONTINUE
gid://shopify/Product/15671372513611,svr-biotic-cera-regenerating-filling-balm-50ml,Svr Biotic Cera Regenerating Filling Balm 50Ml,ACTIVE,gid://shopify/ProductVariant/57051184922955,3662361001262,True,DENY,1,inventoryPolicy DENY -> CONTINUE
gid://shopify/Product/15671372579147,thermacare-3pk-neck-shoulder-wrist,"Thermacare 3Pk Neck, Shoulder, Wrist",ACTIVE,gid://shopify/ProductVariant/57051185086795,5000309006470,True,DENY,1,inventoryPolicy DENY -> CONTINUE
gid://shopify/Product/15671372874059,chroma-liquid-concealer-n4,Chroma Liquid Concealer N4,ACTIVE,gid://shopify/ProductVariant/57051185840459,5060907054617,True,DENY,1,inventoryPolicy DENY -> CONTINUE
gid://shopify/Product/15671372939595,vitabiotics-wellteen-him-plus-13-19-years,Vitabiotics Wellteen Him Plus 13-19 Years,ACTIVE,gid://shopify/ProductVariant/57051185905995,5021265247349,True,DENY,1,inventoryPolicy DENY -> CONTINUE
gid://shopify/Product/15671373005131,marc-jacobs-perfect-50ml-2pc-gift-set,Marc Jacobs Perfect 50Ml 2Pc Gift Set,ACTIVE,gid://shopify/ProductVariant/57051185971531,3616304105012,True,DENY,1,inventoryPolicy DENY -> CONTINUE
gid://shopify/Product/15671373037899,aveeno-dermexa-emollient-body-wash-300ml,Aveeno Dermexa Emollient Body Wash 300Ml,ACTIVE,gid://shopify/ProductVariant/57051186004299,3574661412672,True,DENY,1,inventoryPolicy DENY -> CONTINUE
gid://shopify/Product/15671373201739,virasoothe-gel,Virasoothe Gel,ACTIVE,gid://shopify/ProductVariant/57051186168139,5011309089516,True,DENY,1,inventoryPolicy DENY -> CONTINUE
gid://shopify/Product/15671373234507,voduz-root-reviver-black-75ml,Voduz Root Reviver Black 75Ml,ACTIVE,gid://shopify/ProductVariant/57051186200907,voduzrootblack,True,DENY,1,inventoryPolicy DENY -> CONTINUE
gid://shopify/Product/15671373267275,rennie-spearmint-24pk,Rennie Spearmint 24Pk,ACTIVE,gid://shopify/ProductVariant/57051186233675,5010605295195,True,DENY,1,inventoryPolicy DENY -> CONTINUE
gid://shopify/Product/15671373365579,vitabiotics-wellkid-chewable-tabs-30-pk,Vitabiotics Wellkid Chewable Tabs (30 Pk),ACTIVE,gid://shopify/ProductVariant/57051186561355,5021265223800,True,DENY,1,inventoryPolicy DENY -> CONTINUE
gid://shopify/Product/15671373398347,sudafed-syrup-100ml,Sudafed Syrup 100Ml,ACTIVE,gid://shopify/ProductVariant/57051186594123,5010123667498,True,DENY,1,inventoryPolicy DENY -> CONTINUE
gid://shopify/Product/15671373529419,vitabiotics-pregnacare-new-mum-56pk,Vitabiotics Pregnacare New Mum 56Pk,ACTIVE,gid://shopify/ProductVariant/57051186725195,5021265244850,True,DENY,1,inventoryPolicy DENY -> CONTINUE
gid://shopify/Product/15671373726027,hero-mighty-patch-invisible,Hero Mighty Patch Invisible+,ACTIVE,gid://shopify/ProductVariant/57051186921803,5010724000434,True,DENY,1,inventoryPolicy DENY -> CONTINUE
gid://shopify/Product/15671373857099,trilogy-botanical-body-wash-500ml,Trilogy Botanical Body Wash 500Ml,ACTIVE,gid://shopify/ProductVariant/57051187085643,9421017763954,True,DENY,1,inventoryPolicy DENY -> CONTINUE
gid://shopify/Product/15671374119243,paco-lady-million-30ml-edp-spr,Paco Lady Million 30Ml Edp Spr,ACTIVE,gid://shopify/ProductVariant/57051187380555,3349668508471,True,DENY,1,inventoryPolicy DENY -> CONTINUE
gid://shopify/Product/15671374250315,hismile-teeth-whitening-brightening-bundle,Hismile Teeth Whitening & Brightening Bundle,ACTIVE,gid://shopify/ProductVariant/57051187544395,109834869865,True,DENY,1,inventoryPolicy DENY -> CONTINUE
gid://shopify/Product/15671374348619,sculpted-hydrabright-illuminating-serum-50ml,Sculpted Hydrabright Illuminating Serum 50Ml,ACTIVE,gid://shopify/ProductVariant/57051187872075,5391545129246,True,DENY,1,inventoryPolicy DENY -> CONTINUE
gid://shopify/Product/15671374414155,uriage-d-s-regulating-emulsion-40ml,Uriage D.S.Regulating Emulsion 40Ml,ACTIVE,gid://shopify/ProductVariant/57051188298059,3661434000072,True,DENY,1,inventoryPolicy DENY -> CONTINUE
gid://shopify/Product/15671374446923,chroma-cover-matte-foundation-n4,Chroma Cover Matte Foundation - N4,ACTIVE,gid://shopify/ProductVariant/57051188330827,5060907055881,True,DENY,1,inventoryPolicy DENY -> CONTINUE
gid://shopify/Product/15671374545227,voduz-sun-soak-after-sun-shampoo-90ml,Voduz Sun Soak After Sun Shampoo 90Ml,ACTIVE,gid://shopify/ProductVariant/57051188429131,5060938587207,True,DENY,1,inventoryPolicy DENY -> CONTINUE
gid://shopify/Product/15671374741835,paddington-paint-your-own-bug-hotel,Paddington - Paint Your Own Bug Hotel,ACTIVE,gid://shopify/ProductVariant/57051188691275,5051237087147,True,DENY,1,inventoryPolicy DENY -> CONTINUE
gid://shopify/Product/15671374774603,bperfect-mrs-glam-sunset-glow-mystic-moonlight-cream-highlight,Bperfect Mrs Glam Sunset Glow Mystic Moonlight Cream Highlight,ACTIVE,gid://shopify/ProductVariant/57051188724043,5061045650921,True,DENY,1,inventoryPolicy DENY -> CONTINUE
gid://shopify/Product/15671374905675,glycerine-b-p-ultrapure-150ml,Glycerine B.P Ultrapure 150Ml,ACTIVE,gid://shopify/ProductVariant/57051188855115,5391510473138,True,DENY,1,inventoryPolicy DENY -> CONTINUE
gid://shopify/Product/15671374971211,physiologix-level-3-ankle-support-one-size,Physiologix Level 3 Ankle Support One Size,ACTIVE,gid://shopify/ProductVariant/57051188920651,5099390415391,True,DENY,1,inventoryPolicy DENY -> CONTINUE
gid://shopify/Product/15671375003979,mitchum-anti-persp-men-ultimate-clean-control-41g,Mitchum Anti-Persp Men Ultimate Clean Control 41G,ACTIVE,gid://shopify/ProductVariant/57051188953419,309974755634,True,DENY,1,inventoryPolicy DENY -> CONTINUE
gid://shopify/Product/15671375036747,lancome-la-vie-est-belle-30ml-edp-spr,Lancome La Vie Est Belle 30Ml Edp Spr,ACTIVE,gid://shopify/ProductVariant/57051188986187,3605532612690,True,DENY,1,inventoryPolicy DENY -> CONTINUE
gid://shopify/Product/15671375102283,nurofen-express-400mg-maximum-strength-tablet-24p,Nurofen Express 400Mg Maximum Strength Tablet 24P,ACTIVE,gid://shopify/ProductVariant/57051189051723,5000158102958,True,DENY,1,inventoryPolicy DENY -> CONTINUE
gid://shopify/Product/15671375135051,jenny-glow-savage-inspired-by-dior-sauvage-50ml,Jenny Glow Savage Inspired By Dior Sauvage 50Ml,ACTIVE,gid://shopify/ProductVariant/57051189084491,6294015156171,True,DENY,1,inventoryPolicy DENY -> CONTINUE
gid://shopify/Product/15671375200587,ogam-patchouli-5ml,Ogam Patchouli 5Ml,ACTIVE,gid://shopify/ProductVariant/57051189150027,5390600001206,True,DENY,1,inventoryPolicy DENY -> CONTINUE
gid://shopify/Product/15671375331659,nivea-men-feeling-protected-gift-set,Nivea Men Feeling Protected Gift Set,ACTIVE,gid://shopify/ProductVariant/57051189313867,025970014791,True,DENY,1,inventoryPolicy DENY -> CONTINUE
gid://shopify/Product/15671375397195,ov-surgical-spirits-100ml,Ov Surgical Spirits 100Ml,ACTIVE,gid://shopify/ProductVariant/57051189379403,5098928121995,True,DENY,1,inventoryPolicy DENY -> CONTINUE
gid://shopify/Product/15671375495499,svr-biotic-pepti-smoothing-regenerating-matte-gel-50ml,Svr Biotic Pepti Smoothing Regenerating Matte Gel 50Ml,ACTIVE,gid://shopify/ProductVariant/57051189510475,3662361001194,True,DENY,1,inventoryPolicy DENY -> CONTINUE
gid://shopify/Product/15671375561035,jenny-glow-liberte-inspired-by-ysl-libre-15ml,Jenny Glow Liberte Inspired By Ysl Libre 15Ml,ACTIVE,gid://shopify/ProductVariant/57051189576011,6294015179606,True,DENY,1,inventoryPolicy DENY -> CONTINUE
gid://shopify/Product/15671375757643,udo-s-choice-childrens-blend-microbiotics-60pk,Udo's Choice Childrens Blend Microbiotics 60Pk,ACTIVE,gid://shopify/ProductVariant/57051189805387,5391500070859,True,DENY,1,inventoryPolicy DENY -> CONTINUE
gid://shopify/Product/15671375888715,spicebomb-mens-50ml-edt-spr,Spicebomb Mens 50Ml Edt Spr,ACTIVE,gid://shopify/ProductVariant/57051189936459,3605521515629,True,DENY,1,inventoryPolicy DENY -> CONTINUE
gid://shopify/Product/15671375987019,sona-l-lysine-tabs-1000mg-45pk,Sona L-Lysine Tabs 1000Mg 45Pk,ACTIVE,gid://shopify/ProductVariant/57051190034763,5390612051053,True,DENY,1,inventoryPolicy DENY -> CONTINUE
gid://shopify/Product/15671376019787,bausch-lomb-artelac-nighttime-gel-10g,Bausch & Lomb Artelac Nighttime Gel 10G,ACTIVE,gid://shopify/ProductVariant/57051190067531,4049649000213,True,DENY,1,inventoryPolicy DENY -> CONTINUE
gid://shopify/Product/15671376281931,panadol-night-20pk,Panadol Night 20Pk,ACTIVE,gid://shopify/ProductVariant/57051190395211,5000347065361,True,DENY,1,inventoryPolicy DENY -> CONTINUE
gid://shopify/Product/15671376380235,medicare-reusable-hot-cold-pack,Medicare Reusable Hot Cold Pack,ACTIVE,gid://shopify/ProductVariant/57051190493515,5099390403190,True,DENY,1,inventoryPolicy DENY -> CONTINUE
gid://shopify/Product/15671376609611,bperfect-double-sided-luxury-velvet-tanning-mitt,Bperfect Double Sided Luxury Velvet Tanning Mitt,ACTIVE,gid://shopify/ProductVariant/57051190755659,797776563869,True,DENY,1,inventoryPolicy DENY -> CONTINUE
gid://shopify/Product/15671376642379,floradix-floravital-liquid-500ml,Floradix Floravital Liquid 500Ml,ACTIVE,gid://shopify/ProductVariant/57051190788427,4004148017186,True,DENY,1,inventoryPolicy DENY -> CONTINUE
gid://shopify/Product/15671376904523,dior-sauvage-60ml-edt-spr,Dior Sauvage 60Ml Edt Spr,ACTIVE,gid://shopify/ProductVariant/57051191116107,3348901250153,True,DENY,1,inventoryPolicy DENY -> CONTINUE
gid://shopify/Product/15671377068363,anusol-cream-23g,Anusol Cream 23G,ACTIVE,gid://shopify/ProductVariant/57051191279947,5010724531068,True,DENY,1,inventoryPolicy DENY -> CONTINUE
gid://shopify/Product/15671377264971,bayliss-harding-peony-lychee-vanilla-luxury-hand-wash-500ml,"Bayliss & Harding Peony, Lychee & Vanilla Luxury Hand Wash 500Ml",ACTIVE,gid://shopify/ProductVariant/57051191476555,017854120037,True,DENY,1,inventoryPolicy DENY -> CONTINUE
gid://shopify/Product/15671377428811,king-hair-beauty-gold-dust-luxury-dry-shampoo,King Hair & Beauty Gold Dust Luxury Dry Shampoo,ACTIVE,gid://shopify/ProductVariant/57051191640395,735850853475,True,DENY,1,inventoryPolicy DENY -> CONTINUE
gid://shopify/Product/15671377494347,aroma-works-essentail-oils-duo-range,Aroma Works Essentail Oils Duo Range,ACTIVE,gid://shopify/ProductVariant/57051191705931,5060283073660,True,DENY,1,inventoryPolicy DENY -> CONTINUE
gid://shopify/Product/15671377527115,voduz-calm-it-re-balancing-scalp-lotion-100ml,Voduz Calm It Re-Balancing Scalp Lotion 100Ml,ACTIVE,gid://shopify/ProductVariant/57051191738699,voduzbalancing2,True,DENY,1,inventoryPolicy DENY -> CONTINUE
gid://shopify/Product/15671377625419,biabelle-tan-bundle-ultra-dark,Biabelle Tan Bundle-Ultra Dark,ACTIVE,gid://shopify/ProductVariant/57051191804235,biabelle27,True,DENY,1,inventoryPolicy DENY -> CONTINUE
gid://shopify/Product/15671377822027,nelson-teetha-gel-15g,Nelson Teetha Gel 15G,ACTIVE,gid://shopify/ProductVariant/57051192197451,5000488105247,True,DENY,1,inventoryPolicy DENY -> CONTINUE
gid://shopify/Product/15671377953099,lynx-showergel-250ml-africa,Lynx Showergel 250Ml Africa,ACTIVE,gid://shopify/ProductVariant/57051192394059,50287994,True,DENY,1,inventoryPolicy DENY -> CONTINUE
gid://shopify/Product/15671378051403,sculpted-by-aimee-liquidglo-brightening-essence-100ml,Sculpted By Aimee Liquidglo Brightening Essence 100Ml,ACTIVE,gid://shopify/ProductVariant/57051192525131,5391545129239,True,DENY,1,inventoryPolicy DENY -> CONTINUE
gid://shopify/Product/15671378084171,bepantiseptic-1st-aid-cream-55g,Bepantiseptic 1St Aid Cream 55G,ACTIVE,gid://shopify/ProductVariant/57051192557899,5010605952548,True,DENY,1,inventoryPolicy DENY -> CONTINUE
gid://shopify/Product/15671378215243,svr-physiopure-eau-micellaire-refill-400ml,Svr Physiopure Eau Micellaire Refill 400Ml,ACTIVE,gid://shopify/ProductVariant/57051193049419,SV1026146,True,DENY,1,inventoryPolicy DENY -> CONTINUE
gid://shopify/Product/15671378280779,jenny-glow-madame-inspired-by-coco-mademoiselle-15ml,Jenny Glow Madame Inspired By Coco Mademoiselle 15Ml,ACTIVE,gid://shopify/ProductVariant/57051193377099,6294015179583,True,DENY,1,inventoryPolicy DENY -> CONTINUE
gid://shopify/Product/15671378379083,carmex-classic-pot-7-5g-on-card,Carmex Classic Pot 7.5G On Card,ACTIVE,gid://shopify/ProductVariant/57051193475403,083078001476,True,DENY,1,inventoryPolicy DENY -> CONTINUE
gid://shopify/Product/15671378510155,emazole-20mg-tablets-7pk,Emazole 20Mg Tablets 7Pk,ACTIVE,gid://shopify/ProductVariant/57051193606475,5390387330216,True,DENY,1,inventoryPolicy DENY -> CONTINUE
gid://shopify/Product/15671378575691,hismile-teeth-whitening-pap-strips-14-applications,Hismile Teeth Whitening Pap+ Strips 14 Applications,ACTIVE,gid://shopify/ProductVariant/57051193672011,0744109219085,True,DENY,1,inventoryPolicy DENY -> CONTINUE
gid://shopify/Product/15671378673995,voduz-high-riser-volumising-root-spray,Voduz High Riser Volumising Root Spray,ACTIVE,gid://shopify/ProductVariant/57051193770315,5061007282870,True,DENY,1,inventoryPolicy DENY -> CONTINUE
gid://shopify/Product/15671378772299,gillette-mach-3-blades-4pk,Gillette Mach 3 Blades 4Pk,ACTIVE,gid://shopify/ProductVariant/57051193934155,7702018408740,True,DENY,1,inventoryPolicy DENY -> CONTINUE
gid://shopify/Product/15671378870603,zirtek-tabs-10mg-7pk,Zirtek Tabs 10Mg 7Pk,ACTIVE,gid://shopify/ProductVariant/57051194032459,5391503740056,True,DENY,1,inventoryPolicy DENY -> CONTINUE
gid://shopify/Product/15671378936139,uriage-hyseac-new-skin-serum-40ml,Uriage Hyseac New Skin Serum 40Ml,ACTIVE,gid://shopify/ProductVariant/57051194097995,3661434008290,True,DENY,1,inventoryPolicy DENY -> CONTINUE
gid://shopify/Product/15671378968907,uriage-xemose-sos-anti-itch-mist,Uriage Xemose Sos Anti Itch Mist,ACTIVE,gid://shopify/ProductVariant/57051194130763,3661434007910,True,DENY,1,inventoryPolicy DENY -> CONTINUE
gid://shopify/Product/15671379099979,garnier-ultimate-blends-nourishing-hair-food-banana-shea-3-in-1-hair-mask,Garnier Ultimate Blends Nourishing Hair Food Banana & Shea 3 In 1 Hair Mask,ACTIVE,gid://shopify/ProductVariant/57051194261835,3600542231572,True,DENY,1,inventoryPolicy DENY -> CONTINUE
gid://shopify/Product/15671379132747,sculpted-easybrow-medium-brown,Sculpted Easybrow Medium Brown,ACTIVE,gid://shopify/ProductVariant/57051194294603,5391545120557,True,DENY,1,inventoryPolicy DENY -> CONTINUE
gid://shopify/Product/15671379165515,medicare-one-week-pillbox,Medicare One Week Pillbox,ACTIVE,gid://shopify/ProductVariant/57051194327371,5099390404968,True,DENY,1,inventoryPolicy DENY -> CONTINUE
gid://shopify/Product/15671379231051,pestle-mortar-essentials-body-wash-body-cream-500ml-bundle,Pestle & Mortar Essentials Body Wash & Body Cream 500Ml Bundle,ACTIVE,gid://shopify/ProductVariant/57051194392907,0000000,True,DENY,1,inventoryPolicy DENY -> CONTINUE
gid://shopify/Product/15671379525963,pharmaton-caps-30pk,Pharmaton Caps 30Pk,ACTIVE,gid://shopify/ProductVariant/57051195015499,7610939000014,True,DENY,1,inventoryPolicy DENY -> CONTINUE
gid://shopify/Product/15671379722571,svr-spirial-extreme-intensive-de-perspirant-treatment-20ml,Svr Spirial Extreme- Intensive De-Perspirant Treatment 20Ml,ACTIVE,gid://shopify/ProductVariant/57051195212107,SV1014316,True,DENY,1,inventoryPolicy DENY -> CONTINUE
gid://shopify/Product/15671379919179,sculpted-satin-silk-longwear-concealer-beige,Sculpted Satin Silk Longwear Concealer- Beige,ACTIVE,gid://shopify/ProductVariant/57051195408715,satinconbeige,True,DENY,1,inventoryPolicy DENY -> CONTINUE
gid://shopify/Product/15671380083019,uriage-eau-thermale-body-balm-200ml,Uriage Eau Thermale Body Balm 200Ml,ACTIVE,gid://shopify/ProductVariant/57051195572555,3661434004711,True,DENY,1,inventoryPolicy DENY -> CONTINUE
gid://shopify/Product/15671380246859,sculpted-lashlift-rich-brown,Sculpted Lashlift Rich Brown,ACTIVE,gid://shopify/ProductVariant/57051195769163,5391545124821,True,DENY,1,inventoryPolicy DENY -> CONTINUE
gid://shopify/Product/15671380377931,nivea-men-deo-150ml-sensitive-protect,Nivea Men Deo 150Ml Sensitive Protect,ACTIVE,gid://shopify/ProductVariant/57051195933003,4005808663798,True,DENY,1,inventoryPolicy DENY -> CONTINUE
gid://shopify/Product/15671380443467,chroma-cover-luminous-foundation-n5,Chroma Cover Luminous Foundation -N5,ACTIVE,gid://shopify/ProductVariant/57051195998539,5060907056284,True,DENY,1,inventoryPolicy DENY -> CONTINUE
gid://shopify/Product/15671380640075,uriage-bebe-1st-cradle-cap-care-cream-40ml,Uriage Bebe 1St Cradle Cap Care Cream 40Ml,ACTIVE,gid://shopify/ProductVariant/57051196293451,3661434002502,True,DENY,1,inventoryPolicy DENY -> CONTINUE
gid://shopify/Product/15671380738379,jenny-glow-posies-inspired-by-marc-jacobs-daisy,Jenny Glow Posies Inspired By Marc Jacobs Daisy,ACTIVE,gid://shopify/ProductVariant/57051196424523,6294015136883,True,DENY,1,inventoryPolicy DENY -> CONTINUE
gid://shopify/Product/15671380771147,voduz-smooth-sleek-bundle,Voduz Smooth & Sleek Bundle,ACTIVE,gid://shopify/ProductVariant/57051196457291,Voduzsleekbundle,True,DENY,1,inventoryPolicy DENY -> CONTINUE
gid://shopify/Product/15671380803915,cleanmarine-for-women-60caps,Cleanmarine For Women 60Caps,ACTIVE,gid://shopify/ProductVariant/57051196490059,5391500077803,True,DENY,1,inventoryPolicy DENY -> CONTINUE
gid://shopify/Product/15671380934987,l-oreal-elvive-cond-300ml-col-protect,L'oreal Elvive Cond 300Ml Col Protect,ACTIVE,gid://shopify/ProductVariant/57051196621131,3600520433073,True,DENY,1,inventoryPolicy DENY -> CONTINUE
gid://shopify/Product/15671381000523,wild-cotton-starter-pack-with-refill-mix-4,Wild Cotton Starter Pack With Refill Mix 4,ACTIVE,gid://shopify/ProductVariant/57051196686667,wild22mix,True,DENY,1,inventoryPolicy DENY -> CONTINUE
gid://shopify/Product/15671381197131,colgate-tg-blue-minty-fresh-gel-100ml,Colgate Tg Blue Minty Fresh Gel 100Ml,ACTIVE,gid://shopify/ProductVariant/57051196883275,8714789436104,True,DENY,1,inventoryPolicy DENY -> CONTINUE
gid://shopify/Product/15671381295435,the-belle-brush-blowdry-small,The Belle Brush Blowdry Small,ACTIVE,gid://shopify/ProductVariant/57051197178187,5391532760087,True,DENY,1,inventoryPolicy DENY -> CONTINUE
gid://shopify/Product/15671381360971,bio-kult-caps-120pk,Bio-Kult Caps 120Pk,ACTIVE,gid://shopify/ProductVariant/57051197243723,5027314504043,True,DENY,1,inventoryPolicy DENY -> CONTINUE
gid://shopify/Product/15671381426507,ck-euphoria-mens-100ml-edt-spr,Ck Euphoria Mens 100Ml Edt Spr,ACTIVE,gid://shopify/ProductVariant/57051197309259,088300178278,True,DENY,1,inventoryPolicy DENY -> CONTINUE
gid://shopify/Product/15671381492043,jungle-formula-maximum-spray-150ml,Jungle Formula Maximum Spray 150Ml,ACTIVE,gid://shopify/ProductVariant/57051197374795,5012616262432,True,DENY,1,inventoryPolicy DENY -> CONTINUE
gid://shopify/Product/15671381655883,wild-mint-aloe-vera-refill-mens,Wild Mint & Aloe Vera Refill Mens,ACTIVE,gid://shopify/ProductVariant/57051197538635,5065003990692,True,DENY,1,inventoryPolicy DENY -> CONTINUE
gid://shopify/Product/15671381754187,caldease-30g-nappy-rash-ointment,Caldease 30G Nappy Rash Ointment,ACTIVE,gid://shopify/ProductVariant/57051197800779,5099562741655,True,DENY,1,inventoryPolicy DENY -> CONTINUE
gid://shopify/Product/15671381819723,biabelle-bronze-obsession-bundle-ultra-dark,Biabelle Bronze Obsession Bundle- Ultra Dark,ACTIVE,gid://shopify/ProductVariant/57051197866315,biabelle7,True,DENY,1,inventoryPolicy DENY -> CONTINUE
gid://shopify/Product/15671381918027,active-iron-kids-iron-vit-d-30-chews,Active Iron Kids Iron & Vit D 30 Chews,ACTIVE,gid://shopify/ProductVariant/57051198128459,5391540870303,True,DENY,1,inventoryPolicy DENY -> CONTINUE
gid://shopify/Product/15671382049099,compeed-discreet-cold-sore,Compeed Discreet Cold Sore,ACTIVE,gid://shopify/ProductVariant/57051198325067,366355500211,True,DENY,1,inventoryPolicy DENY -> CONTINUE
gid://shopify/Product/15671382278475,diesel-d-by-diesel-50ml-2pc-gift-set,Diesel D By Diesel 50Ml 2Pc Gift Set,ACTIVE,gid://shopify/ProductVariant/57051198554443,3614273852852,True,DENY,1,inventoryPolicy DENY -> CONTINUE
gid://shopify/Product/15671382442315,revive-active-magnesium-complex-60pk,Revive Active Magnesium Complex 60Pk,ACTIVE,gid://shopify/ProductVariant/57051198718283,5391546180291,True,DENY,1,inventoryPolicy DENY -> CONTINUE
gid://shopify/Product/15671382475083,excedrin-tablets-20pk,Excedrin Tablets 20Pk,ACTIVE,gid://shopify/ProductVariant/57051198751051,5051562036100,True,DENY,1,inventoryPolicy DENY -> CONTINUE
gid://shopify/Product/15671382704459,nivea-body-firming-lotion-q10-plus-250ml,Nivea Body Firming Lotion Q10 Plus 250Ml,ACTIVE,gid://shopify/ProductVariant/57051199111499,4005900512161,True,DENY,1,inventoryPolicy DENY -> CONTINUE
gid://shopify/Product/15671382769995,salactol-wart-paint-10ml,Salactol Wart Paint 10Ml,ACTIVE,gid://shopify/ProductVariant/57051199177035,5016379320019,True,DENY,1,inventoryPolicy DENY -> CONTINUE
gid://shopify/Product/15671382933835,svr-sensifine-ar-eau-micellaire-400ml,Svr Sensifine Ar Eau Micellaire 400Ml,ACTIVE,gid://shopify/ProductVariant/57051199439179,3401360167902,True,DENY,1,inventoryPolicy DENY -> CONTINUE
gid://shopify/Product/15671383163211,medicare-male-heel-cushions-2-s,Medicare Male Heel Cushions 2'S,ACTIVE,gid://shopify/ProductVariant/57051199930699,5099390407945,True,DENY,1,inventoryPolicy DENY -> CONTINUE
gid://shopify/Product/15671383195979,compeed-blister-medium-5pk,Compeed Blister Medium 5Pk,ACTIVE,gid://shopify/ProductVariant/57051199963467,5708932006910,True,DENY,1,inventoryPolicy DENY -> CONTINUE
gid://shopify/Product/15671383359819,voduz-prep-talk-dry-texture-spray-75ml,Voduz Prep Talk Dry Texture Spray 75Ml,ACTIVE,gid://shopify/ProductVariant/57051200586059,minipreptalk,True,DENY,1,inventoryPolicy DENY -> CONTINUE
gid://shopify/Product/15671383425355,solgar-flaxseed-1250mg-capsules-100pk,Solgar Flaxseed 1250Mg Capsules 100Pk,ACTIVE,gid://shopify/ProductVariant/57051200651595,033984010741,True,DENY,1,inventoryPolicy DENY -> CONTINUE
gid://shopify/Product/15671383458123,garnier-olia-5-3-golden-brown-no-ammonia-permanent-hair-dye,Garnier Olia 5.3 Golden Brown No Ammonia Permanent Hair Dye,ACTIVE,gid://shopify/ProductVariant/57051200684363,3600541233720,True,DENY,1,inventoryPolicy DENY -> CONTINUE
gid://shopify/Product/15671383589195,jimmy-choo-man-100ml-edt-spray,Jimmy Choo Man 100Ml Edt Spray,ACTIVE,gid://shopify/ProductVariant/57051200815435,3386460064118,True,DENY,1,inventoryPolicy DENY -> CONTINUE
gid://shopify/Product/15671383687499,chance-eau-tendre-edp-spray-50ml,Chance Eau Tendre Edp Spray 50Ml,ACTIVE,gid://shopify/ProductVariant/57051200913739,3145891262506,True,DENY,1,inventoryPolicy DENY -> CONTINUE
gid://shopify/Product/15671383720267,uriage-ds-hair-kerato-reducing-treatment-shampoo-150ml,Uriage Ds Hair Kerato Reducing Treatment Shampoo 150Ml,ACTIVE,gid://shopify/ProductVariant/57051200946507,3661434009310,True,DENY,1,inventoryPolicy DENY -> CONTINUE
gid://shopify/Product/15671383753035,bperfect-prep-set-collection-gift-set,Bperfect Prep & Set Collection Gift Set,ACTIVE,gid://shopify/ProductVariant/57051200979275,5056832902093,True,DENY,1,inventoryPolicy DENY -> CONTINUE
gid://shopify/Product/15671383818571,solgar-ester-c-1000mg-90-caps,Solgar Ester C 1000Mg 90 Caps,ACTIVE,gid://shopify/ProductVariant/57051201044811,033984169876,True,DENY,1,inventoryPolicy DENY -> CONTINUE
gid://shopify/Product/15671383916875,anadin-tabs-24pk,Anadin Tabs 24Pk,ACTIVE,gid://shopify/ProductVariant/57051201503563,5054563245175,True,DENY,1,inventoryPolicy DENY -> CONTINUE
gid://shopify/Product/15671384015179,p-m-nmf-toner-200ml,P&M Nmf Toner 200Ml,ACTIVE,gid://shopify/ProductVariant/57051201601867,855717008630,True,DENY,1,inventoryPolicy DENY -> CONTINUE
gid://shopify/Product/15671384146251,vitabiotics-wellteen-for-him-30pk,Vitabiotics Wellteen For Him 30Pk,ACTIVE,gid://shopify/ProductVariant/57051201732939,5021265247325,True,DENY,1,inventoryPolicy DENY -> CONTINUE
gid://shopify/Product/15671384179019,azio-beauty-intense-lifting-eye-serum,Azio Beauty Intense Lifting Eye Serum,ACTIVE,gid://shopify/ProductVariant/57051201765707,96213261,True,DENY,1,inventoryPolicy DENY -> CONTINUE
gid://shopify/Product/15671384244555,the-handmade-soap-company-bitter-orange-pink-pepper-hand-wash-250ml,The Handmade Soap Company Bitter Orange & Pink Pepper Hand Wash 250Ml,ACTIVE,gid://shopify/ProductVariant/57051201896779,5391520236341,True,DENY,1,inventoryPolicy DENY -> CONTINUE
gid://shopify/Product/15671384539467,carex-hw-original-250ml,Carex Hw Original 250Ml,ACTIVE,gid://shopify/ProductVariant/57051202224459,5000101346170,True,DENY,1,inventoryPolicy DENY -> CONTINUE
gid://shopify/Product/15671384605003,difflam-oral-rinse-300ml,Difflam Oral Rinse 300Ml,ACTIVE,gid://shopify/ProductVariant/57051202322763,5060035248308,True,DENY,1,inventoryPolicy DENY -> CONTINUE
gid://shopify/Product/15671384834379,maalox-plus-oral-suspension-250ml-lemon,Maalox Plus Oral Suspension 250Ml Lemon,ACTIVE,gid://shopify/ProductVariant/57051202715979,5000283657392,True,DENY,1,inventoryPolicy DENY -> CONTINUE
gid://shopify/Product/15671384932683,anusol-supp-12pk,Anusol Supp 12Pk,ACTIVE,gid://shopify/ProductVariant/57051202814283,5010123726294,True,DENY,1,inventoryPolicy DENY -> CONTINUE
gid://shopify/Product/15671384998219,reno-n5-body-lotion-200ml,Reno N5 Body Lotion 200Ml,ACTIVE,gid://shopify/ProductVariant/57051202879819,3145891057485,True,DENY,1,inventoryPolicy DENY -> CONTINUE
gid://shopify/Product/15671385096523,uriage-cleansing-soothing-oil-500ml,Uriage Cleansing Soothing Oil 500Ml,ACTIVE,gid://shopify/ProductVariant/57051203600715,3661434005879,True,DENY,1,inventoryPolicy DENY -> CONTINUE
gid://shopify/Product/15671385129291,optibac-travel-abroad,Optibac Travel Abroad,ACTIVE,gid://shopify/ProductVariant/57051203633483,5060086610055,True,DENY,1,inventoryPolicy DENY -> CONTINUE
gid://shopify/Product/15671385162059,sreeze-nasal-spray-10ml,Sreeze Nasal Spray 10Ml,ACTIVE,gid://shopify/ProductVariant/57051203666251,50074457,True,DENY,1,inventoryPolicy DENY -> CONTINUE
gid://shopify/Product/15671385325899,joop-homme-75ml-edt-spr,Joop Homme 75Ml Edt Spr,ACTIVE,gid://shopify/ProductVariant/57051204518219,3414206000592,True,DENY,1,inventoryPolicy DENY -> CONTINUE
gid://shopify/Product/15671385391435,optrex-multi-action-eye-wash-100ml,Optrex Multi Action Eye Wash 100Ml,ACTIVE,gid://shopify/ProductVariant/57051204583755,5000158101425,True,DENY,1,inventoryPolicy DENY -> CONTINUE
gid://shopify/Product/15671385489739,uriage-extra-rich-dermatological-gel-500ml,Uriage Extra Rich Dermatological Gel 500Ml,ACTIVE,gid://shopify/ProductVariant/57051204682059,3661434005862,True,DENY,1,inventoryPolicy DENY -> CONTINUE
gid://shopify/Product/15671385653579,promo-pack-brylcreem-gel-150ml-2pk-7-strong,Brylcreem Strong Gel 150Ml 2Pk,ACTIVE,gid://shopify/ProductVariant/57051205042507,8712100146398,True,DENY,1,inventoryPolicy DENY -> CONTINUE
gid://shopify/Product/15671385751883,dulcolax-tabs-20pk,Dulcolax Tabs 20Pk,ACTIVE,gid://shopify/ProductVariant/57051205173579,5012917076929,True,DENY,1,inventoryPolicy DENY -> CONTINUE
gid://shopify/Product/15671385817419,luna-by-lisa-hydrate-conditioner,Luna By Lisa Hydrate Conditioner,ACTIVE,gid://shopify/ProductVariant/57051205370187,5391532528397,True,DENY,1,inventoryPolicy DENY -> CONTINUE
gid://shopify/Product/15671385850187,azio-beauty-lift-factor-neck-chest-cream,Azio Beauty Lift Factor Neck & Chest Cream,ACTIVE,gid://shopify/ProductVariant/57051205402955,5070000552637,True,DENY,1,inventoryPolicy DENY -> CONTINUE
gid://shopify/Product/15671385882955,spotlight-teeth-white-system,Spotlight Teeth White System,ACTIVE,gid://shopify/ProductVariant/57051205435723,5391531560336,True,DENY,1,inventoryPolicy DENY -> CONTINUE
gid://shopify/Product/15671385915723,sonisk-sonic-pulse-toothbrush-black,Sonisk Sonic Pulse Toothbrush (Black),ACTIVE,gid://shopify/ProductVariant/57051205468491,5060679070891,True,DENY,1,inventoryPolicy DENY -> CONTINUE
gid://shopify/Product/15671386145099,celtic-can-round-pot-black-pomegranate,Celtic Can Round Pot Black Pomegranate,ACTIVE,gid://shopify/ProductVariant/57051206123851,5038871058375,True,DENY,1,inventoryPolicy DENY -> CONTINUE
gid://shopify/Product/15671386177867,medicare-fabric-plasters-30pk,Medicare Fabric Plasters 30Pk,ACTIVE,gid://shopify/ProductVariant/57051206156619,5099390413571,True,DENY,1,inventoryPolicy DENY -> CONTINUE
gid://shopify/Product/15671386308939,eylure-brow-dye-black,Eylure Brow Dye (Black),ACTIVE,gid://shopify/ProductVariant/57051206287691,5011522531007,True,DENY,1,inventoryPolicy DENY -> CONTINUE
gid://shopify/Product/15671386374475,kit-kaboodle-hair-roller-velcro-med-6pk,Kit & Kaboodle Hair Roller Velcro Med 6Pk,ACTIVE,gid://shopify/ProductVariant/57051206484299,5391531140408,True,DENY,1,inventoryPolicy DENY -> CONTINUE
gid://shopify/Product/15671386440011,kelkin-effervescent-vit-c-1000mg-20pk,Kelkin Effervescent Vit C 1000Mg 20Pk,ACTIVE,gid://shopify/ProductVariant/57051206648139,5011032668996,True,DENY,1,inventoryPolicy DENY -> CONTINUE
gid://shopify/Product/15671386734923,vitabiotics-conception-his-hers-60-pk,Vitabiotics Conception His & Hers (60 Pk),ACTIVE,gid://shopify/ProductVariant/57051207172427,5021265242344,True,DENY,1,inventoryPolicy DENY -> CONTINUE
gid://shopify/Product/15671386898763,bperfect-mrs-glam-honey-glazed-lip-oil,Bperfect Mrs Glam Honey Glazed Lip Oil,ACTIVE,gid://shopify/ProductVariant/57051207336267,5061045652666,True,DENY,1,inventoryPolicy DENY -> CONTINUE
gid://shopify/Product/15671386997067,anadin-maximum-strength-caps-12pk,Anadin Maximum Strength Caps 12Pk,ACTIVE,gid://shopify/ProductVariant/57051207598411,5000309005329,True,DENY,1,inventoryPolicy DENY -> CONTINUE
gid://shopify/Product/15671387029835,sorefix-rescue-cold-sore-cream,Sorefix Rescue Cold Sore Cream,ACTIVE,gid://shopify/ProductVariant/57051207631179,8718309701345,True,DENY,1,inventoryPolicy DENY -> CONTINUE
gid://shopify/Product/15671387160907,symprove-4-week-supply-original,Symprove 4 Week Supply Original,ACTIVE,gid://shopify/ProductVariant/57051207762251,5060221910057,True,DENY,1,inventoryPolicy DENY -> CONTINUE
gid://shopify/Product/15671387193675,juvar-com-plex-intensive-repair-treatment-250ml,Juvaré Com-Plex Intensive Repair Treatment 250Ml,ACTIVE,gid://shopify/ProductVariant/57051207795019,0698596599208,True,DENY,1,inventoryPolicy DENY -> CONTINUE
gid://shopify/Product/15671387324747,sculpted-satin-silk-longwear-concealer-vanilla,Sculpted Satin Silk Longwear Concealer - Vanilla,ACTIVE,gid://shopify/ProductVariant/57051207926091,Satinconvan,True,DENY,1,inventoryPolicy DENY -> CONTINUE
gid://shopify/Product/15671387390283,sculpted-lip-duo-undressed-nude,Sculpted Lip Duo Undressed- Nude,ACTIVE,gid://shopify/ProductVariant/57051208450379,794712143505,True,DENY,1,inventoryPolicy DENY -> CONTINUE
gid://shopify/Product/15671387455819,mitchum-anti-pers-pwdr-frsh-150ml,Mitchum Anti-Pers Pwdr Frsh 150Ml,ACTIVE,gid://shopify/ProductVariant/57051208515915,5051389044838,True,DENY,1,inventoryPolicy DENY -> CONTINUE
gid://shopify/Product/15671387488587,ffp2-mask,Ffp2 Mask,ACTIVE,gid://shopify/ProductVariant/57051208548683,maskffp2,True,DENY,1,inventoryPolicy DENY -> CONTINUE
gid://shopify/Product/15671387554123,the-handmade-soap-company-lemongrass-cedarwood-soap-bar-100g,The Handmade Soap Company Lemongrass & Cedarwood Soap Bar 100G,ACTIVE,gid://shopify/ProductVariant/57051208614219,5391520236044,True,DENY,1,inventoryPolicy DENY -> CONTINUE
gid://shopify/Product/15671387586891,bbold-microfibre-applicator-glove-mitt,Bbold Microfibre Applicator Glove Mitt,ACTIVE,gid://shopify/ProductVariant/57051208646987,5060298550385,True,DENY,1,inventoryPolicy DENY -> CONTINUE
gid://shopify/Product/15671387652427,all-stars-collection,All Stars Collection,ACTIVE,gid://shopify/ProductVariant/57051208712523,0745314241946,True,DENY,1,inventoryPolicy DENY -> CONTINUE
gid://shopify/Product/15671387717963,wild-jasmine-starter-pack-with-refill-mix-2,Wild Jasmine Starter Pack With Refill Mix 2,ACTIVE,gid://shopify/ProductVariant/57051208810827,Wild6mix,True,DENY,1,inventoryPolicy DENY -> CONTINUE
gid://shopify/Product/15671387750731,lacabine-eye-contour-amp-2ml,Lacabine Eye Contour Amp 2Ml,ACTIVE,gid://shopify/ProductVariant/57051208843595,8435534405779,True,DENY,1,inventoryPolicy DENY -> CONTINUE
gid://shopify/Product/15671387783499,lanes-olbas-oil-28ml,Lanes Olbas Oil 28Ml,ACTIVE,gid://shopify/ProductVariant/57051208876363,5000477616921,True,DENY,1,inventoryPolicy DENY -> CONTINUE
gid://shopify/Product/15671387914571,jenny-glow-belle-15ml-eau-de-parfum,Jenny Glow Belle 15Ml Eau De Parfum,ACTIVE,gid://shopify/ProductVariant/57051209138507,6294015179477,True,DENY,1,inventoryPolicy DENY -> CONTINUE
gid://shopify/Product/15671388143947,kin-whitening-toothpaste-75ml,Kin Whitening Toothpaste 75Ml,ACTIVE,gid://shopify/ProductVariant/57051209892171,8436026211694,True,DENY,1,inventoryPolicy DENY -> CONTINUE
gid://shopify/Product/15671388176715,aroma-works-lemongrass-bergamot-10ml,Aroma Works Lemongrass & Bergamot 10Ml,ACTIVE,gid://shopify/ProductVariant/57051209924939,5060283074957,True,DENY,1,inventoryPolicy DENY -> CONTINUE
gid://shopify/Product/15671388209483,berocca-immuno-eff-15pk,Berocca Immuno Eff 15Pk,ACTIVE,gid://shopify/ProductVariant/57051209957707,5010605402371,True,DENY,1,inventoryPolicy DENY -> CONTINUE
gid://shopify/Product/15671388275019,selfscreen-home-drug-test-1pk,Selfscreen Home Drug Test 1Pk,ACTIVE,gid://shopify/ProductVariant/57051210121547,5099374999992,True,DENY,1,inventoryPolicy DENY -> CONTINUE
gid://shopify/Product/15671388307787,wild-black-case-fresh-cotton-sea-salt-deodorant-starter-pack-mens,Wild Black Case Fresh Cotton & Sea Salt Deodorant Starter Pack (Mens),ACTIVE,gid://shopify/ProductVariant/57051210154315,5065003990098,True,DENY,1,inventoryPolicy DENY -> CONTINUE
gid://shopify/Product/15671388406091,sculpted-satin-silk-longwear-concealer-creme,Sculpted Satin Silk Longwear Concealer- Creme,ACTIVE,gid://shopify/ProductVariant/57051210252619,satinconcreme,True,DENY,1,inventoryPolicy DENY -> CONTINUE
gid://shopify/Product/15671388438859,nicorette-freshmint-2mg-105pk,Nicorette Freshmint 2Mg 105Pk,ACTIVE,gid://shopify/ProductVariant/57051210285387,3574661146706,True,DENY,1,inventoryPolicy DENY -> CONTINUE
gid://shopify/Product/15671388471627,revive-tropical-3-month-supply-90-sachets,Revive Tropical 3 Month Supply - 90 Sachets,ACTIVE,gid://shopify/ProductVariant/57051210318155,079775747684,True,DENY,1,inventoryPolicy DENY -> CONTINUE
gid://shopify/Product/15671388537163,dkny-be-delicious-fresh-blossom-50ml-edp-spr,Dkny Be Delicious Fresh Blossom 50Ml Edp Spr,ACTIVE,gid://shopify/ProductVariant/57051210383691,085715950093,True,DENY,1,inventoryPolicy DENY -> CONTINUE
gid://shopify/Product/15671388602699,brupro-max-ibuprofen-400mg-tabs-12pk,Brupro Max Ibuprofen 400Mg Tabs 12Pk,ACTIVE,gid://shopify/ProductVariant/57051210449227,5390387373206,True,DENY,1,inventoryPolicy DENY -> CONTINUE
gid://shopify/Product/15671388733771,luna-filter-finish-silk-foundation-light,Luna Filter Finish Silk Foundation - Light,ACTIVE,gid://shopify/ProductVariant/57051210580299,Lunalightsilk,True,DENY,1,inventoryPolicy DENY -> CONTINUE
gid://shopify/Product/15671388766539,svr-hydraliane-creme-riche-50ml,Svr Hydraliane Creme Riche 50Ml,ACTIVE,gid://shopify/ProductVariant/57051210613067,3662361003297,True,DENY,1,inventoryPolicy DENY -> CONTINUE
gid://shopify/Product/15671388930379,revive-active-joint-complex-6-month-supply,Revive Active Joint Complex - 6 Month Supply,ACTIVE,gid://shopify/ProductVariant/57051211170123,Jointcomplex6,True,DENY,1,inventoryPolicy DENY -> CONTINUE
gid://shopify/Product/15671389061451,zirtek-tabs-10mg-30pk,Zirtek Tabs 10Mg 30Pk,ACTIVE,gid://shopify/ProductVariant/57051212251467,5015313013581,True,DENY,1,inventoryPolicy DENY -> CONTINUE
gid://shopify/Product/15671389159755,durex-pleasure-me-6pk,Durex Pleasure Me 6Pk,ACTIVE,gid://shopify/ProductVariant/57051212349771,5052197026016,True,DENY,1,inventoryPolicy DENY -> CONTINUE
gid://shopify/Product/15671389290827,nexium-control-tabs-14pk,Nexium Control Tabs 14Pk,ACTIVE,gid://shopify/ProductVariant/57051212480843,5391523250177,True,DENY,1,inventoryPolicy DENY -> CONTINUE
gid://shopify/Product/15671389454667,chroma-liquid-concealer-w3,Chroma Liquid Concealer W3,ACTIVE,gid://shopify/ProductVariant/57051213103435,5060907054600,True,DENY,1,inventoryPolicy DENY -> CONTINUE
gid://shopify/Product/15671389552971,your-zooki-vitamin-c-mixed-berry-single-sachet,Your Zooki - Vitamin C Mixed Berry Single Sachet,ACTIVE,gid://shopify/ProductVariant/57051213431115,5060518930638,True,DENY,1,inventoryPolicy DENY -> CONTINUE
gid://shopify/Product/15671389684043,jakemans-cherry-soothing-menthol-lozenges-73g,Jakemans Cherry Soothing Menthol Lozenges 73G,ACTIVE,gid://shopify/ProductVariant/57051213562187,503104005149,True,DENY,1,inventoryPolicy DENY -> CONTINUE
gid://shopify/Product/15671389815115,skingredients-aha-cleanse-brightening-and-exfoliating-lactic-acid-cleanser-100ml-primary,Skingredients Aha Cleanse Brightening And Exfoliating Lactic Acid Cleanser 100Ml Primary,ACTIVE,gid://shopify/ProductVariant/57051213824331,634240001734,True,DENY,1,inventoryPolicy DENY -> CONTINUE
gid://shopify/Product/15671389847883,bperfect-mrs-glam-snatch-stick-sun-drenched-05-neutral-tan,Bperfect Mrs Glam Snatch Stick Sun Drenched 05 Neutral Tan,ACTIVE,gid://shopify/ProductVariant/57051213857099,5060907054525,True,DENY,1,inventoryPolicy DENY -> CONTINUE
gid://shopify/Product/15671389913419,piriton-tabs-4mg-30pk,Piriton Tabs 4Mg 30Pk,ACTIVE,gid://shopify/ProductVariant/57051213922635,5011080182932,True,DENY,1,inventoryPolicy DENY -> CONTINUE
gid://shopify/Product/15671389946187,l-or-al-paris-elvive-bond-repair-pre-shampoo-treatment-200ml,L'oréal Paris Elvive Bond Repair Pre-Shampoo Treatment 200Ml,ACTIVE,gid://shopify/ProductVariant/57051213955403,3600524074524,True,DENY,1,inventoryPolicy DENY -> CONTINUE
gid://shopify/Product/15671390077259,pro-voke-touch-of-silver-colour-care-shampoo-200ml,Pro:Voke Touch Of Silver Colour Care Shampoo 200Ml,ACTIVE,gid://shopify/ProductVariant/57051214348619,5012008721004,True,DENY,1,inventoryPolicy DENY -> CONTINUE
gid://shopify/Product/15671390110027,palmolive-naturals-milk-honey-hand-wash-300ml,Palmolive Naturals Milk & Honey Hand Wash 300Ml,ACTIVE,gid://shopify/ProductVariant/57051214381387,8003520013026,True,DENY,1,inventoryPolicy DENY -> CONTINUE
gid://shopify/Product/15671390142795,brupro-ibuprofen-200mg-tabs-48pk,Brupro Ibuprofen 200Mg Tabs 48Pk,ACTIVE,gid://shopify/ProductVariant/57051214414155,5390387373138,True,DENY,1,inventoryPolicy DENY -> CONTINUE
gid://shopify/Product/15671390208331,voduz-sun-scalp-sun-cream-for-scalp-and-hairline,Voduz Sun Scalp – Sun Cream For Scalp And Hairline,ACTIVE,gid://shopify/ProductVariant/57051214479691,Voduzsuncare3,True,DENY,1,inventoryPolicy DENY -> CONTINUE
gid://shopify/Product/15671390339403,nuage-hayfever-barrier-balm-50g,Nuage Hayfever Barrier Balm 50G,ACTIVE,gid://shopify/ProductVariant/57051215331659,6278390031,True,DENY,1,inventoryPolicy DENY -> CONTINUE
gid://shopify/Product/15671390404939,neilmed-sinus-rinse-orig-kit-240ml-60pk,Neilmed Sinus Rinse Orig Kit 240Ml + 60Pk,ACTIVE,gid://shopify/ProductVariant/57051215397195,705928001008,True,DENY,1,inventoryPolicy DENY -> CONTINUE
gid://shopify/Product/15671390437707,bperfect-ex-foliate-tan-removing-scrub,Bperfect Ex-Foliate Tan Removing Scrub,ACTIVE,gid://shopify/ProductVariant/57051215429963,5060938583865,True,DENY,1,inventoryPolicy DENY -> CONTINUE
gid://shopify/Product/15671390470475,hydration-station-12g,Hydration Station 12G,ACTIVE,gid://shopify/ProductVariant/57051215462731,5034033000480,True,DENY,1,inventoryPolicy DENY -> CONTINUE
gid://shopify/Product/15671390568779,casacol-expectorant-syrup-300ml,Casacol Expectorant Syrup 300Ml,ACTIVE,gid://shopify/ProductVariant/57051215561035,5391513950315,True,DENY,1,inventoryPolicy DENY -> CONTINUE
gid://shopify/Product/15671390830923,glow-go-essentials-gift-set,Glow & Go Essentials Gift Set,ACTIVE,gid://shopify/ProductVariant/57051215954251,8720182782045,True,DENY,1,inventoryPolicy DENY -> CONTINUE
gid://shopify/Product/15671390863691,nivea-men-shave-gel-200ml-sensitive,Nivea Men Shave Gel 200Ml Sensitive,ACTIVE,gid://shopify/ProductVariant/57051215987019,5025970023243,True,DENY,1,inventoryPolicy DENY -> CONTINUE
gid://shopify/Product/15671390994763,uriage-xemose-anti-irritation-lipid-replenishing-cream-200ml,Uriage Xemose Anti Irritation Lipid Replenishing Cream 200Ml,ACTIVE,gid://shopify/ProductVariant/57051216118091,3661434004841,True,DENY,1,inventoryPolicy DENY -> CONTINUE
gid://shopify/Product/15671391027531,nutrogena-hand-cream-50ml,Nutrogena Hand Cream 50Ml,ACTIVE,gid://shopify/ProductVariant/57051216150859,4012273123009,True,DENY,1,inventoryPolicy DENY -> CONTINUE
gid://shopify/Product/15671391093067,medicare-blister-plasters-6pk-medium,Medicare Blister Plasters 6Pk Medium,ACTIVE,gid://shopify/ProductVariant/57051216347467,5099390409666,True,DENY,1,inventoryPolicy DENY -> CONTINUE
gid://shopify/Product/15671391125835,jenny-glow-chance-it-30ml-inspired-by-chanel-chance,Jenny Glow Chance It 30Ml Inspired By Chanel Chance,ACTIVE,gid://shopify/ProductVariant/57051216380235,6294015136258,True,DENY,1,inventoryPolicy DENY -> CONTINUE
gid://shopify/Product/15671391158603,luna-filter-finish-silk-foundation-tan,Luna Filter Finish Silk Foundation - Tan,ACTIVE,gid://shopify/ProductVariant/57051216413003,Lunatansilk,True,DENY,1,inventoryPolicy DENY -> CONTINUE
gid://shopify/Product/15671391224139,uniflu-with-vitamin-c-tablets-24pk,Uniflu With Vitamin C Tablets 24Pk,ACTIVE,gid://shopify/ProductVariant/57051216478539,5017896811110,True,DENY,1,inventoryPolicy DENY -> CONTINUE
gid://shopify/Product/15671391289675,voduz-clear-it-exfoliating-scalp-scrub,Voduz Clear It Exfoliating Scalp Scrub,ACTIVE,gid://shopify/ProductVariant/57051216806219,5060806565008,True,DENY,1,inventoryPolicy DENY -> CONTINUE
gid://shopify/Product/15671391322443,senokot-tablets-60pk,Senokot Tablets 60Pk,ACTIVE,gid://shopify/ProductVariant/57051216838987,5000158062825,True,DENY,1,inventoryPolicy DENY -> CONTINUE
gid://shopify/Product/15671391387979,uriage-roseliane-demo-cleansing-fluid-250ml,Uriage Roseliane Dermo-Cleansing Fluid 250Ml,ACTIVE,gid://shopify/ProductVariant/57051216904523,3661434003431,True,DENY,1,inventoryPolicy DENY -> CONTINUE
gid://shopify/Product/15671391453515,sensodyne-rapid-relief-mint-75ml,Sensodyne Rapid Relief Mint 75Ml,ACTIVE,gid://shopify/ProductVariant/57051216970059,5054563023803,True,DENY,1,inventoryPolicy DENY -> CONTINUE
gid://shopify/Product/15671391519051,nurofen-child-6-200ml-spn-orange,Nurofen Child 6+ 200Ml Spn Orange,ACTIVE,gid://shopify/ProductVariant/57051217297739,5000158070196,True,DENY,1,inventoryPolicy DENY -> CONTINUE
gid://shopify/Product/15671391748427,phenergan-elixir-100ml,Phenergan Elixir 100Ml,ACTIVE,gid://shopify/ProductVariant/57051217625419,5391513750182,True,DENY,1,inventoryPolicy DENY -> CONTINUE
gid://shopify/Product/15671391813963,flixonase-nasal-spray,Flixonase Nasal Spray,ACTIVE,gid://shopify/ProductVariant/57051217690955,5011080101377,True,DENY,1,inventoryPolicy DENY -> CONTINUE
gid://shopify/Product/15671392239947,umbro-ice-toiletry-bag-set-for-him,Umbro Ice Toiletry Bag Set For Him,ACTIVE,gid://shopify/ProductVariant/57051218575691,5013692263245,True,DENY,1,inventoryPolicy DENY -> CONTINUE
gid://shopify/Product/15671392436555,joop-homme-200ml-edt-spr,Joop Homme 200Ml Edt Spr,ACTIVE,gid://shopify/ProductVariant/57051218772299,3607345809915,True,DENY,1,inventoryPolicy DENY -> CONTINUE
gid://shopify/Product/15671392633163,acic-5-cream-2g,Acic 5% Cream 2G,ACTIVE,gid://shopify/ProductVariant/57051219067211,5390387372018,True,DENY,1,inventoryPolicy DENY -> CONTINUE
gid://shopify/Product/15671392698699,carex-the-original-dermacare-eco-refill-500ml-hand-wash,Carex The Original Dermacare Eco Refill 500Ml Hand Wash,ACTIVE,gid://shopify/ProductVariant/57051219296587,5000101102479,True,DENY,1,inventoryPolicy DENY -> CONTINUE
gid://shopify/Product/15671392764235,garnier-ultimate-blends-nourishing-hair-food-banana-coconut-shampoo,Garnier Ultimate Blends Nourishing Hair Food Banana & Coconut Shampoo,ACTIVE,gid://shopify/ProductVariant/57051219362123,3600542342933,True,DENY,1,inventoryPolicy DENY -> CONTINUE
gid://shopify/Product/15671393059147,sculpted-cream-cushion-foundation-2-75n,Sculpted Cream Cushion Foundation 2.75N,ACTIVE,gid://shopify/ProductVariant/57051219657035,5391548381566,True,DENY,1,inventoryPolicy DENY -> CONTINUE
gid://shopify/Product/15671393190219,sculpted-by-aimee-shape-set-brow-pencil-fixing-gel-medium-brown,Sculpted By Aimee Shape & Set Brow Pencil & Fixing Gel (Medium Brown),ACTIVE,gid://shopify/ProductVariant/57051219788107,0796548963067,True,DENY,1,inventoryPolicy DENY -> CONTINUE
gid://shopify/Product/15671393452363,uriage-1st-change-nappy-cream-100ml,Uriage 1St Change Nappy Cream 100Ml,ACTIVE,gid://shopify/ProductVariant/57051220050251,3661434008597,True,DENY,1,inventoryPolicy DENY -> CONTINUE
gid://shopify/Product/15671393517899,revive-active-tropical-6-month-supply-180-sachets,Revive Active Tropical 6 Month Supply - 180 Sachets,ACTIVE,gid://shopify/ProductVariant/57051220115787,revivetropbundle1,True,DENY,1,inventoryPolicy DENY -> CONTINUE
gid://shopify/Product/15671393616203,optibac-for-pregnancy,Optibac For Pregnancy,ACTIVE,gid://shopify/ProductVariant/57051220312395,5060086610956,True,DENY,1,inventoryPolicy DENY -> CONTINUE
gid://shopify/Product/15671393681739,paco-rabanne-olympea-ladies-50ml-edp-spr,Paco Rabanne Olympea Ladies 50Ml Edp Spr,ACTIVE,gid://shopify/ProductVariant/57051220377931,3349668528660,True,DENY,1,inventoryPolicy DENY -> CONTINUE
gid://shopify/Product/15671393943883,vitabiotics-wellten-her-plus-13-19-years,Vitabiotics Wellten Her Plus 13-19 Years,ACTIVE,gid://shopify/ProductVariant/57051220640075,7027265247332,True,DENY,1,inventoryPolicy DENY -> CONTINUE
gid://shopify/Product/15671394435403,vitabiotics-pregnacare-original-30pk,Vitabiotics Pregnacare Original 30Pk,ACTIVE,gid://shopify/ProductVariant/57051221164363,5010058089785,True,DENY,1,inventoryPolicy DENY -> CONTINUE
gid://shopify/Product/15671394533707,tepe-g4104-pink-0-4mm-6pk,Tepe G4104 Pink 0.4Mm 6Pk,ACTIVE,gid://shopify/ProductVariant/57051221262667,7317400015279,True,DENY,1,inventoryPolicy DENY -> CONTINUE
gid://shopify/Product/15671394566475,garnier-ultimate-blends-smoothing-hair-food-coconut-macadamia-3-in-1-hair-mask,Garnier Ultimate Blends Smoothing Hair Food Coconut & Macadamia 3 In 1 Hair Mask,ACTIVE,gid://shopify/ProductVariant/57051221295435,3600542231589,True,DENY,1,inventoryPolicy DENY -> CONTINUE
gid://shopify/Product/15671394599243,pestle-mortar-essentials-sensitive-skin-rescue-kit,Pestle & Mortar Essentials Sensitive Skin Rescue Kit,ACTIVE,gid://shopify/ProductVariant/57051221328203,855717008043,True,DENY,1,inventoryPolicy DENY -> CONTINUE
gid://shopify/Product/15671394632011,optibac-s-boulardii-16-pk,Optibac S.Boulardii (16 Pk),ACTIVE,gid://shopify/ProductVariant/57051221360971,5060086610116,True,DENY,1,inventoryPolicy DENY -> CONTINUE
gid://shopify/Product/15671394697547,sudocrem-tub-125g,Sudocrem Tub 125G,ACTIVE,gid://shopify/ProductVariant/57051221426507,5011025014007,True,DENY,1,inventoryPolicy DENY -> CONTINUE
gid://shopify/Product/15671394828619,chroma-cover-luminous-foundation-c2,Chroma Cover Luminous Foundation - C2,ACTIVE,gid://shopify/ProductVariant/57051221786955,5060907056161,True,DENY,1,inventoryPolicy DENY -> CONTINUE
gid://shopify/Product/15671394959691,luna-filter-finish-naturally-matte-foundation-medium,Luna Filter Finish Naturally Matte Foundation - Medium,ACTIVE,gid://shopify/ProductVariant/57051221918027,Lunamattemedium,True,DENY,1,inventoryPolicy DENY -> CONTINUE
gid://shopify/Product/15671395123531,bperfect-katie-daley-perfect-powder-candyfloss,Bperfect Katie Daley Perfect Powder Candyfloss,ACTIVE,gid://shopify/ProductVariant/57051222409547,5061007282917,True,DENY,1,inventoryPolicy DENY -> CONTINUE
gid://shopify/Product/15671395352907,aveeno-300ml-moist-creamy-oil-pump,Aveeno 300Ml Moist Creamy Oil Pump,ACTIVE,gid://shopify/ProductVariant/57051222638923,3574660541298,True,DENY,1,inventoryPolicy DENY -> CONTINUE
gid://shopify/Product/15671395418443,medicare-size-e-1m-tubular-supp-bandage,Medicare Size E 1M Tubular Supp Bandage,ACTIVE,gid://shopify/ProductVariant/57051222966603,5099390403121,True,DENY,1,inventoryPolicy DENY -> CONTINUE
gid://shopify/Product/15671395549515,celtic-wind-cbd-oil-5-10ml,Celtic Wind Cbd Oil 5% 10Ml,ACTIVE,gid://shopify/ProductVariant/57051223097675,700461648765,True,DENY,1,inventoryPolicy DENY -> CONTINUE
gid://shopify/Product/15671395647819,voduz-root-reviver-brown-75ml,Voduz Root Reviver Brown 75Ml,ACTIVE,gid://shopify/ProductVariant/57051223458123,voduzrootbrown,True,DENY,1,inventoryPolicy DENY -> CONTINUE
gid://shopify/Product/15671395778891,pestle-mortar-glow-drops-30mls,Pestle & Mortar Glow Drops 30Mls,ACTIVE,gid://shopify/ProductVariant/57051223589195,855238006689,True,DENY,1,inventoryPolicy DENY -> CONTINUE
gid://shopify/Product/15671395877195,solgar-vm-prime-women-90-tabs,Solgar Vm-Prime Women 90 Tabs,ACTIVE,gid://shopify/ProductVariant/57051223687499,033984329546,True,DENY,1,inventoryPolicy DENY -> CONTINUE
gid://shopify/Product/15671395942731,centrum-advance-50-60pk,Centrum Advance 50+ 60Pk,ACTIVE,gid://shopify/ProductVariant/57051223753035,5000309008177,True,DENY,1,inventoryPolicy DENY -> CONTINUE
gid://shopify/Product/15671396008267,biabelle-instant-bundle-with-blur-brush-dark,Biabelle Instant Bundle With Blur Brush- Dark,ACTIVE,gid://shopify/ProductVariant/57051223818571,biabelle40,True,DENY,1,inventoryPolicy DENY -> CONTINUE
gid://shopify/Product/15671396073803,voduz-ultimate-shine-bundle,Voduz Ultimate Shine Bundle,ACTIVE,gid://shopify/ProductVariant/57051223884107,VoduzBundle2,True,DENY,1,inventoryPolicy DENY -> CONTINUE
gid://shopify/Product/15671396139339,biabelle-shimmer-bundle-with-blur-brush-medium,Biabelle Shimmer Bundle With Blur Brush- Medium,ACTIVE,gid://shopify/ProductVariant/57051223949643,biabelle43,True,DENY,1,inventoryPolicy DENY -> CONTINUE
gid://shopify/Product/15671396204875,lemsip-max-sinus-flu-hot-lemon-10pk,Lemsip Max Sinus & Flu Hot Lemon 10Pk,ACTIVE,gid://shopify/ProductVariant/57051224015179,5000158064287,True,DENY,1,inventoryPolicy DENY -> CONTINUE
gid://shopify/Product/15671396270411,revive-active-meno-active-3-month-supply,Revive Active Meno Active -3 Month Supply,ACTIVE,gid://shopify/ProductVariant/57051224080715,menoactive1,True,DENY,1,inventoryPolicy DENY -> CONTINUE
gid://shopify/Product/15671396434251,spotlight-sonic-brush-heads-3pk,Spotlight Sonic Brush Heads 3Pk,ACTIVE,gid://shopify/ProductVariant/57051224703307,5391531560800,True,DENY,1,inventoryPolicy DENY -> CONTINUE
gid://shopify/Product/15671396499787,nurofen-child-6-200ml-spn-strawberry,Nurofen Child 6+ 200Ml Spn Strawberry,ACTIVE,gid://shopify/ProductVariant/57051224768843,5000158070202,True,DENY,1,inventoryPolicy DENY -> CONTINUE
gid://shopify/Product/15671397089611,luna-filter-finish-naturally-matte-foundation-fair,Luna Filter Finish Naturally Matte Foundation - Fair,ACTIVE,gid://shopify/ProductVariant/57051225358667,Lunamattefair,True,DENY,1,inventoryPolicy DENY -> CONTINUE
gid://shopify/Product/15671397318987,voduz-healthy-hair-bundle,Voduz Healthy Hair Bundle,ACTIVE,gid://shopify/ProductVariant/57051225686347,voduzhhbundle1,True,DENY,1,inventoryPolicy DENY -> CONTINUE
gid://shopify/Product/15671397482827,kin-gingival-mouthwash-500ml,Kin Gingival Mouthwash 500Ml,ACTIVE,gid://shopify/ProductVariant/57051225850187,8470001575883,True,DENY,1,inventoryPolicy DENY -> CONTINUE
gid://shopify/Product/15671397548363,full-impact-complete-coverage-concealer-shade-m2,Full Impact Complete Coverage Concealer Shade M2,ACTIVE,gid://shopify/ProductVariant/57051225915723,5060907054792,True,DENY,1,inventoryPolicy DENY -> CONTINUE
gid://shopify/Product/15671397613899,uriage-hyseac-fluid-spf50-50ml,Uriage Hyseac Fluid Spf50+ 50Ml,ACTIVE,gid://shopify/ProductVariant/57051225981259,3661434010057,True,DENY,1,inventoryPolicy DENY -> CONTINUE
gid://shopify/Product/15671397712203,vitabiotics-feroglobin-b12-liquid-200ml,Vitabiotics Feroglobin B12 Liquid 200Ml,ACTIVE,gid://shopify/ProductVariant/57051226079563,5010058089792,True,DENY,1,inventoryPolicy DENY -> CONTINUE
gid://shopify/Product/15671398039883,voltarol-2-extra-strength-gel-50g,Voltarol 2% Extra Strength Gel 50G,ACTIVE,gid://shopify/ProductVariant/57051226407243,5054563014238,True,DENY,1,inventoryPolicy DENY -> CONTINUE
gid://shopify/Product/15671398203723,wild-refill-mix,Wild Refill Mix,ACTIVE,gid://shopify/ProductVariant/57051226571083,wildrefillmix,True,DENY,1,inventoryPolicy DENY -> CONTINUE
gid://shopify/Product/15671398302027,tepe-g4102-red-0-5mm-6pk,Tepe G4102 Red 0.5Mm 6Pk,ACTIVE,gid://shopify/ProductVariant/57051226702155,7317400015330,True,DENY,1,inventoryPolicy DENY -> CONTINUE
gid://shopify/Product/15671398367563,sol-beauty-shower-cream-with-coconut-500ml,Sol Beauty Shower Cream With Coconut 500Ml,ACTIVE,gid://shopify/ProductVariant/57051226767691,5013692278126,True,DENY,1,inventoryPolicy DENY -> CONTINUE
gid://shopify/Product/15671398400331,uriage-bariesun-moisturizing-cream-spf-50,Uriage Bariesun Moisturizing Cream Spf 50+,ACTIVE,gid://shopify/ProductVariant/57051226800459,3661434008368,True,DENY,1,inventoryPolicy DENY -> CONTINUE
gid://shopify/Product/15671398465867,durex-play-50ml-feel-lube,Durex Play 50Ml Feel Lube,ACTIVE,gid://shopify/ProductVariant/57051226865995,5011417567623,True,DENY,1,inventoryPolicy DENY -> CONTINUE
gid://shopify/Product/15671398629707,thermacare-2pk-lower-back-hip,Thermacare 2Pk Lower Back & Hip,ACTIVE,gid://shopify/ProductVariant/57051227029835,5000309006463,True,DENY,1,inventoryPolicy DENY -> CONTINUE
gid://shopify/Product/15671398826315,udo-s-infants-blend-microbiotic-75g,Udo's Infants Blend Microbiotic 75G,ACTIVE,gid://shopify/ProductVariant/57051227619659,5391500070842,True,DENY,1,inventoryPolicy DENY -> CONTINUE
gid://shopify/Product/15671398891851,zenflore-calm,Zenflore Calm,ACTIVE,gid://shopify/ProductVariant/57051227685195,5391528870516,True,DENY,1,inventoryPolicy DENY -> CONTINUE
gid://shopify/Product/15671398957387,juvar-com-plex-bond-repair-shampoo-250ml,Juvaré Com-Plex Bond Repair Shampoo 250Ml,ACTIVE,gid://shopify/ProductVariant/57051228012875,0698596599178,True,DENY,1,inventoryPolicy DENY -> CONTINUE
gid://shopify/Product/15671399088459,medicare-instant-hot-pack,Medicare Instant Hot Pack,ACTIVE,gid://shopify/ProductVariant/57051228143947,5099390403183,True,DENY,1,inventoryPolicy DENY -> CONTINUE
gid://shopify/Product/15671399153995,nurofen-child-7-soft-chewable-caps-12pk-orange,Nurofen Child 7+ Soft Chewable Caps 12Pk Orange,ACTIVE,gid://shopify/ProductVariant/57051228209483,5000158106383,True,DENY,1,inventoryPolicy DENY -> CONTINUE
gid://shopify/Product/15671399481675,bperfect-mrs-glam-sunset-glow-gold-leaf-cream-bronze,Bperfect Mrs Glam Sunset Glow Gold Leaf Cream Bronze,ACTIVE,gid://shopify/ProductVariant/57051228537163,5061045650938,True,DENY,1,inventoryPolicy DENY -> CONTINUE
gid://shopify/Product/15671399612747,voduz-cleanse-it-re-energising-shampoo-300ml,Voduz Cleanse It Re-Energising Shampoo 300Ml,ACTIVE,gid://shopify/ProductVariant/57051228701003,voduzcleanseshampoo1,True,DENY,1,inventoryPolicy DENY -> CONTINUE
gid://shopify/Product/15671399711051,braggs-apple-cid-vin-946ml,Braggs Apple Cid Vin 946Ml,ACTIVE,gid://shopify/ProductVariant/57051228766539,074305701320,True,DENY,1,inventoryPolicy DENY -> CONTINUE
gid://shopify/Product/15671399809355,revive-active-original-210-sachets-7-months-supply,Revive Active Original 210 Sachets 7 Months Supply,ACTIVE,gid://shopify/ProductVariant/57051228864843,REV7MN259,True,DENY,1,inventoryPolicy DENY -> CONTINUE
gid://shopify/Product/15671399874891,j-j-cotton-pads-50pk,J&J Cotton Pads 50Pk,ACTIVE,gid://shopify/ProductVariant/57051228930379,3574660537659,True,DENY,1,inventoryPolicy DENY -> CONTINUE
gid://shopify/Product/15671400038731,zovirax-cream-pump-2g,Zovirax Cream Pump 2G,ACTIVE,gid://shopify/ProductVariant/57051229094219,5099211001871,True,DENY,1,inventoryPolicy DENY -> CONTINUE
gid://shopify/Product/15671400137035,sambucol-tonic-for-kids-120ml,Sambucol Tonic For Kids 120Ml,ACTIVE,gid://shopify/ProductVariant/57051229192523,5060216560168,True,DENY,1,inventoryPolicy DENY -> CONTINUE
gid://shopify/Product/15671400333643,sculpted-hydralip-berry,Sculpted Hydralip - Berry,ACTIVE,gid://shopify/ProductVariant/57051229847883,0754590489423,True,DENY,1,inventoryPolicy DENY -> CONTINUE
gid://shopify/Product/15671400366411,solgar-gentle-iron-20mg-90cap,Solgar Gentle Iron 20Mg 90Cap,ACTIVE,gid://shopify/ProductVariant/57051229880651,033984012493,True,DENY,1,inventoryPolicy DENY -> CONTINUE
gid://shopify/Product/15671400399179,dove-advanced-care-gentle-scrub-body-wash-225ml,Dove Advanced Care Gentle Scrub Body Wash 225Ml,ACTIVE,gid://shopify/ProductVariant/57051229913419,8720181462863,True,DENY,1,inventoryPolicy DENY -> CONTINUE
gid://shopify/Product/15671400497483,burberry-touch-mens-100ml-edt-spr,Burberry Touch Mens 100Ml Edt Spr,ACTIVE,gid://shopify/ProductVariant/57051230470475,5045252648988,True,DENY,1,inventoryPolicy DENY -> CONTINUE
gid://shopify/Product/15671400563019,luna-filter-finish-silk-foundation-medium-plus,Luna Filter Finish Silk Foundation - Medium Plus,ACTIVE,gid://shopify/ProductVariant/57051230536011,lunamediumplussilk,True,DENY,1,inventoryPolicy DENY -> CONTINUE
gid://shopify/Product/15671400694091,midnight-fantasy-ladies-100ml-edp-spr,Midnight Fantasy Ladies 100Ml Edp Spr,ACTIVE,gid://shopify/ProductVariant/57051230667083,719346094665,True,DENY,1,inventoryPolicy DENY -> CONTINUE
gid://shopify/Product/15671400792395,dax-wax-purple-super-neat,Dax Wax Purple Super Neat,ACTIVE,gid://shopify/ProductVariant/57051230765387,077315000049,True,DENY,1,inventoryPolicy DENY -> CONTINUE
gid://shopify/Product/15671400890699,the-handmade-soap-company-bitter-orange-pink-pepper-shower-gel-250ml,The Handmade Soap Company Bitter Orange & Pink Pepper Shower Gel 250Ml,ACTIVE,gid://shopify/ProductVariant/57051230961995,5391520236372,True,DENY,1,inventoryPolicy DENY -> CONTINUE
gid://shopify/Product/15671400956235,uriage-bariesun-water-resistant-sensitive-areas-stick,Uriage Bariesun Water Resistant Sensitive Areas Stick,ACTIVE,gid://shopify/ProductVariant/57051231027531,3661434008924,True,DENY,1,inventoryPolicy DENY -> CONTINUE
gid://shopify/Product/15671401120075,hugo-deep-red-ladies-90ml-edp-spr,Hugo Deep Red Ladies 90Ml Edp Spr,ACTIVE,gid://shopify/ProductVariant/57051231191371,0737052683553,True,DENY,1,inventoryPolicy DENY -> CONTINUE
gid://shopify/Product/15671401185611,sculpted-hydralip-mauve,Sculpted Hydralip - Mauve,ACTIVE,gid://shopify/ProductVariant/57051231256907,0754590489454,True,DENY,1,inventoryPolicy DENY -> CONTINUE
gid://shopify/Product/15671401546059,benylin-child-125ml-chesty-n-d,Benylin Child 125Ml Chesty N/D,ACTIVE,gid://shopify/ProductVariant/57051231715659,5010123705404,True,DENY,1,inventoryPolicy DENY -> CONTINUE
gid://shopify/Product/15671401611595,ella-jo-brighten-and-glow-hydrating-exfoliating-cleanser,Ella & Jo Brighten And Glow Hydrating Exfoliating Cleanser,ACTIVE,gid://shopify/ProductVariant/57051231781195,5392000189386,True,DENY,1,inventoryPolicy DENY -> CONTINUE
gid://shopify/Product/15671401906507,water-wipes-60-wipes-12-pack,Water Wipes 60 Wipes - 12 Pack,ACTIVE,gid://shopify/ProductVariant/57051232272715,waterwipes,True,DENY,1,inventoryPolicy DENY -> CONTINUE
gid://shopify/Product/15671402004811,sculpted-cream-cushion-foundation-6n,Sculpted Cream Cushion Foundation 6N,ACTIVE,gid://shopify/ProductVariant/57051232371019,5391548381771,True,DENY,1,inventoryPolicy DENY -> CONTINUE
gid://shopify/Product/15671402168651,bperfect-instant-bronze-boost-gel-drops,Bperfect Instant Bronze Boost Gel Drops,ACTIVE,gid://shopify/ProductVariant/57051232665931,5060806567140,True,DENY,1,inventoryPolicy DENY -> CONTINUE
gid://shopify/Product/15671402332491,sona-thiamin-100mg-60pk,Sona Thiamin 100Mg 60Pk,ACTIVE,gid://shopify/ProductVariant/57051232829771,5390612000426,True,DENY,1,inventoryPolicy DENY -> CONTINUE
gid://shopify/Product/15671402529099,got2b-glued,Got2b Glued,ACTIVE,gid://shopify/ProductVariant/57051233124683,5012583210900,True,DENY,1,inventoryPolicy DENY -> CONTINUE
gid://shopify/Product/15671402660171,the-belle-bobbin-original-style-3-pk,The Belle Bobbin - Original Style 3 Pk,ACTIVE,gid://shopify/ProductVariant/57051233255755,5391532760551,True,DENY,1,inventoryPolicy DENY -> CONTINUE
gid://shopify/Product/15671402758475,pestle-mortar-essentials-sensitive-body-rescue-kit,Pestle&Mortar Essentials Sensitive Body Rescue Kit,ACTIVE,gid://shopify/ProductVariant/57051233354059,855238006733,True,DENY,1,inventoryPolicy DENY -> CONTINUE
gid://shopify/Product/15671402856779,skingredients-skin-veg-hylauronic-acid-hydrating-serum-45ml-primary,Skingredients Skin Veg Hylauronic Acid Hydrating Serum 45Ml Primary,ACTIVE,gid://shopify/ProductVariant/57051233452363,634240001635,True,DENY,1,inventoryPolicy DENY -> CONTINUE
gid://shopify/Product/15671402922315,aveeno-200ml-dly-moist-lotion,Aveeno 200Ml Dly Moist Lotion,ACTIVE,gid://shopify/ProductVariant/57051233517899,3574660123425,True,DENY,1,inventoryPolicy DENY -> CONTINUE
gid://shopify/Product/15671403020619,biabelle-bronze-obsession-bundle-medium,Biabelle Bronze Obsession Bundle- Medium,ACTIVE,gid://shopify/ProductVariant/57051233616203,biabelle6,True,DENY,1,inventoryPolicy DENY -> CONTINUE
gid://shopify/Product/15671403086155,tommee-tippee-essential-baby-nail-clippers-0m-1pk,Tommee Tippee Essential Baby Nail Clippers 0M+ 1Pk,ACTIVE,gid://shopify/ProductVariant/57051233681739,5010415331281,True,DENY,1,inventoryPolicy DENY -> CONTINUE
gid://shopify/Product/15671403217227,skingredients-skin-shield-mosturising-and-priming-spf-50-pa-primary,Skingredients Skin Shield Mosturising And Priming Spf 50 Pa+++ Primary,ACTIVE,gid://shopify/ProductVariant/57051233812811,634240001673,True,DENY,1,inventoryPolicy DENY -> CONTINUE
gid://shopify/Product/15671403249995,voduz-illuminating-conditioner-300ml,Voduz Illuminating Conditioner 300Ml,ACTIVE,gid://shopify/ProductVariant/57051233845579,5060938583247,True,DENY,1,inventoryPolicy DENY -> CONTINUE
gid://shopify/Product/15671403348299,pestle-mortar-essentials-body-cream-500ml,Pestle & Mortar Essentials Body Cream 500Ml,ACTIVE,gid://shopify/ProductVariant/57051233943883,855238007006,True,DENY,1,inventoryPolicy DENY -> CONTINUE
gid://shopify/Product/15671403512139,pestle-mortar-superstar-retil-night-oil-30ml,Pestle & Mortar Superstar Retinol Night Oil 30Ml,ACTIVE,gid://shopify/ProductVariant/57051234206027,855238006269,True,DENY,1,inventoryPolicy DENY -> CONTINUE
gid://shopify/Product/15671403610443,uriage-hyseac-3-regul-global-skincare-40ml,Uriage Hyseac 3 Regul Global Skincare 40Ml,ACTIVE,gid://shopify/ProductVariant/57051234402635,3661434009648,True,DENY,1,inventoryPolicy DENY -> CONTINUE
gid://shopify/Product/15671403643211,alka-seltzer-10pk-lemon,Alka Seltzer 10Pk Lemon,ACTIVE,gid://shopify/ProductVariant/57051234435403,5010605920011,True,DENY,1,inventoryPolicy DENY -> CONTINUE
gid://shopify/Product/15671403741515,declar-soft-peeling-extra-gentle-exfoliant-100ml,Declaré Soft Peeling Extra Gentle Exfoliant 100Ml,ACTIVE,gid://shopify/ProductVariant/57051235090763,9007867005149,True,DENY,1,inventoryPolicy DENY -> CONTINUE
gid://shopify/Product/15671403872587,lemsip-max-cold-flu-hot-lemon-10pk,Lemsip Max Cold & Flu Hot Lemon 10Pk,ACTIVE,gid://shopify/ProductVariant/57051235221835,5000158070462,True,DENY,1,inventoryPolicy DENY -> CONTINUE
gid://shopify/Product/15671403938123,luna-by-lisa-foundation-brush,Luna By Lisa Foundation Brush,ACTIVE,gid://shopify/ProductVariant/57051235385675,5391532521213,True,DENY,1,inventoryPolicy DENY -> CONTINUE
gid://shopify/Product/15671404003659,eucerin-urearepair-plus-hand-cream,Eucerin Urearepair Plus Hand Cream,ACTIVE,gid://shopify/ProductVariant/57051235451211,4005800168642,True,DENY,1,inventoryPolicy DENY -> CONTINUE
gid://shopify/Product/15671404069195,nurofen-child-strawberry-oral-suspension-w-spoon-200ml,Nurofen Child Strawberry Oral Suspension W/Spoon 200Ml,ACTIVE,gid://shopify/ProductVariant/57051235516747,5000158069848,True,DENY,1,inventoryPolicy DENY -> CONTINUE
gid://shopify/Product/15671404200267,luna-filter-finish-naturally-matte-foundation-medium-plus,Luna Filter Finish Naturally Matte Foundation - Medium Plus,ACTIVE,gid://shopify/ProductVariant/57051235647819,Lunamattemediumplus,True,DENY,1,inventoryPolicy DENY -> CONTINUE
gid://shopify/Product/15671404265803,berocca-boost-30pk-eff,Berocca Boost 30Pk Eff,ACTIVE,gid://shopify/ProductVariant/57051235975499,5010605952098,True,DENY,1,inventoryPolicy DENY -> CONTINUE
gid://shopify/Product/15671404364107,bio-kult-caps-30pk,Bio-Kult Caps 30Pk,ACTIVE,gid://shopify/ProductVariant/57051236204875,5027314502773,True,DENY,1,inventoryPolicy DENY -> CONTINUE
gid://shopify/Product/15671404495179,bperfect-flawless-base-bundle,Bperfect Flawless Base Bundle,ACTIVE,gid://shopify/ProductVariant/57051236335947,bperfectbundle1,True,DENY,1,inventoryPolicy DENY -> CONTINUE
gid://shopify/Product/15671404560715,medicare-female-heel-cushion-2-s,Medicare Female Heel Cushion 2'S,ACTIVE,gid://shopify/ProductVariant/57051236532555,5099390407952,True,DENY,1,inventoryPolicy DENY -> CONTINUE
gid://shopify/Product/15671404593483,feel-ultimate-bumper-gift-pack,Feel Ultimate Bumper Gift Pack,ACTIVE,gid://shopify/ProductVariant/57051236565323,5025970014845,True,DENY,1,inventoryPolicy DENY -> CONTINUE
gid://shopify/Product/15671404626251,daktarin-2-powder-20g,Daktarin 2% Powder 20G,ACTIVE,gid://shopify/ProductVariant/57051236598091,5099467000079,True,DENY,1,inventoryPolicy DENY -> CONTINUE
gid://shopify/Product/15671404659019,alflorex-precision-biotics-3-month-supply,Alflorex Precision Biotics-3 Month Supply,ACTIVE,gid://shopify/ProductVariant/57051236630859,5392000067418,True,DENY,1,inventoryPolicy DENY -> CONTINUE
gid://shopify/Product/15671404691787,pestle-mortar-recover-eye-cream-15ml,Pestle & Mortar Recover Eye Cream 15Ml,ACTIVE,gid://shopify/ProductVariant/57051236663627,856149007642,True,DENY,1,inventoryPolicy DENY -> CONTINUE
gid://shopify/Product/15671404855627,gucci-guilty-pour-femme-50ml-2pc-gift-set,Gucci Guilty Pour Femme 50Ml 2Pc Gift Set,ACTIVE,gid://shopify/ProductVariant/57051236958539,3616303784805,True,DENY,1,inventoryPolicy DENY -> CONTINUE
gid://shopify/Product/15671404921163,nicorette-icy-white-4mg-30pk,Nicorette Icy White 4Mg 30Pk,ACTIVE,gid://shopify/ProductVariant/57051237024075,3574661146928,True,DENY,1,inventoryPolicy DENY -> CONTINUE
gid://shopify/Product/15671404953931,revive-active-junior-20pk,Revive Active Junior 20Pk,ACTIVE,gid://shopify/ProductVariant/57051237056843,0735850563565,True,DENY,1,inventoryPolicy DENY -> CONTINUE
gid://shopify/Product/15671405019467,rowarolan-powder-20g,Rowarolan Powder 20G,ACTIVE,gid://shopify/ProductVariant/57051237122379,5390387015014,True,DENY,1,inventoryPolicy DENY -> CONTINUE
gid://shopify/Product/15671405085003,cocoa-brown-1hr-tan-mousse-150ml-dark,Cocoa Brown 1Hr Tan Mousse 150Ml Dark,ACTIVE,gid://shopify/ProductVariant/57051237187915,5391018043017,True,DENY,1,inventoryPolicy DENY -> CONTINUE
gid://shopify/Product/15671405117771,nurofen-tablets-24pk,Nurofen Tablets 24Pk,ACTIVE,gid://shopify/ProductVariant/57051237220683,5000158102255,True,DENY,1,inventoryPolicy DENY -> CONTINUE
gid://shopify/Product/15671405150539,coral-massage-sponge-3pk,Coral Massage Sponge 3Pk,ACTIVE,gid://shopify/ProductVariant/57051237253451,5011597008299,True,DENY,1,inventoryPolicy DENY -> CONTINUE
gid://shopify/Product/15671405183307,garnier-olia-4-0-dark-brown-no-ammonia-permanent-hair-dye,Garnier Olia 4.0 Dark Brown No Ammonia Permanent Hair Dye,ACTIVE,gid://shopify/ProductVariant/57051237286219,3600541238626,True,DENY,1,inventoryPolicy DENY -> CONTINUE
gid://shopify/Product/15671405248843,bperfect-skin-studio-hydro-burst-eye-gel-13ml,Bperfect Skin Studio Hydro Burst Eye Gel 13Ml,ACTIVE,gid://shopify/ProductVariant/57051237351755,5061007284164,True,DENY,1,inventoryPolicy DENY -> CONTINUE
gid://shopify/Product/15671405314379,colpermin-caps-20pk,Colpermin Caps 20Pk,ACTIVE,gid://shopify/ProductVariant/57051237515595,5012882006501,True,DENY,1,inventoryPolicy DENY -> CONTINUE
gid://shopify/Product/15671405347147,prime-eyes-cream-shadow-sticks-pearl-vanilla,Prime Eyes Cream Shadow Sticks (Pearl Vanilla),ACTIVE,gid://shopify/ProductVariant/57051237548363,0754590489263,True,DENY,1,inventoryPolicy DENY -> CONTINUE
gid://shopify/Product/15671405576523,sculpted-brighten-define-eyeliner-duo-nude-black,Sculpted Brighten & Define Eyeliner Duo - Nude/Black,ACTIVE,gid://shopify/ProductVariant/57051237974347,0754590360104,True,DENY,1,inventoryPolicy DENY -> CONTINUE
gid://shopify/Product/15671405674827,tepe-g4100-yellow-0-7mm-6pk,Tepe G4100 Yellow 0.7Mm 6Pk,ACTIVE,gid://shopify/ProductVariant/57051238269259,7317400015392,True,DENY,1,inventoryPolicy DENY -> CONTINUE
gid://shopify/Product/15671405773131,uriage-age-lift-smoothing-eye-care,Uriage Age Lift Smoothing Eye Care,ACTIVE,gid://shopify/ProductVariant/57051238400331,3661434009211,True,DENY,1,inventoryPolicy DENY -> CONTINUE
gid://shopify/Product/15671405871435,halls-soothers-blackcurrant,Halls Soothers Blackcurrant,ACTIVE,gid://shopify/ProductVariant/57051238498635,5010455063142,True,DENY,1,inventoryPolicy DENY -> CONTINUE
gid://shopify/Product/15671405904203,durex-extra-safe-12pk,Durex Extra Safe 12Pk,ACTIVE,gid://shopify/ProductVariant/57051238531403,5052197045215,True,DENY,1,inventoryPolicy DENY -> CONTINUE
gid://shopify/Product/15671405936971,sculpted-satin-silk-longwear-foundation-rich,Sculpted Satin Silk Longwear Foundation - Rich,ACTIVE,gid://shopify/ProductVariant/57051238564171,satinsilkrich,True,DENY,1,inventoryPolicy DENY -> CONTINUE
gid://shopify/Product/15671405969739,murine-dry-tired-drops-15ml,Murine Dry & Tired Drops 15Ml,ACTIVE,gid://shopify/ProductVariant/57051238596939,5060018880181,True,DENY,1,inventoryPolicy DENY -> CONTINUE
gid://shopify/Product/15671406035275,compeed-blister-underfoot-5pk,Compeed Blister Underfoot 5Pk,ACTIVE,gid://shopify/ProductVariant/57051238662475,3574660559859,True,DENY,1,inventoryPolicy DENY -> CONTINUE
gid://shopify/Product/15671406166347,juvar-com-plex-blonde-toning-shampoo-250ml,Juvaré Com-Plex Blonde-Toning Shampoo 250Ml,ACTIVE,gid://shopify/ProductVariant/57051238793547,0698596599185,True,DENY,1,inventoryPolicy DENY -> CONTINUE
gid://shopify/Product/15671406231883,fabu-focus-brain-60pk,Fabu Focus Brain 60Pk,ACTIVE,gid://shopify/ProductVariant/57051238859083,3743184122799,True,DENY,1,inventoryPolicy DENY -> CONTINUE
gid://shopify/Product/15671406362955,wild-coconut-starter-pack-with-refill-mix-5,Wild Coconut Starter Pack With Refill Mix 5,ACTIVE,gid://shopify/ProductVariant/57051239153995,wild20mix,True,DENY,1,inventoryPolicy DENY -> CONTINUE
gid://shopify/Product/15671406395723,seoulista-beauty-charcoal-detox-instant-facial-mask,Seoulista Beauty Charcoal Detox Instant Facial Mask,ACTIVE,gid://shopify/ProductVariant/57051239186763,5060524850005,True,DENY,1,inventoryPolicy DENY -> CONTINUE
gid://shopify/Product/15671406592331,treat-yo-self-zero-fizz-mega-800g-pouch,Treat Yo Self Zero Fizz Mega 800G Pouch,ACTIVE,gid://shopify/ProductVariant/57051239383371,TYS800ZF,True,DENY,1,inventoryPolicy DENY -> CONTINUE
gid://shopify/Product/15671406887243,double-glazed-high-shine-gloss-salted-caramel,Double Glazed High Shine Gloss Salted Caramel,ACTIVE,gid://shopify/ProductVariant/57051239809355,793618107147,True,DENY,1,inventoryPolicy DENY -> CONTINUE
gid://shopify/Product/15671407214923,biabelle-tan-bundle-with-instant-dark,Biabelle Tan Bundle With Instant- Dark,ACTIVE,gid://shopify/ProductVariant/57051240366411,biabelle30,True,DENY,1,inventoryPolicy DENY -> CONTINUE
gid://shopify/Product/15671407313227,wild-coconut-starter-pack-with-refill-mix-3,Wild Coconut Starter Pack With Refill Mix 3,ACTIVE,gid://shopify/ProductVariant/57051240595787,wild10mix,True,DENY,1,inventoryPolicy DENY -> CONTINUE
gid://shopify/Product/15671407411531,panadol-extra-soluble-24pk,Panadol Extra Soluble 24Pk,ACTIVE,gid://shopify/ProductVariant/57051240726859,5011080137772,True,DENY,1,inventoryPolicy DENY -> CONTINUE
gid://shopify/Product/15671407477067,luna-filter-finish-concealer-sand,Luna Filter Finish Concealer -Sand,ACTIVE,gid://shopify/ProductVariant/57051240792395,lunasand,True,DENY,1,inventoryPolicy DENY -> CONTINUE
gid://shopify/Product/15671407608139,uriage-bariederm-repairing-cica-cream-100ml,Uriage Bariederm Repairing Cica Cream 100Ml,ACTIVE,gid://shopify/ProductVariant/57051240923467,3661434004742,True,DENY,1,inventoryPolicy DENY -> CONTINUE
gid://shopify/Product/15671407739211,uriage-eau-thermale-light-water-cream-spf20-40ml,Uriage Eau Thermale Light Water Cream Spf20 40Ml,ACTIVE,gid://shopify/ProductVariant/57051241021771,3661434005039,True,DENY,1,inventoryPolicy DENY -> CONTINUE
gid://shopify/Product/15671407870283,sculpted-cream-cushion-foundation-5w,Sculpted Cream Cushion Foundation 5W,ACTIVE,gid://shopify/ProductVariant/57051241316683,5391548381719,True,DENY,1,inventoryPolicy DENY -> CONTINUE
gid://shopify/Product/15671407903051,skingredients-skin-protein-anti-ageing-retinoid-serum-45ml-refill,Skingredients Skin Protein Anti-Ageing Retinoid Serum 45Ml Refill,ACTIVE,gid://shopify/ProductVariant/57051241349451,634240001666,True,DENY,1,inventoryPolicy DENY -> CONTINUE
gid://shopify/Product/15671407935819,halls-soothers-peach-raspberry,Halls Soothers Peach & Raspberry,ACTIVE,gid://shopify/ProductVariant/57051241382219,5034660508021,True,DENY,1,inventoryPolicy DENY -> CONTINUE
gid://shopify/Product/15671407968587,uriage-xemose-lipid-replenishing-anti-irritation-cream-200ml,Uriage Xemose Lipid Replenishing Anti Irritation Cream 200Ml,ACTIVE,gid://shopify/ProductVariant/57051241414987,3661434004834,True,DENY,1,inventoryPolicy DENY -> CONTINUE
gid://shopify/Product/15671408066891,jimmy-choo-rose-passion-60ml-2pc-gift-set,Jimmy Choo Rose Passion 60Ml 2Pc Gift Set,ACTIVE,gid://shopify/ProductVariant/57051241644363,3386460142670,True,DENY,1,inventoryPolicy DENY -> CONTINUE
gid://shopify/Product/15671408099659,declar-hydro-energy-moisture-boost-cream-gel-50ml,Declaré Hydro Energy Moisture Boost Cream-Gel 50Ml,ACTIVE,gid://shopify/ProductVariant/57051241677131,9007867003800,True,DENY,1,inventoryPolicy DENY -> CONTINUE
gid://shopify/Product/15671408165195,gaviscon-extra-150ml-mint,Gaviscon Extra 150Ml Mint,ACTIVE,gid://shopify/ProductVariant/57051241709899,5000158067882,True,DENY,1,inventoryPolicy DENY -> CONTINUE
gid://shopify/Product/15671408296267,jenny-glow-belle-inspired-by-lancome-la-vie-est-belle-30ml,Jenny Glow Belle Inspired By Lancome La Vie Est Belle 30Ml,ACTIVE,gid://shopify/ProductVariant/57051241972043,6294015136876,True,DENY,1,inventoryPolicy DENY -> CONTINUE
gid://shopify/Product/15671408492875,carmex-cherry-pot-7-5g-spf15,Carmex Cherry Pot 7.5G Spf15,ACTIVE,gid://shopify/ProductVariant/57051242266955,083078415303,True,DENY,1,inventoryPolicy DENY -> CONTINUE
gid://shopify/Product/15671408525643,umbro-ice-2-piece-gift-set,Umbro Ice 2 Piece Gift Set,ACTIVE,gid://shopify/ProductVariant/57051242299723,5013692278362,True,DENY,1,inventoryPolicy DENY -> CONTINUE
gid://shopify/Product/15671408591179,medicare-size-f-1m-tubular-supp-bandage,Medicare Size F 1M Tubular Supp Bandage,ACTIVE,gid://shopify/ProductVariant/57051242463563,5099390403138,True,DENY,1,inventoryPolicy DENY -> CONTINUE
gid://shopify/Product/15671408656715,skingredients-15-vit-c-e-tri-mushroom-serum-30ml,"Skingredients 15% Vit C, E + Tri-Mushroom Serum 30Ml",ACTIVE,gid://shopify/ProductVariant/57051242529099,0634240328466,True,DENY,1,inventoryPolicy DENY -> CONTINUE
gid://shopify/Product/15671408689483,mediform-conforming-5cmx4m,Mediform Conforming 5Cmx4m,ACTIVE,gid://shopify/ProductVariant/57051242561867,5099390404203,True,DENY,1,inventoryPolicy DENY -> CONTINUE
gid://shopify/Product/15671408722251,gaviscon-aniseed-liquid-600ml,Gaviscon Aniseed Liquid 600Ml,ACTIVE,gid://shopify/ProductVariant/57051242594635,5000158065932,True,DENY,1,inventoryPolicy DENY -> CONTINUE
gid://shopify/Product/15671408820555,pestle-mortar-balance-spritz-80ml,Pestle & Mortar Balance Spritz 80Ml,ACTIVE,gid://shopify/ProductVariant/57051242692939,855717008005,True,DENY,1,inventoryPolicy DENY -> CONTINUE
gid://shopify/Product/15671408951627,buplex-ibuprofen-400mg-tabs-24pk,Buplex Ibuprofen 400Mg Tabs 24Pk,ACTIVE,gid://shopify/ProductVariant/57051242824011,5690528279184,True,DENY,1,inventoryPolicy DENY -> CONTINUE
gid://shopify/Product/15671408984395,fleaway-plus-large-dog,Fleaway Plus Large Dog,ACTIVE,gid://shopify/ProductVariant/57051242856779,5099299224964,True,DENY,1,inventoryPolicy DENY -> CONTINUE
gid://shopify/Product/15671409049931,macushield-caps-90pk,Macushield Caps 90Pk,ACTIVE,gid://shopify/ProductVariant/57051242922315,5036631001500,True,DENY,1,inventoryPolicy DENY -> CONTINUE
gid://shopify/Product/15671409082699,biabelle-instant-bundle-with-blur-brush-medium,Biabelle Instant Bundle With Blur Brush- Medium,ACTIVE,gid://shopify/ProductVariant/57051242955083,biabelle41,True,DENY,1,inventoryPolicy DENY -> CONTINUE
gid://shopify/Product/15671409213771,lyclear-cream-rinse-1-59ml-2pk,Lyclear Cream Rinse 1% 59Ml 2Pk,ACTIVE,gid://shopify/ProductVariant/57051243544907,5012616172403,True,DENY,1,inventoryPolicy DENY -> CONTINUE
gid://shopify/Product/15671409246539,eucerin-10-urea-foot-cream,Eucerin 10% Urea Foot Cream,ACTIVE,gid://shopify/ProductVariant/57051243577675,40058000361011,True,DENY,1,inventoryPolicy DENY -> CONTINUE
gid://shopify/Product/15671409312075,tepe-g4101-blue-0-6mm-6pk,Tepe G4101 Blue 0.6Mm 6Pk,ACTIVE,gid://shopify/ProductVariant/57051243741515,7317400015361,True,DENY,1,inventoryPolicy DENY -> CONTINUE
gid://shopify/Product/15671409541451,cl-ear-olive-oil-ear-drops,Cl-Ear Olive Oil Ear Drops,ACTIVE,gid://shopify/ProductVariant/57051244167499,5060133373902,True,DENY,1,inventoryPolicy DENY -> CONTINUE
gid://shopify/Product/15671409574219,tampax-compax-pearl-super-18,Tampax Compax Pearl Super 18,ACTIVE,gid://shopify/ProductVariant/57051244200267,4015400690405,True,DENY,1,inventoryPolicy DENY -> CONTINUE
gid://shopify/Product/15671409606987,sculpted-tint-glow-skin-enhancer-3-0,Sculpted Tint & Glow Skin Enhancer 3.0,ACTIVE,gid://shopify/ProductVariant/57051244233035,794712490418,True,DENY,1,inventoryPolicy DENY -> CONTINUE
gid://shopify/Product/15671409639755,medicare-neoprene-thumb-stall-medium,Medicare Neoprene Thumb Stall Medium,ACTIVE,gid://shopify/ProductVariant/57051244265803,5099390412055,True,DENY,1,inventoryPolicy DENY -> CONTINUE
gid://shopify/Product/15671409672523,rs-epsom-salts-250g,Rs Epsom Salts 250G,ACTIVE,gid://shopify/ProductVariant/57051244298571,5099172220151,True,DENY,1,inventoryPolicy DENY -> CONTINUE
gid://shopify/Product/15671409705291,batiste-200ml-dark-deep-brown,Batiste 200Ml Dark & Deep Brown,ACTIVE,gid://shopify/ProductVariant/57051244331339,5010724527443,True,DENY,1,inventoryPolicy DENY -> CONTINUE
gid://shopify/Product/15671409738059,sculpted-second-skin-light-matte-3-0,Sculpted Second Skin Light Matte 3.0,ACTIVE,gid://shopify/ProductVariant/57051244364107,793591414935,True,DENY,1,inventoryPolicy DENY -> CONTINUE
gid://shopify/Product/15671409770827,nivea-sun-protect-moisture-sun-lotion-spf30-200ml,Nivea Sun Protect & Moisture Sun Lotion Spf30 200Ml,ACTIVE,gid://shopify/ProductVariant/57051244396875,4005808423040,True,DENY,1,inventoryPolicy DENY -> CONTINUE
gid://shopify/Product/15671409803595,medicare-weekly-pill-pack,Medicare Weekly Pill Pack,ACTIVE,gid://shopify/ProductVariant/57051244429643,5099390412789,True,DENY,1,inventoryPolicy DENY -> CONTINUE
gid://shopify/Product/15671409836363,nivea-sun-protect-moisture-sun-spray-spf50-200ml,Nivea Sun Protect & Moisture Sun Spray Spf50+ 200Ml,ACTIVE,gid://shopify/ProductVariant/57051244495179,4005808856695,True,DENY,1,inventoryPolicy DENY -> CONTINUE
gid://shopify/Product/15671409934667,seven-seas-cod-liver-oil-150ml,Seven Seas Cod Liver Oil 150Ml,ACTIVE,gid://shopify/ProductVariant/57051244691787,5012335887503,True,DENY,1,inventoryPolicy DENY -> CONTINUE
gid://shopify/Product/15671409967435,sculpted-second-skin-medium-plus-dewy-4-5,Sculpted Second Skin Medium Plus Dewy 4.5,ACTIVE,gid://shopify/ProductVariant/57051244724555,793591414751,True,DENY,1,inventoryPolicy DENY -> CONTINUE
gid://shopify/Product/15671410000203,kit-kaboodle-nail-files-brown-12pk,Kit & Kaboodle Nail Files Brown 12Pk,ACTIVE,gid://shopify/ProductVariant/57051244757323,5391531140910,True,DENY,1,inventoryPolicy DENY -> CONTINUE
gid://shopify/Product/15671410032971,durex-extra-safe-20pk,Durex Extra Safe 20Pk,ACTIVE,gid://shopify/ProductVariant/57051244790091,5052197045574,True,DENY,1,inventoryPolicy DENY -> CONTINUE
gid://shopify/Product/15671410065739,sculpted-velvet-veil-invisible-loose-setting-powder,Sculpted Velvet Veil Invisible Loose Setting Powder,ACTIVE,gid://shopify/ProductVariant/57051244822859,794712490866,True,DENY,1,inventoryPolicy DENY -> CONTINUE
gid://shopify/Product/15671410098507,vaseline-pet-jelly-50ml-tub,Vaseline Pet Jelly 50Ml Tub,ACTIVE,gid://shopify/ProductVariant/57051244855627,42182627,True,DENY,1,inventoryPolicy DENY -> CONTINUE
gid://shopify/Product/15671410131275,mepore-6cm-x-7cm-single,Mepore 6Cm X 7Cm Single,ACTIVE,gid://shopify/ProductVariant/57051244888395,7310796708008,True,DENY,1,inventoryPolicy DENY -> CONTINUE
gid://shopify/Product/15671410164043,optiplus-anti-fog-spray,Optiplus Anti Fog Spray,ACTIVE,gid://shopify/ProductVariant/57051244921163,4048783075309,True,DENY,1,inventoryPolicy DENY -> CONTINUE
gid://shopify/Product/15671410229579,tefin-150mg-ibuprofen-suppositories,Tefin 150Mg Ibuprofen Suppositories,ACTIVE,gid://shopify/ProductVariant/57051245117771,5392000060883,True,DENY,1,inventoryPolicy DENY -> CONTINUE
gid://shopify/Product/15671410262347,luna-by-lisa-airbrush-3in1-primer-deep-tan,Luna By Lisa Airbrush 3In1 Primer - Deep Tan,ACTIVE,gid://shopify/ProductVariant/57051245150539,5391532521916,True,DENY,1,inventoryPolicy DENY -> CONTINUE
gid://shopify/Product/15671410327883,hylo-care-0-1-2-eye-drops-7-5ml,Hylo Care 0.1%/2% Eye Drops 7.5Ml,ACTIVE,gid://shopify/ProductVariant/57051245183307,4031626711403,True,DENY,1,inventoryPolicy DENY -> CONTINUE
gid://shopify/Product/15671410360651,medicrepe-elastic-crepe-10cmx5m,Medicrepe Elastic Crepe 10Cmx5m,ACTIVE,gid://shopify/ProductVariant/57051245216075,5099390404142,True,DENY,1,inventoryPolicy DENY -> CONTINUE
gid://shopify/Product/15671410426187,always-ultra-rmal-duo-26pk,Always Ultra Normal+ Duo 26Pk,ACTIVE,gid://shopify/ProductVariant/57051245281611,4015400498056,True,DENY,1,inventoryPolicy DENY -> CONTINUE
gid://shopify/Product/15671410458955,mepore-9cm-x-20cm-single,Mepore 9Cm X 20Cm Single,ACTIVE,gid://shopify/ProductVariant/57051245314379,7310796711008,True,DENY,1,inventoryPolicy DENY -> CONTINUE
gid://shopify/Product/15671410557259,luna-by-lisa-setting-spray-glow,Luna By Lisa Setting Spray - Glow,ACTIVE,gid://shopify/ProductVariant/57051245642059,5391532522425,True,DENY,1,inventoryPolicy DENY -> CONTINUE
gid://shopify/Product/15671410590027,kleenex-g2988-balsam-pocket-tissues-9pk-single,Kleenex G2988 Balsam Pocket Tissues 9Pk Single,ACTIVE,gid://shopify/ProductVariant/57051245674827,50375301,True,DENY,1,inventoryPolicy DENY -> CONTINUE
gid://shopify/Product/15671410622795,purismio-reusable-mask-oatmeal-1pk,Purismio Reusable Mask Oatmeal 1Pk,ACTIVE,gid://shopify/ProductVariant/57051245707595,5060676800132,True,DENY,1,inventoryPolicy DENY -> CONTINUE
gid://shopify/Product/15671410721099,ultrapure-hydrogen-peroxide130ml,Ultrapure Hydrogen Peroxide130ml,ACTIVE,gid://shopify/ProductVariant/57051246002507,5391510473435,True,DENY,1,inventoryPolicy DENY -> CONTINUE
gid://shopify/Product/15671410786635,quest-stress-b-complex-vitamin-c-60pk,Quest Stress B Complex & Vitamin C 60Pk,ACTIVE,gid://shopify/ProductVariant/57051246068043,5022339888017,True,DENY,1,inventoryPolicy DENY -> CONTINUE
gid://shopify/Product/15671410852171,spice-original-deodrant-spray-150ml,Spice Original Deodrant Spray 150Ml,ACTIVE,gid://shopify/ProductVariant/57051246133579,4084500506275,True,DENY,1,inventoryPolicy DENY -> CONTINUE
gid://shopify/Product/15671410950475,gillette-sensitive-shave-gel-200ml,Gillette Sensitive Shave Gel 200Ml,ACTIVE,gid://shopify/ProductVariant/57051246231883,7702018980918,True,DENY,1,inventoryPolicy DENY -> CONTINUE
gid://shopify/Product/15671411016011,mitchum-women-spray-shower-fresh-200ml,Mitchum Women Spray Shower Fresh 200Ml,ACTIVE,gid://shopify/ProductVariant/57051246297419,5051389044890,True,DENY,1,inventoryPolicy DENY -> CONTINUE
gid://shopify/Product/15671411081547,discreet-nasal-sring-aid-large,Discreet Nasal Snoring Aid Large,ACTIVE,gid://shopify/ProductVariant/57051246362955,5391529940119,True,DENY,1,inventoryPolicy DENY -> CONTINUE
gid://shopify/Product/15671411114315,colgate-triple-action-toothpaste-100ml,Colgate Triple Action Toothpaste 100Ml,ACTIVE,gid://shopify/ProductVariant/57051246395723,8714789529479,True,DENY,1,inventoryPolicy DENY -> CONTINUE
gid://shopify/Product/15671411147083,elave-shampoo-250ml,Elave Shampoo 250Ml,ACTIVE,gid://shopify/ProductVariant/57051246428491,5098928123319,True,DENY,1,inventoryPolicy DENY -> CONTINUE
gid://shopify/Product/15671411179851,coral-baby-sponges,Coral Baby Sponges,ACTIVE,gid://shopify/ProductVariant/57051246461259,5011597001634,True,DENY,1,inventoryPolicy DENY -> CONTINUE
gid://shopify/Product/15671411212619,cocoa-brown-double-sided-pink-velvet-tan-mitt,Cocoa Brown Double Sided Pink Velvet Tan Mitt,ACTIVE,gid://shopify/ProductVariant/57051246494027,5391018044434,True,DENY,1,inventoryPolicy DENY -> CONTINUE
gid://shopify/Product/15671411278155,meditape-stretch-2-5cm-x-4m,Meditape Stretch 2.5Cm X 4M,ACTIVE,gid://shopify/ProductVariant/57051246690635,5099390403930,True,DENY,1,inventoryPolicy DENY -> CONTINUE
gid://shopify/Product/15671411310923,sensi-kin-mouthwash-250ml-daily-hypersensitivity,Sensi-Kin Mouthwash 250Ml Daily Hypersensitivity,ACTIVE,gid://shopify/ProductVariant/57051246723403,8436026210758,True,DENY,1,inventoryPolicy DENY -> CONTINUE
gid://shopify/Product/15671411376459,nelsons-arnicare-50g-cream,Nelsons Arnicare 50G Cream,ACTIVE,gid://shopify/ProductVariant/57051246788939,5000488108903,True,DENY,1,inventoryPolicy DENY -> CONTINUE
gid://shopify/Product/15671411409227,bio-oil-dry-skin-gel-50ml,Bio-Oil Dry Skin Gel 50Ml,ACTIVE,gid://shopify/ProductVariant/57051246854475,6001159120926,True,DENY,1,inventoryPolicy DENY -> CONTINUE
gid://shopify/Product/15671411441995,batiste-200ml-original-dry-shampoo,Batiste 200Ml Original Dry Shampoo,ACTIVE,gid://shopify/ProductVariant/57051246887243,5010724527481,True,DENY,1,inventoryPolicy DENY -> CONTINUE
gid://shopify/Product/15671411474763,vaseline-aloe-soothe-int-care,Vaseline Aloe Soothe Int Care,ACTIVE,gid://shopify/ProductVariant/57051246920011,8712561482318,True,DENY,1,inventoryPolicy DENY -> CONTINUE
gid://shopify/Product/15671411507531,carefree-aloe-vera-liner-20pk,Carefree Aloe Vera Liner 20Pk,ACTIVE,gid://shopify/ProductVariant/57051246952779,3574660239010,True,DENY,1,inventoryPolicy DENY -> CONTINUE
gid://shopify/Product/15671411540299,bio-oil-skincare-oil-200ml,Bio-Oil Skincare Oil 200Ml,ACTIVE,gid://shopify/ProductVariant/57051246985547,6001159111368,True,DENY,1,inventoryPolicy DENY -> CONTINUE
gid://shopify/Product/15671411573067,pestle-mortar-pure-hyaluronic-serum-30ml,Pestle & Mortar Pure Hyaluronic Serum 30Ml,ACTIVE,gid://shopify/ProductVariant/57051247018315,855238006061,True,DENY,1,inventoryPolicy DENY -> CONTINUE
gid://shopify/Product/15671411605835,tubigrip-bandage-0-5m-natural-f-1,Tubigrip Bandage 0.5M Natural F 1,ACTIVE,gid://shopify/ProductVariant/57051247051083,5055158005365,True,DENY,1,inventoryPolicy DENY -> CONTINUE
gid://shopify/Product/15671411671371,carnation-hydrocolloid-blister-t,Carnation Hydrocolloid Blister Care,ACTIVE,gid://shopify/ProductVariant/57051247083851,5012654200847,True,DENY,1,inventoryPolicy DENY -> CONTINUE
gid://shopify/Product/15671411704139,pears-transparent-mint-soap-125g,Pears Transparent Mint Soap 125G,ACTIVE,gid://shopify/ProductVariant/57051247116619,8901030024023,True,DENY,1,inventoryPolicy DENY -> CONTINUE
gid://shopify/Product/15671411769675,nivea-sun-swim-play-spf50-150ml,Nivea Sun Swim & Play Spf50+ 150Ml,ACTIVE,gid://shopify/ProductVariant/57051247313227,4005808475018,True,DENY,1,inventoryPolicy DENY -> CONTINUE
gid://shopify/Product/15671411802443,bioxtra-oral-gel-mouthspray-50ml-dry-mouth,Bioxtra Oral Gel Mouthspray 50Ml Dry Mouth,ACTIVE,gid://shopify/ProductVariant/57051247345995,5425005120099,True,DENY,1,inventoryPolicy DENY -> CONTINUE
gid://shopify/Product/15671411835211,kit-kaboodle-nail-file-blue-med-fine,Kit & Kaboodle Nail File Blue Med Fine,ACTIVE,gid://shopify/ProductVariant/57051247378763,5391531141030,True,DENY,1,inventoryPolicy DENY -> CONTINUE
gid://shopify/Product/15671411867979,clearblue-ovulation-digital-test-10pk,Clearblue Ovulation Digital Test 10Pk,ACTIVE,gid://shopify/ProductVariant/57051247411531,4015600568122,True,DENY,1,inventoryPolicy DENY -> CONTINUE
gid://shopify/Product/15671411900747,sculpted-tint-glow-skin-enhancer-4-0,Sculpted Tint & Glow Skin Enhancer 4.0,ACTIVE,gid://shopify/ProductVariant/57051247444299,794712490432,True,DENY,1,inventoryPolicy DENY -> CONTINUE
gid://shopify/Product/15671411966283,ultrapure-hydrogen-peroxide-250ml,Ultrapure Hydrogen Peroxide 250Ml,ACTIVE,gid://shopify/ProductVariant/57051247477067,5391510473442,True,DENY,1,inventoryPolicy DENY -> CONTINUE
gid://shopify/Product/15671412031819,luna-by-lisa-highlighter-star-beam,Luna By Lisa Highlighter - Star Beam,ACTIVE,gid://shopify/ProductVariant/57051247706443,5391532521626,True,DENY,1,inventoryPolicy DENY -> CONTINUE
gid://shopify/Product/15671412097355,mepore-ultra-10cm-x-11cm-single,Mepore Ultra 10Cm X 11Cm Single,ACTIVE,gid://shopify/ProductVariant/57051247837515,7332551201012,True,DENY,1,inventoryPolicy DENY -> CONTINUE
gid://shopify/Product/15671412162891,medilite-paper-tape-2-5cmx5m,Medilite Paper Tape 2.5Cmx5m,ACTIVE,gid://shopify/ProductVariant/57051247870283,5099390200201,True,DENY,1,inventoryPolicy DENY -> CONTINUE
gid://shopify/Product/15671412228427,sculpted-tint-glow-skin-enhancer-7-0,Sculpted Tint & Glow Skin Enhancer 7.0,ACTIVE,gid://shopify/ProductVariant/57051247935819,794712490524,True,DENY,1,inventoryPolicy DENY -> CONTINUE
gid://shopify/Product/15671412261195,tubigrip-size-e,Tubigrip Size E,ACTIVE,gid://shopify/ProductVariant/57051247968587,5055158005440,True,DENY,1,inventoryPolicy DENY -> CONTINUE
gid://shopify/Product/15671412326731,sculpted-second-skin-light-plus-dewy-3-5,Sculpted Second Skin Light Plus Dewy 3.5,ACTIVE,gid://shopify/ProductVariant/57051248034123,793591414690,True,DENY,1,inventoryPolicy DENY -> CONTINUE
gid://shopify/Product/15671412392267,medicrepe-elastic-bandage-8cmx5m,Medicrepe Elastic Bandage 8Cmx5m,ACTIVE,gid://shopify/ProductVariant/57051248230731,5099390404241,True,DENY,1,inventoryPolicy DENY -> CONTINUE
gid://shopify/Product/15671412425035,sculpted-beauty-base-original-50ml-pump,Sculpted Beauty Base Original 50Ml Pump,ACTIVE,gid://shopify/ProductVariant/57051248263499,735850997124,True,DENY,1,inventoryPolicy DENY -> CONTINUE
gid://shopify/Product/15671412457803,carnation-corn-pads-9pk,Carnation Corn Pads 9Pk,ACTIVE,gid://shopify/ProductVariant/57051248296267,5012654142147,True,DENY,1,inventoryPolicy DENY -> CONTINUE
gid://shopify/Product/15671412490571,braun-thermoscan-refill-lf40,Braun Thermoscan Refill Lf40,ACTIVE,gid://shopify/ProductVariant/57051248329035,4022167400062,True,DENY,1,inventoryPolicy DENY -> CONTINUE
gid://shopify/Product/15671412523339,hair-removing-cream-100ml-dimple,Hair Removing Cream 100Ml Dimple,ACTIVE,gid://shopify/ProductVariant/57051248361803,5017371130798,True,DENY,1,inventoryPolicy DENY -> CONTINUE
gid://shopify/Product/15671412556107,sculpted-second-skin-medium-plus-matte-4-5,Sculpted Second Skin Medium Plus Matte 4.5,ACTIVE,gid://shopify/ProductVariant/57051248394571,793591835525,True,DENY,1,inventoryPolicy DENY -> CONTINUE
gid://shopify/Product/15671412588875,hylo-tear-0-1-eye-drops-7-5ml,Hylo Tear 0.1% Eye Drops 7.5Ml,ACTIVE,gid://shopify/ProductVariant/57051248427339,4031626710918,True,DENY,1,inventoryPolicy DENY -> CONTINUE
gid://shopify/Product/15671412621643,witch-hazel-500ml-ultrapure,Witch Hazel 500Ml Ultrapure,ACTIVE,gid://shopify/ProductVariant/57051248460107,5391510474326,True,DENY,1,inventoryPolicy DENY -> CONTINUE
gid://shopify/Product/15671412654411,durex-intimate-feel-12pk,Durex Intimate Feel 12Pk,ACTIVE,gid://shopify/ProductVariant/57051248492875,5052197045451,True,DENY,1,inventoryPolicy DENY -> CONTINUE
gid://shopify/Product/15671412687179,nivea-sun-p-s-lotion-spf-spf30-200m,Nivea Sun P&S Lotion Spf Spf30 200M,ACTIVE,gid://shopify/ProductVariant/57051248525643,4005808650101,True,DENY,1,inventoryPolicy DENY -> CONTINUE
gid://shopify/Product/15671412719947,milton-sterilising-fluid-1000ml,Milton Sterilising Fluid 1000Ml,ACTIVE,gid://shopify/ProductVariant/57051248558411,3361370086368,True,DENY,1,inventoryPolicy DENY -> CONTINUE
gid://shopify/Product/15671412785483,tt-fun-style-soothers-18-36m,Tt Fun Style Soothers 18-36M,ACTIVE,gid://shopify/ProductVariant/57051248656715,5010415334039,True,DENY,1,inventoryPolicy DENY -> CONTINUE
gid://shopify/Product/15671412818251,surgical-spirits-200ml-ovelle,Surgical Spirits 200Ml Ovelle,ACTIVE,gid://shopify/ProductVariant/57051248689483,5098928121988,True,DENY,1,inventoryPolicy DENY -> CONTINUE
gid://shopify/Product/15671412851019,pestle-mortar-essentials-hand-cream-300ml,Pestle & Mortar Essentials Hand Cream 300Ml,ACTIVE,gid://shopify/ProductVariant/57051248722251,856149007451,True,DENY,1,inventoryPolicy DENY -> CONTINUE
gid://shopify/Product/15671412883787,mitchum-pure-fresh-roll-on-deo,Mitchum Pure Fresh Roll On Deo,ACTIVE,gid://shopify/ProductVariant/57051248755019,309975122138,True,DENY,1,inventoryPolicy DENY -> CONTINUE
gid://shopify/Product/15671412916555,optrex-actimist-10ml-eye-spray-2n1-itchy,Optrex Actimist 10Ml Eye Spray 2N1 Itchy,ACTIVE,gid://shopify/ProductVariant/57051248820555,5000158069473,True,DENY,1,inventoryPolicy DENY -> CONTINUE
gid://shopify/Product/15671413014859,classics-pure-acetone-150ml-false-nail-remover,Classics Pure Acetone 150Ml False Nail Remover,ACTIVE,gid://shopify/ProductVariant/57051248918859,5037741100916,True,DENY,1,inventoryPolicy DENY -> CONTINUE
gid://shopify/Product/15671413047627,moogoo-milk-wash-500ml,Moogoo Milk Wash 500Ml,ACTIVE,gid://shopify/ProductVariant/57051248984395,9335955000074,True,DENY,1,inventoryPolicy DENY -> CONTINUE
gid://shopify/Product/15671413080395,red-door-100ml-edt,Red Door 100Ml Edt,ACTIVE,gid://shopify/ProductVariant/57051249049931,805805558420,True,DENY,1,inventoryPolicy DENY -> CONTINUE
gid://shopify/Product/15671413145931,mrs-glam-lip-gloss-peachy,Mrs Glam Lip Gloss Peachy,ACTIVE,gid://shopify/ProductVariant/57051249115467,793618273262,True,DENY,1,inventoryPolicy DENY -> CONTINUE
gid://shopify/Product/15671413178699,luna-by-lisa-setting-spray-vitamin,Luna By Lisa Setting Spray - Vitamin,ACTIVE,gid://shopify/ProductVariant/57051249148235,5391532522029,True,DENY,1,inventoryPolicy DENY -> CONTINUE
gid://shopify/Product/15671413211467,quest-vegan-multi-vitamin-one-a-day-30pk,Quest Vegan Multi Vitamin One A Day 30Pk,ACTIVE,gid://shopify/ProductVariant/57051249181003,5022339032014,True,DENY,1,inventoryPolicy DENY -> CONTINUE
gid://shopify/Product/15671413244235,elave-hair-conditoner-250ml,Elave Hair Conditoner 250Ml,ACTIVE,gid://shopify/ProductVariant/57051249213771,5098928124491,True,DENY,1,inventoryPolicy DENY -> CONTINUE
gid://shopify/Product/15671413309771,deep-heat-cream-35g,Deep Heat Cream 35G,ACTIVE,gid://shopify/ProductVariant/57051249377611,5011501040209,True,DENY,1,inventoryPolicy DENY -> CONTINUE
gid://shopify/Product/15671413375307,bperfect-10-sec-strawberry-medium-lotion,Bperfect 10 Sec Strawberry Medium Lotion,ACTIVE,gid://shopify/ProductVariant/57051249705291,793591864303,True,DENY,1,inventoryPolicy DENY -> CONTINUE
gid://shopify/Product/15671413408075,wilkinson-double-edge-5s,Wilkinson Double Edge 5S,ACTIVE,gid://shopify/ProductVariant/57051249738059,4027800011209,True,DENY,1,inventoryPolicy DENY -> CONTINUE
gid://shopify/Product/15671413440843,pernaton-gel-250ml,Pernaton Gel 250Ml,ACTIVE,gid://shopify/ProductVariant/57051249770827,7614700015214,True,DENY,1,inventoryPolicy DENY -> CONTINUE
gid://shopify/Product/15671413473611,bio-kult-migrea,Bio-Kult Migrea,ACTIVE,gid://shopify/ProductVariant/57051249803595,5027314505439,True,DENY,1,inventoryPolicy DENY -> CONTINUE
gid://shopify/Product/15671413604683,sculpted-beauty-base-pearl-50ml-pump,Sculpted Beauty Base Pearl 50Ml Pump,ACTIVE,gid://shopify/ProductVariant/57051250164043,793591836058,True,DENY,1,inventoryPolicy DENY -> CONTINUE
gid://shopify/Product/15671413637451,mepore-ultra-7cm-x-8cm-single,Mepore Ultra 7Cm X 8Cm Single,ACTIVE,gid://shopify/ProductVariant/57051250196811,7332551200305,True,DENY,1,inventoryPolicy DENY -> CONTINUE
gid://shopify/Product/15671413670219,tepe-interdental-brush-fine-0-45mm-oran-1,Tepe Interdental Brush Orange 0.45Mm Size 1,ACTIVE,gid://shopify/ProductVariant/57051250229579,7317400001753,True,DENY,1,inventoryPolicy DENY -> CONTINUE
gid://shopify/Product/15671413735755,capasal-therapeutic-shampoo-250ml,Capasal Therapeutic Shampoo 250Ml,ACTIVE,gid://shopify/ProductVariant/57051250295115,5016379132018,True,DENY,1,inventoryPolicy DENY -> CONTINUE
gid://shopify/Product/15671413801291,mediform-conforming-10cmx4m,Mediform Conforming 10Cmx4m,ACTIVE,gid://shopify/ProductVariant/57051250360651,5099390404180,True,DENY,1,inventoryPolicy DENY -> CONTINUE
gid://shopify/Product/15671413834059,kinvara-absolute-cleansing-oil-100ml,Kinvara Absolute Cleansing Oil 100Ml,ACTIVE,gid://shopify/ProductVariant/57051250393419,609722885881,True,DENY,1,inventoryPolicy DENY -> CONTINUE
gid://shopify/Product/15671413899595,vaseline-lip-therapy-20g-aloe-vera,Vaseline Lip Therapy 20G Aloe Vera,ACTIVE,gid://shopify/ProductVariant/57051250458955,8714100597347,True,DENY,1,inventoryPolicy DENY -> CONTINUE
gid://shopify/Product/15671413932363,rs-epsom-salts-100g,Rs Epsom Salts 100G,ACTIVE,gid://shopify/ProductVariant/57051250491723,5099172220144,True,DENY,1,inventoryPolicy DENY -> CONTINUE
gid://shopify/Product/15671413997899,oral-b-superfloss-strands-pre-cut-50pk,Oral B Superfloss Strands Pre Cut 50Pk,ACTIVE,gid://shopify/ProductVariant/57051250557259,4103330017369,True,DENY,1,inventoryPolicy DENY -> CONTINUE
gid://shopify/Product/15671414030667,cocoa-brown-kabuki-brush,Cocoa Brown Kabuki Brush,ACTIVE,gid://shopify/ProductVariant/57051250590027,5391018053542,True,DENY,1,inventoryPolicy DENY -> CONTINUE
gid://shopify/Product/15671414096203,childs-farm-bubble-bath-250ml-raspberry-extract,Childs Farm Bubble Bath 250Ml Raspberry Extract,ACTIVE,gid://shopify/ProductVariant/57051250655563,5029066007162,True,DENY,1,inventoryPolicy DENY -> CONTINUE
gid://shopify/Product/15671414128971,medicrepe-elastic-crepe-6cmx5m,Medicrepe Elastic Crepe 6Cmx5m,ACTIVE,gid://shopify/ProductVariant/57051250688331,5099390404265,True,DENY,1,inventoryPolicy DENY -> CONTINUE
gid://shopify/Product/15671414227275,luna-by-lisa-airbrush-3in1-primer-light,Luna By Lisa Airbrush 3In1 Primer - Light,ACTIVE,gid://shopify/ProductVariant/57051250753867,5391532521879,True,DENY,1,inventoryPolicy DENY -> CONTINUE
gid://shopify/Product/15671414292811,nivea-sun-protect-moisture-sun-lotion-spf15-200ml,Nivea Sun Protect & Moisture Sun Lotion Spf15 200Ml,ACTIVE,gid://shopify/ProductVariant/57051250852171,4005808459766,True,DENY,1,inventoryPolicy DENY -> CONTINUE
gid://shopify/Product/15671414358347,kin-toothbrush-soft,Kin Toothbrush Soft,ACTIVE,gid://shopify/ProductVariant/57051250917707,8470003186261,True,DENY,1,inventoryPolicy DENY -> CONTINUE
gid://shopify/Product/15671414456651,sculpted-second-skin-fair-plus-matte-2-5,Sculpted Second Skin Fair Plus Matte 2.5,ACTIVE,gid://shopify/ProductVariant/57051251114315,793591414904,True,DENY,1,inventoryPolicy DENY -> CONTINUE
gid://shopify/Product/15671414489419,mepore-9cm-x-15cm-single,Mepore 9Cm X 15Cm Single,ACTIVE,gid://shopify/ProductVariant/57051251147083,7310796710001,True,DENY,1,inventoryPolicy DENY -> CONTINUE
gid://shopify/Product/15671414587723,selfscreen-home-drug-test-2pk,Selfscreen Home Drug Test 2Pk,ACTIVE,gid://shopify/ProductVariant/57051251245387,5099374999985,True,DENY,1,inventoryPolicy DENY -> CONTINUE
gid://shopify/Product/15671414653259,sculpted-second-skin-fair-dewy-2-0,Sculpted Second Skin Fair Dewy 2.0,ACTIVE,gid://shopify/ProductVariant/57051251310923,793591414591,True,DENY,1,inventoryPolicy DENY -> CONTINUE
gid://shopify/Product/15671414686027,elave-baby-intensive-cream-125ml,Elave Baby Intensive Cream 125Ml,ACTIVE,gid://shopify/ProductVariant/57051251343691,5098928123845,True,DENY,1,inventoryPolicy DENY -> CONTINUE
gid://shopify/Product/15671414751563,rs-witch-hazel-125ml,Rs Witch Hazel 125Ml,ACTIVE,gid://shopify/ProductVariant/57051251376459,5099172220441,True,DENY,1,inventoryPolicy DENY -> CONTINUE
gid://shopify/Product/15671414817099,brylcreem-orig-150ml-prot-enrich,Brylcreem Orig 150Ml Prot Enrich,ACTIVE,gid://shopify/ProductVariant/57051251540299,5000231039508,True,DENY,1,inventoryPolicy DENY -> CONTINUE
gid://shopify/Product/15671414849867,tampax-compak-super-18pk,Tampax Compak Super 18Pk,ACTIVE,gid://shopify/ProductVariant/57051251573067,8001090705662,True,DENY,1,inventoryPolicy DENY -> CONTINUE
gid://shopify/Product/15671414882635,j-j-cotton-buds-100pk,J&J Cotton Buds 100Pk,ACTIVE,gid://shopify/ProductVariant/57051251605835,3574661440460,True,DENY,1,inventoryPolicy DENY -> CONTINUE
gid://shopify/Product/15671414915403,luna-by-lisa-highlighter-sun-beam,Luna By Lisa Highlighter - Sun Beam,ACTIVE,gid://shopify/ProductVariant/57051251638603,5391532521619,True,DENY,1,inventoryPolicy DENY -> CONTINUE
gid://shopify/Product/15671414948171,corsodyl-500ml-daily-cool-mint-alchol-free,Corsodyl 500Ml Daily Cool Mint Alchol Free,ACTIVE,gid://shopify/ProductVariant/57051251671371,5000347054242,True,DENY,1,inventoryPolicy DENY -> CONTINUE
gid://shopify/Product/15671415013707,optase-allergy-eye-drop-0-5mlsdu,Optase Allergy Eye Drop 0.5Mlsdu,ACTIVE,gid://shopify/ProductVariant/57051251704139,5391531760149,True,DENY,1,inventoryPolicy DENY -> CONTINUE
gid://shopify/Product/15671415079243,l-oreal-magic-retouch-2-dark-brown-75ml,L'oreal Magic Retouch 2 Dark Brown 75Ml,ACTIVE,gid://shopify/ProductVariant/57051251769675,3600523192694,True,DENY,1,inventoryPolicy DENY -> CONTINUE
gid://shopify/Product/15671415112011,femfresh-wash-250ml-daily-intimate,Femfresh Wash 250Ml Daily Intimate,ACTIVE,gid://shopify/ProductVariant/57051251966283,5010724525937,True,DENY,1,inventoryPolicy DENY -> CONTINUE
gid://shopify/Product/15671415144779,rosewater-500ml-ultrapure,Rosewater 500Ml Ultrapure,ACTIVE,gid://shopify/ProductVariant/57051251999051,5391510474197,True,DENY,1,inventoryPolicy DENY -> CONTINUE
gid://shopify/Product/15671415243083,perio-kin-mouthwash-250ml-chlorhexidine,Perio-Kin Mouthwash 250Ml Chlorhexidine,ACTIVE,gid://shopify/ProductVariant/57051252097355,8470003750974,True,DENY,1,inventoryPolicy DENY -> CONTINUE
gid://shopify/Product/15671415308619,simple-kts-cleansing-ltn-200ml-purifying,Simple Kts Cleansing Ltn 200Ml Purifying,ACTIVE,gid://shopify/ProductVariant/57051252261195,5011451103849,True,DENY,1,inventoryPolicy DENY -> CONTINUE
gid://shopify/Product/15671415341387,thealoz-duo-gel-0-4g-30pk,Thealoz Duo Gel 0.4G 30Pk,ACTIVE,gid://shopify/ProductVariant/57051252293963,3662042002847,True,DENY,1,inventoryPolicy DENY -> CONTINUE
gid://shopify/Product/15671415406923,ov-calamine-lotion-200ml,Ov Calamine Lotion 200Ml,ACTIVE,gid://shopify/ProductVariant/57051252359499,5098928121605,True,DENY,1,inventoryPolicy DENY -> CONTINUE
gid://shopify/Product/15671415439691,medicare-burn-dressing-10-x-10cm-40g,Medicare Burn Dressing 10 X 10Cm 40G,ACTIVE,gid://shopify/ProductVariant/57051252392267,5099390411782,True,DENY,1,inventoryPolicy DENY -> CONTINUE
gid://shopify/Product/15671415505227,tepe-yellow-size-4-6-pk,Tepe Yellow Size 4 6 Pk,ACTIVE,gid://shopify/ProductVariant/57051252556107,7317400001784,True,DENY,1,inventoryPolicy DENY -> CONTINUE
gid://shopify/Product/15671415636299,fresh-breath-mouthspray-peppermi,Fresh Breath Mouthspray Peppermi,ACTIVE,gid://shopify/ProductVariant/57051252785483,761828001036,True,DENY,1,inventoryPolicy DENY -> CONTINUE
gid://shopify/Product/15671415701835,ogam-peppermint-10ml,Ogam Peppermint 10Ml,ACTIVE,gid://shopify/ProductVariant/57051252883787,5390600001213,True,DENY,1,inventoryPolicy DENY -> CONTINUE
gid://shopify/Product/15671415767371,zirtek-oral-solution-1mg-ml-100ml,Zirtek Oral Solution 1Mg/Ml 100Ml,ACTIVE,gid://shopify/ProductVariant/57051252949323,5391503740124,True,DENY,1,inventoryPolicy DENY -> CONTINUE
gid://shopify/Product/15671415898443,cb12-oral-rinse-blue-250ml,Cb12 Oral Rinse Blue 250Ml,ACTIVE,gid://shopify/ProductVariant/57051253080395,5391521890276,True,DENY,1,inventoryPolicy DENY -> CONTINUE
gid://shopify/Product/15671416029515,childs-farm-bubble-bath-250ml-tangerine,Childs Farm Bubble Bath 250Ml Tangerine,ACTIVE,gid://shopify/ProductVariant/57051253244235,5029066024176,True,DENY,1,inventoryPolicy DENY -> CONTINUE
gid://shopify/Product/15671416095051,spotlight-teeth-white-pen-90g,Spotlight Teeth White Pen 90G,ACTIVE,gid://shopify/ProductVariant/57051253309771,5391531560077,True,DENY,1,inventoryPolicy DENY -> CONTINUE
gid://shopify/Product/15671416127819,clearblue-digital-2pk-pregnancy-test,Clearblue Digital 2Pk Pregnancy Test,ACTIVE,gid://shopify/ProductVariant/57051253342539,4084500477285,True,DENY,1,inventoryPolicy DENY -> CONTINUE
gid://shopify/Product/15671416193355,moogoo-shampoo-500ml,Moogoo Shampoo 500Ml,ACTIVE,gid://shopify/ProductVariant/57051253440843,9335955000050,True,DENY,1,inventoryPolicy DENY -> CONTINUE
gid://shopify/Product/15671416226123,sculpted-tint-glow-skin-enhancer-6-0,Sculpted Tint & Glow Skin Enhancer 6.0,ACTIVE,gid://shopify/ProductVariant/57051253473611,794712490494,True,DENY,1,inventoryPolicy DENY -> CONTINUE
gid://shopify/Product/15671416291659,mediform-conforming-15cmx4m,Mediform Conforming 15Cmx4m,ACTIVE,gid://shopify/ProductVariant/57051253539147,5099390404166,True,DENY,1,inventoryPolicy DENY -> CONTINUE
gid://shopify/Product/15671416324427,simple-kts-replenishing-rich-moist-125ml,Simple Kts Replenishing Rich Moist 125Ml,ACTIVE,gid://shopify/ProductVariant/57051253571915,5011451103948,True,DENY,1,inventoryPolicy DENY -> CONTINUE
gid://shopify/Product/15671416389963,clearblue-plus-2pk-pregnancy-test,Clearblue Plus 2Pk Pregnancy Test,ACTIVE,gid://shopify/ProductVariant/57051253637451,4084500477445,True,DENY,1,inventoryPolicy DENY -> CONTINUE
gid://shopify/Product/15671416422731,nizoral-care-scalp-tonic,Nizoral Care Scalp Tonic,ACTIVE,gid://shopify/ProductVariant/57051253670219,5099562743451,True,DENY,1,inventoryPolicy DENY -> CONTINUE
gid://shopify/Product/15671416488267,ov-paraffin-gel-100g,Ov Paraffin Gel 100G,ACTIVE,gid://shopify/ProductVariant/57051253735755,5098928122398,True,DENY,1,inventoryPolicy DENY -> CONTINUE
gid://shopify/Product/15671416521035,colgate-tp-sensation-whitening-100ml-tube-100ml,Colgate Tp Sensation Whitening 100Ml Tube 100Ml,ACTIVE,gid://shopify/ProductVariant/57051253768523,8714789115474,True,DENY,1,inventoryPolicy DENY -> CONTINUE
gid://shopify/Product/15671416553803,gillette-venus-blades-4pk,Gillette Venus Blades 4Pk,ACTIVE,gid://shopify/ProductVariant/57051253801291,3014260262709,True,DENY,1,inventoryPolicy DENY -> CONTINUE
gid://shopify/Product/15671416586571,strepsils-intensive-orange-sf-lozenge-16pk,Strepsils Intensive Orange Sf Lozenge 16Pk,ACTIVE,gid://shopify/ProductVariant/57051253834059,5000158105669,True,DENY,1,inventoryPolicy DENY -> CONTINUE
gid://shopify/Product/15671416619339,dove-cleansing-bar-original,Dove Cleansing Bar Original,ACTIVE,gid://shopify/ProductVariant/57051253866827,8710447439265,True,DENY,1,inventoryPolicy DENY -> CONTINUE
gid://shopify/Product/15671416652107,kit-kaboodle-nail-files-4pk,Kit & Kaboodle Nail Files 4Pk,ACTIVE,gid://shopify/ProductVariant/57051253899595,5391531140927,True,DENY,1,inventoryPolicy DENY -> CONTINUE
gid://shopify/Product/15671416684875,milton-sterilising-tablets-28pk,Milton Sterilising Tablets 28Pk,ACTIVE,gid://shopify/ProductVariant/57051253932363,5010527585169,True,DENY,1,inventoryPolicy DENY -> CONTINUE
gid://shopify/Product/15671416717643,scholl-cracked-heel-repair-cream-active-60ml,Scholl Cracked Heel Repair Cream Active 60Ml,ACTIVE,gid://shopify/ProductVariant/57051253965131,5038483588710,True,DENY,1,inventoryPolicy DENY -> CONTINUE
gid://shopify/Product/15671416750411,carnation-callous-caps-2pk,Carnation Callous Caps 2Pk,ACTIVE,gid://shopify/ProductVariant/57051253997899,5098928122190,True,DENY,1,inventoryPolicy DENY -> CONTINUE
gid://shopify/Product/15671416783179,luna-by-lisa-highlighter-candy-beam,Luna By Lisa Highlighter - Candy Beam,ACTIVE,gid://shopify/ProductVariant/57051254030667,5391532521633,True,DENY,1,inventoryPolicy DENY -> CONTINUE
gid://shopify/Product/15671416848715,dr-denti-tooth-fil-3g-10-pack-fillings,Dr Denti Tooth-Fil 3G 10 Pack Fillings,ACTIVE,gid://shopify/ProductVariant/57051254096203,5031966040729,True,DENY,1,inventoryPolicy DENY -> CONTINUE
gid://shopify/Product/15671416947019,meditape-1-25x5m-zinc-oxide-tape,Meditape 1.25X5m Zinc Oxide Tape,ACTIVE,gid://shopify/ProductVariant/57051254325579,5099390200706,True,DENY,1,inventoryPolicy DENY -> CONTINUE
gid://shopify/Product/15671417012555,sculpted-second-skin-dewy-fair-plus-2-5,Sculpted Second Skin Dewy Fair Plus 2.5,ACTIVE,gid://shopify/ProductVariant/57051254554955,793591414621,True,DENY,1,inventoryPolicy DENY -> CONTINUE
gid://shopify/Product/15671417078091,mepore-9cm-x-30cm-single,Mepore 9Cm X 30Cm Single,ACTIVE,gid://shopify/ProductVariant/57051254620491,7310796713002,True,DENY,1,inventoryPolicy DENY -> CONTINUE
gid://shopify/Product/15671417110859,dettol-soap-bar-twin-pack-banded-100g,Dettol Soap Bar Twin Pack Banded 100G,ACTIVE,gid://shopify/ProductVariant/57051254653259,5011417554876,True,DENY,1,inventoryPolicy DENY -> CONTINUE
gid://shopify/Product/15671417143627,loreal-magic-retouch-medium-iced-brown-75ml,Loreal Magic Retouch Medium Iced Brown 75Ml,ACTIVE,gid://shopify/ProductVariant/57051254686027,3600523337729,True,DENY,1,inventoryPolicy DENY -> CONTINUE
gid://shopify/Product/15671417209163,sula-sugar-free-sweets-42g-strawberry-cream,Sula Sugar Free Sweets 42G Strawberry & Cream,ACTIVE,gid://shopify/ProductVariant/57051254980939,4003455340147,True,DENY,1,inventoryPolicy DENY -> CONTINUE
gid://shopify/Product/15671417274699,scholl-gel-activ-insole-work-men,Scholl Gel Activ Insole Work Men,ACTIVE,gid://shopify/ProductVariant/57051255144779,5052197038125,True,DENY,1,inventoryPolicy DENY -> CONTINUE
gid://shopify/Product/15671417307467,sculpted-second-skin-light-plus-matte-3-5,Sculpted Second Skin Light Plus Matte 3.5,ACTIVE,gid://shopify/ProductVariant/57051255177547,793591414966,True,DENY,1,inventoryPolicy DENY -> CONTINUE
gid://shopify/Product/15671417340235,ov-paraffin-gel-500g,Ov Paraffin Gel 500G,ACTIVE,gid://shopify/ProductVariant/57051255210315,5098928121629,True,DENY,1,inventoryPolicy DENY -> CONTINUE
gid://shopify/Product/15671417373003,nivea-sun-p-s-lotion-spf-spf50-200m,Nivea Sun P&S Lotion Spf Spf50 200M,ACTIVE,gid://shopify/ProductVariant/57051255243083,4005808649969,True,DENY,1,inventoryPolicy DENY -> CONTINUE
gid://shopify/Product/15671417405771,beeline-effervescent-ginseng-multivitamin-20pk,Beeline Effervescent Ginseng & Multivitamin 20Pk,ACTIVE,gid://shopify/ProductVariant/57051255275851,5099442003569,True,DENY,1,inventoryPolicy DENY -> CONTINUE
gid://shopify/Product/15671417438539,sula-sugar-free-sweets-42g-fruit-mix,Sula Sugar Free Sweets 42G Fruit Mix,ACTIVE,gid://shopify/ProductVariant/57051255308619,4003455340109,True,DENY,1,inventoryPolicy DENY -> CONTINUE
gid://shopify/Product/15671417471307,ck-euphoria-ladies-50ml-edp,Ck Euphoria Ladies 50Ml Edp,ACTIVE,gid://shopify/ProductVariant/57051255341387,880300162550,True,DENY,1,inventoryPolicy DENY -> CONTINUE
gid://shopify/Product/15671417504075,optiplus-anti-fog-wipes,Optiplus Anti Fog Wipes,ACTIVE,gid://shopify/ProductVariant/57051255374155,4048783074937,True,DENY,1,inventoryPolicy DENY -> CONTINUE
gid://shopify/Product/15671417536843,elave-bodywash-250ml,Elave Bodywash 250Ml,ACTIVE,gid://shopify/ProductVariant/57051255406923,5098928121438,True,DENY,1,inventoryPolicy DENY -> CONTINUE
gid://shopify/Product/15671417569611,oral-b-satin-floss-mint-25m,Oral B Satin Floss Mint 25M,ACTIVE,gid://shopify/ProductVariant/57051255439691,5010622017947,True,DENY,1,inventoryPolicy DENY -> CONTINUE
gid://shopify/Product/15671417602379,scholl-corn-removal-plasters-waterproof,Scholl Corn Removal Plasters Waterproof,ACTIVE,gid://shopify/ProductVariant/57051255472459,5000288301160,True,DENY,1,inventoryPolicy DENY -> CONTINUE
gid://shopify/Product/15671417635147,clearblue-plus-1pk-pregnancy-test,Clearblue Plus 1Pk Pregnancy Test,ACTIVE,gid://shopify/ProductVariant/57051255505227,4084500477520,True,DENY,1,inventoryPolicy DENY -> CONTINUE
gid://shopify/Product/15671417667915,sculpted-brighten-up-concealer-vanilla,Sculpted Brighten Up Concealer Vanilla,ACTIVE,gid://shopify/ProductVariant/57051255537995,794712143000,True,DENY,1,inventoryPolicy DENY -> CONTINUE
gid://shopify/Product/15671417733451,bariesun-kit-baby-spf-50,Bariesun Kit Baby Spf 50,ACTIVE,gid://shopify/ProductVariant/57051255603531,3661434006715,True,DENY,1,inventoryPolicy DENY -> CONTINUE
gid://shopify/Product/15671417798987,nivea-dly-ess-gentle-cleansing-cream-wash-dry-sens-skin-150ml,Nivea Dly Ess Gentle Cleansing Cream Wash Dry/Sens Skin 150Ml,ACTIVE,gid://shopify/ProductVariant/57051255767371,4005808668847,True,DENY,1,inventoryPolicy DENY -> CONTINUE
gid://shopify/Product/15671417831755,dove-lotion-200ml-summer-revive-medium-dark,Dove Lotion 200Ml Summer Revive Medium/Dark,ACTIVE,gid://shopify/ProductVariant/57051255800139,8712561983013,True,DENY,1,inventoryPolicy DENY -> CONTINUE
gid://shopify/Product/15671417864523,l-oreal-magic-retouch-1-black-75ml,L'oreal Magic Retouch 1 Black 75Ml,ACTIVE,gid://shopify/ProductVariant/57051255832907,3600523192687,True,DENY,1,inventoryPolicy DENY -> CONTINUE
gid://shopify/Product/15671417897291,luna-by-lisa-setting-spray-matte,Luna By Lisa Setting Spray - Matte,ACTIVE,gid://shopify/ProductVariant/57051255865675,5391532522012,True,DENY,1,inventoryPolicy DENY -> CONTINUE
gid://shopify/Product/15671418323275,beeline-effervescent-vit-c,Beeline Effervescent Vit C,ACTIVE,gid://shopify/ProductVariant/57051256455499,5099442002326,True,DENY,1,inventoryPolicy DENY -> CONTINUE
gid://shopify/Product/15671418356043,pestle-mortar-erase-balm-cleanser-100ml,Pestle & Mortar Erase Balm Cleanser 100Ml,ACTIVE,gid://shopify/ProductVariant/57051256717643,855238006337,True,DENY,1,inventoryPolicy DENY -> CONTINUE
gid://shopify/Product/15671418552651,floradix-kindervital-250ml,Floradix Kindervital 250Ml,ACTIVE,gid://shopify/ProductVariant/57051257012555,4004148057069,True,DENY,1,inventoryPolicy DENY -> CONTINUE
gid://shopify/Product/15671418650955,batiste-200ml-med-brunette-dry-shampoo,Batiste 200Ml Med & Brunette Dry Shampoo,ACTIVE,gid://shopify/ProductVariant/57051257176395,5010724527474,True,DENY,1,inventoryPolicy DENY -> CONTINUE
gid://shopify/Product/15671418683723,optase-moist-heat-eye-mask,Optase Moist Heat Eye Mask,ACTIVE,gid://shopify/ProductVariant/57051257209163,5392000104228,True,DENY,1,inventoryPolicy DENY -> CONTINUE
gid://shopify/Product/15671418716491,nivea-men-sensitive-moisturiser-75ml,Nivea Men Sensitive Moisturiser 75Ml,ACTIVE,gid://shopify/ProductVariant/57051257241931,5025970023397,True,DENY,1,inventoryPolicy DENY -> CONTINUE
gid://shopify/Product/15671418749259,panadol-extra-12pk,Panadol Extra 12Pk,ACTIVE,gid://shopify/ProductVariant/57051257274699,5011080139202,True,DENY,1,inventoryPolicy DENY -> CONTINUE
gid://shopify/Product/15671418782027,carnation-bunion-pads-4pk,Carnation Bunion Pads 4Pk,ACTIVE,gid://shopify/ProductVariant/57051257307467,5012654143021,True,DENY,1,inventoryPolicy DENY -> CONTINUE
gid://shopify/Product/15671418814795,remington-hygiene-trimmer,Remington Hygiene Trimmer,ACTIVE,gid://shopify/ProductVariant/57051257340235,4008496651351,True,DENY,1,inventoryPolicy DENY -> CONTINUE
gid://shopify/Product/15671418847563,gillette-shaving-gel-reg-200ml,Gillette Shaving Gel Reg 200Ml,ACTIVE,gid://shopify/ProductVariant/57051257373003,7702018980901,True,DENY,1,inventoryPolicy DENY -> CONTINUE
gid://shopify/Product/15671418880331,beeline-evening-primrose-oil,Beeline Evening Primrose Oil,ACTIVE,gid://shopify/ProductVariant/57051257405771,5099442002302,True,DENY,1,inventoryPolicy DENY -> CONTINUE
gid://shopify/Product/15671418913099,cocoa-brown-thumb-tanning-mitt,Cocoa Brown Thumb Tanning Mitt,ACTIVE,gid://shopify/ProductVariant/57051257438539,5391018012396,True,DENY,1,inventoryPolicy DENY -> CONTINUE
gid://shopify/Product/15671418978635,celtic-candle-pot-round-lime-mandarin,Celtic Candle Pot Round Lime/ Mandarin,ACTIVE,gid://shopify/ProductVariant/57051257602379,5038871058368,True,DENY,1,inventoryPolicy DENY -> CONTINUE
gid://shopify/Product/15671419011403,moogoo-conditioner-500ml,Moogoo Conditioner 500Ml,ACTIVE,gid://shopify/ProductVariant/57051257635147,9335955000319,True,DENY,1,inventoryPolicy DENY -> CONTINUE
gid://shopify/Product/15671419044171,thea-blephaclean-eyelid-wipes-20pk-blepharitis,Thea Blephaclean Eyelid Wipes 20Pk Blepharitis,ACTIVE,gid://shopify/ProductVariant/57051257667915,3662042002953,True,DENY,1,inventoryPolicy DENY -> CONTINUE
gid://shopify/Product/15671419273547,sculpted-tint-glow-skin-enhancer-2-0,Sculpted Tint & Glow Skin Enhancer 2.0,ACTIVE,gid://shopify/ProductVariant/57051257995595,794712490388,True,DENY,1,inventoryPolicy DENY -> CONTINUE
gid://shopify/Product/15671419535691,sculpted-brighten-up-concealer-golden,Sculpted Brighten Up Concealer Golden,ACTIVE,gid://shopify/ProductVariant/57051258257739,794712143093,True,DENY,1,inventoryPolicy DENY -> CONTINUE
gid://shopify/Product/15671419797835,kit-kaboodle-nail-file-pink-ex-fine,Kit & Kaboodle Nail File Pink Ex Fine,ACTIVE,gid://shopify/ProductVariant/57051258814795,5391531141047,True,DENY,1,inventoryPolicy DENY -> CONTINUE
gid://shopify/Product/15671420027211,ogam-marjoram-5ml,Ogam Marjoram 5Ml,ACTIVE,gid://shopify/ProductVariant/57051259371851,5390600001176,True,DENY,1,inventoryPolicy DENY -> CONTINUE
gid://shopify/Product/15671420256587,vaseline-lip-therapy-20g-orig,Vaseline Lip Therapy 20G Orig,ACTIVE,gid://shopify/ProductVariant/57051259830603,5099802150117,True,DENY,1,inventoryPolicy DENY -> CONTINUE
gid://shopify/Product/15671420420427,boss-bottled-tonic-mens-50ml-edt,Boss Bottled Tonic Mens 50Ml Edt,ACTIVE,gid://shopify/ProductVariant/57051260158283,8005610255613,True,DENY,1,inventoryPolicy DENY -> CONTINUE
gid://shopify/Product/15671420617035,colief-infant-drops-15ml,Colief Infant Drops 15Ml,ACTIVE,gid://shopify/ProductVariant/57051260485963,5391510239963,True,DENY,1,inventoryPolicy DENY -> CONTINUE
gid://shopify/Product/15671420879179,sculpted-brighten-up-concealer-beige,Sculpted Brighten Up Concealer Beige,ACTIVE,gid://shopify/ProductVariant/57051260911947,794712143062,True,DENY,1,inventoryPolicy DENY -> CONTINUE
gid://shopify/Product/15671421305163,active-folic-caps-60pk,Active Folic Caps 60Pk,ACTIVE,gid://shopify/ProductVariant/57051261665611,793618110697,True,DENY,1,inventoryPolicy DENY -> CONTINUE
gid://shopify/Product/15671421469003,sculpted-brighten-up-concealer-ivory,Sculpted Brighten Up Concealer Ivory,ACTIVE,gid://shopify/ProductVariant/57051262026059,794712143031,True,DENY,1,inventoryPolicy DENY -> CONTINUE
gid://shopify/Product/15671421665611,sterimar-isotonic-allergies-sinus-100ml,Sterimar Isotonic Allergies & Sinus 100Ml,ACTIVE,gid://shopify/ProductVariant/57051262353739,5010724515068,True,DENY,1,inventoryPolicy DENY -> CONTINUE
gid://shopify/Product/15671421894987,childs-farm-shampoo-250ml-strawberry-mint,Childs Farm Shampoo 250Ml Strawberry & Mint,ACTIVE,gid://shopify/ProductVariant/57051262681419,5029066007148,True,DENY,1,inventoryPolicy DENY -> CONTINUE
gid://shopify/Product/15671422157131,cutex-moisture-rich-npr-100ml,Cutex Moisture Rich Npr 100Ml,ACTIVE,gid://shopify/ProductVariant/57051263140171,309971370175,True,DENY,1,inventoryPolicy DENY -> CONTINUE
gid://shopify/Product/15671422288203,halls-soothers-strawberry,Halls Soothers Strawberry,ACTIVE,gid://shopify/ProductVariant/57051263467851,5034660508038,True,DENY,1,inventoryPolicy DENY -> CONTINUE
gid://shopify/Product/15671422320971,fixodent-food-seal-35ml,Fixodent Food Seal 35Ml,ACTIVE,gid://shopify/ProductVariant/57051263598923,5000174718058,True,DENY,1,inventoryPolicy DENY -> CONTINUE
gid://shopify/Product/15671422353739,spotlight-sonic-toothbrush,Spotlight Sonic Toothbrush,ACTIVE,gid://shopify/ProductVariant/57051263631691,5391531560169,True,DENY,1,inventoryPolicy DENY -> CONTINUE
gid://shopify/Product/15671422386507,bioactive-d-pearls-38ug-240pk,Bioactive D Pearls 38Ug 240Pk,ACTIVE,gid://shopify/ProductVariant/57051263664459,5709976126602,True,DENY,1,inventoryPolicy DENY -> CONTINUE
gid://shopify/Product/15671422419275,vaseline-lip-therapy-20g-cocoa,Vaseline Lip Therapy 20G Cocoa,ACTIVE,gid://shopify/ProductVariant/57051263697227,8718114642871,True,DENY,1,inventoryPolicy DENY -> CONTINUE
gid://shopify/Product/15671422648651,quest-stress-b-complex-with-vitamin-c-30pk,Quest Stress B Complex With Vitamin C 30Pk,ACTIVE,gid://shopify/ProductVariant/57051263992139,5022339887010,True,DENY,1,inventoryPolicy DENY -> CONTINUE
gid://shopify/Product/15671422910795,pears-transparent-soap-125g-1pk,Pears Transparent Soap 125G 1Pk,ACTIVE,gid://shopify/ProductVariant/57051264811339,5000228009194,True,DENY,1,inventoryPolicy DENY -> CONTINUE
gid://shopify/Product/15671423336779,carnation-fleecy-stretch-padding,Carnation Fleecy Stretch Padding,ACTIVE,gid://shopify/ProductVariant/57051265663307,5012654200755,True,DENY,1,inventoryPolicy DENY -> CONTINUE
gid://shopify/Product/15671423762763,mepore-9cm-x-10cm-single,Mepore 9Cm X 10Cm Single,ACTIVE,gid://shopify/ProductVariant/57051266449739,7310796709005,True,DENY,1,inventoryPolicy DENY -> CONTINUE
gid://shopify/Product/15671423828299,tepe-angle-g4145-green-0-8mm-6pk,Tepe Angle G4145 Green 0.8Mm 6Pk,ACTIVE,gid://shopify/ProductVariant/57051267006795,7317400011622,True,DENY,1,inventoryPolicy DENY -> CONTINUE
gid://shopify/Product/15671423861067,tos-daily-conditioner-200ml,Tos Daily Conditioner 200Ml,ACTIVE,gid://shopify/ProductVariant/57051267039563,5012008467704,True,DENY,1,inventoryPolicy DENY -> CONTINUE
gid://shopify/Product/15671423893835,vermox-100mg-5ml-oral-suspension-30ml,Vermox 100Mg/5Ml Oral Suspension 30Ml,ACTIVE,gid://shopify/ProductVariant/57051267072331,5027097904955,True,DENY,1,inventoryPolicy DENY -> CONTINUE
gid://shopify/Product/15671423926603,always-ultra-long-wings-12pk,Always Ultra Long & Wings 12Pk,ACTIVE,gid://shopify/ProductVariant/57051267105099,4015400755456,True,DENY,1,inventoryPolicy DENY -> CONTINUE
gid://shopify/Product/15671424057675,paralink-500mg-supp-10pk,Paralink 500Mg Supp 10Pk,ACTIVE,gid://shopify/ProductVariant/57051267694923,5099172033089,True,DENY,1,inventoryPolicy DENY -> CONTINUE
gid://shopify/Product/15671424123211,cleanse-off-mitt-1pk,Cleanse Off Mitt 1Pk,ACTIVE,gid://shopify/ProductVariant/57051267793227,680569856456,True,DENY,1,inventoryPolicy DENY -> CONTINUE
gid://shopify/Product/15671424155979,ws-double-edge-classsic-razor,Ws Double Edge Classsic Razor,ACTIVE,gid://shopify/ProductVariant/57051267825995,4027800015504,True,DENY,1,inventoryPolicy DENY -> CONTINUE
gid://shopify/Product/15671424188747,sculpted-second-skin-medium-matte-4-0,Sculpted Second Skin Medium Matte 4.0,ACTIVE,gid://shopify/ProductVariant/57051267858763,793591414997,True,DENY,1,inventoryPolicy DENY -> CONTINUE
gid://shopify/Product/15671424450891,carnation-chiropody-felt,Carnation Chiropody Felt,ACTIVE,gid://shopify/ProductVariant/57051268120907,5012654131028,True,DENY,1,inventoryPolicy DENY -> CONTINUE
gid://shopify/Product/15671424713035,panadol-ets-tabs-12pk,Panadol Ets Tabs 12Pk,ACTIVE,gid://shopify/ProductVariant/57051270414667,5098802500120,True,DENY,1,inventoryPolicy DENY -> CONTINUE
gid://shopify/Product/15671424844107,lorat-10mg-tabs-7pk,Lorat 10Mg Tabs 7Pk,ACTIVE,gid://shopify/ProductVariant/57051273036107,5390387077012,True,DENY,1,inventoryPolicy DENY -> CONTINUE
gid://shopify/Product/15671425007947,exputex-syrup-300ml,Exputex Syrup 300Ml,ACTIVE,gid://shopify/ProductVariant/57051274379595,5391513950513,True,DENY,1,inventoryPolicy DENY -> CONTINUE
gid://shopify/Product/15671425433931,tampax-compak-pearl-super-plus-18,Tampax Compak Pearl Super Plus 18,ACTIVE,gid://shopify/ProductVariant/57051277492555,4015400690498,True,DENY,1,inventoryPolicy DENY -> CONTINUE
gid://shopify/Product/15671425630539,tos-daily-maint-shampoo-200ml,Tos Daily Maint Shampoo 200Ml,ACTIVE,gid://shopify/ProductVariant/57051280441675,5012008467605,True,DENY,1,inventoryPolicy DENY -> CONTINUE
gid://shopify/Product/15671425794379,sculpted-tint-glow-skin-enhancer-5-0,Sculpted Tint & Glow Skin Enhancer 5.0,ACTIVE,gid://shopify/ProductVariant/57051282276683,794712490463,True,DENY,1,inventoryPolicy DENY -> CONTINUE
gid://shopify/Product/15671425892683,ck-eternity-ladies-100ml-edp,Ck Eternity Ladies 100Ml Edp,ACTIVE,gid://shopify/ProductVariant/57051283587403,880300601400,True,DENY,1,inventoryPolicy DENY -> CONTINUE
gid://shopify/Product/15671425958219,corsodyl-500ml-daily-fresh-mint-alchol-free,Corsodyl 500Ml Daily Fresh Mint Alchol Free,ACTIVE,gid://shopify/ProductVariant/57051284570443,5000347054235,True,DENY,1,inventoryPolicy DENY -> CONTINUE
gid://shopify/Product/15671425990987,o-keeffe-s-working-hands-85g-tube,O'keeffe's Working Hands 85G Tube,ACTIVE,gid://shopify/ProductVariant/57051284603211,5704947002688,True,DENY,1,inventoryPolicy DENY -> CONTINUE
gid://shopify/Product/15671426023755,kit-kaboodle-nail-file-floral-coarse-med,Kit & Kaboodle Nail File Floral Coarse Med,ACTIVE,gid://shopify/ProductVariant/57051284635979,5391531141054,True,DENY,1,inventoryPolicy DENY -> CONTINUE
gid://shopify/Product/15671426056523,hylo-dual-pres-free-eye-drops-7-5ml-0-05,Hylo Dual Pres Free Eye Drops 7.5Ml 0.05%,ACTIVE,gid://shopify/ProductVariant/57051284668747,4031626711380,True,DENY,1,inventoryPolicy DENY -> CONTINUE
gid://shopify/Product/15671426089291,head-and-shoulders-shampoo-classic-250ml,Head And Shoulders Shampoo Classic 250Ml,ACTIVE,gid://shopify/ProductVariant/57051284701515,5410076229994,True,DENY,1,inventoryPolicy DENY -> CONTINUE
gid://shopify/Product/15671426122059,elave-facial-intense-moisture-surge-50ml,Elave Facial Intense Moisture Surge 50Ml,ACTIVE,gid://shopify/ProductVariant/57051284734283,5098928123753,True,DENY,1,inventoryPolicy DENY -> CONTINUE
gid://shopify/Product/15671426154827,bio-oil-skincare-oil-60ml,Bio-Oil Skincare Oil 60Ml,ACTIVE,gid://shopify/ProductVariant/57051284767051,6001159118411,True,DENY,1,inventoryPolicy DENY -> CONTINUE
gid://shopify/Product/15671426187595,medicare-sterile-burn-plasters-6pk,Medicare Sterile Burn Plasters 6Pk,ACTIVE,gid://shopify/ProductVariant/57051284799819,5099390410594,True,DENY,1,inventoryPolicy DENY -> CONTINUE
gid://shopify/Product/15671426220363,spatone-iron-plus-14-sachets,Spatone Iron Plus 14 Sachets,ACTIVE,gid://shopify/ProductVariant/57051284832587,5000488105285,True,DENY,1,inventoryPolicy DENY -> CONTINUE
gid://shopify/Product/15671426253131,cocoa-brown-1hr-ultra-dark-tan-150ml,Cocoa Brown 1Hr Ultra Dark Tan 150Ml,ACTIVE,gid://shopify/ProductVariant/57051284865355,5391018047190,True,DENY,1,inventoryPolicy DENY -> CONTINUE
gid://shopify/Product/15671426285899,kit-kaboodle-nail-scissors-curved,Kit & Kaboodle Nail Scissors Curved,ACTIVE,gid://shopify/ProductVariant/57051284898123,5391531141085,True,DENY,1,inventoryPolicy DENY -> CONTINUE
gid://shopify/Product/15671426318667,capasal-therapeutic-shampoo-100ml,Capasal Therapeutic Shampoo 100Ml,ACTIVE,gid://shopify/ProductVariant/57051284930891,5016379135002,True,DENY,1,inventoryPolicy DENY -> CONTINUE
gid://shopify/Product/15671426351435,sculpted-perfecting-duo-brush,Sculpted Perfecting Duo Brush,ACTIVE,gid://shopify/ProductVariant/57051284963659,794712490036,True,DENY,1,inventoryPolicy DENY -> CONTINUE
gid://shopify/Product/15671426384203,active-immune-immunity-boost-caps-30pk,Active Immune Immunity Boost Caps 30Pk,ACTIVE,gid://shopify/ProductVariant/57051284996427,793618323974,True,DENY,1,inventoryPolicy DENY -> CONTINUE
gid://shopify/Product/15671426416971,capasal-herbal-shampoo-100ml,Capasal Herbal Shampoo 100Ml,ACTIVE,gid://shopify/ProductVariant/57051285029195,5016379136009,True,DENY,1,inventoryPolicy DENY -> CONTINUE
gid://shopify/Product/15671426449739,arret-2mg-hard-capsules-6pk,Arret 2Mg Hard Capsules 6Pk,ACTIVE,gid://shopify/ProductVariant/57051285061963,5099467000383,True,DENY,1,inventoryPolicy DENY -> CONTINUE
gid://shopify/Product/15671426482507,tefin-75mg-ibuprofen-suppositories,Tefin 75Mg Ibuprofen Suppositories,DRAFT,gid://shopify/ProductVariant/57051285094731,5392000060876,True,DENY,1,inventoryPolicy DENY -> CONTINUE
gid://shopify/Product/15671426515275,bperfect-perfection-primer,Bperfect Perfection Primer,ACTIVE,gid://shopify/ProductVariant/57051285127499,793618273286,True,DENY,1,inventoryPolicy DENY -> CONTINUE
gid://shopify/Product/15671426548043,colgate-tp-100ml-whitening,Colgate Tp 100Ml Whitening,ACTIVE,gid://shopify/ProductVariant/57051285160267,8714789601106,True,DENY,1,inventoryPolicy DENY -> CONTINUE
gid://shopify/Product/15671426580811,gillette-shave-foam-200ml-sensitive,Gillette Shave Foam 200Ml Sensitive,ACTIVE,gid://shopify/ProductVariant/57051285193035,7702018980932,True,DENY,1,inventoryPolicy DENY -> CONTINUE
gid://shopify/Product/15671426613579,micropore-tape-sml-1-25cm-x-5m-long,Micropore Tape Sml 1.25Cm X 5M Long,ACTIVE,gid://shopify/ProductVariant/57051285225803,4054596748293,True,DENY,1,inventoryPolicy DENY -> CONTINUE
gid://shopify/Product/15671426646347,dextro-energy-orange-vit-c-47g,Dextro Energy Orange + Vit C 47G,ACTIVE,gid://shopify/ProductVariant/57051285258571,50184231,True,DENY,1,inventoryPolicy DENY -> CONTINUE
gid://shopify/Product/15671426679115,dripping-gold-pre-party-polish,Dripping Gold Pre-Party Polish,ACTIVE,gid://shopify/ProductVariant/57051285291339,5391537260032,True,DENY,1,inventoryPolicy DENY -> CONTINUE
gid://shopify/Product/15671426711883,tubigrip-tubular-bandage-size-g-12cm-x-0-5m,Tubigrip Tubular Bandage Size G 12Cm X 0.5M,ACTIVE,gid://shopify/ProductVariant/57051285324107,5055158005488,True,DENY,1,inventoryPolicy DENY -> CONTINUE
gid://shopify/Product/15671426777419,alflorex-chewable-tablets-30pk,Alflorex Chewable Tablets 30Pk,ACTIVE,gid://shopify/ProductVariant/57051285389643,5391528870158,True,DENY,1,inventoryPolicy DENY -> CONTINUE
gid://shopify/Product/15671426810187,oilatum-500ml,Oilatum 500Ml,ACTIVE,gid://shopify/ProductVariant/57051285422411,5099562924607,True,DENY,1,inventoryPolicy DENY -> CONTINUE
gid://shopify/Product/15671426842955,nivea-sun-protect-moisture-sun-lotion-spf50-200ml,Nivea Sun Protect & Moisture Sun Lotion Spf50+ 200Ml,ACTIVE,gid://shopify/ProductVariant/57051285455179,4005808430208,True,DENY,1,inventoryPolicy DENY -> CONTINUE
gid://shopify/Product/15671426875723,bloateze-tablets-20pk-phoenix,Bloateze Tablets 20Pk Phoenix,ACTIVE,gid://shopify/ProductVariant/57051285487947,5391513950292,True,DENY,1,inventoryPolicy DENY -> CONTINUE
gid://shopify/Product/15671426908491,carnation-corn-caps-5pk,Carnation Corn Caps 5Pk,ACTIVE,gid://shopify/ProductVariant/57051285520715,5098928122183,True,DENY,1,inventoryPolicy DENY -> CONTINUE
gid://shopify/Product/15671426941259,luna-by-lisa-airbrush-3in1-primer-tan,Luna By Lisa Airbrush 3In1 Primer - Tan,ACTIVE,gid://shopify/ProductVariant/57051285553483,5391532521909,True,DENY,1,inventoryPolicy DENY -> CONTINUE
gid://shopify/Product/15671427006795,anti-hist-allergy-10mg-tabs-30pk,Anti Hist Allergy 10Mg Tabs 30Pk,ACTIVE,gid://shopify/ProductVariant/57051285750091,5099562707453,True,DENY,1,inventoryPolicy DENY -> CONTINUE
gid://shopify/Product/15671427072331,active-iron-b-complex-for-men-30pk,Active Iron + B Complex For Men 30Pk,ACTIVE,gid://shopify/ProductVariant/57051285946699,735850483184,True,DENY,1,inventoryPolicy DENY -> CONTINUE
gid://shopify/Product/15671427105099,exputex-syrup-200ml,Exputex Syrup 200Ml,ACTIVE,gid://shopify/ProductVariant/57051285979467,5391513950506,True,DENY,1,inventoryPolicy DENY -> CONTINUE
gid://shopify/Product/15671427137867,rs-epsom-salts-500g,Rs Epsom Salts 500G,ACTIVE,gid://shopify/ProductVariant/57051286012235,5099172220168,True,DENY,1,inventoryPolicy DENY -> CONTINUE
gid://shopify/Product/15671427203403,listerine-250ml-coolmint,Listerine 250Ml Coolmint,ACTIVE,gid://shopify/ProductVariant/57051286077771,5010123707774,True,DENY,1,inventoryPolicy DENY -> CONTINUE
gid://shopify/Product/15671427334475,sculpted-second-skin-light-dewy-3-0,Sculpted Second Skin Light Dewy 3.0,ACTIVE,gid://shopify/ProductVariant/57051286470987,793591414652,True,DENY,1,inventoryPolicy DENY -> CONTINUE
gid://shopify/Product/15671427400011,scholl-verruca-wart-freeze-spray-80ml,Scholl Verruca & Wart Freeze Spray 80Ml,ACTIVE,gid://shopify/ProductVariant/57051286667595,5038483238424,True,DENY,1,inventoryPolicy DENY -> CONTINUE
gid://shopify/Product/15671427432779,dlux-vit-d-spray-1000iu-15ml,Dlux Vit D Spray 1000Iu 15Ml,ACTIVE,gid://shopify/ProductVariant/57051288469835,96000793,True,DENY,1,inventoryPolicy DENY -> CONTINUE
gid://shopify/Product/15671427465547,thermal-micellar-water-comb-to-oily-skin-250ml,Thermal Micellar Water Comb To Oily Skin 250Ml,ACTIVE,gid://shopify/ProductVariant/57051288502603,3661434003660,True,DENY,1,inventoryPolicy DENY -> CONTINUE
gid://shopify/Product/15671427498315,sculpted-set-perfect-powder-brush,Sculpted Set & Perfect Powder Brush,ACTIVE,gid://shopify/ProductVariant/57051288535371,794712490708,True,DENY,1,inventoryPolicy DENY -> CONTINUE
gid://shopify/Product/15671427531083,brush-works-micro-needle-derma-roller,Brush Works Micro Needle Derma Roller,ACTIVE,gid://shopify/ProductVariant/57051288568139,5060455147519,True,DENY,1,inventoryPolicy DENY -> CONTINUE
gid://shopify/Product/15671427563851,epaderm-cream-pump-500g,Epaderm Cream Pump 500G,ACTIVE,gid://shopify/ProductVariant/57051288764747,5055158013179,True,DENY,1,inventoryPolicy DENY -> CONTINUE
gid://shopify/Product/15671427596619,sculpted-second-skin-dewy-tan-5-0,Sculpted Second Skin Dewy Tan 5.0,ACTIVE,gid://shopify/ProductVariant/57051288797515,793591414782,True,DENY,1,inventoryPolicy DENY -> CONTINUE
gid://shopify/Product/15671427629387,zenflore-capsules-30pk,Zenflore Capsules 30Pk,ACTIVE,gid://shopify/ProductVariant/57051288830283,5391528870103,True,DENY,1,inventoryPolicy DENY -> CONTINUE
gid://shopify/Product/15671427662155,sterimar-allergy-50ml,Sterimar Allergy 50Ml,ACTIVE,gid://shopify/ProductVariant/57051288863051,5010724533741,True,DENY,1,inventoryPolicy DENY -> CONTINUE
gid://shopify/Product/15671427694923,tepe-angle-g4141-orange-0-45mm-6pk,Tepe Angle G4141 Orange 0.45Mm 6Pk,ACTIVE,gid://shopify/ProductVariant/57051288895819,7317400011509,True,DENY,1,inventoryPolicy DENY -> CONTINUE
gid://shopify/Product/15671427727691,loreal-magic-retouch-gold-brow,Loreal Magic Retouch Gold Brow,ACTIVE,gid://shopify/ProductVariant/57051288928587,3600523388240,True,DENY,1,inventoryPolicy DENY -> CONTINUE
gid://shopify/Product/15671427825995,carnation-corn-shields,Carnation Corn Shields,ACTIVE,gid://shopify/ProductVariant/57051289026891,5012654201608,True,DENY,1,inventoryPolicy DENY -> CONTINUE
gid://shopify/Product/15671427858763,celtic-candle-round-pot-pomelo-grapefruit,Celtic Candle Round Pot Pomelo Grapefruit,ACTIVE,gid://shopify/ProductVariant/57051289059659,5038871068084,True,DENY,1,inventoryPolicy DENY -> CONTINUE
gid://shopify/Product/15671427924299,luna-by-lisa-bronze-glow-primer,Luna By Lisa Bronze Glow Primer,ACTIVE,gid://shopify/ProductVariant/57051289256267,5391532521985,True,DENY,1,inventoryPolicy DENY -> CONTINUE
gid://shopify/Product/15671427989835,anusol-suppositories-24pk,Anusol Suppositories 24Pk,ACTIVE,gid://shopify/ProductVariant/57051289354571,5010724531099,True,DENY,1,inventoryPolicy DENY -> CONTINUE
gid://shopify/Product/15671428022603,better-you-dlux-infant-spray-15ml,Better You Dlux Infant Spray 15Ml,ACTIVE,gid://shopify/ProductVariant/57051289387339,96170816,True,DENY,1,inventoryPolicy DENY -> CONTINUE
gid://shopify/Product/15671428055371,ortho-kin-mouthwash-500ml,Ortho Kin Mouthwash 500Ml,ACTIVE,gid://shopify/ProductVariant/57051289420107,8470001508232,True,DENY,1,inventoryPolicy DENY -> CONTINUE
gid://shopify/Product/15671428088139,tepe-green-size-5-6pk,Tepe Green Size 5 6Pk,ACTIVE,gid://shopify/ProductVariant/57051289452875,7317400001791,True,DENY,1,inventoryPolicy DENY -> CONTINUE
gid://shopify/Product/15671428120907,voltarol-1-emulgel-p-50g,Voltarol 1% Emulgel P 50G,ACTIVE,gid://shopify/ProductVariant/57051289485643,5051562035806,True,DENY,1,inventoryPolicy DENY -> CONTINUE
gid://shopify/Product/15671428153675,exputex-syrup-100ml,Exputex Syrup 100Ml,ACTIVE,gid://shopify/ProductVariant/57051289518411,5391513950490,True,DENY,1,inventoryPolicy DENY -> CONTINUE
gid://shopify/Product/15671428219211,medisilk-silk-tape-2-5x5m,Medisilk Silk Tape 2.5X5m,ACTIVE,gid://shopify/ProductVariant/57051289583947,5099390200508,True,DENY,1,inventoryPolicy DENY -> CONTINUE
gid://shopify/Product/15671428251979,childs-farm-hair-body-wash-250ml-sweet-orange,Childs Farm Hair & Body Wash 250Ml Sweet Orange,ACTIVE,gid://shopify/ProductVariant/57051289616715,5029066007155,True,DENY,1,inventoryPolicy DENY -> CONTINUE
gid://shopify/Product/15671428284747,halls-soothers-honey-lemon-45g,Halls Soothers Honey & Lemon 45G,ACTIVE,gid://shopify/ProductVariant/57051289682251,7622210412539,True,DENY,1,inventoryPolicy DENY -> CONTINUE
gid://shopify/Product/15671428350283,dove-men-s-gel-250ml-extra-fresh,Dove Men S/Gel 250Ml Extra Fresh,ACTIVE,gid://shopify/ProductVariant/57051289715019,8717644598849,True,DENY,1,inventoryPolicy DENY -> CONTINUE
gid://shopify/Product/15671428415819,sculpted-brighten-up-concealer-sand,Sculpted Brighten Up Concealer Sand,ACTIVE,gid://shopify/ProductVariant/57051289813323,794712143123,True,DENY,1,inventoryPolicy DENY -> CONTINUE
gid://shopify/Product/15671428448587,advil-cold-flu-20pk,Advil Cold & Flu 20Pk,ACTIVE,gid://shopify/ProductVariant/57051289846091,5000309004506,True,DENY,1,inventoryPolicy DENY -> CONTINUE
gid://shopify/Product/15671428481355,reusable-face-mask,Reusable Face Mask,ACTIVE,gid://shopify/ProductVariant/57051289878859,5391018053474,True,DENY,1,inventoryPolicy DENY -> CONTINUE
gid://shopify/Product/15671428514123,ultra-pure-eucalyptus-oil-10ml,Ultra Pure Eucalyptus Oil 10Ml,ACTIVE,gid://shopify/ProductVariant/57051289911627,5391510474135,True,DENY,1,inventoryPolicy DENY -> CONTINUE
gid://shopify/Product/15671428546891,pharmard-d-pearls-junior-80pk,Pharmanord D Pearls Junior 80Pk,ACTIVE,gid://shopify/ProductVariant/57051289944395,5709976134201,True,DENY,1,inventoryPolicy DENY -> CONTINUE
gid://shopify/Product/15671428579659,vaseline-pet-jelly-100ml-tub,Vaseline Pet Jelly 100Ml Tub,ACTIVE,gid://shopify/ProductVariant/57051289977163,42182634,True,DENY,1,inventoryPolicy DENY -> CONTINUE
gid://shopify/Product/15671428612427,ultrapure-liquid-paraffin-500ml,Ultrapure Liquid Paraffin 500Ml,ACTIVE,gid://shopify/ProductVariant/57051290009931,5391510476672,True,DENY,1,inventoryPolicy DENY -> CONTINUE
gid://shopify/Product/15671428710731,dove-men-care-clean-comfort-duo-pk-150ml,Dove Men Care Clean Comfort Duo Pk 150Ml,ACTIVE,gid://shopify/ProductVariant/57051290337611,8710908829468,True,DENY,1,inventoryPolicy DENY -> CONTINUE
gid://shopify/Product/15671428743499,mitchum-roll-on-unperfumed-100ml,Mitchum Roll-On Unperfumed 100Ml,ACTIVE,gid://shopify/ProductVariant/57051290370379,309975122077,True,DENY,1,inventoryPolicy DENY -> CONTINUE
gid://shopify/Product/15671428776267,j-j-baby-oil-300ml,J&J Baby Oil 300Ml,ACTIVE,gid://shopify/ProductVariant/57051290403147,3574661218083,True,DENY,1,inventoryPolicy DENY -> CONTINUE
gid://shopify/Product/15671428841803,ogam-ylang-ylang-10ml,Ogam Ylang Ylang 10Ml,ACTIVE,gid://shopify/ProductVariant/57051290501451,5390600001282,True,DENY,1,inventoryPolicy DENY -> CONTINUE
gid://shopify/Product/15671428907339,vaseline-lip-therapy-20g-rosy,Vaseline Lip Therapy 20G Rosy,ACTIVE,gid://shopify/ProductVariant/57051290534219,50064861,True,DENY,1,inventoryPolicy DENY -> CONTINUE
gid://shopify/Product/15671428972875,sculpted-second-skin-medium-dewy-4-0,Sculpted Second Skin Medium Dewy 4.0,ACTIVE,gid://shopify/ProductVariant/57051290599755,793591414720,True,DENY,1,inventoryPolicy DENY -> CONTINUE
gid://shopify/Product/15671429038411,nivea-men-post-shave-balm-100ml-sensitive,Nivea Men Post Shave Balm 100Ml Sensitive,ACTIVE,gid://shopify/ProductVariant/57051290829131,5025970023281,True,DENY,1,inventoryPolicy DENY -> CONTINUE
gid://shopify/Product/15671429071179,bio-kult-pro-cyan-45pk,Bio-Kult Pro Cyan 45Pk,ACTIVE,gid://shopify/ProductVariant/57051290861899,5027314503213,True,DENY,1,inventoryPolicy DENY -> CONTINUE
gid://shopify/Product/15671429136715,tepe-g4111-mini-flossers-36pk,Tepe G4111 Mini Flossers 36Pk,ACTIVE,gid://shopify/ProductVariant/57051290894667,7317400012537,True,DENY,1,inventoryPolicy DENY -> CONTINUE
gid://shopify/Product/15671429202251,dermal-adex-gel-100g,Dermal Adex Gel 100G,ACTIVE,gid://shopify/ProductVariant/57051291058507,5016379100451,True,DENY,1,inventoryPolicy DENY -> CONTINUE
gid://shopify/Product/15671429235019,cutex-ultra-powerful-npr-100ml,Cutex Ultra Powerful Npr 100Ml,ACTIVE,gid://shopify/ProductVariant/57051291091275,309971370274,True,DENY,1,inventoryPolicy DENY -> CONTINUE
gid://shopify/Product/15671429300555,luna-by-lisa-strobe-primer,Luna By Lisa Strobe Primer,ACTIVE,gid://shopify/ProductVariant/57051291156811,5391532521992,True,DENY,1,inventoryPolicy DENY -> CONTINUE
gid://shopify/Product/15671429366091,purismio-reusable-mask-black-1pk,Purismio Reusable Mask Black 1Pk,ACTIVE,gid://shopify/ProductVariant/57051291222347,5060676800125,True,DENY,1,inventoryPolicy DENY -> CONTINUE
gid://shopify/Product/15671429398859,kit-kaboodle-hair-clamp-black,Kit & Kaboodle Hair Clamp Black,ACTIVE,gid://shopify/ProductVariant/57051291255115,5391531140392,True,DENY,1,inventoryPolicy DENY -> CONTINUE
gid://shopify/Product/15671429497163,lavender-oil-ultra-pure-10ml,Lavender Oil Ultra Pure 10Ml,ACTIVE,gid://shopify/ProductVariant/57051293843787,5391510474159,True,DENY,1,inventoryPolicy DENY -> CONTINUE
