Redirect from,Redirect to,Match,Note
/c/pharmacy/10,/collections/pharmacy,category,
/c/cold-and-flu/41,/collections/cold-flu-allergy,category,
/c/pain-relief/42,/collections/pain-relief,category,
/c/allergy-relief/40,/collections/hayfever-allergy,category,
/c/childrens-medicine/43,/collections/baby-health,category,check
/c/stomach-and-digestion/44,/collections/stomach-gastrointestinal,category,
/c/first-aid/45,/collections/first-aid,category,
/c/oral-health/53,/collections/mouth-oral-care,category,
/c/womens-health/48,/collections/womens-health,category,
/c/medical-devices/50,/collections/pharmacy,category,check
/c/medicated-skincare/49,/collections/dermatological-skincare,category,
/c/eye-and-ear-care/46,/collections/eye-ear-health,category,
/c/travel-essentials-/737,/collections/travel,category,
/c/pet-health/716,/collections/pharmacy,category,check
/c/nicotine-replacement/52,/collections/nicotine-replacement,category,
/c/foot-and-nail-care/47,/collections/foot-care,category,
/c/sensitive-conditions/51,/collections/sensitive-conditions,category,
/c/sexual-health/54,/collections/sexual-health,category,
/c/back-to-school/689,/collections/children-vitamins,category,check
/c/covid-19/679,/collections/self-testing-kits,category,
/c/vitamins-and-supplements/36,/collections/vitamins,category,
/c/vitamins-and-immune-support/80,/collections/immune-support,category,
/c/weight-management/74,/collections/slimming,category,
/c/energy-and-vitality/71,/collections/energy-wellbeing,category,
/c/probiotics-and-gut-health/77,/collections/probiotics-digestive-health,category,
/c/sleep-aids-and-stress-relief/82,/collections/medicines-health,category,
/c/muscle-joint-and-bone/79,/collections/joint-bone-health,category,
/c/womens-wellbeing/76,/collections/womens-health,category,
/c/mens-wellbeing/75,/collections/mens-health,category,
/c/brain-health-and-omega-oils/70,/collections/fish-oils-omegas,category,
/c/childrens-supplements/73,/collections/children-vitamins,category,
/c/healthy-heart/81,/collections/heart-health,category,
/c/eyes-and-ears/78,/collections/eye-health,category,
/c/health-foods/72,/collections/vitamins,category,check
/c/other-supplements/83,/collections/vitamins,category,
/c/skincare/12,/collections/skincare,category,
/c/face/63,/collections/facial-skincare,category,
/c/cleanse/62,/collections/cleanser,category,
/c/body-care/66,/collections/body-skincare,category,
/c/eye-care/64,/collections/eye-cream,category,
/c/masks-and-peels/65,/collections/face-masks,category,
/c/hands-and-feet/67,/collections/hands-nails,category,
/c/mens-skincare/68,/collections/mens-grooming,category,
/c/sun-care-and-spf/69,/collections/sun,category,
/c/beauty/11,/collections/beauty,category,
/c/face/57,/collections/face,category,
/c/tanning/60,/collections/tanning,category,
/c/eyes/55,/collections/eyes,category,
/c/brushes-and-accessories/61,/collections/makeup-brushes,category,
/c/lips/58,/collections/lips,category,
/c/nails/59,/collections/nails,category,
/c/brows-and-lashes/56,/collections/eyebrows,category,
/c/mother-and-baby/38,/collections/mother-baby,category,
/c/soothers-and-accessories/99,/collections/baby-accessories,category,
/c/feeding/96,/collections/baby-feeding,category,
/c/baby-health/320,/collections/baby-health,category,
/c/baby-wipes-and-changing/97,/collections/baby-wipes-toiletries,category,
/c/bathing-and-skincare/95,/collections/baby-skincare,category,
/c/maternity-care/98,/collections/maternity-care,category,
/c/toiletries/37,/collections/toiletries,category,
/c/bath-and-shower/84,/collections/bath-shower,category,
/c/deodorant/86,/collections/deodorant,category,
/c/hair-care/88,/collections/hair-care,category,
/c/feminine-care/89,/collections/feminine-care,category,
/c/mens-grooming/91,/collections/mens-grooming,category,
/c/dental-and-whitening/87,/collections/dental-care,category,
/c/electrical/92,/collections/toiletries,category,check
/c/hair-removal/90,/collections/toiletries,category,check
/c/handsoap-and-sanitiser/85,/collections/bath-shower,category,check
/c/travel/93,/collections/travel,category,
/c/masks-gloves-and-ppe/94,/collections/first-aid,category,check
/c/fragrance-and-gift/39,/collections/gifting,category,
/c/gifts-for-her/680,/collections/gifts-for-her,category,
/c/gifts-for-him/353,/collections/gifts-for-him,category,
/c/gifts-for-kids-/753,/collections/gifting,category,check
/c/all-fragrances/733,/collections/fragrance,category,
/c/womens-fragrance/101,/collections/womens-fragrance,category,
/c/mens-fragrance/102,/collections/mens-fragrance,category,
/c/hampers/104,/pages/hampers-made-to-order,page,
/c/gift-vouchers/100,/pages/gift-vouchers,page,
/c/candles-and-diffusers/103,/collections/candles-diffusers,category,
/c/gifts-for-the-home/354,/collections/candles-diffusers,category,check
/c/new/7,/collections/new-in,category,check
/c/new-in---pharmacy/1000010,/collections/pharmacy,category,
/c/new-in---vitamins-and-supplements/1000036,/collections/vitamins,category,
/c/new-in---skincare/1000012,/collections/skincare,category,
/c/new-in---beauty/1000011,/collections/beauty,category,
/c/new-in---mother-and-baby/1000038,/collections/mother-baby,category,
/c/new-in---toiletries/1000037,/collections/toiletries,category,
/c/new-in---fragrance-and-gift/1000039,/collections/gifting,category,
/c/new-in---clearance-/1000700,/collections/sale,category,
/c/our-brands/8,/pages/brands,page,
/c/biabelle/129,/collections/biabelle,brand-collection,
/c/bperfect/113,/collections/bperfect,brand-collection,
/c/carter-beauty/146,/pages/brands,page,check
/c/cerave/149,/collections/cerave,brand-collection,
/c/luna-by-lisa/198,/collections/luna-by-lisa,brand-collection,
/c/mrs-glam/208,/collections/bperfect,category,check
/c/pestle-and-mortar/239,/collections/pestle-and-mortar,brand-collection,
/c/revive-active/247,/collections/revive-active,brand-collection,
/c/sculpted-by-aimee/255,/collections/sculpted-by-aimee,brand-collection,
/c/sosu/266,/collections/sosu,brand-collection,
/c/uriage/282,/collections/uriage,brand-collection,
/c/voduz/292,/collections/voduz,brand-collection,
/c/our-irish-brands-/338,/pages/brands,page,check
/c/sale/9,/collections/sale,category,
/c/bundles-/741,/collections/bundles,category,
/c/sale/750,/collections/sale,category,
/c/services/19,/pages/in-store-services,page,
/c/online-services/324,/pages/prescriptions,page,check
/c/instore-services/325,/pages/in-store-services,page,
/c/clearance-/700,/collections/sale,category,check
/c/3-for-10/751,/collections/sale,category,check
/c/3-for-5/701,/collections/sale,category,check
/c/about-us/14,/pages/about-us,page,
/c/locations-and-opening-hours/25,/pages/store-locator,page,
/c/contact-us/15,/pages/contact-us,page,
/subscribe,/pages/loyalty-rewards-club,page,check
/c/ask-a-pharmacist/341,/pages/contact-us,page,check
/c/book-a-vaccination/34,/pages/flu-vaccine-clinic,page,check
/c/delivery-and-collection/17,/pages/shipping,page,
/c/returns-policy/18,/pages/returns,page,
/c/competitions/366,/pages/loyalty-rewards-club,page,check
/c/weee-recycling-old-appliance-/707,/pages/returns,page,check
/c/terms-and-conditions/22,/pages/terms-and-conditions,page,
/c/privacy-policy/23,/pages/privacy-policy,page,
/c/registered-internet-supply-pharmacy/26,/pages/internet-supply-pharmacy,page,
/cookies,/pages/cookie-policy,page,
/c/avogel/114,/collections/vendors?q=A.VOGEL,brand-vendor,
/c/abidec/383,/collections/vendors?q=Abidec,brand-vendor,
/c/accessories-4-babies/384,/pages/brands,brand-unmatched,check
/c/acic/385,/collections/vendors?q=Acic,brand-vendor,
/c/actase/386,/pages/brands,brand-unmatched,check
/c/actifed/387,/collections/vendors?q=Actifed,brand-vendor,
/c/active-iron/115,/collections/active-iron,brand-collection,
/c/advil/388,/collections/vendors?q=Advil,brand-vendor,
/c/alberto-balsam/116,/pages/brands,brand-unmatched,check
/c/alfaparf/685,/collections/alfaparf,brand-collection,
/c/alflorex/117,/collections/alflorex,brand-collection,
/c/alka-seltzer/389,/collections/vendors?q=Alka%20Seltzer,brand-vendor,
/c/aloe-vera/390,/pages/brands,brand-unmatched,check
/c/always/118,/collections/vendors?q=Always,brand-vendor,
/c/anadin/391,/collections/vendors?q=Anadin,brand-vendor,
/c/anbesol/392,/collections/anbesol,brand-collection,
/c/andrews/393,/pages/brands,brand-unmatched,check
/c/anhydrol/394,/collections/vendors?q=Anhydrol,brand-vendor,
/c/anthisan/395,/collections/vendors?q=Anthisan,brand-vendor,
/c/anti/396,/search?q=anti&type=product,brand-search,
/c/anti-hist/397,/collections/vendors?q=Anti%20Hist,brand-vendor,
/c/anti-fog/398,/pages/brands,brand-unmatched,check
/c/anusol/399,/collections/anusol,brand-collection,
/c/aquafresh/400,/pages/brands,brand-unmatched,check
/c/aqueous/401,/pages/brands,brand-unmatched,check
/c/armani/367,/collections/vendors?q=ARMANI,brand-vendor,
/c/armolipid/402,/collections/vendors?q=Armolipid,brand-vendor,
/c/arnicare/403,/collections/vendors?q=Arnicare,brand-vendor,
/c/aroma-home/726,/pages/brands,brand-unmatched,check
/c/aroma-works/119,/collections/vendors?q=Aroma%20Works,brand-vendor,
/c/arret/381,/collections/vendors?q=Arret,brand-vendor,
/c/aspirin/404,/pages/brands,brand-unmatched,check
/c/astral/405,/collections/vendors?q=Astral,brand-vendor,
/c/atrixo/406,/pages/brands,brand-unmatched,check
/c/audiclean/407,/collections/vendors?q=Audiclean,brand-vendor,
/c/aussie/408,/pages/brands,brand-unmatched,check
/c/austrailian/409,/pages/brands,brand-unmatched,check
/c/aveeno/120,/collections/aveeno,brand-collection,
/c/avent/121,/pages/brands,brand-unmatched,check
/c/azio-beauty/752,/collections/azio-beauty,brand-collection,
/c/baby/410,/collections/vendors?q=Baby,brand-vendor,
/c/banat/411,/pages/brands,brand-unmatched,check
/c/bare-by-vogue/724,/pages/brands,brand-unmatched,check
/c/batiste/122,/collections/batiste,brand-collection,
/c/bauer/123,/pages/brands,brand-unmatched,check
/c/bauer-professional/690,/pages/brands,brand-unmatched,check
/c/bausch/412,/collections/vendors?q=Bausch,brand-vendor,
/c/bbold/124,/collections/vendors?q=BBold,brand-vendor,
/c/beam/125,/pages/brands,brand-unmatched,check
/c/beauty-of-joseon/758,/collections/vendors?q=Beauty%20of%20Joseon,brand-vendor,
/c/beconase/413,/collections/vendors?q=Beconase,brand-vendor,
/c/beeline/414,/collections/vendors?q=Beeline,brand-vendor,
/c/beewax/415,/pages/brands,brand-unmatched,check
/c/bellamianta/126,/pages/brands,brand-unmatched,check
/c/benylin/127,/collections/benylin,brand-collection,
/c/bepanthen/416,/collections/bepanthen,brand-collection,
/c/bepantiseptic/417,/collections/vendors?q=Bepantiseptic,brand-vendor,
/c/berocca/299,/collections/berocca,brand-collection,
/c/better-you/418,/collections/better-you,brand-collection,
/c/bio-active/130,/collections/vendors?q=Bio%20Active,brand-vendor,
/c/bio-extra/300,/pages/brands,brand-unmatched,check
/c/bio-kult/301,/collections/bio-kult,brand-collection,
/c/bio-oil/302,/collections/bio-oil,brand-collection,
/c/biodance/757,/collections/vendors?q=Biodance,brand-vendor,
/c/biofreeze/419,/pages/brands,brand-unmatched,check
/c/bio-kult/131,/collections/bio-kult,brand-collection,
/c/biomiracle/748,/collections/vendors?q=BioMiracle,brand-vendor,
/c/bio-oil/132,/collections/bio-oil,brand-collection,
/c/biotene/420,/collections/vendors?q=Biotene,brand-vendor,
/c/bioxsine/421,/pages/brands,brand-unmatched,check
/c/bioxtra/133,/collections/vendors?q=Bioxtra,brand-vendor,
/c/bisodol/422,/collections/vendors?q=Bisodol,brand-vendor,
/c/blistex/134,/pages/brands,brand-unmatched,check
/c/bloateze/423,/collections/vendors?q=Bloateze,brand-vendor,
/c/bloom/424,/search?q=bloom&type=product,brand-search,
/c/bondi/425,/pages/brands,brand-unmatched,check
/c/bondi-sands/135,/pages/brands,brand-unmatched,check
/c/bonjela/426,/collections/vendors?q=Bonjela,brand-vendor,
/c/bragg/427,/pages/brands,brand-unmatched,check
/c/braggs/428,/collections/vendors?q=Braggs,brand-vendor,
/c/braun/136,/collections/vendors?q=Braun,brand-vendor,
/c/brolene/429,/collections/vendors?q=Brolene,brand-vendor,
/c/bronchostop/137,/collections/bronchostop,brand-collection,
/c/brupo/138,/pages/brands,brand-unmatched,check
/c/brushworks/430,/collections/vendors?q=Brushworks,brand-vendor,
/c/brut-/745,/collections/vendors?q=Brut,brand-vendor,
/c/brylcreem/431,/collections/vendors?q=Brylcreem,brand-vendor,
/c/buplex/139,/collections/vendors?q=Buplex,brand-vendor,
/c/burberry/140,/collections/vendors?q=Burberry,brand-vendor,
/c/burnshield/432,/collections/vendors?q=Burnshield,brand-vendor,
/c/buscopan/433,/collections/vendors?q=Buscopan,brand-vendor,
/c/buttercup/434,/search?q=buttercup&type=product,brand-search,
/c/candh/435,/collections/vendors?q=C%26H,brand-vendor,
/c/calco/436,/pages/brands,brand-unmatched,check
/c/caldease/437,/collections/vendors?q=Caldease,brand-vendor,
/c/caldebaby/438,/collections/vendors?q=Caldebaby,brand-vendor,
/c/caldesene/439,/collections/vendors?q=Caldesene,brand-vendor,
/c/cali-coast/759,/collections/cali-coast,brand-collection,
/c/calpol/141,/collections/calpol,brand-collection,
/c/calvin-klein/368,/collections/calvin-klein,brand-collection,
/c/camomile/440,/search?q=camomile&type=product,brand-search,
/c/canespro/441,/pages/brands,brand-unmatched,check
/c/canesten/142,/collections/canesten,brand-collection,
/c/capasal/442,/collections/vendors?q=Capasal,brand-vendor,
/c/carbosan/443,/collections/vendors?q=Carbosan,brand-vendor,
/c/carefree/444,/collections/vendors?q=Carefree,brand-vendor,
/c/carex/143,/collections/vendors?q=Carex,brand-vendor,
/c/carmex/144,/collections/vendors?q=Carmex,brand-vendor,
/c/carnation/145,/collections/carnation,brand-collection,
/c/casacol/445,/collections/vendors?q=Casacol,brand-vendor,
/c/castor/446,/collections/vendors?q=Castor,brand-vendor,
/c/catrice/683,/pages/brands,brand-unmatched,check
/c/cb12/447,/collections/vendors?q=Cb12,brand-vendor,
/c/celtic/448,/search?q=celtic&type=product,brand-search,
/c/celtic-candles/147,/collections/celtic-candles,brand-collection,
/c/centrum/148,/collections/centrum,brand-collection,
/c/cerruti/449,/pages/brands,brand-unmatched,check
/c/cerumol/450,/collections/vendors?q=Cerumol,brand-vendor,
/c/cetaphil/150,/collections/cetaphil,brand-collection,
/c/cetrine/451,/collections/vendors?q=Cetrine,brand-vendor,
/c/chanel/730,/collections/chanel,brand-collection,
/c/childs-farm/151,/collections/childs-farm,brand-collection,
/c/chloe/452,/collections/vendors?q=Chloe,brand-vendor,
/c/clairol/453,/pages/brands,brand-unmatched,check
/c/clariol/152,/pages/brands,brand-unmatched,check
/c/clarityn/454,/collections/vendors?q=Clarityn,brand-vendor,
/c/classics/455,/collections/vendors?q=Classics,brand-vendor,
/c/cleanmarine/153,/collections/cleanmarine,brand-collection,
/c/clearblue/154,/collections/clearblue,brand-collection,
/c/clinomyn/456,/pages/brands,brand-unmatched,check
/c/clonfolic/457,/collections/vendors?q=Clonfolic,brand-vendor,
/c/cocoa-brown/155,/collections/cocoa-brown,brand-collection,
/c/codinex/458,/pages/brands,brand-unmatched,check
/c/colgate/156,/collections/colgate,brand-collection,
/c/colief/459,/collections/vendors?q=Colief,brand-vendor,
/c/colpermin/460,/collections/vendors?q=Colpermin,brand-vendor,
/c/compeed/157,/collections/compeed,brand-collection,
/c/coral/461,/collections/vendors?q=Coral,brand-vendor,
/c/corsodyl/158,/collections/vendors?q=Corsodyl,brand-vendor,
/c/cosy-joe/693,/pages/brands,brand-unmatched,check
/c/cotoneve/462,/pages/brands,brand-unmatched,check
/c/cotton/463,/collections/vendors?q=Cotton,brand-vendor,
/c/cura/464,/pages/brands,brand-unmatched,check
/c/curanail/465,/collections/vendors?q=Curanail,brand-vendor,
/c/cutex/159,/collections/vendors?q=Cutex,brand-vendor,
/c/cydonia/160,/collections/cydonia,brand-collection,
/c/cymex/466,/pages/brands,brand-unmatched,check
/c/cystopurin/467,/collections/vendors?q=Cystopurin,brand-vendor,
/c/daktarin/468,/collections/vendors?q=Daktarin,brand-vendor,
/c/dax/469,/collections/vendors?q=Dax,brand-vendor,
/c/day-nurse/470,/pages/brands,brand-unmatched,check
/c/declar/742,/collections/vendors?q=Declar%C3%A9,brand-vendor,
/c/decleor/162,/pages/brands,brand-unmatched,check
/c/deep-heat/163,/collections/deep-heat,brand-collection,
/c/derma/471,/pages/brands,brand-unmatched,check
/c/dermal/472,/collections/vendors?q=Dermal,brand-vendor,
/c/desenex/473,/collections/vendors?q=Desenex,brand-vendor,
/c/dettol/474,/collections/vendors?q=Dettol,brand-vendor,
/c/dextro/475,/collections/vendors?q=Dextro,brand-vendor,
/c/diclac/476,/collections/vendors?q=Diclac,brand-vendor,
/c/difflam/164,/collections/difflam,brand-collection,
/c/dimple/477,/collections/vendors?q=Dimple,brand-vendor,
/c/dioralyte/165,/collections/vendors?q=Dioralyte,brand-vendor,
/c/diprobase/478,/pages/brands,brand-unmatched,check
/c/discreet/479,/collections/vendors?q=Discreet,brand-vendor,
/c/disney/694,/pages/brands,brand-unmatched,check
/c/disprin/480,/collections/vendors?q=Disprin,brand-vendor,
/c/dlux/481,/search?q=dlux&type=product,brand-search,
/c/dolce-and-gabanna/369,/pages/brands,brand-unmatched,check
/c/doublebase/482,/collections/vendors?q=Doublebase,brand-vendor,
/c/dove/166,/collections/dove,brand-collection,
/c/dozol/483,/pages/brands,brand-unmatched,check
/c/dr-denti/484,/collections/vendors?q=Dr%20Denti,brand-vendor,
/c/dr-squatch/765,/collections/vendors?q=Dr%20Squatch,brand-vendor,
/c/driclor/485,/collections/vendors?q=Driclor,brand-vendor,
/c/dulcolax/167,/collections/dulcolax,brand-collection,
/c/duo/486,/collections/vendors?q=Duo,brand-vendor,
/c/duofilm/487,/pages/brands,brand-unmatched,check
/c/duracell/488,/collections/vendors?q=Duracell,brand-vendor,
/c/durex/168,/collections/durex,brand-collection,
/c/e45/169,/collections/vendors?q=E45,brand-vendor,
/c/easofen/170,/collections/easofen,brand-collection,
/c/easolief/305,/collections/vendors?q=Easolief,brand-vendor,
/c/elave/171,/collections/elave,brand-collection,
/c/elivive/306,/pages/brands,brand-unmatched,check
/c/elizabeth-arden/370,/pages/brands,brand-unmatched,check
/c/ella-and-jo/172,/collections/vendors?q=Ella%20%26%20Jo,brand-vendor,
/c/elvive/173,/search?q=elvive&type=product,brand-search,
/c/elysium/489,/pages/brands,brand-unmatched,check
/c/emazole/490,/collections/vendors?q=Emazole,brand-vendor,
/c/emergen-c/491,/collections/vendors?q=Emergen-C,brand-vendor,
/c/epaderm/492,/collections/vendors?q=Epaderm,brand-vendor,
/c/eskimo/174,/collections/vendors?q=Eskimo,brand-vendor,
/c/estee-lauder/175,/collections/vendors?q=Estee%20Lauder,brand-vendor,
/c/eucarbon/493,/pages/brands,brand-unmatched,check
/c/eucerin/494,/collections/eucerin,brand-collection,
/c/eucryl/495,/collections/vendors?q=Eucryl,brand-vendor,
/c/eurax/496,/pages/brands,brand-unmatched,check
/c/euthymol/497,/collections/vendors?q=Euthymol,brand-vendor,
/c/ever-ready/498,/pages/brands,brand-unmatched,check
/c/excedrin/499,/collections/vendors?q=Excedrin,brand-vendor,
/c/exputex/500,/collections/vendors?q=Exputex,brand-vendor,
/c/exterol/501,/collections/vendors?q=Exterol,brand-vendor,
/c/fabu/711,/collections/fabu,brand-collection,
/c/femfresh/502,/collections/vendors?q=Femfresh,brand-vendor,
/c/ferrograd/503,/collections/vendors?q=Ferrograd,brand-vendor,
/c/fill-n-squeeze/176,/collections/vendors?q=Fill%20N%20Squeeze,brand-vendor,
/c/fingertip/504,/pages/brands,brand-unmatched,check
/c/first-response/505,/collections/vendors?q=First%20Response,brand-vendor,
/c/fishermans-friend/506,/collections/vendors?q=Fishermans%20Friend,brand-vendor,
/c/fixodent/177,/collections/vendors?q=Fixodent,brand-vendor,
/c/fleaway-plus/714,/collections/fleaway-plus,brand-collection,
/c/flexiseq/507,/pages/brands,brand-unmatched,check
/c/flixonase/508,/collections/vendors?q=Flixonase,brand-vendor,
/c/floradix/509,/collections/floradix,brand-collection,
/c/flormar/178,/collections/vendors?q=Flormar,brand-vendor,
/c/fresh/510,/collections/vendors?q=Fresh,brand-vendor,
/c/fsc/511,/collections/vendors?q=Fsc,brand-vendor,
/c/full-marks/179,/collections/vendors?q=Full%20Marks,brand-vendor,
/c/fybogel/512,/collections/vendors?q=Fybogel,brand-vendor,
/c/g5-haute-cosmtiques/697,/pages/brands,brand-unmatched,check
/c/galfer/513,/collections/vendors?q=Galfer,brand-vendor,
/c/gaviscon/180,/collections/gaviscon,brand-collection,
/c/gelorevoice/712,/collections/vendors?q=GeloRevoice,brand-vendor,
/c/gillette/181,/collections/gillette,brand-collection,
/c/gliss/514,/pages/brands,brand-unmatched,check
/c/glycerine/515,/search?q=glycerine&type=product,brand-search,
/c/glycerol/516,/collections/vendors?q=Glycerol,brand-vendor,
/c/gosh/754,/collections/gosh,brand-collection,
/c/got2b/517,/collections/vendors?q=Got2B,brand-vendor,
/c/greenlight/518,/pages/brands,brand-unmatched,check
/c/gucci/182,/collections/vendors?q=Gucci,brand-vendor,
/c/halls/183,/collections/halls,brand-collection,
/c/harrys-/764,/collections/vendors?q=Harry%27s,brand-vendor,
/c/head-and-shoulder/519,/search?q=head+and+shoulder&type=product,brand-search,
/c/herbal-essence/520,/pages/brands,brand-unmatched,check
/c/hibiscrub/521,/pages/brands,brand-unmatched,check
/c/higher/522,/pages/brands,brand-unmatched,check
/c/hot-tools-/708,/pages/brands,brand-unmatched,check
/c/huggies/523,/pages/brands,brand-unmatched,check
/c/hugo-boss/184,/collections/hugo-boss,brand-collection,
/c/hydrocortisyl/524,/pages/brands,brand-unmatched,check
/c/hylo/525,/collections/hylo,brand-collection,
/c/iglow/696,/collections/vendors?q=iGlow,brand-vendor,
/c/ilvico/526,/collections/vendors?q=Ilvico,brand-vendor,
/c/imodium/527,/collections/imodium,brand-collection,
/c/impulse/528,/pages/brands,brand-unmatched,check
/c/in/308,/pages/brands,brand-unmatched,check
/c/infacol/529,/collections/vendors?q=Infacol,brand-vendor,
/c/infinity/185,/collections/infinity,brand-collection,
/c/jakemans/530,/collections/jakemans,brand-collection,
/c/jan-de-vrie/309,/pages/brands,brand-unmatched,check
/c/jan-de-vries/186,/collections/vendors?q=Jan%20De%20Vries,brand-vendor,
/c/jenny-glow/719,/collections/jenny-glow,brand-collection,
/c/johnson-and-johnson/187,/collections/vendors?q=Johnson%20%26%20Johnson,brand-vendor,
/c/joico/188,/pages/brands,brand-unmatched,check
/c/jolen/189,/pages/brands,brand-unmatched,check
/c/jungle/531,/search?q=jungle&type=product,brand-search,
/c/jungle-formula/190,/collections/vendors?q=Jungle%20Formula,brand-vendor,
/c/just-for-men/532,/collections/vendors?q=Just%20For%20Men,brand-vendor,
/c/juvar/749,/collections/vendors?q=Juvar%C3%A9,brand-vendor,
/c/kelkin/191,/collections/vendors?q=Kelkin,brand-vendor,
/c/kin/192,/collections/kin,brand-collection,
/c/king/723,/collections/vendors?q=King,brand-vendor,
/c/kinvara/193,/collections/vendors?q=Kinvara,brand-vendor,
/c/kit-and-kaboodle/194,/collections/vendors?q=Kit%20%26%20Kaboodle,brand-vendor,
/c/kleenex/533,/collections/vendors?q=Kleenex,brand-vendor,
/c/kool-n-soothe/534,/collections/vendors?q=Kool%20N%20Soothe,brand-vendor,
/c/kwells/535,/collections/vendors?q=Kwells,brand-vendor,
/c/ky-jelly/536,/pages/brands,brand-unmatched,check
/c/labello/537,/pages/brands,brand-unmatched,check
/c/lacabine/713,/collections/lacabine,brand-collection,
/c/lactulose/538,/search?q=lactulose&type=product,brand-search,
/c/lamisil/539,/collections/vendors?q=Lamisil,brand-vendor,
/c/lanacane/540,/pages/brands,brand-unmatched,check
/c/laneige/762,/collections/vendors?q=Laneige,brand-vendor,
/c/lanes/541,/collections/lanes,brand-collection,
/c/lansih/542,/pages/brands,brand-unmatched,check
/c/lavender/543,/search?q=lavender&type=product,brand-search,
/c/lecithin/544,/collections/vendors?q=Lecithin,brand-vendor,
/c/lemsip/311,/collections/lemsip,brand-collection,
/c/lens/545,/search?q=lens&type=product,brand-search,
/c/lerelle-beauty/763,/collections/vendors?q=Lerelle%20Beauty,brand-vendor,
/c/lice-dr/546,/collections/vendors?q=Lice%20Dr,brand-vendor,
/c/lifeboy/547,/pages/brands,brand-unmatched,check
/c/listerine/196,/collections/vendors?q=Listerine,brand-vendor,
/c/lorat/548,/collections/vendors?q=Lorat,brand-vendor,
/c/loreal/195,/search?q=loreal&type=product,brand-search,
/c/losec/549,/collections/vendors?q=Losec,brand-vendor,
/c/lotil/550,/pages/brands,brand-unmatched,check
/c/lubrisyn/197,/pages/brands,brand-unmatched,check
/c/lutein/552,/pages/brands,brand-unmatched,check
/c/lyclear/199,/collections/vendors?q=Lyclear,brand-vendor,
/c/lynx/200,/collections/lynx,brand-collection,
/c/maalox/382,/collections/vendors?q=Maalox,brand-vendor,
/c/macushield/201,/collections/vendors?q=Macushield,brand-vendor,
/c/mag-365/553,/pages/brands,brand-unmatched,check
/c/magic/554,/pages/brands,brand-unmatched,check
/c/magnesium/555,/search?q=magnesium&type=product,brand-search,
/c/malibu/556,/pages/brands,brand-unmatched,check
/c/mam/686,/collections/mam,brand-collection,
/c/manstuff/691,/collections/vendors?q=Man%27Stuff,brand-vendor,
/c/manuka/557,/pages/brands,brand-unmatched,check
/c/maternity/558,/collections/vendors?q=Maternity,brand-vendor,
/c/mava/313,/pages/brands,brand-unmatched,check
/c/mavala/202,/pages/brands,brand-unmatched,check
/c/medicare/203,/collections/medicare,brand-collection,
/c/medicube/756,/collections/vendors?q=Medicube,brand-vendor,
/c/medijel/559,/pages/brands,brand-unmatched,check
/c/melissa-dreams/560,/pages/brands,brand-unmatched,check
/c/melolin/561,/collections/vendors?q=Melolin,brand-vendor,
/c/mepore/204,/collections/mepore,brand-collection,
/c/metanium/562,/pages/brands,brand-unmatched,check
/c/metatone/563,/pages/brands,brand-unmatched,check
/c/microlax/564,/collections/vendors?q=Microlax,brand-vendor,
/c/migraleve/565,/pages/brands,brand-unmatched,check
/c/milk-of-magnesia/566,/collections/vendors?q=Milk%20Of%20Magnesia,brand-vendor,
/c/milton/205,/collections/vendors?q=Milton,brand-vendor,
/c/mitchum/206,/collections/mitchum,brand-collection,
/c/moogoo/207,/collections/vendors?q=Moogoo,brand-vendor,
/c/motilium/567,/collections/vendors?q=Motilium,brand-vendor,
/c/moxi/688,/collections/vendors?q=Moxi,brand-vendor,
/c/murine/209,/collections/vendors?q=Murine,brand-vendor,
/c/mycosan/568,/collections/vendors?q=Mycosan,brand-vendor,
/c/nasacort/569,/collections/vendors?q=Nasacort,brand-vendor,
/c/nasal/570,/pages/brands,brand-unmatched,check
/c/natures-aid/210,/collections/vendors?q=Natures%20Aid,brand-vendor,
/c/neilmed/211,/collections/vendors?q=Neilmed,brand-vendor,
/c/nelsons/571,/collections/vendors?q=Nelsons,brand-vendor,
/c/neutrogena/572,/collections/neutrogena,brand-collection,
/c/new-nordic/573,/collections/vendors?q=New%20Nordic,brand-vendor,
/c/nexium/212,/collections/vendors?q=Nexium,brand-vendor,
/c/nice-n-easy/574,/pages/brands,brand-unmatched,check
/c/nicorette/213,/collections/nicorette,brand-collection,
/c/night-nurse/575,/collections/vendors?q=Night%20Nurse,brand-vendor,
/c/niquitin/214,/collections/vendors?q=Niquitin,brand-vendor,
/c/nitty-gritty/215,/pages/brands,brand-unmatched,check
/c/nivea/221,/collections/nivea,brand-collection,
/c/nivea/216,/collections/nivea,brand-collection,
/c/nizoral/217,/collections/nizoral,brand-collection,
/c/novomins/766,/collections/vendors?q=Novomins,brand-vendor,
/c/nuk/218,/pages/brands,brand-unmatched,check
/c/nurofen/219,/collections/nurofen,brand-collection,
/c/nutrogena/220,/search?q=nutrogena&type=product,brand-search,
/c/nuxe-/744,/pages/brands,brand-unmatched,check
/c/nytol/576,/collections/vendors?q=Nytol,brand-vendor,
/c/okeeffes/222,/collections/vendors?q=O%E2%80%99Keeffes,brand-vendor,
/c/ogam-oils/223,/collections/ogam-oils,brand-collection,
/c/oilatum/224,/collections/vendors?q=Oilatum,brand-vendor,
/c/old-spice/577,/collections/vendors?q=Old%20Spice,brand-vendor,
/c/olia/225,/pages/brands,brand-unmatched,check
/c/omron/226,/pages/brands,brand-unmatched,check
/c/one-nutrition/578,/collections/vendors?q=One%20Nutrition,brand-vendor,
/c/optase/227,/collections/vendors?q=Optase,brand-vendor,
/c/optibac/228,/collections/optibac,brand-collection,
/c/opticrom/579,/collections/vendors?q=Opticrom,brand-vendor,
/c/optiplus/580,/collections/vendors?q=Optiplus,brand-vendor,
/c/optrex/229,/collections/optrex,brand-collection,
/c/oral-b/230,/collections/oral-b,brand-collection,
/c/oraldene/581,/collections/vendors?q=Oraldene,brand-vendor,
/c/otrivine/231,/collections/otrivine,brand-collection,
/c/ovelle/232,/collections/ovelle,brand-collection,
/c/plouise/233,/pages/brands,brand-unmatched,check
/c/p20/234,/pages/brands,brand-unmatched,check
/c/palmers/236,/collections/vendors?q=Palmers,brand-vendor,
/c/pan-aroma/720,/pages/brands,brand-unmatched,check
/c/panadol/237,/collections/panadol,brand-collection,
/c/pantup/582,/pages/brands,brand-unmatched,check
/c/paralief/583,/collections/vendors?q=Paralief,brand-vendor,
/c/paralink/584,/collections/vendors?q=Paralink,brand-vendor,
/c/parasol/585,/pages/brands,brand-unmatched,check
/c/pears/238,/collections/vendors?q=Pears,brand-vendor,
/c/pepcid/586,/collections/vendors?q=Pepcid,brand-vendor,
/c/pernaton/587,/collections/vendors?q=Pernaton,brand-vendor,
/c/pharmanord/240,/collections/pharmanord,brand-collection,
/c/pharmaton/588,/collections/pharmaton,brand-collection,
/c/pharmony/589,/collections/vendors?q=Pharmony,brand-vendor,
/c/phenergan/590,/collections/vendors?q=Phenergan,brand-vendor,
/c/physiologix/315,/collections/vendors?q=Physiologix,brand-vendor,
/c/pinewood/591,/pages/brands,brand-unmatched,check
/c/piriton/592,/collections/piriton,brand-collection,
/c/piz-buin/761,/collections/piz-buin,brand-collection,
/c/poxclin/593,/collections/vendors?q=Poxclin,brand-vendor,
/c/preparation-h/594,/collections/vendors?q=Preparation%20H,brand-vendor,
/c/prevalin/595,/pages/brands,brand-unmatched,check
/c/proceive/596,/collections/vendors?q=Proceive,brand-vendor,
/c/promo/597,/pages/brands,brand-unmatched,check
/c/pure-by-coppercraft/760,/collections/vendors?q=Pure%20by%20Coppercraft,brand-vendor,
/c/puressential/598,/collections/vendors?q=Puressential,brand-vendor,
/c/purified/599,/collections/vendors?q=Purified,brand-vendor,
/c/purismio/600,/collections/vendors?q=Purismio,brand-vendor,
/c/quest/242,/collections/quest,brand-collection,
/c/quies/601,/collections/quies,brand-collection,
/c/radox/243,/collections/vendors?q=Radox,brand-vendor,
/c/regaine/244,/collections/vendors?q=Regaine,brand-vendor,
/c/relactagel/602,/collections/vendors?q=Relactagel,brand-vendor,
/c/remescar/245,/pages/brands,brand-unmatched,check
/c/remington/246,/collections/vendors?q=Remington,brand-vendor,
/c/rennie/603,/collections/rennie,brand-collection,
/c/rescue-remedy/604,/collections/rescue-remedy,brand-collection,
/c/reusable/605,/collections/vendors?q=Reusable,brand-vendor,
/c/revive-beauty-complex/709,/pages/brands,brand-unmatched,check
/c/revlon/248,/collections/vendors?q=Revlon,brand-vendor,
/c/right-guard/249,/pages/brands,brand-unmatched,check
/c/rituals/743,/pages/brands,brand-unmatched,check
/c/robitussin/606,/collections/vendors?q=Robitussin,brand-vendor,
/c/rosewater/607,/search?q=rosewater&type=product,brand-search,
/c/rowa/608,/collections/vendors?q=Rowa,brand-vendor,
/c/rowarolan/609,/collections/vendors?q=Rowarolan,brand-vendor,
/c/rs/610,/collections/vendors?q=Rs,brand-vendor,
/c/rubex/250,/pages/brands,brand-unmatched,check
/c/salactol/611,/collections/vendors?q=Salactol,brand-vendor,
/c/salatac/612,/collections/vendors?q=Salatac,brand-vendor,
/c/sally-hansen/251,/pages/brands,brand-unmatched,check
/c/sambucol/252,/collections/vendors?q=Sambucol,brand-vendor,
/c/sanex/253,/collections/vendors?q=Sanex,brand-vendor,
/c/savlon/613,/collections/vendors?q=Savlon,brand-vendor,
/c/scholl/254,/collections/scholl,brand-collection,
/c/seaband/614,/collections/vendors?q=Seaband,brand-vendor,
/c/seabond/615,/pages/brands,brand-unmatched,check
/c/selfscreen/616,/collections/vendors?q=Selfscreen,brand-vendor,
/c/selsun/617,/pages/brands,brand-unmatched,check
/c/senokot/256,/collections/vendors?q=Senokot,brand-vendor,
/c/senset/618,/collections/vendors?q=Senset,brand-vendor,
/c/sensodyne/257,/collections/sensodyne,brand-collection,
/c/seoulista/258,/collections/vendors?q=Seoulista,brand-vendor,
/c/seven-seas/619,/collections/seven-seas,brand-collection,
/c/sholl/318,/pages/brands,brand-unmatched,check
/c/simple/259,/collections/simple,brand-collection,
/c/sinutab/620,/collections/vendors?q=Sinutab,brand-vendor,
/c/skin-nerd/260,/collections/vendors?q=Skin%20Nerd,brand-vendor,
/c/skingredients-/738,/collections/skingredients,brand-collection,
/c/snufflebabe/261,/collections/vendors?q=Snufflebabe,brand-vendor,
/c/soft-and-gentle/262,/pages/brands,brand-unmatched,check
/c/solgar/263,/collections/solgar,brand-collection,
/c/solpadeine/264,/pages/brands,brand-unmatched,check
/c/solpa-extra/621,/pages/brands,brand-unmatched,check
/c/solpa-sinus/622,/pages/brands,brand-unmatched,check
/c/sona/265,/collections/sona,brand-collection,
/c/soothing/623,/pages/brands,brand-unmatched,check
/c/sosu-dripping-gold/267,/pages/brands,brand-unmatched,check
/c/spatone/624,/collections/vendors?q=Spatone,brand-vendor,
/c/spice/625,/collections/vendors?q=Spice,brand-vendor,
/c/spotlight/268,/collections/spotlight,brand-collection,
/c/sreeze/626,/collections/vendors?q=Sreeze,brand-vendor,
/c/st-ives/627,/pages/brands,brand-unmatched,check
/c/steradent/628,/collections/vendors?q=Steradent,brand-vendor,
/c/sterimar/269,/collections/vendors?q=Sterimar,brand-vendor,
/c/steroplast/629,/pages/brands,brand-unmatched,check
/c/strepsils/270,/collections/strepsils,brand-collection,
/c/stugeron/630,/collections/vendors?q=Stugeron,brand-vendor,
/c/sudafed/631,/collections/vendors?q=Sudafed,brand-vendor,
/c/sudaplus/632,/collections/vendors?q=Sudaplus,brand-vendor,
/c/sudocrem/271,/collections/sudocrem,brand-collection,
/c/sula/633,/collections/vendors?q=Sula,brand-vendor,
/c/sumatran/634,/collections/vendors?q=Sumatran,brand-vendor,
/c/sun-shimmer/272,/pages/brands,brand-unmatched,check
/c/sure/635,/collections/vendors?q=Sure,brand-vendor,
/c/surgical/636,/search?q=surgical&type=product,brand-search,
/c/svr/728,/collections/svr,brand-collection,
/c/swiss/637,/pages/brands,brand-unmatched,check
/c/tampax/273,/collections/tampax,brand-collection,
/c/tears/638,/search?q=tears&type=product,brand-search,
/c/technic/721,/collections/vendors?q=Technic,brand-vendor,
/c/teedex/639,/pages/brands,brand-unmatched,check
/c/tefin/640,/collections/vendors?q=Tefin,brand-vendor,
/c/telfast/641,/collections/vendors?q=Telfast,brand-vendor,
/c/tena-lady/274,/search?q=tena+lady&type=product,brand-search,
/c/tena-men/275,/search?q=tena+men&type=product,brand-search,
/c/tepe/276,/collections/tepe,brand-collection,
/c/the-belle-brush/717,/collections/the-belle-brush,brand-collection,
/c/the-english-soap-company/725,/pages/brands,brand-unmatched,check
/c/the-handmade-soap-company/736,/collections/the-handmade-soap-company,brand-collection,
/c/the-sock-academy/722,/pages/brands,brand-unmatched,check
/c/thealoz/642,/collections/vendors?q=Thealoz,brand-vendor,
/c/thermacare/277,/collections/vendors?q=Thermacare,brand-vendor,
/c/thermal/643,/collections/vendors?q=Thermal,brand-vendor,
/c/tiger-balm/644,/pages/brands,brand-unmatched,check
/c/tipperary-crystal/718,/pages/brands,brand-unmatched,check
/c/tomee-tippee/278,/pages/brands,brand-unmatched,check
/c/tos/645,/collections/vendors?q=Tos,brand-vendor,
/c/tropex/646,/collections/vendors?q=Tropex,brand-vendor,
/c/udos/279,/collections/vendors?q=Udos,brand-vendor,
/c/ultrapure/647,/collections/ultrapure,brand-collection,
/c/uniflu/280,/collections/vendors?q=Uniflu,brand-vendor,
/c/urban-decay/281,/pages/brands,brand-unmatched,check
/c/vagisil/283,/pages/brands,brand-unmatched,check
/c/vaseline/284,/collections/vaseline,brand-collection,
/c/veet/285,/collections/vendors?q=Veet,brand-vendor,
/c/venus/286,/pages/brands,brand-unmatched,check
/c/vermox/648,/collections/vendors?q=Vermox,brand-vendor,
/c/viagra-connect/287,/collections/viagra-connect,brand-collection,
/c/vicks/288,/collections/vicks,brand-collection,
/c/viktor-and-rolf/289,/pages/brands,brand-unmatched,check
/c/viralief/649,/collections/vendors?q=Viralief,brand-vendor,
/c/virolizer/650,/pages/brands,brand-unmatched,check
/c/viscolex/651,/collections/vendors?q=Viscolex,brand-vendor,
/c/vita-liberata/290,/pages/brands,brand-unmatched,check
/c/vitabiotics/291,/collections/vitabiotics,brand-collection,
/c/vitamins/319,/collections/vitamins,brand-collection,
/c/vitapointe/652,/pages/brands,brand-unmatched,check
/c/vit-hit/746,/collections/vit-hit,brand-collection,
/c/vividrin2/653,/pages/brands,brand-unmatched,check
/c/vivio/654,/collections/vendors?q=Vivio,brand-vendor,
/c/voltarol/293,/collections/voltarol,brand-collection,
/c/wanderflower/727,/pages/brands,brand-unmatched,check
/c/wartner/294,/collections/vendors?q=Wartner,brand-vendor,
/c/water-wipes/655,/collections/vendors?q=Water%20Wipes,brand-vendor,
/c/weleda/656,/pages/brands,brand-unmatched,check
/c/wella/657,/pages/brands,brand-unmatched,check
/c/wild/684,/collections/wild,brand-collection,
/c/wilkinson/658,/collections/vendors?q=Wilkinson,brand-vendor,
/c/woodwards/659,/pages/brands,brand-unmatched,check
/c/woodys/660,/pages/brands,brand-unmatched,check
/c/ws/661,/pages/brands,brand-unmatched,check
/c/xailin/662,/pages/brands,brand-unmatched,check
/c/xls-medical/295,/pages/brands,brand-unmatched,check
/c/zirtek/296,/collections/zirtek,brand-collection,
/c/zooki/687,/collections/zooki,brand-collection,
/c/zovirax/663,/collections/zovirax,brand-collection,
/c/hygie/755,/collections/vendors?q=Hygie,brand-vendor,
/c/danielle-creations/161,/pages/brands,brand-unmatched,check
/c/fujifilm/380,/pages/brands,brand-unmatched,check
/c/jean-paul-gautier/371,/pages/brands,brand-unmatched,check
/c/joop/372,/collections/vendors?q=JOOP,brand-vendor,
/c/lacoste/373,/collections/vendors?q=LACOSTE,brand-vendor,
/c/lancome/374,/collections/vendors?q=LANCOME,brand-vendor,
/c/marc-jacobs/375,/collections/vendors?q=MARC%20JACOBS,brand-vendor,
/c/paco-rabanne/235,/collections/paco-rabanne,brand-collection,
/c/sanctuary-spa/676,/pages/brands,brand-unmatched,check
/c/thierry-mugler/376,/pages/brands,brand-unmatched,check
/c/warmies/677,/collections/vendors?q=WARMIES,brand-vendor,
/c/yankee-candle/377,/collections/vendors?q=YANKEE%20CANDLE,brand-vendor,
/c/ysl/378,/collections/vendors?q=YSL,brand-vendor,
/p/revive-active-tropical-210-sachets-7-months-supply/4789625416554,/products/revive-active-tropical-210-sachets-7-months-supply,title,
/p/dioralyte-diorahydrate-with-electrolytes-blackcurrant-20-effervescent-tablets/5000283662303,/products/dioralyte-diorahydrate-with-electrolytes-blackcurrant-20-effervescent-tablets,barcode,
/p/bperfect-mrs-glam-snatch-stick-cool-moon-02-light-tan/5060938588952,/products/bperfect-mrs-glam-snatch-stick-cool-moon-02-light-tan,barcode,
/p/aveeno-body-wash-300ml/3574661490212,/products/aveeno-body-wash,barcode,
/p/boss-alive-ladies-30ml-2pc-gift-set/3616304197918,/products/boss-alive-ladies-30ml-2pc-gift-set,barcode,
/p/wild-coconut-starter-pack-with-refill-mix-4/wild11mix,/products/wild-coconut-starter-pack-with-refill-mix-4,title,
/p/anbesol-liquid-10ml/96183465,/products/anbesol-liquid-10ml,barcode,
/p/bperfect-mrs-glam-raspberry-zest-lip-oil/5061045652642,/products/bperfect-mrs-glam-raspberry-zest-lip-oil,barcode,
/p/spatone-apple-iron-supplement-25ml-28pk/5000488107623,/products/spatone-apple-iron-supplement-25ml-28pk,barcode,
/p/uddermint-cream-600ml/5022771222226,/products/uddermint-cream-600ml,barcode,
/p/optibac-probiotics-one-week-flat-sachets-7s-/5060086610086,/products/optibac-probiotics-one-week-flat-sachets-7s,barcode,
/p/uriage-eau-thermale-water-jelly/3661434007835,/products/uriage-eau-thermale-water-jelly,barcode,
/p/jenny-glow-billionaire-inspired-by-paco-rabanne-lady-million-15ml/6294015179484,/products/jenny-glow-billionaire-inspired-by-paco-rabanne-lady-million-15ml,barcode,
/p/vera-wang-princess-100ml-edt-spr/688575179415,/products/vera-wang-princess-100ml-edt-spr,barcode,
/p/scuplted-lashlift-ultra-black/5391545124791,/products/scuplted-lashlift-ultra-black,barcode,
/p/uriage-eau-thermal-water-mist-150ml/3661434000515,/products/uriage-eau-thermal-water-mist-150ml,barcode,
/p/2-piece-mens-set-bad-guy/6294015192230,/products/2-piece-mens-set-bad-guy,barcode,
/p/mrs-glam-flawless-beauty/5060806560608,/products/mrs-glam-flawless-beauty,barcode,
/p/lemsip-max-strength-hot-lemon-5pk/5000158064188,/products/lemsip-max-strength-hot-lemon-5pk,barcode,
/p/elave-baby-caring-shampoo-400ml/5098928123814,/products/elave-baby-caring-shampoo-400ml,barcode,
/p/lice-dr-preventation-elastics-4s/5060016143172,/products/lice-dr-preventation-elastics-4-s,barcode,
/p/piz-buin-allergy-sun-sensitive-skin-lotion-spf-30-400ml/3574661467481,/products/piz-buin-allergy-sun-sensitive-skin-lotion-spf-30-400ml,barcode,
/p/solgar-vitamin-b-complex-with-vit-c-100-pk/033984002005,/products/solgar-vitamin-b-complex-with-vit-c-100-pk,barcode,
/p/bperfect-annalivia-mini-empress-base-brush/5061045651423,/products/bperfect-annalivia-mini-empress-base-brush,barcode,
/p/ultra-pure-eucalyptus-oil-10ml/5391510474135,/products/ultra-pure-eucalyptus-oil-10ml,barcode,
/p/wild-jasmine-starter-pack-with-refill-mix-6/wild17mix,/products/wild-jasmine-starter-pack-with-refill-mix-6,title,
/p/la-vida-caribena-guava-glow-hydrating-body-fragrance-mist-35ml/5061015257013,/products/la-vida-caribena-guava-glow-hydrating-body-fragrance-mist-35ml,barcode,
/p/quest-super-once-a-day-multi-tabs-60/50764204,/products/quest-super-once-a-day-multi-tabs-60,barcode,
/p/luna-filter-finish-silk-foundation---medium/lunamediumsilk,/products/luna-filter-finish-silk-foundation-medium,title-fuzzy,closest: Luna Filter Finish Silk Foundation - Medium
/p/kin-gingival-mouthwash-250ml/8436026210826,/products/kin-gingival-mouthwash-250ml,barcode,
/p/got2b-glued--spiking-wax-/5012583203797,/products/got2b-glued-spiking-wax,barcode,
/p/sculpted-cream-cushion-foundation-2w-/5391548381504,/products/sculpted-cream-cushion-foundation-2w,barcode,
/p/optrex-actimist-10ml-eye-spray-2n1-dry-and-irritated/5000158101241,/products/optrex-actimist-10ml-eye-spray-2n1-dry-irritated,barcode,
/p/uriage-eau-micellaire-cleansing-water-250ml/3661434009389,/products/uriage-eau-micellaire-cleansing-water-250ml,barcode,
/p/sensodyne-pronamel-toothpaste-gentle-whitening-75ml/5000347034091,/products/sensodyne-pronamel-tp-whitening-75ml,barcode,
/p/batiste-dry-shampoo-tropical-200ml/5010724527511,/products/batiste-dry-shampoo-tropical-200ml,barcode,
/p/medicare-7-day-pillbox/5099390404777,/products/medicare-7-day-pillbox,barcode,
/p/azio-beuty-refining-micro-exfoliator/5070003841936,/products/azio-beuty-refining-micro-exfoliator,barcode,
/p/medicare-foam-toe-protector-large/5099390407846,/products/medicare-foam-toe-protector-large,barcode,
/p/loreal-paris-elvive-dream-lengths-conditioner-for-long-damaged-hair-300ml/3600523586912,/products/l-oreal-paris-elvive-dream-lengths-conditioner-for-long-damaged-hair-300ml,barcode,
/p/sculpted-satin-silk-longwear-concealer--golden/satincongolden,/products/sculpted-satin-silk-longwear-concealer-golden,title-fuzzy,closest: Sculpted Satin Silk Longwear Concealer- Golden
/p/the-great-defender-9g/5034033000527,/products/the-great-defender-9g,barcode,
/p/loreal-magic-retouch-light-blonde-75ml/3600523388233,/products/loreal-magic-root-touch-light-blonde-75ml,barcode,
/p/hayfever-heroes-bundle/hayfeverbundle,/products/hayfever-heroes-bundle,title,
/p/centrum-advance-30pk/5000309008146,/products/centrum-advance-30pk,barcode,
/p/mam-easy-start-anti-colic-2months-blue-/9001616908255,/products/mam-easy-start-anti-colic-2-months-blue,barcode,
/p/nicorette-freshmint-2mg-30pk/3574661145488,/products/nicorette-freshmint-2mg-30pk,barcode,
/p/vitabiotics-perfectil-original-30pk/5021265220038,/products/vitabiotics-perfectil-original-30pk,barcode,
/p/the-handmade-soap-company-bitter-orange-and-pink-pepper-pillow-mist-100ml-/5391520236426,/products/the-handmade-soap-company-bitter-orange-pink-pepper-pillow-mist-100ml,barcode,
/p/medicare-instant-ice-spray-200ml/5099390418071,/products/medicare-instant-ice-spray-200ml,barcode,
/p/first-response-preg-test-single/5010724506370,/products/first-response-preg-test-single,barcode,
/p/optrex-soothing-eye-drops-for-itchy-eyes-10ml/50160181,/products/optrex-soothing-eye-drops-for-itchy-eyes-10ml,barcode,
/p/kyolic-garlic-1000mg-tabs-quest-30pk/5022339261018,/products/kyolic-garlic-1000mg-tabs-quest-30pk,barcode,
/p/jenny-glow-3-piece-mens-set-midnight-blue/6295199808634,/products/jenny-glow-3-piece-mens-set-midnight-blue,barcode,
/p/revive-active-original-30pk/5391517512175,/products/revive-active-original-30pk,barcode,
/p/uriage-hyseac-3-regul-global-tinted-skin-care-spf50-40ml/3661434027901,/collections/acne-blemish,off-website,uriage-hyseac-3-regul-global-tinted-skin-care-spf50-40ml
/p/wild-coconut-starter-pack-with-refill-mix-2/wild9mix,/products/wild-coconut-starter-pack-with-refill-mix-2,title,
/p/spotlight-teeth-whitening-mouthwash-500ml/5391531560107,/products/spotlight-teeth-whitening-mouthwash-500ml,barcode,
/p/uriage-kratosane-30-cream-gel-40ml/3661434000829,/products/uriage-k-ratosane-30-cream-gel-40ml,barcode,
/p/voduz-roil-and-hairdryer-bundle/voduzhairdyerbundle1,/products/voduz-r-oil-and-hairdryer-bundle,title,
/p/berocca-boost-15pk-eff/5010605952067,/products/berocca-boost-15pk-eff,barcode,
/p/chanel-no5-eau-de-parfum-100ml-/3145891255300,/products/chanel-no5-eau-de-parfum-100ml,barcode,
/p/voduz-trendsetter-extra-strong-hold-hairspray-75ml/minitrendsetter,/products/voduz-trendsetter-extra-strong-hold-hairspray-75ml,title,
/p/gillette-shaving-foam-200ml-/3014260000318,/products/gillette-shaving-foam-200ml,barcode,
/p/alfaparf-semi-di-lino-diamond-illuminating-mask-200ml/alfwhite3,/products/alfaparf-semi-di-lino-diamond-illuminating-mask-200ml,title,
/p/jenny-glow-she-inspired-by-armani-si-15ml/6294015179507,/products/jenny-glow-she-inspired-by-armani-si-15ml,barcode,
/p/bach-rr-spray-20ml/5000488201383,/products/bach-rr-spray-20ml,barcode,
/p/paco-rabanne-1-million-mens-50ml-edt-spr/3349666007891,/products/paco-rabanne-1-million-mens-50ml-edt-spr,barcode,
/p/uriage-bariesun-refreshing-thermal-mist-after-sun-150ml/3661434001475,/products/uriage-bariesun-refreshing-thermal-mist-after-sun-150ml,barcode,
/p/hero-mighty-patch-the-original-24pk/5010724000328,/products/hero-mighty-patch-the-original,barcode,
/p/magnesium-oil-joint-spray-100ml/5060148520315,/products/magnesium-oil-joint-spray-100ml,barcode,
/p/lemsip-original-hot-lemon-5pk/5000158064256,/products/lemsip-original-hot-lemon-5pk,barcode,
/p/actifed-syrup-100ml/5010123667344,/products/actifed-syrup-100ml,barcode,
/p/fleaway-plus-small-dog/5099299224971,/products/fleaway-plus-small-dog,barcode,
/p/sculpted-by-aimee-sculpted-hydratint-30/0796548127025,/products/sculpted-by-aimee-sculpted-hydratint-3-0,barcode,
/p/biabelle-hydrating-self-tan---ultra-dark/5391534620938,/products/biabelle-hydrating-self-tan-ultra-dark,barcode,
/p/voduz-heat-protective-glove/793618273217,/products/voduz-heat-protective-glove,barcode,
/p/lacabine-pure-retinol-amp-2ml/8435534405816,/products/lacabine-pure-retinol-amp-2ml,barcode,
/p/seven-seas-pure-cod-liver-oil-one-a-day-30pk/045879001307,/products/seven-seas-pure-cod-liver-oil-one-a-day-30pk,barcode,
/p/iglow-chilli-lips-lip-plumper-cool-fuchsia/7073186000068,/products/iglow-chilli-lips-lip-plumper-cool-fuchsia,barcode,
/p/feel-fully-sensitive-bumper-gift-pack/5025970017617,/products/feel-fully-sensitive-bumper-gift-pack,barcode,
/p/africa-washbag/8720181652059,/products/africa-washbag,barcode,
/p/exputex-syrup-200ml/5391513950506,/products/exputex-syrup-200ml,barcode,
/p/dr-squatch-wood-barrel-bourbon-deodorant-75g/810095594786,/collections/deodorant,off-website,dr-squatch-wood-barrel-bourbon-deodorant-75g
/p/cali-coast-wave-whip-shower-foam-orange-sunset-250ml/5060298555694,/products/cali-coast-wave-whip-shower-foam-orange-sunset-250ml,barcode,
/p/vital-proteins-marine-collagen-10-satchets/8445290113436,/products/vital-proteins-marine-collagen-10-satchets,barcode,
/p/sensodyne-repair-and-protect-75ml-original-mint/5054563100832,/products/sensodyne-repair-protect-75ml-original-mint,barcode,
/p/azio-beauty-rejuvenating-night-cream-/5070000552620,/products/azio-beauty-rejuvenating-night-cream,barcode,
/p/telfast-allergy-120mg-tabs-30pk/5000283662235,/products/telfast-allergy-120mg-tabs-30pk,barcode,
/p/isoclean-makeup-brush-cleaner/9504139565184,/products/isoclean-makeup-brush-cleaner,barcode,
/p/lippy-mojito-natural-lip-balm-/5907573411491,/collections/lips,off-website,lippy-mojito-natural-lip-balm
/p/jenny-glow-2-piece-ladies-set-libert/6294015174564,/products/jenny-glow-2-piece-ladies-set-libert,barcode,
/p/potted-gelousy-matte-gel-liner-black-out-/5060806561643,/products/potted-gelousy-matte-gel-liner-black-out,barcode,
/p/svr-biotic-collagen-bouncing-regenerating-cream-50ml/3662361002719,/products/svr-biotic-collagen-bouncing-regenerating-cream-50ml,barcode,
/p/gillette-2-disposable-razor/3014260287030,/products/gillette-2-disposable-razor,barcode,
/p/carnation-corn-caps-5pk/5098928122183,/products/carnation-corn-caps-5pk,barcode,
/p/daktarin-2-cream-30g/5027097909950,/products/daktarin-2-cream-30g,barcode,
/p/aroma-works-basil-and-lime-10ml/5060283074995,/products/aroma-works-basil-lime-10ml,barcode,
/p/jimmy-choo-illicit-ladies-100ml-edp-spray/3386460071727,/products/jimmy-choo-illicit-ladies-100ml-edp-spray,barcode,
/p/medicare-multipore-plasters-30pk/5099390100259,/products/medicare-multipore-plasters-30pk,barcode,
/p/brylcreem-orig-250ml-prot-enrich/5000231039546,/products/brylcreem-orig-250ml-prot-enrich,barcode,
/p/lacabine-flash-effect-amp-2ml/8435534405731,/products/lacabine-flash-effect-amp-2ml,barcode,
/p/sculpted-satin-silk-longwear-foundation---medium-plus/satinsilkmediumplus,/products/sculpted-satin-silk-longwear-foundation-medium-plus,title-fuzzy,closest: Sculpted Satin Silk Longwear Foundation - Medium Plus
/p/castor-oil-100m/5391510474173,/products/castor-oil-100m,barcode,
/p/voduz-sun-soothe-after-sun-leave-in-fluid-90ml/5060939587221,/products/voduz-sun-soothe-after-sun-leave-in-fluid-90ml,title,
/p/alflorex-chewable-tablets-30pk/5391528870158,/products/alflorex-chewable-tablets-30pk,barcode,
/p/medicare-maternity-pads-10pk/5605622248653,/products/medicare-maternity-pads-10pk,barcode,
/p/the-great-defender-14pk/5034033000534,/products/the-great-defender-14pk,barcode,
/p/2-piece-mens-set-adventure/6294015163704,/products/2-piece-mens-set-adventure,barcode,
/p/neilmed-sinus-rinse-original-refill-120pk/705928002005,/products/neilmed-sinus-rinse-original-refill-120pk,barcode,
/p/2-piece-mens-set-stronger/6294015186703,/products/2-piece-mens-set-stronger,barcode,
/p/witch-hazel-and-rosewater-125ml/5099172230259,/products/witch-hazel-rosewater-125ml,barcode,
/p/uriage-eau-thermale-water-eye-contour-cream-15ml/3661434005015,/products/uriage-eau-thermale-water-eye-contour-cream-15ml,barcode,
/p/fleaway-plus-medium-dog/5099299224957,/products/fleaway-plus-medium-dog,barcode,
/p/indestructibrow-pencil-brown/793591326771,/products/indestructi-brow-pencil-brown,barcode,
/p/hismile-everyday-smilecare-mango-sorbet-toothpaste/93568654,/products/hismile-everyday-smilecare-mango-sorbet-toothpaste,barcode,
/p/wild-aqua-case-and-fresh-cotton-and-sea-salt-deodorant-starter-pack/wild1,/products/wild-aqua-case-and-fresh-cotton-sea-salt-deodorant-starter-pack,title,
/p/dove-men-care-clean-comfort-duo-pk-150ml/8710908829468,/products/dove-men-care-clean-comfort-duo-pk-150ml,barcode,
/p/luna-by-lisa-strobe-primer/5391532521992,/products/luna-by-lisa-strobe-primer,barcode,
/p/bperfect-indestructibrow-charcoal/793618273675,/products/bperfect-indestructi-brow-charcoal,barcode,
/p/uriage-waterproof-eye-make-up-remover-100ml/3661434003691,/products/uriage-waterproof-eye-make-up-remover-100ml,barcode,
/p/jimmy-choo-i-want-choo-40ml-edp-spray/3386460119276,/products/jimmy-choo-i-want-choo-40ml-edp-spray,barcode,
/p/burberry-for-men-30ml/5045252667453,/products/burberry-for-men-30ml,barcode,
/p/zooki-vitamin-c-orange-single-sachet/5060518930201,/products/zooki-vitamin-c-orange-single-sachet,barcode,
/p/eskimo-brainsharp-120-caps/7391325633336,/products/eskimo-brainsharp-120-caps,barcode,
/p/uriage-age-lift-firming-smoothing-day-cream-/3661434009242,/products/uriage-age-lift-firming-smoothing-day-cream,barcode,
/p/regaine-men-foam-5-3pk/3574661023700,/products/regaine-men-foam-5-3pk,barcode,
/p/bperfect-skin-studio-spf50-hydrosheer-skin-glaze-50ml/5061007284119,/products/bperfect-skin-studio-spf50-hydrosheer-skin-glaze-50ml,barcode,
/p/dulcolax-supp-10mg-adult-12pk/5012917020489,/products/dulcolax-supp-10mg-adult-12pk,barcode,
/p/savlon-antiseptic-cream-60g/5099562923952,/products/savlon-antiseptic-cream-60g,barcode,
/p/sculpted-satin-silk-longwear-foundation---light-plus/satinsilklightplus,/products/sculpted-satin-silk-longwear-foundation-light-plus,title-fuzzy,closest: Sculpted Satin Silk Longwear Foundation - Light Plus
/p/bach-rr-drops-10ml/741273021001,/products/bach-rr-drops-10ml,barcode,
/p/ella-and-jo-3-in-1-hyaluronic-skin-mist-100ml/5392000150324,/products/ella-jo-3-in-1-hyaluronic-skin-mist-100ml,barcode,
/p/wild-purple-case-and-coconut-dreams-deodorant-starter-pack/wild3,/products/wild-purple-case-and-coconut-dreams-deodorant-starter-pack,title,
/p/murine-irritation-and-redness-relief--eye-drops/50600188802040,/products/murine-irritation-redness-eye-drops-10ml,title-fuzzy,closest: Murine Irritation & Redness Relief Eye Drops 10Ml
/p/voduz-cleanse-it-illuminating-shampoo/5060938583223,/products/voduz-cleanse-it-illuminating-shampoo,barcode,
/p/dettol-antiseptic-liquid-750ml/50158225,/products/dettol-antiseptic-liquid-750ml,barcode,
/p/swisss-opar-brow-dye-brown/7612567135618,/products/swisss-o-par-brow-dye-brown,barcode,
/p/tos-twice-weekly-150ml-shampoo-brightening/5012008467506,/products/tos-twice-weekly-150ml-shampoo-brightening,barcode,
/p/gosh-goose-softie-30cm-/5098858185821,/products/gosh-goose-softie-30cm,barcode,
/p/luna-filter-finish-concealer--vanilla/lunavanilla,/products/luna-filter-finish-concealer-vanilla,title-fuzzy,closest: Luna Filter Finish Concealer -Vanilla
/p/zarbees-immune-support-120ml/3574661730578,/products/zarbees-immune-support-120ml,barcode,
/p/skingredients-skin-protein-anti-ageing-retinoid-serum-45ml-primary-/634240001659,/products/skingredients-skin-protein-anti-ageing-retinoid-serum-45ml-primary,barcode,
/p/juvar-com-plex-bond-leave-in-conditioner-120ml/0698596599192,/products/juvar-com-plex-bond-leave-in-conditioner-120ml,barcode,
/p/tampax-pearl-regular-18pk/8001090733795,/products/tampax-pearl-regular-18pk,barcode,
/p/bioxtra-mouthrinse-250ml-dry-mouth/5425005120020,/products/bioxtra-mouthrinse-250ml-dry-mouth,barcode,
/p/voduz-spectrum-3-in-1-waver/voduzwaver,/products/voduz-spectrum-3-in-1-waver,title,
/p/citric-acid-100g/5391510470021,/products/citric-acid-100g,barcode,
/p/bayliss-and-harding-wild-lavender-and-geranium-luxury-hand-wash-500ml/017854120020,/products/bayliss-harding-wild-lavender-geranium-luxury-hand-wash-500ml,barcode,
/p/nivea-black-and-white-invisible-deo-twin-pack-/5011076802042,/products/nivea-black-white-invisible-deo-twin-pack,barcode,
/p/bepanthen-nappy-ointment-100g/5010605292330,/products/bepanthen-nappy-ointment-100g,barcode,
/p/pestle-and-mortar-essentials-hand-wash-300ml/855238006771,/products/pestle-mortar-essentials-hand-wash-300ml,barcode,
/p/bperfect-the-cheek-liquid-blush-pretty-pink/5061007281347,/products/bperfect-the-cheek-liquid-blush-pretty-pink,barcode,
/p/sensodyne-pronamel-tp-mint-75ml/5000347022999,/products/sensodyne-pronamel-tp-mint-75ml,barcode,
/p/pestle-and-mortar-brightening-bundle-/48564985643598,/products/pestle-mortar-brightening-bundle,title-fuzzy,closest: Pestle & Mortar Brightening Bundle
/p/emergen-c-super-orange-8pk/5000309007620,/products/emergen-c-super-orange-8pk,barcode,
/p/ysl-black-opium-ladies-50ml-edp-spr/33654407879190,/products/ysl-black-opium-ladies-50ml-edp-spr,title,
/p/aftershave-and-deodorant-gift-set/8710522646854,/products/just-smells-good-no-messing-about-gift-set,barcode,
/p/the-handmade-soap-company-lemongrass-and-cedarwood-hand-cream-30ml-/5391520236167,/products/the-handmade-soap-company-lemongrass-cedarwood-hand-cream-30ml,barcode,
/p/velvet-kiss-collection/5391545562036,/products/velvet-kiss-collection,barcode,
/p/exputex-syrup-100ml/5391513950490,/products/exputex-syrup-100ml,barcode,
/p/jimmy-choo-ladies-40ml-edt-spray-/3386460025522,/products/jimmy-choo-ladies-40ml-edt-spray,barcode,
/p/fleaway-plus-x-large-dog/5099299224988,/products/fleaway-plus-x-large-dog,barcode,
/p/king-hair-and-beauty-mircale-root-touch-up-medium-brown/0745178915922,/products/king-hair-beauty-mircale-root-touch-up-medium-brown,barcode,
/p/voduz-defender-heat-protection-spray/793591864518,/products/voduz-defender-heat-protection-spray,barcode,
/p/lamisil-once-4g/5051562016706,/products/lamisil-once-4g,barcode,
/p/voltarol-1-emulgel-p-50g/5051562035806,/products/voltarol-1-emulgel-p-50g,barcode,
/p/solgar-skin-hair-and-nail-60tab/033984017351,/products/solgar-skin-hair-and-nail-60tab,barcode,
/p/cydonia-lively-tigers-ointment-30ml/3870112000307,/products/cydonia-lively-tigers-ointment-30ml,barcode,
/p/cerumol-ear-drops/5099562923501,/products/cerumol-ear-drops,barcode,
/p/voduz-condition-it-volumising-conditioner-300ml/5061007286755,/products/voduz-condition-it-volumising-conditioner-300ml,barcode,
/p/better-you-dlux-infant-spray-15ml/96170816,/products/better-you-dlux-infant-spray-15ml,barcode,
/p/bperfect-chroma-cover-matte-foundation---n5/chroman5,/products/bperfect-chroma-cover-matte-foundation-n5,title-fuzzy,closest: BPerfect Chroma Cover Matte Foundation - N5
/p/trilogy-cream-cleanser-200ml-/9421017760090,/products/trilogy-cream-cleanser-200ml,barcode,
/p/uriage-bariesun-moisrturizing-dry-mist/3661434006500,/products/uriage-bariesun-moisrturizing-dry-mist,barcode,
/p/durex-invisible-extra-thin-12pk/5011417569269,/products/durex-invisible-extra-thin-12pk,barcode,
/p/melolin-n-adh-dressing-20cm-x-10cm/5000223417321,/products/melolin-n-adh-dressing-20cm-x-10cm,barcode,
/p/cleanse-washbag/8720181655166,/products/cleanse-washbag,barcode,
/p/pestle-and-mortar-hand-sanitiser-50ml/855238006658,/products/pestle-and-mortar-hand-sanitiser-50ml,barcode,
/p/vicks-inhaler-nasal-stick/5000174025637,/products/vicks-inhaler-nasal-stick,barcode,
/p/gaviscon-aniseed-liquid-600ml/5000158065932,/products/gaviscon-aniseed-liquid-600ml,barcode,
/p/macushield-caps-90pk/5036631001500,/products/macushield-caps-90pk,barcode,
/p/eucerin-10-urea-foot-cream-/40058000361011,/products/eucerin-10-urea-foot-cream,title-fuzzy,closest: Eucerin 10% Urea Foot Cream
/p/tepe-g4101-blue-06mm-6pk/7317400015361,/products/tepe-g4101-blue-0-6mm-6pk,barcode,
/p/biabelle-instant-bundle-with-blur-brush--medium-/biabelle41,/products/biabelle-instant-bundle-with-blur-brush-medium,title-fuzzy,closest: Biabelle Instant Bundle With Blur Brush- Medium
/p/lyclear-cream-rinse-1-59ml-2pk/5012616172403,/products/lyclear-cream-rinse-1-59ml-2pk,barcode,
/p/cl-ear-olive-oil-ear-drops-/5060133373902,/products/cl-ear-olive-oil-ear-drops,barcode,
/p/biodance-cera-nol-gel-toner-pads-60s/8809937361206,/products/biodance-cera-nol-gel-toner-pads-60s,barcode,
/p/solaresse-the-pink-one-body-mist/5060991070944,/products/solaresse-the-pink-one-body-mist,barcode,
/p/sculpted-complete-cover-up-45-medium-plus/794712143390,/products/sculpted-complete-cover-up-4-5-medium-plus,barcode,
/p/morepa-platinum-60-pk/8713975500100,/products/morepa-platinum-60-pk,barcode,
/p/actifed-tablets-12pk/5010123667290,/products/actifed-tabs-12pk,barcode,
/p/solgar-cran-flora-vegtable-caps-60pk/033984314054,/products/solgar-cran-flora-vegtable-caps-60pk,barcode,
/p/avogel-milk-thistle-complex-drops-50ml/7610313414062,/products/avogel-milk-thistle-complex-drops-50ml,barcode,
/p/bperfect-annalivia--lip-library-satin-lipstick/5061045651386,/products/bperfect-annalivia-lip-library-satin-lipstick,barcode,
/p/declar-eye-contour-bi-phase-sensitive-eye-make-up-remover-100ml-/9007867003299,/products/declar-eye-contour-bi-phase-sensitive-eye-make-up-remover-100ml,barcode,
/p/dlux-3000-oral-spray-15ml/96032879,/products/dlux-3000-oral-spray-15ml,barcode,
/p/revive-active-tropical-flavour-30-sachets/794712847861,/collections/energy-wellbeing,off-website,revive-active-tropical-flavour-30-sachets
/p/yardley-english-rose-collection/5056179308022,/products/yardley-english-rose-collection,barcode,
/p/luna-filter-finish-silk-foundation---light-plus/lunalightplussilk,/products/luna-filter-finish-silk-foundation-light-plus,title-fuzzy,closest: Luna Filter Finish Silk Foundation - Light Plus
/p/piz-buin-allergy-sun-sensitive-skin-lotion-spf-50-400ml/3574661656755,/products/piz-buin-allergy-sun-sensitive-skin-lotion-spf-50-400ml,barcode,
/p/kit-and-kaboodle-hair-roller-velcro-sml-8pk/5391531140415,/products/kit-kaboodle-hair-roller-velcro-sml-8pk,barcode,
/p/sure-for-women-250ml-2pk-6-cotton-dry/8710908549588,/products/sure-for-women-250ml-2pk-5-cotton-dry,barcode,
/p/loreal-paris-casting-creme-gloss-semi-permanent-hair-dye-dark-chocolate-323/3600521366035,/products/l-oreal-paris-casting-creme-gloss-semi-permanent-hair-dye-dark-chocolate-323,barcode,
/p/e45-cream-125g/7350087736709,/collections/irritated-damaged-skin,off-website,e45-cream-125g
/p/uriage-1st-bebe-cu-zn-spray-100ml/3661434008641,/products/uriage-1st-bebe-cu-zn-spray-100ml,barcode,
/p/jenny-glow-3-piece-mens-set-billionaire/6295199808610,/products/jenny-glow-3-piece-mens-set-billionaire,barcode,
/p/kin-baby-teething-gel/8436026216101,/products/kin-baby-teething-gel,barcode,
/p/quest-synergistic-zinc-tabs-30pk/50764273,/products/quest-synergistic-zinc-tabs-30pk,barcode,
/p/estee-lauder-double-wear-makeup-pump/587167188877,/products/estee-lauder-double-wear-makeup-pump,title,
/p/hismile-teeth-whitening-pap-toothpaste/93571142,/products/hismile-teeth-whitening-pap-toothpaste,barcode,
/p/imodium-plus-tabs-12pk/5027097377339,/products/imodium-plus-tabs-12pk,barcode,
/p/halls-original/50696925,/products/halls-original,barcode,
/p/disprin-extra-strength-tablets-16pk/5000158063853,/products/disprin-extra-strength-tablets-16pk,barcode,
/p/bio-oil-dry-skin-gel-100ml/6001159120933,/products/bio-oil-dry-skin-gel-100ml,barcode,
/p/rennie-peppermint-48pk/5010605295065,/products/rennie-peppermint-48pk,barcode,
/p/svr-sebiaclear-matpores-40ml/3662361002726,/products/svr-sebiaclear-mat-pores-40ml,barcode,
/p/paco-rabanne-olympea-ladies-30ml-edp-spr-/3349668528653,/products/paco-rabanne-olympea-ladies-30ml-edp-spr,barcode,
/p/solaresse-the-purple-one-body-mist/5060991071101,/products/solaresse-the-purple-one-body-mist,barcode,
/p/anusol-hc-suppositories-12pk/5010724531105,/collections/anusol,off-website,anusol-hc-suppositories-12pk
/p/iglow-chilli-lips-lip-plumper-peach/7073186000105,/products/iglow-chilli-lips-lip-plumper-peach,barcode,
/p/jenny-glow-posies-inspired-by-marc-jacobs-daisy-edp-15ml/6294015179538,/products/jenny-glow-posies-inspired-by-marc-jacobs-daisy-edp-15ml,barcode,
/p/spotlight-toothpaste-for-whitening-teeth/5391531560374,/products/spotlight-toothpaste-for-whitening-teeth,barcode,
/p/paralink-180mg-supp-10pk/5099172033072,/products/paralink-180mg-supp-10pk,barcode,
/p/aveeno-300ml-dly-moist-pump/3574661285894,/products/aveeno-300ml-dly-moist-pump,barcode,
/p/sona-calcium-with-vit-d-tabs-90pk/5390612002703,/products/sona-calcium-with-vit-d-tabs-90pk,barcode,
/p/gosh-pink-bunny-softie-30cm-/5098858173590,/products/gosh-pink-bunny-softie-30cm,barcode,
/p/cleanse-off-mitt-pink/630941002001,/products/cleanse-off-mitt-pink,barcode,
/p/perfect-prep-baby-machine-/5010415237088,/products/perfect-prep-baby-machine,barcode,
/p/medicare-waterproof-plasters-30pk/5099390413595,/products/medicare-waterproof-plasters-30pk,barcode,
/p/rennie-peppermint-24pk/5010605295287,/products/rennie-peppermint-24pk,barcode,
/p/sudocrem-tub-60g/50953349,/products/sudocrem-tub-60g,barcode,
/p/bperfect-mrs-glam-snatch-stick-golden-hour-04-warm-tan/5060938583728,/products/bperfect-mrs-glam-snatch-stick-golden-hour-04-warm-tan,barcode,
/p/uriage-roseliane-anti-redness-cream-40ml/3661434003394,/products/uriage-roseliane-anti-redness-cream-40ml,barcode,
/p/dr-squatch-rainforest-rapids-deodorant-75g/810095594762,/collections/deodorant,off-website,dr-squatch-rainforest-rapids-deodorant-75g
/p/medicare-zoo-fun-kids-plasters-30pk/5099390413922,/products/medicare-zoo-fun-kids-plasters-30pk,barcode,
/p/medicare-lifesense-thermometer-/5099390416206,/products/medicare-lifesense-thermometer,barcode,
/p/jenny-glow-2-piece-ladies-set-angelic/6294015186390,/products/jenny-glow-2-piece-ladies-set-angelic,barcode,
/p/uriage-bariederm-cica-daily-gel-40ml/3661434011924,/products/uriage-bariederm-cica-daily-gel-40ml,barcode,
/p/medicube-collagen-night-wrapping-mask-75ml-/8800256113217,/products/medicube-collagen-night-wrapping-mask-75ml,barcode,
/p/the-handmade-soap-company-3-x-hand-cream-tube-giftset/5391520236600,/products/the-handmade-soap-company-3-x-hand-cream-tube-giftset,barcode,
/p/wild-coconut-starter-pack-with-refill-mix-1-/wild5mix,/products/wild-coconut-starter-pack-with-refill-mix-4,title-fuzzy,closest: Wild Coconut Starter Pack With Refill Mix 4
/p/sonisk-sonic-pulse-toothbrush-silver/5060679070730,/products/sonisk-sonic-pulse-toothbrush-silver,barcode,
/p/loreal-magic-retouch-golden-brown-75ml/3600523388240,/products/loreal-magic-retouch-gold-brow,barcode,
/p/bbold-super-dark-mousse-175ml/5060298550514,/products/bbold-xtra-dark-mousse-175ml,barcode,
/p/vamousse-head-lice-treatment-mousse/1358962180100,/products/vamousse-head-lice-treatment-mousse,barcode,
/p/luna-by-lisa-airbrush-3in1-primer----nude/5391532521886,/products/luna-by-lisa-airbrush-3in1-primer-nude,barcode,
/p/brolene-eye-drops-10ml/50982790,/products/brolene-eye-drops-10ml,barcode,
/p/sona-c500-chewable---vitamin-c-500mg-30pk/5390612008316,/products/sona-c500-chewable-vitamin-c-500mg-30pk,barcode,
/p/uriage-age-absolute-redensifying-rosy-cream-50ml/3661434009181,/products/uriage-age-absolute-redensifying-rosy-cream-50ml,barcode,
/p/zenflore-capsules-30pk/5391528870103,/products/zenflore-capsules-30pk,barcode,
/p/audiclean-ear-cleansing-wash-115ml/3401060760045,/products/audiclean-ear-cleansing-wash-115ml,barcode,
/p/meditrans-25cmx5m-transparent-tape/5099390201109,/products/meditrans-2-5cmx5m-transparent-tape,barcode,
/p/lens-plus-ocupure-saline-120ml/5050474103818,/products/lens-plus-ocupure-saline-120ml,barcode,
/p/jimmy-choo-ladies-40ml-edp-spray/3386460025492,/products/jimmy-choo-ladies-40ml-edp-spray,barcode,
/p/cleanmarine-krill-oil-capsules-60pk/5391500071337,/products/cleanmarine-krill-oil-capsules-60pk,barcode,
/p/voduz-nourishing-conditioner-/5060907052965,/products/voduz-nourishing-conditioner,barcode,
/p/beckham-classic-mens-60ml-edt-spr/3607346570906,/products/beckham-classic-mens-60ml-edt-spr,barcode,
/p/ogam-lemongrass-10ml/5390600001152,/products/ogam-lemongrass-10ml,barcode,
/p/epaderm-cream-pump-500g/5055158013179,/products/epaderm-cream-pump-500g,barcode,
/p/panadol-actifast-20pk/5011080181997,/products/panadol-actifast-20pk,barcode,
/p/vaseline-cocoa-rad-400ml/8712561483162,/products/vaseline-cocoa-rad-400ml,barcode,
/p/medicare-size-b-1m-tubular-supp-bandage/5099390403091,/products/medicare-size-b-1m-tubular-supp-bandage,barcode,
/p/sol-beauty-dry-body-oil-with-watermelon/5013692278072,/products/sol-beauty-dry-body-oil-with-watermelon,barcode,
/p/the-handmade-soap-company-bitter-orange-and-pink-pepper-hand-cream-50ml-/5391520236396,/products/the-handmade-soap-company-bitter-orange-pink-pepper-hand-cream-50ml,barcode,
/p/vitabiotics-wellkid-peppa-pig-multi-vits-vegan-3-7-years/5021265248384,/products/vitabiotics-wellkid-peppa-pig-multi-vits-vegan-3-7-years,barcode,
/p/refresh-duo/8720181655067,/products/refresh-duo,barcode,
/p/hygie-crisp-apple-hydrating-hand-cleanser-35ml/5061015258744,/products/hygie-crisp-apple-hydrating-hand-cleanser-35ml,barcode,
/p/bperfect-ekin-su-radiant-glo-06-deep/5060938587351,/products/bperfect-ekin-su-radiant-glo-06-deep,barcode,
/p/burnshield-hydrogel-50ml/6007645000123,/products/burnshield-hydrogel-50ml,barcode,
/p/voduz-cleanse-it-re-balancing-shampoo-300ml-/voduzbalancing1,/products/voduz-cleanse-it-re-balancing-shampoo-300ml,title-fuzzy,closest: Voduz Cleanse It Re-Balancing Shampoo 300Ml
/p/sosu-mystery-box/sosumb1,/products/sosu-mystery-box,title,
/p/3-piece-ladies-set-olympia/6294015191240,/products/3-piece-ladies-set-olympia,barcode,
/p/tena-men-extra-level-two-10pk/7322540016413,/products/tena-men-extra-level-two-10pk,barcode,
/p/optrex-refreshing-eye-drops-10ml/50007592,/products/optrex-refreshing-eye-drops-10ml,barcode,
/p/vitabiotics-pregnacare-breastfeeding-84pk/5021265232062,/products/vitabiotics-pregnacare-breastfeeding-84pk,barcode,
/p/gosh-tiger-softie-30cm-/5098858171411,/products/gosh-tiger-softie-30cm,barcode,
/p/jenny-glow-3-piece-mens-set-savage/6295199808603,/products/jenny-glow-3-piece-mens-set-savage,barcode,
/p/pestle-and-mortar-hydrate-and-vit-c-bundle/11111,/products/pestle-mortar-hydrate-and-vit-c-bundle,title,
/p/mam-original-night-6months-/9001616203862,/products/mam-original-night-6-months,barcode,
/p/curanail-5-nail-lacquer-25ml/5020465200581,/products/curanail-5-nail-lacquer-2-5ml,barcode,
/p/bperfect-skin-studio-reset-and-recharge-cleansing-balm-90g-/5061007282474,/products/bperfect-skin-studio-reset-recharge-cleansing-balm-90g,barcode,
/p/tampax-bb-superplus-20pk/4015400363064,/products/tampax-bb-superplus-20pk,barcode,
/p/scholl-verruca-and-wart-freeze-spray-80ml/5038483238424,/products/scholl-verruca-wart-freeze-spray-80ml,barcode,
/p/jenny-glow-oympia-30ml/6294015153422,/products/jenny-glow-olympia-inspired-by-paco-rabanne-olympea-30ml,barcode,
/p/hygie-sugared-plum-hydrating-hand-cleanser-35ml/5061015258768,/products/hygie-sugared-plum-hydrating-hand-cleanser-35ml,barcode,
/p/tena-lady-normal-discreet-12pk/7322541124261,/products/tena-lady-rmal-discreeet-12pk,barcode,
/p/hugo-boss-reversed-75ml-edt-spr/3614225297687,/products/hugo-boss-reversed-75ml-edt-spr,barcode,
/p/your-zooki--vitamin-d-mixed-berry-20-sachets-/5060518930706,/products/your-zooki-vitamin-d-mixed-berry-20-sachets,barcode,
/p/boss-bottled-grey-mens-100ml-edt-spr/737052351100,/products/boss-bottled-grey-mens-100ml-edt-spr,barcode,
/p/ck-eternity-moments-ladies-100ml-edp-spr/088300139491,/products/ck-eternity-moments-ladies-100ml-edp-spr,barcode,
/p/eucryl-powder-50g-smokers-freshmint/5011309895612,/products/eucryl-powder-50g-smokers-freshmint,barcode,
/p/revive-active-meno-active--6-month-supply/menoactive6,/products/revive-active-meno-active-6-month-supply,title-fuzzy,closest: Revive Active Meno Active -6 Month Supply
/p/medicube-zero-pore-pad-20-70s/8800256114665,/products/medicube-zero-pore-pad-2-0-70s,barcode,
/p/declar-age-control-multi-lift-cream-50ml-/9007867003282,/products/declar-age-control-multi-lift-cream-50ml,barcode,
/p/uriage-xemose-gentle-cleansing-syndet-200ml/3661434000171,/products/uriage-xemose-gentle-cleansing-syndet-200ml,barcode,
/p/pestle-and-mortar-double-sided-face-cloth-3pk/855238006351,/products/pestle-mortar-double-sided-face-cloth-3pk,barcode,
/p/alfaparf-semi-di-lino-smooth-oil-100ml/alfoil,/products/alfaparf-semi-di-lino-smooth-oil-100ml,title,
/p/smith-and-nephew-jelonet-10cm-x-10cm-single/5099390406641,/products/smith-nephew-jelonet-10cm-x-10cm-single,barcode,
/p/the-handmade-soap-company-bitter-orange-and-pink-pepper-hand-wash-and-hand-lotion-duo-set/5391520236624,/products/the-handmade-soap-company-bitter-orange-pink-pepper-hand-wash-hand-lotion-duo-set,barcode,
/p/canesten-2-thrush-cream-20g/5010605950094,/products/canesten-2-thrush-cream-20g,barcode,
/p/gosh-mallard-softie-30cm/5098858185746,/products/gosh-mallard-softie-30cm,barcode,
/p/thermal-micellar-water-comb-to-oily-skin-250ml/3661434003660,/products/thermal-micellar-water-comb-to-oily-skin-250ml,barcode,
/p/biabelle-tan-bundle-dark/biabelle28,/products/biabelle-tan-bundle-dark,title,
/p/wild-cotton-starter-pack-with-refill-mix-6-/wild24mix,/products/wild-cotton-starter-pack-with-refill-mix-6,title-fuzzy,closest: Wild Cotton Starter Pack With Refill Mix 6
/p/optibac-pb-everyday-extra-caps-30pk/5060086610376,/products/optibac-pb-everyday-extra-caps-30pk,barcode,
/p/easofen-child-3m-100ml-strawberry/5099562205355,/products/easofen-child-3m-100ml-strawberry,barcode,
/p/tepe-g4107-grey-13mm-6pk/7317400015484,/products/tepe-g4107-grey-1-3mm-6pk,barcode,
/p/full-impact-complete-coverage-concealer-shade-m3/5060907054808,/products/full-impact-complete-coverage-concealer-shade-m3,barcode,
/p/sosu-false-nails-sparkle-season/5391545371690,/products/sosu-false-nails-sparkle-season,barcode,
/p/simple-soap-pure-125g-2pk/5011451401068,/products/simple-soap-pure-125g-2pk,barcode,
/p/shape-stick-bronze-and-define-caramel/5060806561209,/products/shape-stick-bronze-define-caramel,barcode,
/p/mam-learn-to-drink-cup-6months-pink/9001616698392,/products/mam-learn-to-drink-cup-6-months-pink,barcode,
/p/medicare-sensitive-strip-1m-x-6cm/5099390100457,/products/medicare-sensitive-strip-1m-x-6cm,barcode,
/p/water-wipes--24-pack-/35614643163,/products/water-wipes-24-pack,title-fuzzy,closest: Water Wipes- 24 Pack
/p/sona-magnesium-500mg-60-pk/5390612006596,/products/sona-magnesium-500mg-60-pk,barcode,
/p/cali-coast-wave-whip-shower-foam-pomegranate-paradise-250ml/5060298555717,/products/cali-coast-wave-whip-shower-foam-pomegranate-paradise-250ml,barcode,
/p/xemose-creme-anti-irritation-cre/3661434005428,/products/xemose-creme-anti-irritation-cre,barcode,
/p/jenny-glow-she-inspired-by-armani-si-30ml/6294015153453,/products/jenny-glow-she-inspired-by-armani-si-30ml,barcode,
/p/wrap-up-microfibre-hair-wrap/5060806560950,/products/wrap-up-microfibre-hair-wrap,barcode,
/p/optibac-for-those-on-antibiotics/5060086610062,/products/optibac-for-those-on-antibiotics,barcode,
/p/symprove-4-week-supply-original/5060221910057,/products/symprove-4-week-supply-original,barcode,
/p/juvar-com-plex-intensive-repair-treatment-250ml/0698596599208,/products/juvar-com-plex-intensive-repair-treatment-250ml,barcode,
/p/revive-active-joint-complex---6-month-supply/jointcomplex6,/products/revive-active-joint-complex-3-month-supply,title-fuzzy,closest: Revive Active Joint Complex - 3 Month Supply
/p/bare-addiction-4-steps-to-clearer-skin-kit/5060867610083,/products/bare-addiction-4-steps-to-clearer-skin,barcode,
/p/zirtek-tabs-10mg-30pk/5015313013581,/products/zirtek-tabs-10mg-30pk,barcode,
/p/nexium-control-tabs-14pk/5391523250177,/products/nexium-control-tabs-14pk,barcode,
/p/chroma-liquid-concealer-w3/5060907054600,/products/chroma-liquid-concealer-w3,barcode,
/p/your-zooki---vitamin-d-mixed-berry-single-sachet-/5060518930638,/products/your-zooki-vitamin-c-mixed-berry-single-sachet,barcode,
/p/pestle-and-mortar-pure-hyaluronic-serum-30ml/855238006061,/products/pestle-mortar-pure-hyaluronic-serum-30ml,barcode,
/p/neilmed-sinus-rinse-orig-kit-240ml--60pk/705928001008,/products/neilmed-sinus-rinse-orig-kit-240ml-60pk,barcode,
/p/bperfect-ex-foliate-tan-removing-scrub/5060938583865,/products/bperfect-ex-foliate-tan-removing-scrub,barcode,
/p/hydration-station-12g/5034033000480,/products/hydration-station-12g,barcode,
/p/homme-allure-sport-spray-edt-100ml/3145891236309,/products/homme-allure-sport-spray-edt-100ml,barcode,
/p/jakemans-cherry-soothing-menthol-lozenges-73g/503104005149,/products/jakemans-cherry-soothing-menthol-lozenges-73g,title,
/p/gaviscon-extra-handy-12pk-peppermint/5052197048421,/products/gaviscon-extra-handy-12pk-peppermint,barcode,
/p/skingredients-aha-cleanse-brightening-and-exfoliating-lactic-acid-cleanser-100ml-primary-/634240001734,/products/skingredients-aha-cleanse-brightening-and-exfoliating-lactic-acid-cleanser-100ml-primary,barcode,
/p/bperfect-mrs-glam-snatch-stick-sun-drenched-05-neutral-tan/5060907054525,/products/bperfect-mrs-glam-snatch-stick-sun-drenched-05-neutral-tan,barcode,
/p/piriton-tabs-4mg-30pk/5011080182932,/products/piriton-tabs-4mg-30pk,barcode,
/p/loral-paris-elvive-bond-repair-pre-shampoo-treatment-200ml/3600524074524,/products/l-or-al-paris-elvive-bond-repair-pre-shampoo-treatment-200ml,barcode,
/p/provoke-touch-of-silver-colour-care-shampoo-200ml/5012008721004,/products/pro-voke-touch-of-silver-colour-care-shampoo-200ml,barcode,
/p/palmolive-naturals-milk-and-honey-hand-wash-300ml/8003520013026,/products/palmolive-naturals-milk-honey-hand-wash-300ml,barcode,
/p/brupro-ibuprofen-200mg-tabs-48pk/5390387373138,/products/brupro-ibuprofen-200mg-tabs-48pk,barcode,
/p/nuage-hayfever-barrier-balm-50g/6278390031,/products/nuage-hayfever-barrier-balm-50g,title,
/p/bperfect-indestructbrow-soap/793618273279,/products/bperfect-indestruct-brow-soap,barcode,
/p/casacol-expectorant-syrup-300ml/5391513950315,/products/casacol-expectorant-syrup-300ml,barcode,
/p/voduz-slumber-satin-sleep-set/5060806560943,/products/voduz-slumber-satin-sleep-set,barcode,
/p/bperfect-annalivia-perfection-primer-/5061045651379,/products/bperfect-annalivia-perfection-primer,barcode,
/p/durex-pleasure-me-6pk/5052197026016,/products/durex-pleasure-me-6pk,barcode,
/p/glow-and-go-essentials-gift-set/8720182782045,/products/glow-go-essentials-gift-set,barcode,
/p/nivea-men-shave-gel-200ml-sensitive/5025970023243,/products/nivea-men-shave-gel-200ml-sensitive,barcode,
/p/solgar-7-joint-support-30-caps/033984504974,/collections/joint-bone-health,off-website,solgar-7-joint-support-30-caps
/p/phenergan-elixir-100ml/5391513750182,/products/phenergan-elixir-100ml,barcode,
/p/flixonase-nasal-spray-/5011080101377,/products/flixonase-nasal-spray,barcode,
/p/milton-surface-spray-500ml/3361370713479,/products/milton-surface-spray-500ml,barcode,
/p/mam-original-6-months-pink-cat_blue-flowers/900161620201800,/products/mam-original-6-months-pink-cat-blue-flowers,title-fuzzy,closest: Mam Original 6+ Months (Pink Cat/Blue Flowers)
/p/umbro-ice-toiletry-bag-set-for-him/5013692263245,/products/umbro-ice-toiletry-bag-set-for-him,barcode,
/p/nicorette-cools-2mg-loz-20pk/3574661146096,/products/nicorette-cools-2mg-loz-20pk,barcode,
/p/otrivine-adult-sinusitis-10ml-measured-dose/50045938,/products/otrivine-adult-sinusitis-10ml-measured-dose,barcode,
/p/joop-homme-200ml-edt-spr/3607345809915,/products/joop-homme-200ml-edt-spr,barcode,
/p/acic-5-cream-2g/5390387372018,/products/acic-5-cream-2g,barcode,
/p/carex-the-original-dermacare-eco-refill-500ml-hand-wash/5000101102479,/products/carex-the-original-dermacare-eco-refill-500ml-hand-wash,barcode,
/p/garnier-ultimate-blends-nourishing-hair-food-banana-and-coconut-shampoo/3600542342933,/products/garnier-ultimate-blends-nourishing-hair-food-banana-coconut-shampoo,barcode,
/p/quest-vitamin-b12-1000mcg-60pk/5022339874010,/products/quest-vitamin-b12-1000mcg-60pk,barcode,
/p/harrys-plus-razor-and-5-blades-starter-set/5060638592037,/collections/mens-grooming,off-website,harrys-plus-razor-and-5-blades-starter-set
/p/sculpted-cream-cushion-foundation-275n/5391548381566,/products/sculpted-cream-cushion-foundation-2-75n,barcode,
/p/mam-original-night-12-months-navy_white/90016167096540,/products/mam-original-night-6-months,title-fuzzy,closest: Mam Original Night 6+Months
/p/sculpted-by-aimee-shape-and-set-brow-pencil-and-fixing-gel-medium-brown/0796548963067,/products/sculpted-by-aimee-shape-set-brow-pencil-fixing-gel-medium-brown,barcode,
/p/beeline-vit-d-oral-spray-20ml/5099442005204,/products/beeline-vit-d-oral-spray-20ml,barcode,
/p/uriage-1st-change-nappy-cream-100ml/3661434008597,/products/uriage-1st-change-nappy-cream-100ml,barcode,
/p/revive-active-tropical-6-month-supply---180-sachets-/revivetropbundle1,/products/revive-active-tropical-6-month-supply-180-sachets,title-fuzzy,closest: Revive Active Tropical 6 Month Supply - 180 Sachets
/p/uriage-xemose-anti-irritation-lipid-replenishing-cream-200ml/3661434004841,/products/uriage-xemose-anti-irritation-lipid-replenishing-cream-200ml,barcode,
/p/nutrogena-hand-cream-50ml/4012273123009,/products/nutrogena-hand-cream-50ml,barcode,
/p/medicare-blister-plasters-6pk-medium/5099390409666,/products/medicare-blister-plasters-6pk-medium,barcode,
/p/jenny-glow-chance-it-30ml-inspired-by-chanel-chance/6294015136258,/products/jenny-glow-chance-it-30ml-inspired-by-chanel-chance,barcode,
/p/luna-filter-finish-silk-foundation---tan/lunatansilk,/products/luna-filter-finish-silk-foundation-tan,title-fuzzy,closest: Luna Filter Finish Silk Foundation - Tan
/p/uniflu-with-vitamin-c-tablets-24pk/5017896811110,/collections/cold-flu-allergy,off-website,uniflu-with-vitamin-c-tablets-24pk
/p/voduz-clear-it-exfoliating-scalp-scrub/5060806565008,/products/voduz-clear-it-exfoliating-scalp-scrub,title,
/p/senokot-tablets-60pk/5000158062825,/products/senokot-tablets-60pk,barcode,
/p/uriage-roseliane-demo--cleansing-fluid-250ml/3661434003431,/products/uriage-roseliane-demo-cleansing-fluid-250ml,barcode,
/p/medicare-fabric-assorted-plasters-30pk/5099390270143,/products/medicare-fabric-assorted-plasters-30pk,barcode,
/p/sensodyne-rapid-relief-mint-75ml/5054563023803,/products/sensodyne-rapid-relief-mint-75ml,barcode,
/p/nurofen-child-6-200ml-spn-orange/5000158070196,/products/nurofen-child-6-200ml-spn-orange,barcode,
/p/vitabiotics-pregnacare-original-30pk/5010058089785,/products/vitabiotics-pregnacare-original-30pk,barcode,
/p/lil-critters-immune-c-60-pk/27917017594,/products/lil-critters-immune-c-60-pk,title,
/p/tepe-g4104-pink-04mm-6pk/7317400015279,/products/tepe-g4104-pink-0-4mm-6pk,barcode,
/p/magnesium-oil-goodnight-spray-100ml/5060148520186,/products/magnesium-oil-goodnight-spray-100ml,barcode,
/p/alfaparf-semi-di-lino-moisture-nutritive-detangling-fluid-125ml/alfpink4,/products/alfaparf-semi-di-lino-moisture-nutritive-detangling-fluid-125ml,title,
/p/okeeffes-lip-balm-unscented/5704947003364,/products/o-keeffe-s-lip-balm-unscented,barcode,
/p/optibac-for-pregnancy/5060086610956,/products/optibac-for-pregnancy,barcode,
/p/paco-rabanne-olympea-ladies-50ml-edp-spr-/3349668528660,/products/paco-rabanne-olympea-ladies-50ml-edp-spr,barcode,
/p/sylliflor-psyllium-husks-cocoa-2510g/5711315110708,/products/sylliflor-psyllium-husks-cocoa-2510g,barcode,
/p/sculpted-by-aimee-easyglide-precision-liquid-liner--ultra-black/0796548964194,/products/sculpted-by-aimee-easyglide-precision-liquid-liner-ultra-black,barcode,
/p/vitabiotics-wellten-her-plus-13-19-years/7027265247332,/products/vitabiotics-wellten-her-plus-13-19-years,barcode,
/p/meditape-25x5m-zinc-oxide-tape/5099390200805,/products/meditape-2-5x5m-zinc-oxide-tape,barcode,
/p/sona-magnesium-250mg-60pk/5390612006602,/products/sona-magnesium-250mg-60pk,barcode,
/p/e45-cream-50g/5000158067448,/products/e45-cream-50g,barcode,
/p/sensi-kin-mouthwash-250ml-daily-hypersensitivity/8436026210758,/products/sensi-kin-mouthwash-250ml-daily-hypersensitivity,barcode,
/p/garnier-ultimate-blends-smoothing-hair-food-coconut-and-macadamia-3-in-1-hair-mask/3600542231589,/products/garnier-ultimate-blends-smoothing-hair-food-coconut-macadamia-3-in-1-hair-mask,barcode,
/p/pestle-and-mortar-essentials-sensitive-skin-rescue-kit-/855717008043,/products/pestle-mortar-essentials-sensitive-skin-rescue-kit,barcode,
/p/optibac-sboulardii-16-pk/5060086610116,/products/optibac-s-boulardii-16-pk,barcode,
/p/sudocrem-tub-125g/5011025014007,/products/sudocrem-tub-125g,barcode,
/p/pharmanord-bioactive-magnesium-60pk/5709976231207,/products/pharmard-magnesium-60pk,barcode,
/p/easolief-duo-500_150mg-tabs-paracetamol_ibuprofen-24pk/5099562923051,/products/easolief-duo-500-150mg-tabs-paracetamol-ibuprofen,barcode,
/p/coral-baby-sponges/5011597001634,/products/coral-baby-sponges,barcode,
/p/chroma-cover-luminous-foundation---c2/5060907056161,/products/chroma-cover-luminous-foundation-c2,barcode,
/p/biabelle-velvet-tan-mitt-/5391534620594,/products/biabelle-velvet-tan-mitt,barcode,
/p/solgar-l-arginine-1000mg-90-pk/033984001503,/products/solgar-l-arginine-1000mg-90-pk,barcode,
/p/luna-filter-finish-naturally-matte-foundation---medium/lunamattemedium,/products/luna-filter-finish-naturally-matte-foundation-medium,title-fuzzy,closest: Luna Filter Finish Naturally Matte Foundation - Medium
/p/avogel-echinaforce-cold-and-flu-drops-100ml/7610313301171,/products/avogel-echinaforce-cold-flu-drops-100ml,barcode,
/p/bperfect-katie-daley-perfect-powder-candyfloss/5061007282917,/products/bperfect-katie-daley-perfect-powder-candyfloss,barcode,
/p/medicare-non-contact-infrared-thermometer/5099390414103,/products/medicare-thermometer-infrared,barcode,
/p/sanex-500ml-shwr-dermo-sensitive/8714789763378,/products/sanex-500ml-shwr-dermo-sensitive,barcode,
/p/aveeno-300ml-moist-creamy-oil-pump/3574660541298,/products/aveeno-300ml-moist-creamy-oil-pump,barcode,
/p/medicare-size-e-1m-tubular-supp-bandage/5099390403121,/products/medicare-size-e-1m-tubular-supp-bandage,barcode,
/p/celtic-wind-cbd-oil-5-10ml/700461648765,/products/celtic-wind-cbd-oil-5-10ml,barcode,
/p/voduz-root-reviver-brown-75ml/voduzrootbrown,/products/voduz-root-reviver-brown-75ml,title,
/p/sambucol-tonic-liquid-original-120ml/5060216560151,/products/sambucol-tonic-liquid-original-120ml,barcode,
/p/pestle-and-mortar-glow-drops-30mls/855238006689,/products/pestle-mortar-glow-drops-30mls,barcode,
/p/centrum-advance-50-60pk/5000309008177,/products/centrum-advance-50-60pk,barcode,
/p/biabelle-instant-bundle-with-blur-brush--dark/biabelle40,/products/biabelle-instant-bundle-with-blur-brush-dark,title-fuzzy,closest: Biabelle Instant Bundle With Blur Brush- Dark
/p/voduz-ultimate-shine-bundle/voduzbundle2,/products/voduz-ultimate-shine-bundle,title,
/p/juvar-com-plex-bond-repair-shampoo-250ml/0698596599178,/products/juvar-com-plex-bond-repair-shampoo-250ml,barcode,
/p/medicare-instant-hot-pack/5099390403183,/products/medicare-instant-hot-pack,barcode,
/p/nurofen-child-7-soft-chewable-caps-12pk-orange/5000158106383,/products/nurofen-child-7-soft-chewable-caps-12pk-orange,barcode,
/p/lemsip-max-sinus-and-flu-hot-lemon-10pk/5000158064287,/products/lemsip-max-sinus-flu-hot-lemon-10pk,barcode,
/p/revive-active-meno-active--3-month-supply/menoactive1,/products/revive-active-meno-active-6-month-supply,title-fuzzy,closest: Revive Active Meno Active -6 Month Supply
/p/quest-super-once-a-day-30pk/5022339294016,/products/quest-super-once-a-day-30pk,barcode,
/p/spotlight-sonic-brush-heads-3pk/5391531560800,/products/spotlight-sonic-brush-heads-3pk,barcode,
/p/nurofen-child-6-200ml-spn-strawberry/5000158070202,/products/nurofen-child-6-200ml-spn-strawberry,barcode,
/p/rowa-yummy-gummy-bears-60pk/5390387943010,/products/rowa-yummy-gummy-bears-60pk,barcode,
/p/veet-expert-wax-strips-sensitive-legs-and-body-20pk/5011417588352,/products/veet-expert-wax-strips-sensitive-legs-and-body-20pk,barcode,
/p/sol-beauty-shower-cream-with-coconut-500ml/5013692278126,/products/sol-beauty-shower-cream-with-coconut-500ml,barcode,
/p/uriage-bariesun-moisturizing-cream-spf-50/3661434008368,/products/uriage-bariesun-moisturizing-cream-spf-50,barcode,
/p/durex-play-50ml-feel-lube/5011417567623,/products/durex-play-50ml-feel-lube,barcode,
/p/mitchum-48hr-sport-protection/5051389044937,/products/mitchum-48hr-sport-protection,barcode,
/p/bperfect-tan-studio-tanning-facial-mist-light-medium-150ml/5061007280289,/products/bperfect-tan-studio-tanning-facial-mist-light-medium-150ml,barcode,
/p/thermacare-2pk-lower-back-and-hip/5000309006463,/products/thermacare-2pk-lower-back-hip,barcode,
/p/marc-jacobs-daisy-100ml-edt/31655513034,/products/marc-jacobs-daisy-100ml-edt,title,
/p/2-piece-mens-set-savage/6294015163759,/products/2-piece-mens-set-savage,barcode,
/p/udos-infants-blend-microbiotic-75g/5391500070842,/products/udo-s-infants-blend-microbiotic-75g,barcode,
/p/wartner-freeze-wart-and-verruca-50ml-2nd-gen/5012616291272,/products/wartner-freeze-wart-verruca-50ml-2nd-gen,barcode,
/p/zenflore-calm-/5391528870516,/products/zenflore-calm,barcode,
/p/quest-stress-b-complex-and-vitamin-c-60pk/5022339888017,/products/quest-stress-b-complex-vitamin-c-60pk,barcode,
/p/strepsils-plus-20ml-throat-spray/5000158067431,/products/strepsils-plus-20ml-throat-spray,barcode,
/p/duo-striplash-adhesive-7g-white_clear/073930680109,/products/duo-striplash-adhesive-7g-white-clear,barcode,
/p/solar-buddies-sunscreen-applicator-green/7061117215872,/collections/sun,off-website,solar-buddies-sunscreen-applicator-green
/p/benylin-100ml-dry-dual-action/5010123715212,/products/benylin-100ml-dry-dual-action,barcode,
/p/luna-filter-finish-naturally-matte-foundation---fair/lunamattefair,/products/luna-filter-finish-naturally-matte-foundation-fair,title-fuzzy,closest: Luna Filter Finish Naturally Matte Foundation - Fair
/p/voduz-healthy-hair-bundle/voduzhhbundle1,/products/voduz-healthy-hair-bundle,title,
/p/kin-gingival-mouthwash-500ml/8470001575883,/products/kin-gingival-mouthwash-500ml,barcode,
/p/full-impact-complete-coverage-concealer-shade-m2/5060907054792,/products/full-impact-complete-coverage-concealer-shade-m2,barcode,
/p/uriage-hyseac-fluid-spf50-50ml/3661434010057,/products/uriage-hyseac-fluid-spf50-50ml,barcode,
/p/vitabiotics-feroglobin-b12-liquid-200ml/5010058089792,/products/vitabiotics-feroglobin-b12-liquid-200ml,barcode,
/p/paco-rabanne-invictus-50ml-edt-spr-/3349668515653,/products/paco-rabanne-invictus-50ml-edt-spr,barcode,
/p/voltarol-2-extra-strength-gel-50g/5054563014238,/products/voltarol-2-extra-strength-gel-50g,barcode,
/p/2-piece-mens-set-coding/6294015163728,/products/2-piece-mens-set-coding,barcode,
/p/wild-refill-mix-/wildrefillmix,/products/wild-refill-mix,title-fuzzy,closest: Wild Refill Mix
/p/tepe-g4102-red-05mm-6pk/7317400015330,/products/tepe-g4102-red-0-5mm-6pk,barcode,
/p/skingredients-skin-veg-hylauronic-acid-hydrating-serum-45ml-primary-/634240001635,/products/skingredients-skin-veg-hylauronic-acid-hydrating-serum-45ml-primary,barcode,
/p/aveeno-200ml-dly-moist-lotion/3574660123425,/products/aveeno-200ml-dly-moist-lotion,barcode,
/p/biabelle-bronze-obsession-bundle--medium/biabelle6,/products/biabelle-bronze-obsession-bundle-medium,title-fuzzy,closest: Biabelle Bronze Obsession Bundle- Medium
/p/tommee-tippee-essential-baby-nail-clippers-0m-1pk/5010415331281,/products/tommee-tippee-essential-baby-nail-clippers-0m-1pk,barcode,
/p/christmas-tree-hand-cream-and-nail-file/5021769827689,/products/christmas-tree-hand-cream-nail-file,barcode,
/p/skingredients-skin-shield-mosturising-and-priming-spf-50-pa-primary-/634240001673,/products/skingredients-skin-shield-mosturising-and-priming-spf-50-pa-primary,barcode,
/p/voduz-illuminating-conditioner-300ml/5060938583247,/products/voduz-illuminating-conditioner-300ml,barcode,
/p/the-belle-brush-blowdry-medium/5391532760070,/products/the-belle-brush-blowdry-medium,barcode,
/p/pestle-and-mortar-essentials-body-cream-500ml/855238007006,/products/pestle-mortar-essentials-body-cream-500ml,barcode,
/p/optibac-for-kids---gummies/5060086611069,/products/optibac-for-kids-gummies,barcode,
/p/cali-coast-wave-whip-shower-foam-berry-breeze-250ml/5060298555670,/products/cali-coast-wave-whip-shower-foam-berry-breeze-250ml,barcode,
/p/tena-pants-plus-extra-large/13232120,/products/tena-pants-plus-extra-large,title,
/p/pestle-and-mortar-superstar-retil-night-oil-30ml/855238006269,/products/pestle-mortar-superstar-retil-night-oil-30ml,barcode,
/p/the-original-bug-band-co-insect-repellent-bracelet-12pk-/5035221021003,/collections/first-aid,off-website,the-original-bug-band-co-insect-repellent-bracelet-12pk
/p/la-vida-caribena-island-vibes-hydrating-body-fragrance-mist-35ml-/5061015257020,/products/la-vida-caribena-island-vibes-hydrating-body-fragrance-mist-35ml,barcode,
/p/uriage-hyseac-3-regul-global-skincare-40ml-/3661434009648,/products/uriage-hyseac-3-regul-global-skincare-40ml,barcode,
/p/alka-seltzer-10pk-lemon/5010605920011,/products/alka-seltzer-10pk-lemon,barcode,
/p/declar-soft-peeling-extra-gentle-exfoliant-100ml/9007867005149,/products/declar-soft-peeling-extra-gentle-exfoliant-100ml,barcode,
/p/uriage-age-lift-protective-smoothing-day-cream-spf30-40ml/3661434009259,/products/uriage-age-lift-protective-smoothing-day-cream-spf30-40ml,barcode,
/p/braun-nasal-aspirator/4022167001016,/products/braun-nasal-aspirator,barcode,
/p/lemsip-max-cold-and-flu-hot-lemon-10pk/5000158070462,/products/lemsip-max-cold-flu-hot-lemon-10pk,barcode,
/p/luna-by-lisa-foundation-brush/5391532521213,/products/luna-by-lisa-foundation-brush,barcode,
/p/eucerin-urearepair-plus-hand-cream-/4005800168642,/products/eucerin-urearepair-plus-hand-cream,barcode,
/p/nurofen-child-strawberry-oral-suspension-w_spoon-200ml/5000158069848,/products/nurofen-child-strawberry-oral-suspension-w-spoon-200ml,barcode,
/p/luna-filter-finish-naturally-matte-foundation---medium-plus/lunamattemediumplus,/products/luna-filter-finish-naturally-matte-foundation-medium-plus,title-fuzzy,closest: Luna Filter Finish Naturally Matte Foundation - Medium Plus
/p/always-ultra-normal-duo-26pk/4015400498056,/products/always-ultra-rmal-duo-26pk,barcode,
/p/garnier-nutrisse-1-black-permanent-hair-dye/5021044024987,/products/garnier-nutrisse-1-black-permanent-hair-dye,barcode,
/p/sculpted-brighten-and-define-eyeliner-duo---nude_black/0754590360104,/products/sculpted-brighten-define-eyeliner-duo-nude-black,barcode,
/p/tepe-g4100-yellow-07mm-6pk/7317400015392,/products/tepe-g4100-yellow-0-7mm-6pk,barcode,
/p/cocoa-brown-1-hour-tan-mousse-medium-150ml/5391018041907,/products/cocoa-brown-1-hour-tan-mousse-medium-150ml,barcode,
/p/sona-zinc-and-vitamin-c-chewable-tab-30-pk/5390612003953,/products/sona-zinc-vitamin-c-chewable-tab-30-pk,barcode,
/p/lippy-pina-colada-natural-lip-balm/5907573411484,/collections/lips,off-website,lippy-pina-colada-natural-lip-balm
/p/uriage-age-lift-smoothing-eye-care/3661434009211,/products/uriage-age-lift-smoothing-eye-care,barcode,
/p/solgar-gentle-iron-20mg-90cap/033984012493,/products/solgar-gentle-iron-20mg-90cap,barcode,
/p/dove-advanced-care-gentle-scrub-body-wash-225ml/8720181462863,/products/dove-advanced-care-gentle-scrub-body-wash-225ml,barcode,
/p/burberry-touch-mens-100ml-edt-spr-/5045252648988,/products/burberry-touch-mens-100ml-edt-spr,barcode,
/p/luna-filter-finish-silk-foundation---medium-plus/lunamediumplussilk,/products/luna-filter-finish-silk-foundation-medium-plus,title-fuzzy,closest: Luna Filter Finish Silk Foundation - Medium Plus
/p/anti-hist-oral-solution-200ml-1mg_1ml/5099562707651,/products/anti-hist-oral-solution-200ml-1mg-1ml,barcode,
/p/midnight-fantasy-ladies-100ml-edp-spr/719346094665,/products/midnight-fantasy-ladies-100ml-edp-spr,barcode,
/p/dax-wax-purple-super-neat/077315000049,/products/dax-wax-purple-super-neat,barcode,
/p/the-handmade-soap-company-bitter-orange-and-pink-pepper-shower-gel-250ml-/5391520236372,/products/the-handmade-soap-company-bitter-orange-pink-pepper-shower-gel-250ml,barcode,
/p/uriage-bariesun-water-resistant-sensitive-areas--stick/3661434008924,/products/uriage-bariesun-water-resistant-sensitive-areas-stick,barcode,
/p/voduz-set-spray-slay-styling-bundle/5056832901256,/products/voduz-set-spray-slay-styling-bundle,barcode,
/p/hugo-deep-red-ladies-90ml-edp-spr/0737052683553,/products/hugo-deep-red-ladies-90ml-edp-spr,barcode,
/p/sculpted-hydralip---mauve-/0754590489454,/products/sculpted-hydralip-mauve,barcode,
/p/benylin-child-125ml-chesty-n_d/5010123705404,/products/benylin-child-125ml-chesty-n-d,barcode,
/p/ella-and-jo-brighten-and-glow-hydrating-exfoliating-cleanser-/5392000189386,/products/ella-jo-brighten-and-glow-hydrating-exfoliating-cleanser,barcode,
/p/water-wipes-60-wipes---12-pack/waterwipes,/products/water-wipes-24-pack,title-fuzzy,closest: Water Wipes- 24 Pack
/p/sculpted-cream-cushion-foundation-6n/5391548381771,/products/sculpted-cream-cushion-foundation-6n,barcode,
/p/bperfect-instant-bronze-boost-gel-drops/5060806567140,/products/bperfect-instant-bronze-boost-gel-drops,barcode,
/p/sona-thiamin-100mg-60pk/5390612000426,/products/sona-thiamin-100mg-60pk,barcode,
/p/got2b-glued/5012583210900,/products/got2b-glued,barcode,
/p/the-belle-bobbin---original-style-3-pk/5391532760551,/products/the-belle-bobbin-original-style-3-pk,barcode,
/p/novomins-womens-bio-balance-gummies-60pk/5060724960269,/collections/womens-health,off-website,novomins-womens-bio-balance-gummies-60pk
/p/pestleandmortar-essentials-sensitive-body-rescue-kit-/855238006733,/products/pestle-mortar-essentials-sensitive-body-rescue-kit,barcode,
/p/coco-mademoiselle---fresh-moisture-mist-100ml/3145891168501,/products/coco-mademoiselle-fresh-moisture-mist-100ml,barcode,
/p/kleenex-g2988-balsam-pocket-tissues-9pk-single/50375301,/products/kleenex-g2988-balsam-pocket-tissues-9pk-single,barcode,
/p/bperfect-mrs-glam-sunset-glow-gold-leaf-cream-bronze/5061045650938,/products/bperfect-mrs-glam-sunset-glow-gold-leaf-cream-bronze,barcode,
/p/voduz-cleanse-it-re-energising-shampoo-300ml-/voduzcleanseshampoo1,/products/voduz-cleanse-it-re-energising-shampoo-300ml,title-fuzzy,closest: Voduz Cleanse It Re-Energising Shampoo 300Ml
/p/braggs-apple-cid-vin-946ml/074305701320,/products/braggs-apple-cid-vin-946ml,barcode,
/p/revive-active-original-210-sachets-7-months-supply/rev7mn259,/products/revive-active-original-210-sachets-7-months-supply,title,
/p/jandj-cotton-pads-50pk/3574660537659,/products/j-j-cotton-pads-50pk,barcode,
/p/2-piece-ladies-set-chance-it/6294015142600,/products/2-piece-ladies-set-chance-it,barcode,
/p/zovirax-cream-pump-2g/5099211001871,/products/zovirax-cream-pump-2g,barcode,
/p/sambucol-tonic-for-kids-120ml/5060216560168,/products/sambucol-tonic-for-kids-120ml,barcode,
/p/sculpted-hydralip---berry-/0754590489423,/products/sculpted-hydralip-berry,barcode,
/p/laneige-water-sleeping-mask-70ml/8809803586887,/products/laneige-water-sleeping-mask-70ml,barcode,
/p/hylo-care-01_2-eye-drops-75ml/4031626711403,/products/hylo-care-0-1-2-eye-drops-7-5ml,barcode,
/p/halls-soothers-blackcurrant/5010455063142,/products/halls-soothers-blackcurrant,barcode,
/p/durex-extra-safe-12pk/5052197045215,/products/durex-extra-safe-12pk,barcode,
/p/sculpted-satin-silk-longwear-foundation---rich/satinsilkrich,/products/sculpted-satin-silk-longwear-foundation-rich,title-fuzzy,closest: Sculpted Satin Silk Longwear Foundation - Rich
/p/murine-dry-and-tired-drops-15ml/5060018880181,/products/murine-dry-tired-drops-15ml,barcode,
/p/berocca-orange-45pk-eff/5010605401107,/products/berocca-orange-45pk-eff,barcode,
/p/compeed-blister-underfoot-5pk/3574660559859,/products/compeed-blister-underfoot-5pk,barcode,
/p/berocca-boost-30pk-eff/5010605952098,/products/berocca-boost-30pk-eff,barcode,
/p/bio-kult-caps-30pk/5027314502773,/products/bio-kult-caps-30pk,barcode,
/p/fybogel-orange-30pk/5011417557648,/products/fybogel-orange-30pk,barcode,
/p/bperfect-flawless-base-bundle/bperfectbundle1,/products/bperfect-flawless-base-bundle,title,
/p/medicare-female-heel-cushion-2s/5099390407952,/products/medicare-female-heel-cushion-2-s,barcode,
/p/feel-ultimate-bumper-gift-pack/5025970014845,/products/feel-ultimate-bumper-gift-pack,barcode,
/p/daktarin-2-powder-20g/5099467000079,/products/daktarin-2-powder-20g,barcode,
/p/alflorex-precision-biotics-3-month-supply/5392000067418,/products/alflorex-precision-biotics-3-month-supply,title,
/p/pestle-and-mortar-recover-eye-cream-15ml/856149007642,/products/pestle-mortar-recover-eye-cream-15ml,barcode,
/p/camomile-syrup-foran-40ml/5390998000126,/products/camomile-syrup-foran-40ml,barcode,
/p/gucci-guilty-pour-femme-50ml-2pc-gift-set/3616303784805,/products/gucci-guilty-pour-femme-50ml-2pc-gift-set,barcode,
/p/nicorette-icy-white-4mg-30pk/3574661146928,/products/nicorette-icy-white-4mg-30pk,barcode,
/p/revive-active-junior-20pk-/0735850563565,/products/revive-active-junior-20pk,barcode,
/p/rowarolan-powder-20g/5390387015014,/products/rowarolan-powder-20g,barcode,
/p/palmers-natural-bronze-gradual-tan-250ml/010181041051,/products/palmers-natural-bronze-gradual-tan-250ml,barcode,
/p/electric-picnic-bundle/epbundle,/collections/sale,off-website,electric-picnic-bundle
/p/cocoa-brown-1-hour-tan-mousse-150ml-dark/5391018043017,/products/cocoa-brown-1hr-tan-mousse-150ml-dark,barcode,
/p/nurofen-tablets-200mg-24pk/5000158102255,/products/nurofen-tablets-24pk,barcode,
/p/coral-massage-sponge-3pk/5011597008299,/products/coral-massage-sponge-3pk,barcode,
/p/garnier-olia-40-dark-brown-no-ammonia-permanent-hair-dye/3600541238626,/products/garnier-olia-4-0-dark-brown-no-ammonia-permanent-hair-dye,barcode,
/p/bperfect-skin-studio-hydro-burst-eye-gel-13ml/5061007284164,/products/bperfect-skin-studio-hydro-burst-eye-gel-13ml,barcode,
/p/colpermin-caps-20pk/5012882006501,/products/colpermin-caps-20pk,barcode,
/p/prime-eyes-cream-shadow-sticks-pearl-vanilla/0754590489263,/products/prime-eyes-cream-shadow-sticks-pearl-vanilla,barcode,
/p/solgar-vm-prime-women-90-tabs/033984329546,/products/solgar-vm-prime-women-90-tabs,barcode,
/p/solgar-ester-c-plus-1000mg-30-pk/033984010505,/products/solgar-ester-c-plus-1000mg-30-pk,barcode,
/p/sol-beauty-shower-cream-with-salted-caramel-500ml/5013692278133,/products/sol-beauty-shower-cream-with-salted-caramel-500ml,barcode,
/p/juvar-com-plex-blonde-toning-shampoo-250ml/0698596599185,/products/juvar-com-plex-blonde-toning-shampoo-250ml,barcode,
/p/fabu-focus-brain-60pk/3743184122799,/products/fabu-focus-brain-60pk,barcode,
/p/nivea-sun-babies-and-kids-sensitive-protect-spf-50-water-resistant-lotion-200ml/4005900600172,/products/nivea-sun-babies-kids-sensitive-protect-spf-50-water-resistant-lotion-200ml,barcode,
/p/lerelle-beauty-aimx-revive-me-eye-mask-with-hyaluronic-acid/4771632315263,/collections/face-masks,off-website,lerelle-beauty-aimx-revive-me-eye-mask-with-hyaluronic-acid
/p/sculpted-velvet-veil-invisible-loose-setting-powder/794712490866,/products/sculpted-velvet-veil-invisible-loose-setting-powder,title,
/p/medicare-size-f-1m-tubular-supp-bandage/5099390403138,/products/medicare-size-f-1m-tubular-supp-bandage,barcode,
/p/skingredients-15-vit-c-e--tri-mushroom-serum-30ml/0634240328466,/products/skingredients-15-vit-c-e-tri-mushroom-serum-30ml,barcode,
/p/mediform-conforming-5cmx4m/5099390404203,/products/mediform-conforming-5cmx4m,barcode,
/p/3-piece-ladies-set-billionaire/6294015191257,/products/3-piece-ladies-set-billionaire,barcode,
/p/4-x-15ml-gift-set-ufo-she-libertie-kloe/6294015191394,/products/4-x-15ml-gift-set-ufo-she-libertie-kloe,barcode,
/p/sculpted-cream-cushion-foundation-5w/5391548381719,/products/sculpted-cream-cushion-foundation-5w,barcode,
/p/skingredients-skin-protein-anti-ageing-retinoid-serum-45ml-refill/634240001666,/products/skingredients-skin-protein-anti-ageing-retinoid-serum-45ml-refill,barcode,
/p/halls-soothers-peach-and-raspberry/5034660508021,/products/halls-soothers-peach-raspberry,barcode,
/p/uriage-xemose-lipid-replenishing-anti-irritation-cream-200ml/3661434004834,/products/uriage-xemose-lipid-replenishing-anti-irritation-cream-200ml,barcode,
/p/jimmy-choo-rose-passion-60ml-2pc-gift-set/3386460142670,/products/jimmy-choo-rose-passion-60ml-2pc-gift-set,barcode,
/p/declar-hydro-energy-moisture-boost-cream-gel-50ml/9007867003800,/products/declar-hydro-energy-moisture-boost-cream-gel-50ml,barcode,
/p/gaviscon-extra-150ml-mint/5000158067882,/products/gaviscon-extra-150ml-mint,barcode,
/p/jenny-glow-carot-red-54---30ml-inspired-by-baccarat-rouge-540/6294015179873,/products/jenny-glow-carot-red-54-30ml-inspired-by-baccarat-rouge-540,barcode,
/p/ov-emulsifying-oint-500g/5390998000195,/collections/ovelle,off-website,ov-emulsifying-oint-500g
/p/jenny-glow-belle-inspired-by-lancome-la-vie-est-belle-30ml/6294015136876,/products/jenny-glow-belle-inspired-by-lancome-la-vie-est-belle-30ml,barcode,
/p/chanel-coco-mademoiselle-eau-de-parfum-50ml/3145891164206,/products/chanel-coco-mademoiselle-eau-de-parfum-50ml,barcode,
/p/lippy-tequila-sunrise-natural-lip-balm/5907573411477,/collections/lips,off-website,lippy-tequila-sunrise-natural-lip-balm
/p/jenny-glow-olympia-inspired-by-paco-robanne-olympea-15ml/6294015179514,/products/jenny-glow-olympia-inspired-by-paco-robanne-olympea-15ml,barcode,
/p/carmex-cherry-pot-75g-spf15/083078415303,/products/carmex-cherry-pot-7-5g-spf15,barcode,
/p/umbro-ice-2-piece-gift-set/5013692278362,/products/umbro-ice-2-piece-gift-set,barcode,
/p/hylo-night-eye-ointment-5g/4031626711687,/products/hylo-night-ointment,barcode,
/p/biabelle-tan-bundle-with-instant--dark/biabelle30,/products/biabelle-tan-bundle-with-instant-dark,title-fuzzy,closest: Biabelle Tan Bundle With Instant- Dark
/p/2-piece-mens-set-undefeated/6294015163766,/products/2-piece-mens-set-undeeated,barcode,
/p/wild-coconut-starter-pack-with-refill-mix-3/wild10mix,/products/wild-coconut-starter-pack-with-refill-mix-3,title,
/p/brylcream-gel-cream-2-for-6/8712561211307,/products/brylcream-gel-cream-2-for-6,barcode,
/p/panadol-extra-soluble-24pk/5011080137772,/products/panadol-extra-soluble-24pk,barcode,
/p/morepa-smart-fats-30-pk/5425018610105,/products/morepa-smart-fats-30-pk,barcode,
/p/luna-filter-finish-concealer--sand/lunasand,/products/luna-filter-finish-concealer-sand,title-fuzzy,closest: Luna Filter Finish Concealer -Sand
/p/glycerol-supp-bp-adult-4g-12pk/5014124389045,/products/glycerol-supp-bp-adult-4g-12pk,barcode,
/p/zarbees-multi-vitamin-liquid-120ml/3574661730561,/products/zarbees-multi-vitamin-liquid-120ml,barcode,
/p/uriage-bariederm-repairing-cica-cream-100ml/3661434004742,/products/uriage-bariederm-repairing-cica-cream-100ml,barcode,
/p/uriage-eau-thermale-light-water-cream-spf20-40ml/3661434005039,/products/uriage-eau-thermale-light-water-cream-spf20-40ml,barcode,
/p/wild-coconut-starter-pack-with-refill-mix-5/wild20mix,/products/wild-coconut-starter-pack-with-refill-mix-5,title,
/p/seoulista-beauty-charcoal-detox-instant-facial-mask-/5060524850005,/products/seoulista-beauty-charcoal-detox-instant-facial-mask,barcode,
/p/papilocare-vaginal-gel/8470001818164,/products/papilocare-vaginal-gel,barcode,
/p/uriage-ds-regulating-anti-dandruff-lotion-100ml/3661434002069,/products/uriage-d-s-regulating-anti-dandruff-lotion-100ml,barcode,
/p/treat-yo-self-zero-fizz-mega-800g-pouch/tys800zf,/products/treat-yo-self-zero-fizz-mega-800g-pouch,title,
/p/double-glazed-high-shine-gloss-salted-caramel-/793618107147,/products/double-glazed-high-shine-gloss-salted-caramel,barcode,
/p/pestle-and-mortar-balance-spritz-80ml/855717008005,/products/pestle-mortar-balance-spritz-80ml,barcode,
/p/buplex-ibuprofen-400mg-tabs-24pk-/5690528279184,/products/buplex-ibuprofen-400mg-tabs-24pk,barcode,
/p/medicare-weekly-pill-organiser/5099390412789,/products/medicare-weekly-pill-pack,barcode,
/p/fleaway-plus-large-dog/5099299224964,/products/fleaway-plus-large-dog,barcode,
/p/chroma-liquid-concealer-w1/5060907054556,/products/chroma-liquid-concealer-w1,barcode,
/p/medicare-size-d-1m-tubular-supp-bandage/5099390403114,/products/medicare-size-d-1m-tubular-supp-bandage,barcode,
/p/berocca-orange-30pk-eff/5391404000402,/products/berocca-orange-30pk-eff,barcode,
/p/sculpted-brighten-up-concealer-sand/794712143123,/products/sculpted-brighten-up-concealer-sand,barcode,
/p/colgate-tp-max-white-one-75ml/8714789625454,/products/colgate-tp-max-white-one-75ml,barcode,
/p/voduz-hold-tight-creaseless-clips-/5060806564224,/products/voduz-hold-tight-creaseless-clips,barcode,
/p/quest-synergisyic-selenium-tabs-30pk/50709717,/products/quest-synergisyic-selenium-tabs-30pk,barcode,
/p/chroma-liquid-concealer-n3/5060907054587,/products/chroma-liquid-concealer-n3,barcode,
/p/luna-by-lisa-repair-shampoo/5391532528328,/products/luna-by-lisa-repair-shampoo,barcode,
/p/benylin-non-drowsy-chesty-cough-syrup-125ml/5010123649852,/products/benylin-125ml-chesty-cough-n-d,barcode,
/p/avogel-milk-thistle-tablets-60pk/7610313404056,/products/avogel-milk-thistle-tablets-60pk,barcode,
/p/uriage-hyseac-oily-skin-bundle/uriagebundle1,/products/uriage-hyseac-oily-skin-bundle,title,
/p/harrys-post-shave-balm-with-aloe-vera-100ml-/855380004304,/collections/mens-grooming,off-website,harrys-post-shave-balm-with-aloe-vera-100ml
/p/garnier-ultimate-blends-kids-2in1-shampoo-and-detangler-/3612623262535,/products/garnier-ultimate-blends-kids-2in1-shampoo-detangler,barcode,
/p/floradix-tablets-84-pk/4004148350030,/products/floradix-tablets-84-pk,barcode,
/p/full-marks-solution-200ml/5038483224441,/products/full-marks-solution-200ml,barcode,
/p/fabu-shrooms-gut-60pk/3743184122782,/products/fabu-shrooms-gut-60pk,barcode,
/p/symprove-on-the-go-original-7-x-70ml/5060221910378,/products/symprove-on-the-go-original-7-x-70ml,barcode,
/p/dove-lotion-200ml-summer-revive-fair_medium/8720181260490,/collections/dove,off-website,dove-lotion-200ml-summer-revive-fair-medium
/p/solaresse-the-red-one-body-mist/5060991070968,/products/solaresse-the-red-one-body-mist,barcode,
/p/nivea-sun-babies-and-kids-sensitive-protect-spf-50-water-resistant-spray-200ml/4005900600202,/products/nivea-sun-babies-kids-sensitive-protect-spf-50-water-resistant-spray-200ml,barcode,
/p/loral-paris-elvive-bond-repair-conditioner-150ml/3600524074807,/products/l-or-al-paris-elvive-bond-repair-conditioner-150ml,barcode,
/p/sculpted-cream-cushion-foundation-3c/5391548381597,/products/sculpted-cream-cushion-foundation-3c,barcode,
/p/loreal-paris-casting-creme-gloss-semi-permanent-hair-dye-darkest-brown-300/3600520987699,/products/l-oreal-paris-casting-creme-gloss-semi-permanent-hair-dye-darkest-brown-300,barcode,
/p/2-piece-ladies-set-coding/6294015186420,/products/2-piece-ladies-set-coding,barcode,
/p/vaseline-hand-and-nail-cream-200ml/8712561485548,/products/vaseline-hand-nail-cream-200ml,barcode,
/p/night-nurse-caps-10pk-gsk/5000347071232,/products/night-nurse-caps-10pk-gsk,barcode,
/p/the-handmade-soap-company-because-youre-amazing-giftset/5391520237928,/products/the-handmade-soap-company-because-you-re-amazing-giftset,barcode,
/p/abidec-multivitamin-syrup--omega-3-150ml/5012616264320,/products/abidec-multivitamin-syrup-omega-3-150ml,barcode,
/p/otrivine-adult-nasal-spray-10ml/5012131645802,/products/otrivine-adult-nasal-spray-10ml,barcode,
/p/lynx-body-spray-150ml-africa/8717644012208,/products/lynx-body-spray-150ml-africa,barcode,
/p/revlon-uniq-one-hair-treatment-150ml/8432225129785,/products/revlon-uniq-one-hair-treatment-150ml,barcode,
/p/buttercup-broncho-stop-cough-syrup-120ml/5012616262654,/products/buttercup-broncho-stop-cough-syrup-120ml,barcode,
/p/halls-soothers-honey-and-lemon-45g/7622210412539,/products/halls-soothers-honey-lemon-45g,barcode,
/p/ov-aqueous-cream-500g/5098928121575,/products/ov-aqueous-cream-500g,barcode,
/p/luna-by-lisa-airbrush-3in1-primer---beige/5391532521893,/products/luna-by-lisa-airbrush-3in1-primer-beige,barcode,
/p/uriage-bariederm-cica-cream-spf50-40ml/3661434006548,/products/uriage-bariederm-cica-cream-spf50-40ml,barcode,
/p/lacoste-touch-of-pink-ladies-90ml-edt-spr/0737052191324,/products/lacoste-touch-of-pink-ladies-90ml-edt-spr,barcode,
/p/tropex-5-ear-drops-10ml/5390387006012,/products/tropex-5-ear-drops-10ml,barcode,
/p/sylliflor-psyllium-husks-plain-250g/5711315110104,/products/sylliflor-psyllium-husks-plain-250g,barcode,
/p/chroma-cover-matte-foundation---w5/5060907055904,/products/chroma-cover-matte-foundation-w5,barcode,
/p/voduz-cleanse-it-repair-shampoo/5060907059186,/products/voduz-cleanse-it-repair-shampoo,barcode,
/p/skingredients-sally-clenase-2-salicylic-acid-oil-control-cleanser-primary-100ml/634240001697,/products/skingredients-sally-clenase-2-salicylic-acid-oil-control-cleanser-primary-100ml,barcode,
/p/sona-folic-acid-400ug-90-pk/5390612004905,/products/sona-folic-acid-400ug-90-pk,barcode,
/p/nivea-feel-heavenly-set/5025970014494,/products/nivea-feel-heavenly-set,barcode,
/p/sculpted-bronze-base-30ml-pump-medium_-dark/0793591321813,/products/sculpted-bronze-base-30ml-pump-medium-dark,barcode,
/p/sensi-kin-toothpaste-75ml-daily-hypersensitivity/8470002191709,/products/sensi-kin-toothpaste-75ml-daily-hypersensitivity,barcode,
/p/chroma-cover-matte-foundation---w8/5060907055959,/products/chroma-cover-matte-foundation-w8,barcode,
/p/wild-pink-case-and-jasmine-and-mandarin-blossom-deodorant-starter-pack/wild2,/products/wild-pink-case-and-jasmine-mandarin-blossom-deodorant-starter-pack,title,
/p/nivea-sun-protect-and-mositure-spf-20-water-resistant-spray-200ml-/5025970022925,/products/nivea-sun-protect-mositure-spf-20-water-resistant-spray-200ml,barcode,
/p/mccormacks-pharmacy-e-gift-card-75/giftcard75,/products/mccormacks-pharmacy-e-gift-card-75,title,
/p/johnsons-soft-and-energise-body-wash-400ml/3574661384580,/products/johnson-s-soft-energise-body-wash-400ml,barcode,
/p/the-handmade-soap-company-lemongrass-and-cedarwood-shower-gel-250ml/5391520236105,/products/the-handmade-soap-company-lemongrass-cedarwood-shower-gel-250ml,barcode,
/p/the-belle-bobbin---skinny-style-3pk/5391532760353,/products/the-belle-bobbin-skinny-style-3pk,barcode,
/p/mx-health-uti-rapid-home-test-3pk-/5057881863168,/collections/self-testing-kits,off-website,mx-health-uti-rapid-home-test-3pk
/p/jenny-glow-peony-inspired-by-jo-malone-peony-and-blush-30ml/6294015110333,/products/jenny-glow-peony-inspired-by-jo-malone-peony-blush-30ml,barcode,
/p/glycerine-and-rosewater-ultrapure-125ml/5391510474210,/products/glycerine-rosewater-ultrapure-125ml,barcode,
/p/uriage-bebe-1st-cleansing-water-1litre/3661434008726,/products/uriage-bebe-1st-cleansing-water-1litre,barcode,
/p/sculpted-by-aimee-line-and-shine-duo-rose/0796548511091,/products/sculpted-by-aimee-line-shine-duo-rose,barcode,
/p/batiste-200ml-lgt-and-blonde-dry-shampoo/5010724527467,/products/batiste-200ml-lgt-blonde-dry-shampoo,barcode,
/p/solgar-vitamin-b6-vegetable-capsules-100mg/033984031104,/products/solgar-vitamin-b6-vegetable-capsules-100mg,barcode,
/p/cystopurin-cranb-3g-sachets-6pk/5010605190094,/products/cystopurin-cranb-3g-sachets-6pk,barcode,
/p/king-hair-and-beauty-the-jewel-brush-black/735850853499,/products/king-hair-beauty-the-jewel-brush-black,barcode,
/p/neutrogena-t_gel-dry-hair-shampoo-125ml/3574660007015,/products/neutrogena-t-gel-dry-hair-shampoo-125ml,barcode,
/p/ilvico-tabs-20pk/5013837204072,/products/ilvico-tabs-20pk,barcode,
/p/mm-giraffe-training-toothbrush/5060679072680,/products/mm-giraffe-training-toothbrush,barcode,
/p/gaviscon-peppermint-liquid-600ml/5000158065956,/products/gaviscon-peppermint-liquid-600ml,barcode,
/p/pharmanord-q10-gold-60pk/5709976170209,/products/pharmanord-q10-gold-60pk,barcode,
/p/cronzer-cream-brozer-sand-/5060907058806,/products/cronzer-cream-brozer-sand,barcode,
/p/pestle-and-mortar-face-rescue-kit/855717008388,/products/pestle-mortar-face-rescue-kit,barcode,
/p/spotlight-ultra-whitening-professional-toothpaste/5391531563344,/products/spotlight-ultra-whitening-professional-toothpaste,barcode,
/p/voduz-all-rounder-thermal-brush-v4/793618107970,/products/voduz-all-rounder-thermal-brush-v4,barcode,
/p/quies-foam-ear-plugs-3pk/3435171190071,/products/quies-foam-ear-plugs-3pk,barcode,
/p/declar-age-control-multi-lift-serum-50ml/9007867007501,/products/declar-age-control-multi-lift-serum-50ml,barcode,
/p/dove-advanced-care-reviving-pomegranate-and-hibiscus-body-wash-225ml/8720181460111,/products/dove-advanced-care-reviving-pomegranate-hibiscus-body-wash-225ml,barcode,
/p/bperfect-mrs-glam-sunset-glow-showstopper-cream-highlight/5061045651027,/products/bperfect-mrs-glam-sunset-glow-showstopper-cream-highlight,barcode,
/p/compeed-coldsore-patch-15pk/3574660277364,/products/compeed-cs-patch-15pk,barcode,
/p/sculpted-beauty-base-oil-control/0754590360296,/products/sculpted-beauty-base-oil-control,barcode,
/p/eucerin-bath-and-shower-oil-/4005808858729,/products/eucerin-bath-shower-oil,barcode,
/p/aveeno-200ml-daily-moisturising-after-shower-mist/3574661288826,/products/aveeno-200ml-daily-moisturising-after-shower-mist,barcode,
/p/biomiracle-staysafe-hand-cleansing-towlettes-20pk/810004102118,/products/biomiracle-staysafe-hand-cleansing-towlettes-20pk,barcode,
/p/uriage-bariederm-stick-fissures-crack-22g/3661434005442,/products/uriage-bariederm-stick-fissures-crack-22g,barcode,
/p/bperfect-perfection-primer/793618273286,/products/bperfect-perfection-primer,barcode,
/p/orthokin-toothpaste-strawberry-mint-flavour-75ml/8470001508249,/products/orthokin-toothpaste-strawberry-mint-flavour-75ml,barcode,
/p/celti-can-jar-lime/5038871042985,/products/celti-can-jar-lime,barcode,
/p/svr-sensifine-ar-creme-riche-40ml/3662361000081,/products/svr-sensifine-ar-creme-riche-40ml,barcode,
/p/boss-bottled-grey-50ml-edt-spr/0737052351018,/products/boss-bottled-grey-50ml-edt-spr,barcode,
/p/active-immune-immunity-boost-caps-30pk/793618323974,/products/active-immune-immunity-boost-caps-30pk,barcode,
/p/carnation-chiropody-felt/5012654131028,/products/carnation-chiropody-felt,barcode,
/p/declar-hydro-balance-oceans-best-eye-cream-15ml/9007867116050,/products/declar-hydro-balance-oceans-best-eye-cream-15ml,barcode,
/p/proceive-pregnancy-first-trimester---60-capsules/5391536010058,/products/proceive-pregnancy-first-trimester-60-capsules,title-fuzzy,closest: Proceive Pregnancy First Trimester - 60 Capsules
/p/voduz-root-reviver-dark-blonde-75ml/voduzrootdarkblonde,/products/voduz-root-reviver-dark-blonde-75ml,title,
/p/jenny-glow-billionaire-inspired-by-paco-rabanne-lady-million-30ml/6294015136890,/products/jenny-glow-billionaire-inspired-by-paco-rabanne-lady-million-30ml,barcode,
/p/nicorette-classic-4mg-210pk/3574661146782,/products/nicorette-classic-4mg-210pk,barcode,
/p/macushield-gold-30pk/5036631001524,/products/macushield-gold-30pk,barcode,
/p/oraldene-liquid-200ml/5010123728250,/products/oraldene-liquid-200ml,barcode,
/p/dr-squatch-wood-barrel-bourbon-soap-bar-141g/810095590139,/collections/mens-grooming,off-website,dr-squatch-wood-barrel-bourbon-soap-bar-141g
/p/sculpted-by-aimee-sculpted-hydratint-60/0796548127117,/products/sculpted-by-aimee-sculpted-hydratint-6-0,barcode,
/p/hylo-forte-lubricating-eye-drops-75ml/4031626710901,/products/hylo-forte-lubricating-eye-drops-7-5ml,barcode,
/p/loreal-paris-casting-creme-gloss-semi-permanent-hair-dye-dark-brown-400/3600520987712,/products/l-oreal-paris-casting-creme-gloss-semi-permanent-hair-dye-dark-brown-400,barcode,
/p/pestle-and-mortar-hydrate-moisturiser-50ml/855238006009,/products/pestle-mortar-hydrate-moisturiser-50ml,barcode,
/p/trilogy-rosapene-night-cream-60ml/9421017762056,/products/trilogy-rosapene-night-cream-60ml,barcode,
/p/arret-2mg-hard-capsules-6pk/5099467000383,/products/arret-2mg-hard-capsules-6pk,barcode,
/p/wild-jasmine-starter-pack-with-refill-mix-3/wild7mix,/products/wild-jasmine-starter-pack-with-refill-mix-3,title,
/p/abercrombie-and-fitch-authentic-homme-50ml-edt-spr/085715166029,/products/abercrombie-fitch-authentic-homme-50ml-edt-spr,barcode,
/p/revive-active-calm-capsules-60pk/5391546180239,/products/revive-active-calm-capsules-60pk,barcode,
/p/compeed-toe-blister-pack/3574660127720,/products/compeed-toe-blister-pack,barcode,
/p/caldesene-medicated-powder-100g/50995627273520,/products/caldesene-medicated-powder-100g,title,
/p/elave-oil-free-moisturiser-50ml/5098928124613,/products/elave-oil-free-moisturiser-50ml,barcode,
/p/seven-seas-cod-live-oil-one-a-day-60pk/045879002304,/products/seven-seas-cod-live-oil-one-a-day-60pk,barcode,
/p/sculpted-complete-cover-up-30-llight/794712143307,/products/sculpted-complete-cover-up-3-0-llight,barcode,
/p/nexium-control-tabs-7pk/5391523250146,/products/nexium-control-tabs-7pk,barcode,
/p/kidsner-anti-allergic-spray-/8719325830903,/products/kidsner-anti-allergic-spray,barcode,
/p/mam-original-night-6-months-dark-blue_light-blue/90016162038620,/products/mam-original-night-6-months-dark-blue-light-blue,title-fuzzy,closest: Mam Original Night 6+ Months (Dark Blue/Light Blue)
/p/the-handmade-soap-company-sink-essentials-4-x-hand-wash-set/5391520237324,/products/the-handmade-soap-company-sink-essentials-4-x-hand-wash-set,barcode,
/p/lacabine-anti-aging--amp-2ml/8435534405748,/products/lacabine-anti-aging-amp-2ml,barcode,
/p/deep-heat-patch-for-back-pain-2pk/5011501006731,/products/deep-heat-patch-for-back-pain-2pk,barcode,
/p/nurofen-child-suppositories-60mg-10pk/5000158067707,/products/nurofen-child-suppositories-60mg-10pk,barcode,
/p/diclac-1-relief-gel-50g/5390387020629,/products/diclac-1-relief-gel-50g,barcode,
/p/lippy-aperol-spritz-pearly-shine-natural-lip-balm/5907573411668,/collections/lips,off-website,lippy-aperol-spritz-pearly-shine-natural-lip-balm
/p/nicorette-invisi-patch-15mg-7pk/3574661146454,/products/nicorette-invisi-patch-15mg-7pk,barcode,
/p/loreal-paris-casting-creme-gloss-semi-permanent-hair-dye-medium-brown-500/3600520987743,/products/l-oreal-paris-casting-creme-gloss-semi-permanent-hair-dye-medium-brown-500,barcode,
/p/canesten-1-cream-20g/5010605950032,/products/canesten-1-cream-20g,barcode,
/p/medicare-eye-patch-black-1pk/079573100134,/products/medicare-eye-patch-black-1pk,barcode,
/p/benylin-4-flu-tabs-24pk/5010123702984,/products/benylin-4-flu-tabs-24pk,barcode,
/p/calpol-6-sf-60ml-s_berry-susp/3574661150024,/products/calpol-6-sf-60ml-s-berry-susp,barcode,
/p/astral-cream-200ml/5011784080701,/products/astral-cream-200ml,barcode,
/p/calpol-6-sugar-free-140ml-strawberry-susp/3574661150048,/products/calpol-6-sf-140ml-s-berry-susp,barcode,
/p/piz-buin-allergy-sun-sensitive-skin-lotion-spf-50-200ml/3574661467153,/products/piz-buin-allergy-sun-sensitive-skin-lotion-spf-50-200ml,barcode,
/p/mam-night-soother-12mths-silicone-/9001616709654,/products/mam-night-soother-12mths-silicone,barcode,
/p/sculpted-satin-silk-longwear-foundation---medium/satinsilkmedium,/products/sculpted-satin-silk-longwear-foundation-medium,title-fuzzy,closest: Sculpted Satin Silk Longwear Foundation - Medium
/p/canesten-pessary-500mg-1pk/5010605950186,/products/canesten-pessary-500mg-1pk,barcode,
/p/lacabine-collagen-boost-amp-2ml/8435534405830,/products/lacabine-collagen-boost-amp-2ml,barcode,
/p/vaseline-spray-and-go-190ml-cocoa/8712561676106,/products/vaseline-spray-go-190ml-cocoa,barcode,
/p/seoulista-beauty-wonderberry-skin-defence-instant-facial-/5060524850357,/products/seoulista-beauty-wonderberry-skin-defence-instant-facial,barcode,
/p/voduz-so-hooked-shower-comb-/5060907052460,/products/voduz-so-hooked-shower-comb,barcode,
/p/revive-active-zest-active-ages-20-35-30pk/793618039950,/products/revive-active-zest-active-ages-20-35-30pk,barcode,
/p/rocket-fuel-11g/5034033000442,/products/rocket-fuel-11g,barcode,
/p/svr-sensifine-ar-anti-redness-creme-40ml/3401360167872,/products/svr-sensifine-ar-anti-redness-creme-40ml,barcode,
/p/2-piece-mens-set-billionaire/6294015163711,/products/2-piece-mens-set-billionaire,barcode,
/p/sculpted-hydralip--peach-/0754590489379,/products/sculpted-hydralip-peach,barcode,
/p/garnier-ultimate-blends-nourishing-hair-food-banana-and-coconut-conditioner-/3600542342896,/products/garnier-ultimate-blends-nourishing-hair-food-banana-coconut-conditioner,barcode,
/p/maternity-pads/5605622212616,/products/maternity-pads,barcode,
/p/voduz-in-vented-3d-flat-brush-/0793591683911,/products/voduz-in-vented-3d-flat-brush,barcode,
/p/formoline-l112-extra-weight-management-64-tablets/4260103335409,/products/formoline-l112-extra-weight-management-64-tablets,barcode,
/p/nuage-hayfever-relief-wipes-30pk-/26789030980,/products/nuage-hayfever-relief-wipes-30pk,title-fuzzy,closest: Nuage Hayfever Relief Wipes 30Pk
/p/dripping-gold-define-and-sculpt-face-and-body-brush/5391541763000,/products/dripping-gold-define-and-sculpt-face-and-body-brush,barcode,
/p/ck-obsession-ladies-100ml-edp-spr/088300603404,/products/ck-obsession-ladies-100ml-edp-spr,barcode,
/p/phyto-phytocyane-anti-hair-loss-treatment-for-men-/3701436910303,/products/phyto-phytocyane-anti-hair-loss-treatment-for-men,barcode,
/p/2-piece-mens-set-ferocious/6294015163735,/products/2-piece-mens-set-ferocious,barcode,
/p/uriahe-hyseac-purifying-oil/3661434008276,/products/uriahe-hyseac-purifying-oil,barcode,
/p/vitabiotics-wellkid-peppa-pig-omega-3-dha-vegan--3-7-years/5021265250257,/products/vitabiotics-wellkid-peppa-pig-omega-3-dha-vegan-3-7-years,barcode,
/p/diclac-1-relief-gel-30g/5390387020612,/products/diclac-1-relief-gel-30g,barcode,
/p/ov-calamine-cream-100ml/5098928121667,/products/ov-calamine-cream-100ml,barcode,
/p/medicare-transparent-plasters-30pk-assorted/5099390405781,/products/medicare-transparent-plasters-30pk-assorted,barcode,
/p/sculpted-hydralip---rose-/0754590489430,/products/sculpted-hydralip-rose,barcode,
/p/treat-yo-self-zero-fizz-100g-grab-n-go-pouch/tys100gfzf,/products/treat-yo-self-zero-fizz-100g-grab-n-go-pouch,title,
/p/mm-teddy-tiger-teething-soother-and-comforter/5060679073489,/products/mm-teddy-tiger-teething-soother-comforter,barcode,
/p/salatac-gel-8g/5016379321009,/products/salatac-gel-8g,barcode,
/p/spatone-iron-plus-14-sachets/5000488105285,/products/spatone-iron-plus-14-sachets,barcode,
/p/cocoa-brown-1-hour-extra-dark-tan-mousse-150ml/5391018047190,/products/cocoa-brown-1hr-ultra-dark-tan-150ml,barcode,
/p/mam-original-6-months-blue_white/90016162020180,/products/mam-original-night-6-months,title-fuzzy,closest: Mam Original Night 6+Months
/p/celtic-can-mini-box-gs-lime_basil/5038871040196,/products/celtic-can-mini-box-gs-lime-basil,barcode,
/p/lacoste-red-mens-125ml-edt-spr/737052074740,/products/lacoste-red-mens-125ml-edt-spr,barcode,
/p/medicare-instant-ice-pack/5099390403176,/products/medicare-instant-ice-pack,barcode,
/p/jenny-glow-san-tel-tri-tri--30ml-inspired-by-santal-33/6294015179880,/products/jenny-glow-san-tel-tri-tri-30ml-inspired-by-santal-33,barcode,
/p/luna-filter-finish-concealer--porcelain/lunaporcelain,/products/luna-filter-finish-concealer-porcelain,title-fuzzy,closest: Luna Filter Finish Concealer -Porcelain
/p/bperfect-eye-duo-collection-gift-set/5061045654592,/products/bperfect-eye-duo-collection-gift-set,barcode,
/p/bperfect-mini-empress-base-and-body-brush/5060938584664,/products/bperfect-mini-empress-base-body-brush,barcode,
/p/spatone-iron-plus-sachets-28pk/5000488105292,/products/spatone-iron-plus-sachets-28pk,barcode,
/p/juvar-com-plex-bond-oil-75ml-/0698596599215,/products/juvar-com-plex-bond-oil-75ml,barcode,
/p/scuplted-easybrow-deep-brown/5391545120588,/products/scuplted-easybrow-deep-brown,barcode,
/p/gillette-fusion-power-4pk-blades/7702018852475,/products/gillette-fusion-power-4pk-blades,barcode,
/p/declar-hydro-balance-oceans-best-cream-50ml-/9007867006153,/products/declar-hydro-balance-oceans-best-cream-50ml,barcode,
/p/jenny-glow-peony-inspired-by-jo-malone-peony-and-blush-15ml/6294015179552,/products/jenny-glow-peony-inspired-by-jo-malone-peony-blush-15ml,barcode,
/p/murine-refresh-and-clean-eye-drops/5060018880365,/products/murine-ref-resh-clean-eye-drop,barcode,
/p/nivea-aftersun-lotion-400ml/4005808483204,/products/nivea-aftersun-lotion-400ml,barcode,
/p/biabelle-hydrating-self-tan---dark/5391534620921,/products/biabelle-hydrating-self-tan-dark,barcode,
/p/mam-starter-cup-night-4months-pink/90016168079477,/products/mam-starter-cup-night-4-months-pink,title-fuzzy,closest: Mam Starter Cup Night 4+Months Pink
/p/loreal-paris-elvive-dream-lengths-shampoo-for-long-damaged-hair-400ml/3600523586370,/products/l-oreal-paris-elvive-dream-lengths-shampoo-for-long-damaged-hair-400ml,barcode,
/p/tampax-bb-regular-20pk/4015400363033,/products/tampax-bb-regular-20pk,barcode,
/p/voduz-all-rounder-thermal-brush-v3/793618107987,/products/voduz-all-rounder-thermal-brush-v3,barcode,
/p/pestle-and-mortar-renew-gel-cleanser-100ml/855238006344,/products/pestle-mortar-renew-gel-cleanser-100ml,barcode,
/p/water-wipes-baby-wipes/5099514400142,/products/water-wipes-baby-wipes,barcode,
/p/chroma-liquid-concealer-w2/5060907054594,/products/chroma-liquid-concealer-w2,barcode,
/p/solgar-garlic-oil--100-softgels/033984012202,/products/solgar-garlic-oil-100-softgels,barcode,
/p/the-belle-backcomb/5391532760056,/products/the-belle-backcomb,barcode,
/p/uriage-roseliane-anti-redness-rich-cream-50ml/3661434003400,/products/uriage-roseliane-anti-redness-rich-cream-50ml,barcode,
/p/bio-kult-candea-60pk/5027314502599,/products/bio-kult-candea-60pk,barcode,
/p/uriage-eau-thermale-water-spray-300ml/3661434000522,/products/uriage-eau-thermale-water-spray-300ml,barcode,
/p/beauty-of-joseon-rice-and-prebiotic-sunscreen-spf50-50ml/8809782555508,/products/beauty-of-joseon-rice-prebiotic-sunscreen-spf50-50ml,barcode,
/p/medi-spray-plaster-325ml-can509/5099390403954,/products/medi-spray-plaster-32-5ml-can509,barcode,
/p/full-impact-complere-coverage-concealer-shade-l4/5060907054761,/products/full-impact-complere-coverage-concealer-shade-l4,barcode,
/p/mrs-glam---glorious-skin-powder-foundation-golden-deep/5060806561803,/products/mrs-glam-glorious-skin-powder-foundation-golden-deep,barcode,
/p/burberry-for-women-original-50ml-edp-spr-/3614226905697,/products/burberry-for-women-original-50ml-edp-spr,barcode,
/p/alka-seltzer-20pk-lemon/5010605920295,/products/alka-seltzer-20pk-lemon,barcode,
/p/the-handmade-soap-company-travel-suitcase-gift-set/5391520238727,/products/the-handmade-soap-company-travel-suitcase-gift-set,barcode,
/p/beauty-of-joseon-red-bean-refreshing-pore-mask-140ml/8809738316986,/products/beauty-of-joseon-red-bean-refreshing-pore-mask-140ml,barcode,
/p/jenny-glow-floral-explosion-inspired-by-victor-and-ralph-flower-bomb-15ml/6294015179453,/products/jenny-glow-floral-explosion-inspired-by-victor-ralph-flower-bomb-15ml,barcode,
/p/uriage-xemose-face-cream-40ml/3661434004865,/products/uriage-xemose-face-cream-40ml,barcode,
/p/elave-facial-intense-moisture-surge-50ml/5098928123753,/products/elave-facial-intense-moisture-surge-50ml,barcode,
/p/laneige-lip-sleeping-mask-berry-20g/8809685797173,/products/laneige-lip-sleeping-mask-berry-20g,barcode,
/p/chanel-chance-eau-tendre-eau-de-toilette-50ml/3145891263107,/products/chanel-chance-eau-tendre-eau-de-toilette-50ml,barcode,
/p/dulcolax-tabs-60pk/5000283659389,/products/dulcolax-tabs-60pk,barcode,
/p/luna-filter-finish-concealer--beige/lunabeige,/products/luna-filter-finish-concealer-beige,title-fuzzy,closest: Luna Filter Finish Concealer -Beige
/p/pestle-and-mortar-hydration-bundle-/75748438398,/products/pestle-mortar-hydration-bundle,title-fuzzy,closest: Pestle & Mortar Hydration Bundle
/p/the-handmade-soap-company-lemongrass-and-cedarwood-body-lotion-250ml/5391520236112,/products/the-handmade-soap-company-lemongrass-cedarwood-body-lotion-250ml,barcode,
/p/kit-and-kaboodle-hair-elastics-black-thick-24pk/5391531140378,/products/kit-kaboodle-hair-elastics-black-thick-24pk,barcode,
/p/ultrapure-surgical-spirits-200ml/5391510474074,/products/ultrapure-surgical-spirits-200ml,barcode,
/p/bperfect-annalivia-cronzer-cream-bronzer/5061045651362,/products/bperfect-annalivia-cronzer-cream-bronzer,barcode,
/p/voduz-spectrum-4in1-curling-tong/793591864525,/products/voduz-spectrum-4in1-curling-tong,barcode,
/p/sculpted-bronze-base-30ml-pump-light_-medium/0793591321806,/products/sculpted-bronze-base-30ml-pump-light-medium,barcode,
/p/double-glazed-high-shine-gloss-pink-frosting-/793618107109,/products/double-glazed-high-shine-gloss-pink-frosting,barcode,
/p/sculpted-satin-silk-longwear-foundation---fair-plus/satinsilkfairplus,/products/sculpted-satin-silk-longwear-foundation-fair-plus,title-fuzzy,closest: Sculpted Satin Silk Longwear Foundation - Fair Plus
/p/canesten-1-cream-50g/5010605950063,/products/canesten-1-cream-50g,barcode,
/p/calvin-klein-eternity-for-men-50ml-edt-spr/031655644295,/products/ck-men-50ml-edt-spr,barcode,
/p/quest-kyolic-garlic-1000-60tabs/5022339262015,/products/quest-kyolic-garlic-1000-60tabs,barcode,
/p/tena-lady-discreet-med-pant-6pk/7322540679137,/products/tena-lady-discreet-med-pant-6pk,barcode,
/p/sona-multiplus-junior-chewable-tabs-30-pk/5390612004103,/collections/children-vitamins,off-website,sona-multiplus-junior-chewable-tabs-30-pk
/p/novomins-kids-night-time-gummies-30pk/5060724960450,/collections/children-vitamins,off-website,novomins-kids-night-time-gummies-30pk
/p/dr-squatch-rainforest-rapids-soap-bar-141g-/810095594434,/collections/mens-grooming,off-website,dr-squatch-rainforest-rapids-soap-bar-141g
/p/wild-cotton-starter-pack-with-refill-mix-5-/wild23mix,/products/wild-cotton-starter-pack-with-refill-mix-6,title-fuzzy,closest: Wild Cotton Starter Pack With Refill Mix 6
/p/solgar-magnesium-l-threonate-60-capsules/033984015777,/collections/solgar,off-website,solgar-magnesium-l-threonate-60-capsules
/p/mam-clip-double-set-0months-/90016162052311,/products/mam-clip-double-set-0-months,title-fuzzy,closest: Mam Clip Double Set 0+Months
/p/lanes-olbas-inhaler-nasal-stick-1pk/5000477324994,/products/lanes-olbas-inhaler-nasal-stick-1pk,barcode,
/p/tampax-bb-super-20pk/4015400363002,/products/tampax-bb-super-20pk,barcode,
/p/voduz-blow-out-infrared-hair-dryer-black/0793591505480,/products/voduz-blow-out-infrared-hair-dryer-black,barcode,
/p/pure-by-coppercraft-magnetic-bracelet-cmb31/5035221020211,/products/pure-by-coppercraft-magnetic-bracelet-cmb31,barcode,
/p/paco-rabanne-4pc-miniature-gift-set/3349668630813,/products/paco-rabanne-4pc-miniature-gift-set,barcode,
/p/elvive-fibrology-conditioner-xxl-700ml/3600523650248,/products/elvive-fibrology-conditioner-xxl-700ml,barcode,
/p/sudafed-15ml-nasal-spray/5010123711986,/products/sudafed-15ml-nasal-spray,barcode,
/p/declar-oceans-best-hyaluron-triple-booster-50ml-/9007867007655,/products/declar-oceans-best-hyaluron-triple-booster-50ml,barcode,
/p/sculpted-the-trending-trio-bundle-/sculptedtrio1,/collections/bundles,parent-category,
/p/scholl-fresh-step-deodrant-foot-spray-150ml/5052197017724,/products/scholl-fresh-step-deodrant-foot-spray-150ml,barcode,
/p/centrum-men-50/5054563126696,/collections/mens-health,off-website,centrum-men-50
/p/rennie-deflatine-18pk-chew-tabs/5010605296017,/products/rennie-deflatine-18pk-chew-tabs,barcode,
/p/sensi-kin-gel-15ml-hypersensitivity/8436026215555,/collections/kin,off-website,sensi-kin-gel-15ml-hypersensitivity
/p/joop-jump-mens-30ml-edt-spr/3414202486413,/products/joop-jump-mens-30ml-edt-spr,barcode,
/p/nicorette-freshmint-4mg-30pk/3574661145495,/products/nicorette-freshmint-4mg-30pk,barcode,
/p/kin-aloe-vera-mouthwash-500ml/8470001574114,/products/kin-aloe-vera-mouthwash-500ml,barcode,
/p/bperfect-annalivia-dream-duo--bronze-and-blush-face-palette/5061045651447,/products/bperfect-annalivia-dream-duo-bronze-blush-face-palette,barcode,
/p/lerelle-beauty-aimx-renew-me-sheet-mask-with-peptides-and-collagen/4771632315225,/collections/face-masks,off-website,lerelle-beauty-aimx-renew-me-sheet-mask-with-peptides-and-collagen
/p/dextro-energy-lemon--vit-c-47g/50184248,/products/dextro-energy-lemon-vit-c-47g,barcode,
/p/wartner-wart-and-verruca-cryo-freeze-pen/5410765003058,/products/wartner-wart-verruca-cryo-freeze-pen,barcode,
/p/luna-by-lisa-volume-conditioner-/5391532528373,/products/luna-by-lisa-volume-conditioner,barcode,
/p/wild-jasmine-starter-pack-with-refill-mix-4/wild15mix,/products/wild-jasmine-starter-pack-with-refill-mix-4,title,
/p/compeed-blister-small-6pk/5708932006903,/products/compeed-blister-small-6pk,barcode,
/p/uriage-eau-thermal-micellaire-water--sensitive-250ml/3661434009327,/products/uriage-eau-thermal-micellaire-water-sensitive-250ml,barcode,
/p/tampax-compak-pearl-super-plus-16pk/4015400690498,/products/tampax-compak-pearl-super-plus-18,barcode,
/p/3-piece-ladies-set-libertie/6294015191298,/products/3-piece-ladies-set-libertie,title,
/p/c-and-h-mixed-fruit-drops/4013197767010,/products/c-and-h-mixed-fruit-drops,barcode,
/p/voduz-care-for-it-re-energising-scalp-spray-100ml-/voduzscalpspray1,/products/voduz-care-for-it-re-energising-scalp-spray-100ml,title-fuzzy,closest: Voduz Care For It Re-Energising Scalp Spray 100Ml
/p/bleu-de-chanel-edp-50ml/3145891073508,/products/bleu-de-chanel-edp-50ml,barcode,
/p/johnsons-baby-cotton-balls-75s/3574669907439,/products/johnsons-baby-cotton-balls-75-s,barcode,
/p/aveeno-500ml-daily-moisturising-bodywash/3574661250984,/products/aveeno-500ml-daily-moisturising-bodywash,barcode,
/p/waterwipes-12pk-and-biomiracle-hand-wipes-20pk-x-12-bundle/wipesbundle1,/products/waterwipes-12pk-and-biomiracle-hand-wipes-20pk-x-12-bundle,title,
/p/one-nutrition-s3-max-30ml-spray/5391500076967,/products/one-mutrition-s3-max-30ml-spray,barcode,
/p/exputex-syrup-300ml/5391513950513,/products/exputex-syrup-300ml,barcode,
/p/gillette-mach-3-razor-1pk/3014260251147,/products/gillette-mach-3-razor-1pk,barcode,
/p/revive-active-sleep-capsules-60pk/5391546180215,/products/revive-active-sleep-capsules-60pk,barcode,
/p/aveeno-75ml-relief-hand-cream/3574661286167,/products/aveeno-75ml-relief-hand-cream,barcode,
/p/uriage-ds-hair-soft-balancing-shampoo-200ml/3661434007408,/products/uriage-ds-hair-soft-balancing-shampoo-200ml,barcode,
/p/king-hair-and-beauty-the-jewel-brush-pink/745125757872,/products/king-hair-beauty-the-jewel-brush-pink,barcode,
/p/chummi-lip-mask-coconut-20g/855717008623,/products/chummi-lip-mask-coconut-20g,barcode,
/p/fabu-shrooms-meno-and-peri-60pk/3743184122768,/products/fabu-shrooms-meno-peri-60pk,barcode,
/p/benylin-day-and-night-tabs-16pk/3574660439120,/products/benylin-day-night-tabs-16pk,barcode,
/p/panadol-baby-and-infant-susp-paracetamol-100ml/5011080162460,/products/panadol-baby-infant-susp-paracetamol-100ml,barcode,
/p/pharmony-gripe-water-150ml/5099172011308,/products/pharmony-gripe-water-150ml,barcode,
/p/loreal-paris-casting-creme-gloss-semi-permanent-hair-dye-light-brown-600/3600520987804,/products/l-oreal-paris-casting-creme-gloss-semi-permanent-hair-dye-light-brown-600,barcode,
/p/bperfect-x-laura-b-the-one-lashes/laurab2,/products/bperfect-x-laura-b-the-one-lashes,title,
/p/bperfect-tan-studio-tanning-mousse-ultra-dark-200ml-/5061007286465,/products/bperfect-tan-studio-tanning-mousse-ultra-dark-200ml,barcode,
/p/tampax-pearl-super-18pk/4015400269793,/products/tampax-pearl-super-18pk,barcode,
/p/chance-spray-deodorant-100ml/3145891269000,/products/chance-spray-deodorant-100ml,barcode,
/p/svr-sebiaclear-creme-hydra-40ml---/3662361003594,/products/svr-sebiaclear-creme-hydra-40ml,barcode,
/p/menoelle-plus-tablets-30pk/5391132000156,/products/menoelle-plus-tablets-30pk,barcode,
/p/medicare-sterile-saline-solution--wound-and-eyewash-wash-spray-/5099390416763,/products/medicare-sterile-saline-solution-wound-eyewash-wash-spray,barcode,
/p/jungle-fresh-duo/8720181651892,/products/jungle-fresh-duo,barcode,
/p/bperfect-mrs-glam-sunset-glow-peach-melba-cream-blush/5061045650891,/products/bperfect-mrs-glam-sunset-glow-peach-melba-cream-blush,barcode,
/p/sona-zinc-25mg-60pk/5390612001607,/products/sona-zinc-25mg-60pk,barcode,
/p/declar-stress-balance-anti-irritation-serum-50ml/9007867007068,/products/declar-stress-balance-anti-irritation-serum-50ml,barcode,
/p/sona-evening-primrose-oil-1000mg-caps-30pk/5390612000587,/products/sona-evening-primrose-oil-1000mg-caps-30pk,barcode,
/p/gillette-mach-3-blades-8pk/7702018263783,/products/gillette-mach-3-blades-8pk,barcode,
/p/voduz-care-for-it-repair-anti-snap-spray/5060907059209,/products/voduz-care-for-it-repair-anti-snap-spray,barcode,
/p/optibac-immune-support-caps-30pk/5060086610093,/products/optibac-immune-support-caps-30pk,barcode,
/p/mx-health-ovulation-rapid-home-test-kit-7pk/5057881863106,/collections/ovulation-tests,off-website,mx-health-ovulation-rapid-home-test-kit-7pk
/p/old-spice-original-deo-stick-50ml/5000174003451,/products/old-spice-original-deo-stick-50ml,barcode,
/p/cerumol-olive-oil-ear-drops-10ml/5011309010114,/products/cerumol-olive-oil-ear-drops-10ml,barcode,
/p/so-ibiza-dreams-body-mist-200ml/5018389015862,/products/so-ibiza-dreams-body-mist-200ml,barcode,
/p/physiologix-ultimate-shoulder-support---large-to-extra-large--/5099390415537,/products/physiologix-ultimate-shoulder-support-large-to-extra-large,barcode,
/p/bperfect-chroma-cover-matte-foundation---w1/chromaw1,/products/bperfect-chroma-cover-matte-foundation-w1,title-fuzzy,closest: Bperfect Chroma Cover Matte Foundation - W1
/p/solgar-vitamin-d3-50tabs/033984033160,/products/solgar-vitamin-d3-50tabs,barcode,
/p/harrys-razor-and-5-blades-starter-pack/5060638591436,/collections/mens-grooming,off-website,harrys-razor-and-5-blades-starter-pack
/p/mrs-glam-peachy-elixir-strobe-cream/793618273231,/products/mrs-glam-peachy-elixir-strobe-cream,barcode,
/p/symprove-4-week-supply-strawberry-and-raspberry/5060221910200,/collections/probiotics-digestive-health,off-website,symprove-4-week-supply-strawberry-raspberry
/p/pestle-and-mortar-the-heroes-collection-double-cleanse-/855238006665,/products/pestle-mortar-the-heroes-collection-double-cleanse,barcode,
/p/harrys-razor-and-10-blades-indigo-set/5060989090213,/collections/mens-grooming,off-website,harrys-razor-and-10-blades-indigo-set
/p/pharmard-bio-chromium-60pk/5709976061200,/products/pharmard-chromium-60pk,barcode,
/p/lanes-kalms-night-28-tablets/5000477829239,/products/lanes-kalms-night-28-tablets,barcode,
/p/bperfect-eyeshadow-priming-base-perfect-prime/793591326757,/products/bperfect-eyeshadow-priming-base-perfect-prime,barcode,
/p/indestructibrow-pencil-ultra-dark-brown/5060806560592,/products/indestructi-brow-pencil-ultra-dark-brown,barcode,
/p/fusion-allergy-eye-spray-10ml/5391531760293,/products/fusion-allergy-eye-spray-10ml,barcode,
/p/niquitin-clear-step-2-14mg-patch-7pk/5011080105412,/products/niquitin-clear-step-2-14mg-patch-7pk,barcode,
/p/mx-health-pregnancy-early-detection-rapid-home-test-2pk-/5057881863199,/collections/pregnancy-tests,off-website,mx-health-pregnancy-early-detection-rapid-home-test-2pk
/p/simple-kts-cleanser-200ml-micellar/8712561669825,/products/simple-kts-cleanser-200ml-micellar,barcode,
/p/optibac-bifido-and-fibre/5060086610383,/products/optibac-bifido-fibre,barcode,
/p/nizoral-dandruff-shampoo-100ml-/5099562743055,/products/nizoral-dandruff-shampoo-100ml,barcode,
/p/sosu-false-nails-soft-sage/5391545371683,/products/sosu-false-nails-soft-sage,barcode,
/p/mccormacks-pharmacy-e-gift-card-10/giftcard10,/products/mccormacks-pharmacy-e-gift-card-10,title,
/p/bayliss-and-harding-jasmine-and-apple-blossom-luxury-hand-wash-500ml/017854064836,/products/bayliss-harding-jasmine-apple-blossom-luxury-hand-wash-500ml,barcode,
/p/cali-coast-palm-paradise/5060298554550,/products/cali-coast-palm-paradise,barcode,
/p/natures-aid-ginger-tumeric-3in1-60-tablets/5023652302068,/products/natures-aid-ginger-tumeric-3in1-60-tablets,barcode,
/p/cotton-wool-500g/5098983000471,/products/cotton-wool-500g,barcode,
/p/proceive-pregnancy-second-trimester--60-capsules/proceive2,/products/proceive-pregnancy-second-trimester-60-capsules,title-fuzzy,closest: Proceive Pregnancy Second Trimester -60 Capsules
/p/uriage-eau-thermal-duriage-water-mist-50ml/3661434000539,/products/uriage-eau-thermal-d-uriage-water-mist-50ml,barcode,
/p/luna-filter-finish-concealer---light_neutral/lunalight,/products/luna-filter-finish-concealer-vanilla,title-fuzzy,closest: Luna Filter Finish Concealer -Vanilla
/p/easofen-ibuprofen-200mg-12pk/5099562205157,/products/easofen-ibuprofen-200mg-12pk,barcode,
/p/revive-active-zest-active-berry-burst-30pk/5391546180031,/products/revive-active-zest-active-berry-burst,barcode,
/p/strepsils-strawberry-sugar-free-lozenge-16pk/5000167090345,/products/strepsils-strawberry-sugar-free-lozenge-16pk,barcode,
/p/declar-stress-balance-couperose-solution-50ml/9007867007846,/products/declar-stress-balance-couperose-solution-50ml,barcode,
/p/travel-blue-comfort-bands-/501840400501,/products/travel-blue-comfort-bands,title-fuzzy,closest: Travel Blue Comfort Bands
/p/medporex-surgical-adhesive-dress-6-x-7cm-50pk/5099390403541,/products/medporex-surgical-adhesive-dress-6-x-7cm-50pk,barcode,
/p/the-handmade-soap-company-lemongrass-and-cedarwood-hand-wash-and-hand-lotion-duo/5391520236655,/products/the-handmade-soap-company-lemongrass-cedarwood-hand-wash-hand-lotion-duo,barcode,
/p/nurofen-express-400mg-maximum-strength-12pk/5000158102941,/products/nurofen-express-400mg-maximum-strength-12p,barcode,
/p/lemsip-max-cough-cold-sachets-5pk/5000158066540,/products/lemsip-max-cough-cold-sachets-5pk,barcode,
/p/medicare-blister-plasters-assort-6pk/5099390410525,/products/medicare-blister-plasters-assort-6pk,barcode,
/p/broncho-stop-junior-cough-strawberry-120ml/5012616264290,/products/broncho-stop-junior-cough-strawberry-120ml,barcode,
/p/sinutab-non-drowsy-500mg_30mg-tablets-15pk/5010123121945,/products/sinutab-n-d-tabs-15pk,barcode,
/p/corsodyl-300ml-mouthwash-aniseed/5011080010600,/products/corsodyl-300ml-mouthwash-aniseed,barcode,
/p/berocca-immuno-eff-30pk/5010605402388,/products/berocca-immuno-eff-30pk,barcode,
/p/tramma-gel/3870112003780,/products/tramma-gel,barcode,
/p/durex-thin-feel-3pk/5010232967649,/products/durex-thin-feel-3pk,barcode,
/p/warmies-long-hot-water-bottle-unicorn/5060075686771,/products/warmies-long-hot-water-bottle-unicorn,barcode,
/p/sol-beauty-dry-body-oil-with-salted-caramel/5013692278089,/products/sol-beauty-dry-body-oil-with-salted-caramel,barcode,
/p/perfection-primer-golden-glow/5060806562275,/products/perfection-primer-golden-glow,barcode,
/p/medicare-family-pack-fabric-50-assorted-plasters/5099390415957,/products/medicare-family-pack-fabric-50-assorted-plasters,barcode,
/p/fishermans-friend-lozenges-25g-original/50357185,/products/fishermans-friend-lozenges-25g-original,barcode,
/p/bbold-instant-airbrush-medium-75ml-/5060298553980,/products/bbold-instant-airbrush-medium-75ml,barcode,
/p/ella-and-jo-melt-the-day-away-cleansing-balm-/5392000189331,/products/ella-jo-melt-the-day-away-cleansing-balm,barcode,
/p/bperfect-chroma-cover-matte-foundation---w4/chromaw4,/products/bperfect-chroma-cover-matte-foundation-w4,title-fuzzy,closest: Bperfect Chroma Cover Matte Foundation - W4
/p/floradix-liquid-iron-500ml/4004148047503,/products/floradix-liquid-iron-500ml,barcode,
/p/dextro-energy-blackcurrant--vit-c-47g/50184262,/products/dextro-energy-blackcurrant-vit-c-47g,barcode,
/p/the-gentlemans-emporium-golf-mug-and-sock-set/5051237093650,/products/the-gentleman-s-emporium-golf-mug-sock-set,barcode,
/p/lecithin-granules-500g/5029354000011,/products/lecithin-granules-500g,barcode,
/p/infinity-m0307-toe-nail-clipperpk/5391018024221,/products/infinity-m0307-toe-nail-clipperpk,barcode,
/p/easofen-max-400mg-ibuprofen-24pk/5099562205300,/products/easofen-max-400mg-ibuprofen-24pk,barcode,
/p/medicare-pill-splitter/079573011157,/products/medicare-pill-splitter,barcode,
/p/alfaparf-semi-di-lino-moisture-nutritive-leave-in-conditioner-200ml/alfpink3,/products/alfaparf-semi-di-lino-moisture-nutritive-leave-in-conditioner-200ml,title,
/p/phyto--anti-hair-loss-treatment-for-women-reactional-hair-loss-stress-diet-post-preg/3701436910143,/products/phyto-anti-hair-loss-treatment-for-women-reactional-hair-loss-stress-diet-post-preg,barcode,
/p/puressential-purifying-air-spray-75ml/3401351625466,/products/puressential-purifying-air-spray-75ml,barcode,
/p/yankee-candle-ss24-and-sharpie-giftset/5038581160894,/products/yankee-candle-ss24-and-sharpie-giftset,barcode,
/p/fusion-allergy-cooling-mask-/5391531760392,/products/fusion-allergy-cooling-mask,barcode,
/p/kelkin-tea-tree-shampoo-250ml/5011032579964,/products/kelkin-tea-tree-shampoo-250ml,barcode,
/p/vicks-vaporub-100g-tub/8006540034910,/products/vicks-vaporub-100g-tub,barcode,
/p/dove-advanced-care-deeply-nourishing-body-wash-225ml/8720181443367,/products/dove-advanced-care-deeply-nourishing-body-wash-225ml,barcode,
/p/zirtek-plus-decongestant-6pk/5015313013673,/products/zirtek-plus-decongestant-6pk,barcode,
/p/infinity-m0068_i-7-way-maxi-buffer/5022638000400,/products/infinity-m0068-i-7-way-maxi-buffer,barcode,
/p/gucci-guilty-ladies-50ml-edt-spr/737052777238,/products/gucci-guilty-ladies-50ml-edt-spr,barcode,
/p/mccormacks-pharmacy-e-gift-card-100/giftcard100,/products/mccormacks-pharmacy-e-gift-card-100,title,
/p/solgar-vitamin-d3-4000iu-60-vegetable-capsules/033984529076,/products/solgar-vitamin-d3-4000iu-60-vegetable-capsules,barcode,
/p/solgar-boitin-5000ug-50caps/033984003132,/products/solgar-boitin-5000ug-50caps,barcode,
/p/cydonia-soothing-arnica-ultra-gel-100ml/3870112001151,/products/cydonia-soothing-arnica-ultra-gel-100ml,barcode,
/p/invictus-2-piece-100ml-giftset/3349668576890,/products/invictus-2-piece-100ml-giftset,barcode,
/p/pestle-and-mortar-exfoliate-toner-200ml/855717008180,/products/pestle-mortar-exfoliate-toner-180ml,barcode,
/p/sculpted-cream-luxe-bronze-shade-medium-/5391545127495,/products/sculpted-cream-luxe-bronze-shade-medium,barcode,
/p/pestle-and-mortar-essentials-body-wash-500ml/856149007376,/products/pestle-mortar-essentials-body-wash-500ml,barcode,
/p/dr-squatch-coastal-mist-deodorant-75g/810095594267,/collections/deodorant,off-website,dr-squatch-coastal-mist-deodorant-75g
/p/uriage-hyseac-pate-sos-spot-control-paste-15g/3661434010118,/products/uriage-hyseac-pate-sos-spot-control-paste-15g,barcode,
/p/eskimo-3-kids-chewable-dha-orange-flavour/7391325900117,/products/eskimo-3-kids-chewable-dha-orange-flavour,barcode,
/p/jimmy-choo-i-want-choo-forever-60ml-2pc-gift-set/3386406013415,/products/jimmy-choo-i-want-choo-forever-60ml-2pc-gift-set,barcode,
/p/voduz-unbreakabobble---neutral/5060806563241,/products/voduz-unbreaka-bobble-neutral,barcode,
/p/voduz-pure-silk-hair-and-body-oil/5060938582066,/products/voduz-pure-silk-hair-and-body-oil,barcode,
/p/svr-sebiaclear-serum-30ml-/3662361000364,/products/svr-sebiaclear-serum-30ml,barcode,
/p/wild-coconut-dreams-deodorant-refill-43g/wild6,/products/wild-coconut-dreams-deodorant-refill-43g,title,
/p/beconase-hayfever-100-dose/5012616262128,/products/beconase-hayfever-100-dose,barcode,
/p/uriage-tolederm-control-soothing-care-40ml/3661434008504,/products/uriage-tolederm-control-soothing-care-40ml,barcode,
/p/loral-paris-elvive-bond-repair-leave-in-serum-150ml/3600524075583,/products/l-or-al-paris-elvive-bond-repair-leave-in-serum-150ml,barcode,
/p/uriage-pruriced-soothing-gel-100ml/3661434009679,/products/uriage-pruriced-soothing-gel-100ml,barcode,
/p/the-handmade-soap-company-bitter-orange-and-pink-pepper-soap-bar-100g/5391520236310,/products/the-handmade-soap-company-bitter-orange-pink-pepper-soap-bar-100g,barcode,
/p/medi-sport-zinc-oxidetape-15x14/5099390409154,/products/medi-sport-zinc-oxidetape-1-5x14,barcode,
/p/armolipid-food-supplement-30pk/5391521890481,/products/armolipid-food-supplement-30pk,barcode,
/p/bperfect-mrs-glam-sunset-glow-rosemantic-cream-blush/5061045650914,/products/bperfect-mrs-glam-sunset-glow-rosemantic-cream-blush,barcode,
/p/active-iron-pregnancy-capsules-30pk/793591058610,/products/active-iron-pregnancy-capsules-30pk,barcode,
/p/bperfect-tan-studio-tanning-liquid-dark-175ml/5061007286489,/products/bperfect-tan-studio-tanning-liquid-dark-175ml,barcode,
/p/senset-cleansing-foam-vernacare-300ml/800239060154,/products/senset-cleans-foam-vernacare-300ml,barcode,
/p/baby-vit-d3-dropper-107ml/5098983001379,/products/baby-vit-d3-dropper-10-7ml,barcode,
/p/the-cheek-liquid-blush-just-peachy/5060907052606,/products/the-cheek-liquid-blush-just-peachy,barcode,
/p/bioxtra-dry-mouth-oral-gel-40ml/5425005120037,/products/bioxtra-dry-mouth-oral-gel-40ml,barcode,
/p/declar-soft-cleansing-cleansing-powder-90g-/9007867005118,/products/declar-soft-cleansing-cleansing-powder-90g,barcode,
/p/skingredients-sally-clenase-2-salicylic-acid-oil-control-cleanser-refill-100ml/634240001703,/products/skingredients-sally-clenase-2-salicylic-acid-oil-control-cleanser-refill-100ml,barcode,
/p/uriage-pruriced-soothing-creme-100ml/3661434009686,/products/uriage-pruriced-soothing-creme-100ml,barcode,
/p/mm-zippy-zebra-tething-soother-and-comforter/5060679073496,/products/mm-zippy-zebra-tething-soother-comforter,barcode,
/p/lansih-cream-40ml/5060062996104,/products/lansih-cream-40ml,barcode,
/p/sona-thiamin-100mg-tabs-120pk/5390612004202,/products/sona-thiamin-100mg-tabs-120pk,barcode,
/p/nourish-duo/8720181653063,/products/nourish-duo,barcode,
/p/nivea-body-rich-nourishing-body-moisturiser-250ml/4005808246014,/products/nivea-body-rich-urishing-body-moisturiser-250ml,barcode,
/p/e45-wash-250ml/5000167014716,/products/e45-wash-250ml,barcode,
/p/carnation-fleecy-stretch-padding/5012654200755,/products/carnation-fleecy-stretch-padding,barcode,
/p/gaviscon-aniseed-liquid-300ml/5000158065925,/products/gaviscon-aniseed-liquid-300ml,barcode,
/p/chanel-no5-eau-de-parfum-35ml-/3145891252309,/products/chanel-no5-eau-de-parfum-35ml,barcode,
/p/voduz-velvet-crown-200ml/079359168304,/products/voduz-velvet-crown-200ml,title,
/p/carbosan-gel/5390387416019,/products/carbosan-gel,barcode,
/p/viagra-connect-50mg-tablets-8-pack/1210001168503,/products/viagra-connect-50mg-tablets-8-pack,barcode,
/p/quest-stress-b-complex-with-vitamin-c-30pk/5022339887010,/products/quest-stress-b-complex-with-vitamin-c-30pk,barcode,
/p/buttercup-broncho-stop-cough-syrup-290ml/5012616264597,/products/buttercup-broncho-stop-cough-syrup-290ml,barcode,
/p/luna-filter-finish-silk-foundation---fair/lunafairsilk,/products/luna-filter-finish-silk-foundation-fair,title-fuzzy,closest: Luna Filter Finish Silk Foundation - Fair
/p/luna-by-lisa-blusher---sassy/5391532521695,/products/luna-by-lisa-blusher-sassy,barcode,
/p/lice-dr-defence-spray-125ml/5391018048647,/products/lice-dr-defence-spray-125ml,barcode,
/p/voduz-hair-diffuser/793618107796,/products/voduz-hair-diffuser,barcode,
/p/micropore-50mmx5m/5037015010989,/products/micropore-50mmx5m,barcode,
/p/ov-silcocks-base-250ml-tube/5098928124637,/products/ov-silcocks-base-250ml-tube,barcode,
/p/pure-by-coppercraft-magnetic-bracelet-cmb21/5060432679118,/products/pure-by-coppercraft-magnetic-bracelet-cmb21,barcode,
/p/lansih-ultra-thin-nursing-pads-24pk/5060062991420,/products/lansih-ultra-thin-nursing-pads-24pk,barcode,
/p/declar-age-control-night-revitalizer-50ml/9007867005910,/products/declar-age-control-night-revitalizer-50ml,barcode,
/p/nytol-one-a-night-50mg-diphenhydramine-tablets-20pk-/5012616264887,/products/nytol-50mg-diphenhydramine-20pk-perrigo,barcode,
/p/complan-original-425g-pk/4008976682004,/products/complan-original-425g-pk,barcode,
/p/mccormacks-pharmacy-e-gift-card-50/giftcard50,/products/mccormacks-pharmacy-e-gift-card-50,title,
/p/sculpted-duocleanse---cleanse-and-clarify/5391545120984,/products/sculpted-duocleanse-cleanse-clarify,barcode,
/p/pepcid-ac-tabs-12pk/5027097010090,/products/pepcid-ac-tabs-12pk,barcode,
/p/luna-filter-finish-naturally-matte-foundation---rich/lunamatterich,/products/luna-filter-finish-naturally-matte-foundation-rich,title-fuzzy,closest: Luna Filter Finish Naturally Matte Foundation - Rich
/p/nurofen-cold-and-flu-24pk/5000158102163,/products/nurofen-cold-flu-24pk,barcode,
/p/nexium-control-capsules-14pk/5391523250283,/products/nexium-control-capsules-14pk,barcode,
/p/revive-original-1-year-supply-360-sachets/rev1ys,/products/revive-original-1-year-supply-360-sachets,title,
/p/deep-heat-spray-150ml/5011501001088,/products/deep-heat-spray-150ml,barcode,
/p/sculpted-by-aimee-sculpted-hydratint-50/0796548127087,/products/sculpted-by-aimee-sculpted-hydratint-5-0,barcode,
/p/scuplted-duocleanse----cleanse-and-exfoliate/5391545121042,/products/scuplted-duocleanse-cleanse-exfoliate,barcode,
/p/jenny-glow-coding-inspired-by-armani-code-50ml/6294015153613,/products/jenny-glow-coding-inspired-by-armani-code-50ml,barcode,
/p/jenny-glow-just-kloe-inspired-by-chloe-/6294015174595,/products/jenny-glow-just-kloe-inspired-by-chloe,barcode,
/p/revive-active-collagen-complex-30pk/5391546180406,/products/revive-active-collagen-complex-30pk,barcode,
/p/melolin-n-adh-dressing-10cm-x-10cm/5000223417307,/products/melolin-n-adh-dressing-10cm-x-10cm,barcode,
/p/physiologix-ultimate-shoulder-support---small-to-medium/5099390415544,/products/physiologix-ultimate-shoulder-support-small-to-medium,barcode,
/p/macushield-caps-30pk/5036631001494,/products/macushield-caps-30pk,barcode,
/p/solgar-vitamin-d3-1000mcg-softgels-100-pk/033984033405,/products/solgar-vitamin-d3-1000mcg-softgels-100-pk,barcode,
/p/optrex-10ml-eye-drops-clear-eyes/50350216,/products/optrex-10ml-eye-drops-clear-eyes,barcode,
/p/compeed-blister-mix-5pk/3574660651751,/products/compeed-blister-mix-5pk,barcode,
/p/cydonia-horse-balm-100ml/3870112001168,/products/cydonia-horse-balm-100ml,barcode,
/p/viralief-coldsore-cream-2g/5099562922054,/products/viralief-cs-cream-2g,barcode,
/p/medicare-tough-cut-shears/5099390800005,/products/medicare-tough-cut-shears,barcode,
/p/burts-bees-hemp-chanvre-lip-balm/792850908499,/products/burts-bees-hemp-chanvre-lip-balm,barcode,
/p/solgar-dandelion-520mg-caps-100s/033984038455,/products/solgar-dandelion-520mg-caps-100s,barcode,
/p/garnier-olia-50-brown-no-ammonia-permanent-hair-dye/3600541233621,/products/garnier-olia-5-0-brown-no-ammonia-permanent-hair-dye,barcode,
/p/lacabine-5-x-pure--hyaluronic-amp-2ml/8435534405786,/products/lacabine-5-x-pure-hyaluronic-amp-2ml,barcode,
/p/indestructibrow-pencil-dark-brown/793591326795,/products/indestructi-brow-pencil-dark-brown,barcode,
/p/declar-eye-contour-essential-eye-lifting-serum-15ml/9007867007471,/products/declar-eye-contour-essential-eye-lifting-serum-15ml,barcode,
/p/garnier-olia-660-intense-red--no-ammonia-permanent-hair-dye/3600541233928,/products/garnier-olia-6-60-intense-red-no-ammonia-permanent-hair-dye,barcode,
/p/the-handmade-soap-company-bitter-orange-and-pink-pepper-hand-lotion-250ml-/5391520236365,/products/the-handmade-soap-company-bitter-orange-pink-pepper-hand-lotion-250ml,barcode,
/p/cetaphil-cleanser-236ml/5020465202554,/collections/cetaphil,off-website,cetaphil-cleanser-236ml
/p/skingredients-skin-veg-hylauronic-acid-hydrating-serum-45ml-refill-/634240001642,/products/skingredients-skin-veg-hylauronic-acid-hydrating-serum-45ml-refill,barcode,
/p/motilium-tabs-10pk/3574661316994,/products/motilium-tabs-10pk,barcode,
/p/ultra-pure-citric-acid-50g/5391510473145,/products/ultra-pure-citric-acid-50g,barcode,
/p/chroma-cover-luminous-foundation---w6/5060907056291,/products/chroma-cover-luminous-foundation-w6,barcode,
/p/gosh-duck-softie-20cm/5098858163324,/products/gosh-duck-softie-20cm,barcode,
/p/ogam-tea-tree-10ml/5390600001268,/products/ogam-tea-tree-10ml,barcode,
/p/sona-d1000-iu-tabs-30pk/5390612002710,/products/sona-d1000-iu-tabs-30pk,barcode,
/p/waxperts-calm-down-after-wax-ice-gel-/5391530360272,/products/waxperts-calm-down-after-wax-ice-gel,barcode,
/p/uriage-hyseac-cleansing-gel-150ml/3661434009983,/products/uriage-hyseac-cleansing-gel-150ml,barcode,
/p/harrys-exfoliating-facial-cleanser-150ml/855380004878,/collections/facial-skincare,off-website,harrys-exfoliating-facial-cleanser-150ml
/p/potted-gelousy-matte-gel-liner-mute/5060806561681,/products/potted-gelousy-matte-gel-liner-mute,barcode,
/p/uriage-cleansing-cream-500ml/3661434008788,/products/uriage-cleansing-cream-500ml,barcode,
/p/medicare-fabric-strip--1m-x-6m/5099390100402,/products/medicare-fabric-strip-1m-x-6m,barcode,
/p/fabu-skin-glow-60pk/3743184122775,/products/fabu-skin-glow-60pk,barcode,
/p/sculpted-by-aimee-brighten-up-energising-eye-cream-10ml/5391545129253,/products/sculpted-by-aimee-brighten-up-energising-eye-cream-10ml,barcode,
/p/purified-water-5l/5391510473015,/products/purified-water-5l,barcode,
/p/uriage-bebe-1st-peri-oral-30ml/3661434008634,/products/uriage-bebe-1st-peri-oral-30ml,barcode,
/p/homme-allure-sport-spray-edt-50ml/3145891236200,/products/homme-allure-sport-spray-edt-50ml,barcode,
/p/jakemans-41g-stick-honey-and-lemon/5030104004944,/products/jakemans-41g-stick-honey-lemon,barcode,
/p/king-drench-and-repair-luxury-shampoo/0745178675284,/products/king-drench-repair-luxury-shampoo,barcode,
/p/steradent-fresh-tabs-30pk/5011417566329,/products/steradent-fresh-tabs-30pk,barcode,
/p/kelkin-tea-tree-conditioner-250ml/5011032579971,/products/kelkin-tea-tree-conditioner-250ml,barcode,
/p/-cydonia--uplifting-horse-balm-250ml/3870112002196,/products/cydonia-uplifting-horse-balm-250ml,barcode,
/p/synergistic-magnesium-150mg-plus-vit-b6/50745241,/products/synergistic-magnesium-150mg-plus-vit-b6,barcode,
/p/sculpted-by-aimee-shape-and-set-brow-pencil-and-fixing-gel-deep-brown/0796548963081,/products/sculpted-by-aimee-shape-set-brow-pencil-fixing-gel-deep-brown,barcode,
/p/vivo-tummies-10pk/5391531760590,/products/vivo-tummies-10pk,barcode,
/p/medicare-size-c-1m-tubular-supp-bandage/5099390403107,/products/medicare-size-c-1m-tubular-supp-bandage,barcode,
/p/niquitin-mini-4mg-60pk-mint-lozenges/5011080930779,/products/niquitin-mini-4mg-60pk-mint-lozenges,barcode,
/p/losec-control-20mg-gr-tabs-14pk/5010605952173,/products/losec-control-20mg-gr-tabs-14pk,barcode,
/p/luna-by-lisa-brow-brush/5391532521268,/products/luna-by-lisa-brow-brush,barcode,
/p/sculpted-brighten-up-concealer-ivory/794712143031,/products/sculpted-brighten-up-concealer-ivory,barcode,
/p/svr-densitium-eye-contour-global-correction-15ml/3662361001965,/products/svr-densitium-eye-contour-global-correction-15ml,barcode,
/p/caldesene-adult-powder-10-w_w-100g/5099562727802,/products/caldesene-adult-powder-10-w-w-100g,barcode,
/p/sculpted-brighten-up-concealer-beige/794712143062,/products/sculpted-brighten-up-concealer-beige,barcode,
/p/voduz-jet-set-go-aerosol-trio-3-x-75ml/5060938583209,/products/voduz-jet-set-go-aerosol-trio-3-x-75ml,barcode,
/p/jenny-glow-3-piece-ladies-set-paradocs-bloom/6295199805886,/products/jenny-glow-3-piece-ladies-set-paradocs-bloom,barcode,
/p/sonisk-sonic-pulse-toothbrush-rose-gold/5060679070761,/products/sonisk-sonic-pulse-toothbrush-rose-gold,barcode,
/p/sculpted-cream-luxe-blush-pink-supreme/5391545127297,/products/sculpted-cream-luxe-blush-pink-supreme,barcode,
/p/uriage-xemose-moisturising-lipstick--4g-/3661434004452,/products/uriage-xemose-moisturising-lipstick-4g,barcode,
/p/phyto-anti-hair-loss-treatment-for-women-progressive-hair-loss-ageing-menopause-heredity/3701436910174,/products/phyto-anti-hair-loss-treatment-for-women-progressive-hair-loss-ageing-menopause-heredity,barcode,
/p/dove-advanced-care-nourishing-silk-body-wash-225ml/8720181457388,/products/dove-advanced-care-nourishing-silk-body-wash-225ml,barcode,
/p/microlax-5ml-tube-4pk/3574661203409,/products/microlax-5ml-tube-4pk,barcode,
/p/nivea-men-shave-foam-200ml-sensitive/4005808222698,/products/nivea-men-shave-foam-200ml-sensitive,barcode,
/p/durex-pleasure-me-12pk/5052197045390,/products/durex-pleasure-me-12pk,barcode,
/p/luna-by-lisa-hydrate-masque/5391532528403,/products/luna-by-lisa-hydrate-masque,barcode,
/p/anthisan-cream-25g/5013011003545,/products/anthisan-cream-25g,barcode,
/p/aveeno-200ml-skin-relief-shea/3574660325492,/products/aveeno-200ml-skin-relief-shea,barcode,
/p/voduz-black-hair-straightener-/0735850859033,/products/voduz-black-hair-straightener,barcode,
/p/buscopan-10mg-tabs-20pk/5012917022025,/products/buscopan-10mg-tabs-20pk,barcode,
/p/the-handmade-soap-company-soap-gift-set-three-pack/5391520236617,/products/the-handmade-soap-company-soap-gift-set-three-pack,barcode,
/p/revive-active-teen-20-pk/735850563572,/products/revive-active-teen-20-pk,barcode,
/p/foot-soak-bundle/bndle260626,/products/foot-soak-bundle,title,
/p/buplex-ibuprofen-400mg-tabs-12pk/5690528279214,/products/buplex-ibuprofen-400mg-tabs-12pk,barcode,
/p/scuplted-duocleanse--cleanse-and-brighten/5391545121011,/products/scuplted-duocleanse-cleanse-brighten,barcode,
/p/uriage-bariederm-cica-lips-repairing-balm-15ml/3661434005459,/products/uriage-bariederm-cica-lips-repairing-balm-15ml,barcode,
/p/cerave-reparative-hand-cream-50ml/3337875597319,/products/cerave-reparative-hand-cream-50ml,barcode,
/p/revive-tropical-1-year-supply-360-sachets-/revivetropbundle2,/products/revive-tropical-1-year-supply-360-sachets,title-fuzzy,closest: Revive Tropical 1 Year Supply 360 Sachets
/p/galfer-caps-28pk/5011309870916,/products/galfer-caps-28pk,barcode,
/p/bperfect-erin-mcgregor-lip-library-lip-oil-smitten-/5061045652444,/products/bperfect-erin-mcgregor-lip-library-lip-oil-smitten,barcode,
/p/sculpted-by-aimee-oily-skin-nighttime-routine-bundle-/sculptednightbundle1,/products/sculpted-by-aimee-oily-skin-nighttime-routine-bundle,title-fuzzy,closest: Sculpted By Aimee Oily Skin Nighttime Routine Bundle
/p/gelorevoice-cherry/5000477718182,/products/gelorevoice-cherry,barcode,
/p/seven-seas-jointcare-supplex-and-turmeric-30-pk/8700216436342,/collections/seven-seas,off-website,seven-seas-jointcare-supplex-turmeric-30-pk
/p/bperfect-mrs-glam-snatch-stick-golden-moon-01-light-peach/5060938588945,/products/bperfect-mrs-glam-snatch-stick-golden-moon-01-light-peach,barcode,
/p/bperfect-erin-mcgregor-mini-harmony-shadow-palette-travel/5061045652420,/products/bperfect-erin-mcgregor-mini-harmony-shadow-palette-travel,barcode,
/p/kool-n-soothe-migraine-strip-4pk/4987072014103,/products/kool-n-soothe-migraine-strip-4pk,barcode,
/p/quest-zinc-citrate-30mg-tabs-60pk/5022339944010,/products/quest-zinc-citrate-30mg-tabs-60pk,barcode,
/p/svr-densitium-rich-cream-mature-skin-dry-to-very-dry-50ml/3662361002467,/products/svr-densitium-rich-cream-mature-skin-dry-to-very-dry-50ml,barcode,
/p/lash-out-black-mascara-/5060806567317,/products/lash-out-black-mascara,barcode,
/p/johnsons-soft-and-nourish-body-wash-400ml/3574661384627,/products/johnson-s-soft-nourish-body-wash-400ml,barcode,
/p/xpel-mosquito-and-insect-repellent-pump-spray-/5060120160645,/products/xpel-mosquito-insect-repellent-pump-spray,barcode,
/p/voduz-buff-it--exfoliating-scalp-brush/5060806569816,/products/voduz-buff-it-exfoliating-scalp-brush,barcode,
/p/centrum-women-30pk/5000309008214,/products/centrum-women-30pk,barcode,
/p/hismile-everyday-smilecare-watermelon-toothpaste-/93568609,/products/hismile-everyday-smilecare-watermelon-toothpaste,barcode,
/p/uniflu-immune-defence/5391513951916,/products/uniflu-immune-defence,barcode,
/p/spotlight-oral-care-graphite-grey-sonic-toothbrush/5391531561395,/products/spotlight-oral-care-graphite-grey-sonic-toothbrush,barcode,
/p/celtic-can-pot-round-pink-grapefruit-and-champagne/5038871058313,/products/celtic-can-pot-round-pink-grapefruit-champagne,barcode,
/p/potted-gelousy-matte-gel-liner-foxy-/5060806561674,/products/potted-gelousy-matte-gel-liner-foxy,barcode,
/p/solgar-omega-3-6-9-sgel-60pack/033984020276,/products/solgar-omega-3-6-9-sgel-60pack,barcode,
/p/jenny-glow-the-shoe-inspired-by-carolina-herrera-good-girl-15ml/6294015179521,/products/jenny-glow-the-shoe-inspired-by-carolina-herrera-good-girl-15ml,barcode,
/p/poxclin-coolmousse-100ml/8718053573250,/products/poxclin-coolmousse-100ml,barcode,
/p/spotlight-sonic-toothbrush/5391531560169,/products/spotlight-sonic-toothbrush,barcode,
/p/-provoke-touch-of-silver-brightening-shampoo-200ml/5012008719407,/products/pro-voke-touch-of-silver-brightening-shampoo-200ml,barcode,
/p/vicks-first-defense-15ml-nasal-spray/5013965704666,/products/vicks-first-defense-15ml-nasal-spray,barcode,
/p/chroma-liquid-concealer-c2/5060907054570,/products/chroma-liquid-concealer-c2,barcode,
/p/micropore-surgical-tape-25cm/5037015010965,/products/micropore-surgical-tape-2-5cm,barcode,
/p/uriage-water-cleansing-gel-200ml/3661434005411,/products/uriage-water-cleansing-gel-200ml,barcode,
/p/nivea-sun-protect-and-mositure-spf-20-water-resistant-lotion-200ml-/4005808407507,/products/nivea-sun-protect-mositure-spf-20-water-resistant-lotion-200ml,barcode,
/p/pestle-and-mortar-the-spot-dots-/856149007048,/products/pestle-mortar-the-spot-dots,barcode,
/p/gosh-crocodile-softie-30cm/5098858181601,/products/gosh-crocodile-softie-30cm,barcode,
/p/carnation-heel-grips/5012654200878,/products/carnation-heel-grips,barcode,
/p/sculpted-mauve-match-/0793591414287,/products/sculpted-mauve-match,barcode,
/p/simple-gentle-conditioner-200ml/5011451102965,/products/simple-gentle-conditioner-200ml,barcode,
/p/uriage-age-lift-intensive-firming-smoothing-serum-/3661434009273,/products/uriage-age-lift-intensive-firming-smoothing-serum,barcode,
/p/flowerbomb-ladies-30ml-edp-spr/3360374000004,/products/flowerbomb-ladies-30ml-edp-spr,barcode,
/p/active-iron-for-women--b-complex-30pk/735850357454,/products/active-iron-for-women-b-complex-30pk,barcode,
/p/svr-biotic-c20-regenerating-radiance-cream-50ml/3662361001187,/products/svr-biotic-c20-regenerating-radiance-cream-50ml,barcode,
/p/matchstick-monkey-starter-set-/5060679070952,/products/matchstick-monkey-starter-set,barcode,
/p/nuun-sport-orange-electrolytes/8445290964960,/products/nuun-sport-orange-electrolytes,barcode,
/p/deep-heat-cream-100g/5011501040926,/products/deep-heat-cream-100g,barcode,
/p/medisilk-silk-tape-125x5m/5099390200409,/products/medisilk-silk-tape-1-25x5m,barcode,
/p/tena-lady-extra-plus-8pk/7322540592863,/products/tena-lady-extra-plus-8pk,barcode,
/p/ck-in-2u-ladies-100ml-edp-spr/088300196814,/products/ck-in-2u-ladies-100ml-edp-spr,barcode,
/p/alflorex-for-children/5391528870363,/products/alflorex-for-children,barcode,
/p/spotlight-oral-care-fresh-breath-whitening-mouthwash/5391531563337,/products/spotlight-oral-care-fresh-breath-whitening-mouthwash,barcode,
/p/harrys-shave-cream-with-aloe-vera-100ml-/810075081718,/collections/mens-grooming,off-website,harrys-shave-cream-with-aloe-vera-100ml
/p/xpel-adult-and-kids-tropical-formula-mosquito-and-insect-repellent-pens/5060120160508,/products/xpel-adult-kids-tropical-formula-mosquito-and-insect-repellent-pens,barcode,
/p/nurofen-durance-200mg-plasters/5011417578018,/products/nurofen-durance-200mg-plasters,barcode,
/p/garnier-nutrisse-6-light-brown-permanent-hair-dye/5021044025168,/products/garnier-nutrisse-6-light-brown-permanent-hair-dye,barcode,
/p/luna-by-lisa-repair-leave-in-treatment-/5391532528342,/products/luna-by-lisa-repair-leave-in-treatment,barcode,
/p/uriage-bariederm-repairing-cica-cream-40ml/3661434004735,/products/uriage-bariederm-repairing-cica-cream-40ml,barcode,
/p/cacharel-yes-i-am-pink-50ml-edp-spr/3614272365124,/products/cacharel-yes-i-am-pink-50ml-edp-spr,barcode,
/p/sculpted-by-aimee-shape-and-set-brow-pencil-and-fixing-gel-soft-brown/0796548963043,/products/sculpted-by-aimee-shape-set-brow-pencil-fixing-gel-soft-brown,barcode,
/p/diesel-only-the-brave-50ml-edt-spr/0951577468,/products/diesel-only-the-brave-50ml-edt-spr,title,
/p/voduz-on-point-tail-comb/5060806565009,/products/voduz-on-point-tail-comb,barcode,
/p/doublebase-emollient-gel-250g/5016379191206,/products/doublebase-emollient-gel-250g,barcode,
/p/declar-stress-balance-5-secrets-night-cream-50ml-/9007867007853,/products/declar-stress-balance-5-secrets-night-cream-50ml,barcode,
/p/voduz-root-reviver-dark-brown-75ml/voduzrootdarkbrown,/products/voduz-root-reviver-dark-brown-75ml,title,
/p/mrs-glam---glorious-skin-powder-foundation-medium-warm/5060806561773,/products/mrs-glam-glorious-skin-powder-foundation-medium-warm,barcode,
/p/declar-soft-cleansing-anti-pollution-cleansing-balm-150ml/9007867007754,/products/declar-soft-cleansing-anti-pollution-cleansing-balm-150ml,barcode,
/p/bperfect-mrs-glam-ice-ice-baby-lip-oil/5061045652659,/products/bperfect-mrs-glam-ice-ice-baby-lip-oil,barcode,
/p/fusion-allergy-lozenges-24-/5391531760316,/products/fusion-allergy-lozenges-24,barcode,
/p/revive-active-joint-complex-30pk/799439659360,/products/revive-active-joint-complex-30pk,barcode,
/p/fixodent-denture-cream-47g-original/5000174305449,/products/fixodent-denture-cream-47g-original,barcode,
/p/tepe-g4105-green-08mm-6pk/7317400015422,/products/tepe-g4105-green-0-8mm-6pk,barcode,
/p/fathers-day-bundle-/5065003990708,/products/fathers-day-bundle,barcode,
/p/your-zooki--citrus-orange-vit-c-30-sachets-/5060518930164,/products/your-zooki-citrus-orange-vit-c-30-sachets,barcode,
/p/galfer-syrup-140mg_5ml-100ml/5011309871715,/products/galfer-syrup-140mg-5ml-100ml,barcode,
/p/cialis-for-men-tadalafil-tablets-8pk/3664798072426,/products/cialis-for-men-tadalafil-tablets-8pk,barcode,
/p/boss-orange-mens-100ml-edt-spr/3616301623359,/products/boss-orange-mens-100ml-edt-spr,barcode,
/p/lerelle-beauty-aimx-hydrate-me-moisturising-sheet-mask-with-peptides-/4771632315249,/collections/face-masks,off-website,lerelle-beauty-aimx-hydrate-me-moisturising-sheet-mask-with-peptides
/p/strepsils-orange-with-vitamin-c-lozenge-36pk/5011417579183,/products/strepsils-orange-withvitamin-c-lozenge-36pk,barcode,
/p/dulcolax-pico-liquid-300ml/5000283659297,/products/dulcolax-pico-liquid-300ml,barcode,
/p/vermox-tabs-6pk/5027097904948,/products/vermox-tabs-6pk,barcode,
/p/bepanthen-nappy-ointment-30g/5010605292361,/products/bepanthen-nappy-ointment-30g,barcode,
/p/ck-eternity-mens-50ml-edt-spr-/0883001053040,/products/ck-eternity-mens-50ml-edt-spr,title-fuzzy,closest: Ck Eternity Mens 50Ml Edt Spr
/p/voduz-prep-talk-dry-texture-spray/5060806562909,/products/voduz-prep-talk-dry-texture-spray,barcode,
/p/spotlight-oral-care-rose-gold-sonic-toothbrush/5391531561388,/products/spotlight-oral-care-rose-gold-sonic-toothbrush,barcode,
/p/clarityn-tabs-loratadine-30pk/5010605240553,/products/clarityn-tabs-loratadine-30pk,barcode,
/p/dove-advanced-care-pampering-shea-butter-and-vanilla-body-wash-225ml/8720181462924,/products/dove-advanced-care-pampering-shea-butter-vanilla-body-wash-225ml,barcode,
/p/sculpted-complete-cover-up-35-light-plus/794712143338,/products/sculpted-complete-cover-up-3-5-light-plus,barcode,
/p/mrs-glam---glorious-skin-powder-foundation-light-pink/5060907051937,/products/mrs-glam-glorious-skin-powder-foundation-light-pink,barcode,
/p/sculpted-hydralip---blush/754590489478,/collections/lips,off-website,sculpted-hydralip-blush
/p/voduz-complete-it-nourishing-hair-treatment-/5060907052989,/products/voduz-complete-it-nourishing-hair-treatment,barcode,
/p/motilium-fastmelts-10pk/3574660419566,/products/motilium-fastmelts-10pk,barcode,
/p/active-iron-advance-30pk/754590446600,/collections/active-iron,off-website,active-iron-advance-30pk
/p/mam-original-night-0-months-light-purple_light-pink-stars/900161690829300,/products/mam-original-night-0-months-light-purple-light-pink-stars,title-fuzzy,closest: Mam Original Night 0+ Months (Light Purple/Light Pink Stars)
/p/seaband-hay-band-acupressure-band-1pk/5015259006975,/products/seaband-hay-band-acupressure-band-1pk,barcode,
/p/symprove-on-the-go-strawberry-and-raspberry-7-x-70ml/5060221910392,/products/symprove-on-the-go-strawberry-raspberry-7-x-70ml,barcode,
/p/eucerin-calming-urea-scalp-treatment-/4005800036712,/products/eucerin-calming-urea-scalp-treatment,barcode,
/p/voduz-root-reviver-blonde-75ml/voduzrootblonde,/products/voduz-root-reviver-blonde-75ml,title,
/p/vitabiotics-jointace-chondroitin-and-glucosamine-30pk-orange/5021265222407,/products/vitabiotics-jointace-chondroitin-glucosamine-30pk-orange,barcode,
/p/jakemans-100g-bag-throat-and-chest/5030104001202,/products/jakemans-100g-bag-throat-chest,barcode,
/p/piz-buin-allergy-sun-sensitive-skin-lotion-spf-30-200ml/3574661465043,/products/piz-buin-allergy-sun-sensitive-skin-lotion-spf-30-200ml,barcode,
/p/fleaway-plus-cat/5099299224940,/products/fleaway-plus-cat,barcode,
/p/bperfect-indestructibrow-dark-brown-pomade/793618273668,/products/bperfect-indestructi-brow-dark-brown-pomade,barcode,
/p/valentines-day-8-piece-pamper-box/5391018006098,/products/valentines-day-8-piece-pamper-box,barcode,
/p/the-belle-brush-scalp-brush/5391532760100,/products/the-belle-brush-scalp-brush,barcode,
/p/otrivine-adult-nasal-drops-10ml/5012131646809,/products/otrivine-adult-nasal-drops-10ml,barcode,
/p/bperfect-tan-studio-self-tanning-body-butter-dark-200ml/5061045653731,/products/bperfect-tan-studio-self-tanning-body-butter-dark-200ml,barcode,
/p/anhydrol-forte-60ml/5016379105005,/products/anhydrol-forte-60ml,barcode,
/p/centrum-women-50-30pk/5000309008221,/products/centrum-women-50-30pk,barcode,
/p/calpol-vapour-plug-and-nightlight/3574661369020,/products/calpol-vapour-plug-nightlight,barcode,
/p/uriage-gentle-jelly-face-scrub-50ml/3661434006494,/products/uriage-gentle-jelly-face-scrub-50ml,barcode,
/p/beeline-evening-primrose-oil/5099442002302,/products/beeline-evening-primrose-oil,barcode,
/p/eylure-brow-dye-light-brown/61923200349,/products/eylure-brow-dye-light-brown,title,
/p/anadin-tabs-12pk/5054563245441,/products/anadin-tabs-12pk,barcode,
/p/paco-robanne-phantom-50ml-edt-spr/3349668582365,/products/paco-robanne-phantom-50ml-edt-spr,barcode,
/p/voduz-hold-tight-styling-clips-/5060806564217,/products/voduz-hold-tight-styling-clips,barcode,
/p/hismile--v34-colour-corrector-teeth-brightening-serum--30ml/0744109218965,/products/hismile-v34-colour-corrector-teeth-brightening-serum-30ml,barcode,
/p/armani-code-mens-50ml-edt-spr/3360372100515,/products/armani-code-mens-50ml-edt-spr,barcode,
/p/luna-by-lisa-airbrush-touch-nude/ac1547896,/products/luna-by-lisa-airbrush-touch-nude,title,
/p/panadol-extra-12pk/5011080139202,/products/panadol-extra-12pk,barcode,
/p/jan-de-vires-concentration-essence/7610313807529,/products/jan-de-vires-concentration-essence,barcode,
/p/luna-by-lisa-weekly-detox-shampoo-300ml/5391532521299,/products/luna-by-lisa-weekly-detox-shampoo-300ml,barcode,
/p/the-cheek-liquid-blush-cherub/5060907052521,/products/the-cheek-liquid-blush-cherub,barcode,
/p/ferrograd-c-tablets-325mg-_-500g/5013158773080,/products/ferrograd-c-tablets-325mg-500g,barcode,
/p/azio-beauty-intense-firming-face-serum/5070000552606,/products/azio-beauty-intense-firming-face-serum,barcode,
/p/mam-start-pure-soothers-0-2-months-assorted/9001616829413,/products/mam-start-pure-soothers-0-2-months-assorted,barcode,
/p/sudocrem-tube-30g/53996671,/products/sudocrem-tube-30g,barcode,
/p/mam-air-12-months-white_blue-fox/900161671022300,/collections/baby-accessories,parent-category,
/p/bepanthen-tattoo-intense-care-ointment-/5010605401329,/products/bepanthen-tattoo-intense-care-ointment,barcode,
/p/homme-allure-sport-spray-deodorant-100ml/3145891239300,/products/homme-allure-sport-spray-deodorant-100ml,barcode,
/p/uriage-bariesun-silky-lotion-spf-50/3661434009846,/products/uriage-bariesun-silky-lotion-spf-50,barcode,
/p/optibac-babies-and-children-0-12-years-30-sachets/506008661028,/products/optibac-babies-children-0-12-years-30-sachets,title,
/p/jimmy-choo-i-want-choo-60ml-2pc-gift-set/3386460139854,/products/jimmy-choo-i-want-choo-60ml-2pc-gift-set,barcode,
/p/dr-teals-pure-epsom-salt-post-workout/811068013648,/products/dr-teals-pure-epsom-salt-post-workout,barcode,
/p/bperfect-10-second-tan-bronze-boost-instant-tan-gel---medium_dark/5060938587016,/products/bperfect-10-second-tan-bronze-boost-instant-tan-gel-medium-dark,barcode,
/p/ella-and-jo-squeaky-clean-brush-cleaner-200ml/5392000150300,/products/ella-jo-squeaky-clean-brush-cleaner-200ml,barcode,
/p/wild-fresh-cotton-and-sea-salt-mens-refill/506500399070,/products/wild-fresh-cotton-sea-salt-mens-refill,title,
/p/vivio-junior-multi-vit-tonic-250ml/5099627377393,/collections/children-vitamins,off-website,vivio-junior-multi-vit-tonic-250ml
/p/night-nurse-liquid-160ml-gsk/5000347071249,/products/night-nurse-liquid-160ml-gsk,barcode,
/p/biabelle-bronze-obsession-instant-tan--medium/biabelle3,/products/biabelle-bronze-obsession-instant-tan-medium,title-fuzzy,closest: Biabelle Bronze Obsession Instant Tan- Medium
/p/easofen-child-6y-200ml-strawberry/5099562205508,/products/easofen-child-6y-200ml-strawberry,barcode,
/p/uriage-eau-thermale-water-sleeping-mask-50ml/3661434005503,/products/uriage-eau-thermale-water-sleeping-mask-50ml,barcode,
/p/uriage-baby-1st-moisturizing-milk/3661434008610,/products/uriage-baby-1st-moisturizing-milk,barcode,
/p/biotene-oral-balance-gel-50g/5000347039386,/products/biotene-oral-balance-gel-50g,barcode,
/p/sculpted-prime-eyes-cream-shadow-sticks--tan-topaz/0754590489294,/products/sculpted-prime-eyes-cream-shadow-sticks-tan-topaz,barcode,
/p/cali-coast-golden-hour/5060298554574,/products/cali-coast-golden-hour,barcode,
/p/gillette-fusion-blades-4pk/7702018851294,/products/gillette-fusion-blades-4pk,barcode,
/p/luna-by-lisa-volume-shampoo/5391532528366,/products/luna-by-lisa-volume-shampoo,barcode,
/p/nurofen-child-oral-suspension-strawberry-w_-syringe-150ml/5000158067257,/products/nurofen-child-oral-suspension-strawberry-w-syringe-150ml,barcode,
/p/uriage-cleansing-cream-200ml/3661434008795,/products/uriage-cleansing-cream-200ml,barcode,
/p/jakemans-100g-bag-blackcurrant-and-menthol/5030104004654,/products/jakemans-100g-bag-blackcurrant-menthol,barcode,
/p/lyclear-treatment-shampoo-200ml/5012616291401,/products/lyclear-treatment-shampoo-200ml,barcode,
/p/2-piece-ladies-set-floral-explosion/6294015163803,/products/2-piece-ladies-set-floral-explosion,barcode,
/p/nasacort-allergy-nasal-spray/5000283660002,/products/nasacort-allergy-nasal-spray,barcode,
/p/skingredients-skin-good-fats-ultra-hydrating-ceramide-moisturiser-primary-45ml-/634240001710,/products/skingredients-skin-good-fats-ultra-hydrating-ceramide-moisturiser-primary-45ml,barcode,
/p/radox-bath-500ml-muscle-soak/5000231050831,/products/radox-bath-500ml-muscle-soak,barcode,
/p/spotlight-oral-care---kit-for-sensitive-teeth/5391531561418,/products/spotlight-oral-care-kit-for-sensitive-teeth,barcode,
/p/gosh-beige-rabbit-softie-30cm-/5098858163270,/products/gosh-beige-rabbit-softie-30cm,barcode,
/p/panadol-ets-tabs-24pk/5098802500137,/products/panadol-ets-tabs-24pk,barcode,
/p/chloe-new-signature-ladies-50ml-edp-spr/3607346232347,/products/chloe-new-signature-ladies-50ml-edp-spr,barcode,
/p/stugeron-tabs-15pk/5099467000390,/products/stugeron-tabs-15pk,barcode,
/p/optibac-pb-everyday-caps-30pk/5060086610079,/products/optibac-pb-everyday-caps-30pk,barcode,
/p/armani-si-ladies-30ml-edp/3605521816511,/products/armani-si-ladies-30ml-edp,barcode,
/p/carnation-bunion-pads-4pk/5012654143021,/products/carnation-bunion-pads-4pk,barcode,
/p/nurofen-sinus-and-pain-24pk/5000158105577,/products/nurofen-sinus-pain-24pk,barcode,
/p/revive-active-zest-7pk/735850866857,/products/revive-active-zest-7pk,barcode,
/p/ov-cotton-gloves-medium/5098928122688,/products/ov-cotton-gloves-medium,barcode,
/p/biodance-collagen-gel-toner-pads-60s/8809937361190,/products/biodance-collagen-gel-toner-pads-60s,barcode,
/p/alfaparf-semi-di-lino-moisture-nutritive-mask-200ml/alfpink2,/products/alfaparf-semi-di-lino-moisture-nutritive-mask-200ml,title,
/p/sculpted-brighten-up-concealer-golden/794712143093,/products/sculpted-brighten-up-concealer-golden,barcode,
/p/kin-care-gel-15ml-apthous-ulcers/8436026212103,/products/kin-care-gel-15ml-apthous-ulcers,barcode,
/p/dove-men--care-bodywash-sport/8710522394830,/products/dove-men-care-bodywash-sport,barcode,
/p/nurofen-child-oral-suspension-orange-w_-syringe-150ml/5000158067011,/products/nurofen-child-oral-suspension-orange-w-syringe-150ml,barcode,
/p/spotlight-toothpaste-for-gum-health-100ml/5391531560350,/products/spotlight-toothpaste-for-gum-health-100ml,barcode,
/p/sculpted-complete-cover-up-25-fair-plus/794712143277,/products/sculpted-complete-cover-up-2-5-fair-plus,barcode,
/p/bio-kult-caps-60pk/5027314502629,/products/bio-kult-caps-60pk,barcode,
/p/sensodyne-toothpaste-75ml/5000347080685,/products/sensodyne-toothpaste-75ml,barcode,
/p/carnation-gel-toe-separators-2pk/5012654200632,/products/carnation-gel-toe-separators-2pk,barcode,
/p/bperfect-mrs-glam-sunset-glow-disco-diva-cream-blush/5061045650907,/products/bperfect-mrs-glam-sunset-glow-disco-diva-cream-blush,barcode,
/p/lil-critters-gummy-vites-multi-vitamin-and-mineral-formula-70pk/2791701757,/products/l-il-critters-gummy-vites-multi-vitamin-mineral-formula-70pk,title,
/p/epaderm-ointment-500g/5055158003248,/products/epaderm-ointment-500g,barcode,
/p/bperfect-10-second-strawberry-dark-lotion/793591864471,/products/bperfect-10-second-strawberry-dark-lotion,barcode,
/p/floradix-kindervital-250ml/4004148057069,/products/floradix-kindervital-250ml,barcode,
/p/voduz-blow-out-pro-hairdryer-/5060806564057,/products/voduz-blow-out-pro-hairdryer,barcode,
/p/nicorette-quickmist-1mg-2pk/3574661147000,/products/nicorette-quickmist-1mg-2pk,barcode,
/p/boss-the-scent-ladies-50ml-edp-spray/8005610298894,/products/boss-the-scent-ladies-50ml-edp-spray,barcode,
/p/wild-green-case-mint-and-aloe-vera-mens-starter-pack/50650003990685,/products/wild-green-case-mint-aloe-vera-mens-starter-pack,title,
/p/wild-jasmine-starter-pack-with-refill-mix-1/wild8mix,/products/wild-jasmine-starter-pack-with-refill-mix-1,title,
/p/snoreeze-oral-strips-14pk/5035883004314,/products/sreeze-oral-strips-14pk,barcode,
/p/voltarol-1-100g/5391511116355,/products/voltarol-1-100g,barcode,
/p/jan-de-vries-child-essence-30ml/7610313807512,/products/jan-de-vries-child-essence-30ml,barcode,
/p/fusion-5-gift-set/8700216534048,/products/fusion-5-gift-set,barcode,
/p/awaken-collection-and-reed-diffuser/8720181653162,/products/awaken-collection-and-reed-diffuser,barcode,
/p/nurofen-child-oral-susp-3-orange-w_-spoon-100ml/5000158067288,/products/nurofen-child-oral-susp-3-orange-w-spoon-100m,barcode,
/p/bbold-instant-airbrush-dark-75ml-/5060298554444,/products/bbold-instant-airbrush-medium-dark-75ml,barcode,
/p/eskimo-oil-eskimo-brain-3-6-9-210ml/7391325933337,/products/eskimo-oil-eskimo-brain-3-6-9-210ml,barcode,
/p/centrum-men-30pk/5000309008184,/products/centrum-men-30pk,barcode,
/p/bperfect-ekin-su-radiant-blush-turkish-delight/5061007282597,/products/bperfect-ekin-su-radiant-blush-turkish-delight,barcode,
/p/jandj-cotton-buds-200pk/5000207584506,/products/j-j-cotton-buds-200pk,barcode,
/p/sona-s02a-beta-carotene-caps-60pk/5390612000204,/products/sona-s02a-beta-carotene-caps-60pk,barcode,
/p/solgar-b-complex-50-caps-50pk/033984011205,/products/solgar-b-complex-50-caps-50pk,barcode,
/p/calpol-infant-syringe-60ml-strawberry-susp/3574661149295,/products/calpol-infant-syringe-60ml-strawberry-susp,barcode,
/p/neilmed-starter-kit-bottle-15-sachets/705928003101,/products/neilmed-starter-kit-bottle-15-sachets,barcode,
/p/buttercup-broncho-stop-cough-syrup-200ml/5012616262661,/products/buttercup-broncho-stop-cough-syrup-200ml,barcode,
/p/solgar-megasorb-vit-b-comp-50s/033984017504,/products/solgar-megasorb-vit-b-comp-50-s,barcode,
/p/solgar-chromium-picolinate-tabs-100ug/033984013650,/products/solgar-chromium-picolinate-tabs-100ug,barcode,
/p/brupro-ibuprofen-200mg-tabs-24pk/5390387373107,/products/brupro-ibuprofen-200mg-tabs-24pk,barcode,
/p/got2b-glued-blasting-freeze-hairspray-300ml/5012583105091,/products/got2b-glued-blasting-freeze-hairspray-300ml,barcode,
/p/loral-paris-elvive-bond-repair-shampoo-200ml/3600524074661,/products/l-or-al-paris-elvive-bond-repair-shampoo-200ml,barcode,
/p/mam-fun-to-drink-cup-night-8-months-girl/9001616716157,/products/mam-fun-to-drink-cup-night-8-months-girl,barcode,
/p/sudafed-non-drowsy-tablets-12pk/5010123667696,/products/sudafed-n-d-tabs-12pk,barcode,
/p/the-handmade-soap-company-lemongrass-and-cedarwood-hand-lotion-250ml/5391520236099,/products/the-handmade-soap-company-lemongrass-cedarwood-hand-lotion-250ml,barcode,
/p/revive-active-original-7pk/619613834690,/products/revive-active-original-7pk,barcode,
/p/voltarol-2-extra-strength-gel-30g/5054563014252,/products/voltarol-2-extra-strength-gel-30g,barcode,
/p/kwells-12pk-travel-sickness-tabs/5010605242014,/products/kwells-12pk-travel-sickness-tabs,barcode,
/p/deep-heat-cream-67g/5011501040919,/products/deep-heat-cream-67g,barcode,
/p/mam-easy-start-anti-colic-2months-light-pink-/90016166699341,/products/mam-easy-start-anti-colic-2-months-light-pink,title-fuzzy,closest: Mam Easy Start Anti Colic 2+Months Light Pink
/p/calpol-6-fastmelts-12pk/3574661665245,/collections/calpol,off-website,calpol-6-fastmelts-12pk
/p/nicorette-cools-4mg-loz-80pk/3574661146089,/products/nicorette-cools-4mg-loz-80pk,barcode,
/p/nivea-dly-ess-gentle-cleansing-cream-wash-dry_sens-skin-150ml/4005808668847,/products/nivea-dly-ess-gentle-cleansing-cream-wash-dry-sens-skin-150ml,barcode,
/p/elave-bodywash-250ml/5098928121438,/products/elave-bodywash-250ml,barcode,
/p/ck-euphoria-ladies-30ml-edp-spr-/088300162567,/products/ck-euphoria-ladies-30ml-edp-spr,barcode,
/p/viscolex-syrup-250ml/5099186000336,/products/viscolex-syrup-250ml,barcode,
/p/solgar-omega-3-double-strength-softgels-30pk/033984020504,/products/solgar-omega-3-double-strength-softgels-30pk,barcode,
/p/indestructibrow-pencil-ash-brown/5060806560653,/products/indestructi-brow-pencil-ash-brown,barcode,
/p/wild-coconut-starter-pack-with-refill-mix-6/wild19mix,/products/wild-coconut-starter-pack-with-refill-mix-6,title,
/p/drink-spike-test-/0754590783804,/products/drink-spike-test,barcode,
/p/active-iron-caps-30pk/797776159482,/products/active-iron-caps-30pk,barcode,
/p/clearblue-digital-1pk-pregnancy-test/4084500477360,/products/clearblue-digital-1pk-pregnancy-test,barcode,
/p/panadol-extra-24pk/5011080139196,/products/panadol-extra-24pk,barcode,
/p/ogam-lavender-10ml/5390600001138,/products/ogam-lavender-10ml,barcode,
/p/cleanse-duo/8720181655005,/products/cleanse-duo,barcode,
/p/glow-hub-skin-drink-hydrating-set-/5019607257255,/products/glow-hub-skin-drink-hydrating-set,barcode,
/p/midnight-gaze/5391545561978 x,/products/midnight-gaze,title,
/p/lacabine-vitamin-c-amp-2ml/8435534405762,/products/lacabine-vitamin-c-amp-2ml,barcode,
/p/revive-active-6-month-supply--180-sachets/5391517512177,/products/revive-active-6-month-supply-180-sachets,title-fuzzy,closest: Revive Active 6 Month Supply -180 Sachets
/p/luna-filter-finish-silk-foundation---rich-plus/lunarichplussilk,/products/luna-filter-finish-silk-foundation-rich-plus,title-fuzzy,closest: Luna Filter Finish Silk Foundation - Rich Plus
/p/lerelle-beauty-lashes2love-lash-growth-serum-/5907573418681,/collections/eyes,off-website,lerelle-beauty-lashes2love-lash-growth-serum
/p/the-heritage-collection---pure-hyaluronic-serum-15ml/840202281094,/products/the-heritage-collection-pure-hyaluronic-serum-15ml,barcode,
/p/childs-farm-conditioner-250ml-strawbery/5029066007186,/products/childs-farm-conditioner-250ml-strawbery,barcode,
/p/creme-gommante-corps-200ml/3661434006234,/products/creme-gommante-corps-200ml,barcode,
/p/cetrine-allergy-cetirizine-7pk-/5390387082016,/products/cetrine-allergy-cetirizine-7pk,barcode,
/p/sculpted-brighten-up-concealer-vanilla/794712143000,/products/sculpted-brighten-up-concealer-vanilla,barcode,
/p/chroma-cover-luminous-foundation---w2/5060907056185,/products/chroma-cover-luminous-foundation-w2,barcode,
/p/ck-one-200ml-edt-spr/088300107438,/products/ck-one-200ml-edt-spr,barcode,
/p/solgar-evening-primrose-oil-1300mgs/033984010567,/products/solgar-evening-primrose-oil-1300mgs,barcode,
/p/medicare-fabric-long-finger-plaster/5099390415988,/products/medicare-fabric-long-finger-plaster,barcode,
/p/mam-clip-double-set-0months-blue/9001616205231,/products/mam-clip-double-set-0-months-blue,barcode,
/p/clearblue-plus-1pk-pregnancy-test/4084500477520,/products/clearblue-plus-1pk-pregnancy-test,barcode,
/p/luna-filter-finish-naturally-matte-foundation---tan/lunamattetan,/products/luna-filter-finish-naturally-matte-foundation-tan,title-fuzzy,closest: Luna Filter Finish Naturally Matte Foundation - Tan
/p/jenny-glow-madame-30ml/6294015136241,/products/jenny-glow-madame-30ml,barcode,
/p/deep-heat-massage-roll-on-lotion-50ml/5011501013739,/products/deep-heat-massage-roll-on-lotion-50ml,barcode,
/p/beeline-effervescent-vit-c/5099442002326,/products/beeline-effervescent-vit-c,barcode,
/p/oral-b-satin-floss-mint-25m/5010622017947,/products/oral-b-satin-floss-mint-25m,barcode,
/p/dulcosoft-oral-solution-250ml-by-dulcolax/5000283659112,/products/dulcosoft-oral-solution-250ml-by-dulcolax,barcode,
/p/celtic-can-diffuser-blk-pom/5038871056562,/products/celtic-can-diffuser-blk-pom,barcode,
/p/murine-irritation-and-redness-eye-drops-10ml/5060018880204,/products/murine-irritation-redness-eye-drops-10ml,barcode,
/p/uriage-bariesun-invisible-spray-50/3661434008405,/products/uriage-bariesun-invisible-spray-50,barcode,
/p/voduz-conquer-it-re-energising-scalp-treatment-150ml/voduzconquer1,/products/voduz-conquer-it-re-energising-scalp-treatment-150ml,title,
/p/sculpted-complete-cover-up-20-fair/794712143246,/products/sculpted-complete-cover-up-2-0-fair,barcode,
/p/jakemans-100g-bag-honey-and-lemon/5030104001233,/products/jakemans-100g-bag-honey-lemon,barcode,
/p/nurofen-cold-and-flu-tabs-24pk/5391511112654,/products/nurofen-cold-and-flu-tabs-24pk,barcode,
/p/revive-active-collagen-complex-3-month-supply-90-sachets/05391546180406,/products/revive-active-collagen-complex-3-month-supply-90-sachets,barcode,
/p/solgar-prenatal-nutrients-tablets-60pk/033984022713,/products/solgar-prenatal-nutrients-tablets-60pk,barcode,
/p/tena-men-discreet-level-one-12pk/7322540426335,/products/tena-men-rmal-level-one-12pk,barcode,
/p/mycosan-athletes-foot-gel/8718309701253,/products/mycosan-athletes-foot-gel,barcode,
/p/bperfect-mrs-glam-snatch-stick-sunset-03-medium-tan/5060938588969,/products/bperfect-mrs-glam-snatch-stick-sunset-03-medium-tan,barcode,
/p/ck-eternity-ladies-50ml-3pc-gift-set/3616304678325,/products/ck-eternity-ladies-50ml-3pc-gift-set,barcode,
/p/sculpted-by-aimee-line-and-shine-duo-buff/0796548511121,/products/sculpted-by-aimee-line-shine-duo-buff,barcode,
/p/palmers-cocoa-butter-lotion-250ml/010181041808,/products/palmers-cocoa-butter-lotion-250ml,barcode,
/p/sumatran-relief-50mg-2pk/5390387300202,/products/sumatran-relief-50mg-2pk,barcode,
/p/nurofen-tablets-200mg-12pk/5000158102248,/products/nurofen-tablets-12pk,barcode,
/p/solgar-advanced-acidophilus-plus-60-tabs/033984007505,/products/solgar-advanced-acidophilus-plus-60-tabs,barcode,
/p/svr-topialyse-palpebral-cream-15ml/3401060256340,/products/svr-topialyse-palpebral-cream-15ml,barcode,
/p/disprin-tablets-12pk/5000158060012,/products/disprin-tablets-12pk,barcode,
/p/preparation-h-gel-50g/5000309005589,/products/preparation-h-gel-50g,barcode,
/p/garnier-ultimate-blends-smoothing-hair-food-coconut-and-macadamia-conditioner--/3600542342810,/products/garnier-ultimate-blends-smoothing-hair-food-coconut-macadamia-conditioner,barcode,
/p/king-hair-and-beauty-bye-bye-baby-hairs-wand/796554770000,/products/king-hair-beauty-bye-bye-baby-hairs-wand,barcode,
/p/marc-jacobs-daisy-50ml-edt-spray/031655513027,/products/marc-jacobs-daisy-50ml-edt-spray,barcode,
/p/sculpted-satin-silk-longwear-concealer--sand/satinconsand,/products/sculpted-satin-silk-longwear-concealer-sand,title-fuzzy,closest: Sculpted Satin Silk Longwear Concealer- Sand
/p/steradent-pro-extr-strength-tablets-30p/5011417545652,/products/steradent-pro-extr-strength-tablets-30p,barcode,
/p/dr--squatch-coastal-mist-soap-bar-141g/810095594274,/collections/mens-grooming,off-website,dr-squatch-coastal-mist-soap-bar-141g
/p/udos-choice-adult-blend-mb-30pk/5060102301851,/products/udo-s-choice-adult-blend-mb-30pk,barcode,
/p/cl-ear-ear-relief-drops-/5060133376255,/products/cl-ear-ear-relief-drops,barcode,
/p/uriage-dsregulating-foaming-gel-150ml/3661434000089,/products/uriage-d-s-regulating-foaming-gel-150ml,barcode,
/p/uriage-bebe-1st-cleansing-water-500ml/3661434008719,/products/uriage-bebe-1st-cleansing-water-500ml,barcode,
/p/ov-paraffin-gel-500g/5098928121629,/products/ov-paraffin-gel-500g,barcode,
/p/wild-jasmine-starter-pack-with-refill-mix-5/wild16mix,/products/wild-jasmine-starter-pack-with-refill-mix-5,title,
/p/lecithin-granules-250g/5029354000028,/products/lecithin-granules-250g,barcode,
/p/solgar-potassium-100tabs/033984022607,/products/solgar-potassium-100tabs,barcode,
/p/luna-by-lisa-lip-balm-and-scrub-duo/56789616525,/products/luna-by-lisa-jordan-lip-balm-scrub-duo,title-fuzzy,closest: Luna By Lisa Jordan Lip Balm & Scrub Duo
/p/floradix-floravital-liquid-250ml/4004148017179,/products/floradix-floravital-liquid-250ml,barcode,
/p/declar-soft-cleansing-tonifying-lotion-400ml/9007867005187,/products/declar-soft-cleansing-tonifying-lotion-400ml,barcode,
/p/chroma-liquid-concealer-c3/5060907054631,/products/chroma-liquid-concealer-c3,barcode,
/p/chroma-cover-matte-foundation---w3/5060907055850,/products/chroma-cover-matte-foundation-w3,barcode,
/p/unicorn-magic-soap-sponge/5055071798917,/products/unicorn-magic-soap-sponge,barcode,
/p/mam-original-night-6-months-blue_white-moon/900161620386200,/products/mam-original-night-6-months,title-fuzzy,closest: Mam Original Night 6+Months
/p/sculpted-perfect-prep-edit-/sculptedtrio2,/collections/bundles,parent-category,
/p/sculpted-body-base-light-shimmer/0754590721516,/products/sculpted-body-base-light-shimmer,barcode,
/p/medicare-waterproof-strip-6cm-x-1m/5099390413588,/products/medicare-waterproof-strip-6cm-x-1m,barcode,
/p/voduz-roil-hydrating-hair-oil/793591864532,/products/voduz-r-oil-hydrating-hair-oil,barcode,
/p/annalivia-lip-library-tinted-lip-oil-sweety/5061045655520,/products/annalivia-lip-library-tinted-lip-oil-sweety,barcode,
/p/shape-stick-bronze-and-define-swirl/5060806561179,/products/shape-stick-bronze-define-swirl,barcode,
/p/sculpted-cream-cushion-foundation-4n/5391548381627,/products/sculpted-cream-cushion-foundation-4n,barcode,
/p/eucerin-10-urea-lotion-/6001051001606,/products/eucerin-10-urea-lotion,barcode,
/p/unisex-festival-essentials-bundle-/743485657575858,/products/unisex-festival-essentials-bundle,title-fuzzy,closest: Unisex Festival Essentials Bundle
/p/corsodyl-50g-dental-gel/5000347070761,/products/corsodyl-50g-dental-gel,barcode,
/p/dlux-junior-vitamin-d-oral-spray-15ml/96170823,/products/dlux-junior-vitamin-d-oral-spray-15ml,barcode,
/p/biabelle---the-blur-brush/biabelle11,/products/biabelle-the-blur-brush,title-fuzzy,closest: Biabelle - The Blur Brush
/p/wild-fresh-cotton-and-sea-salt-deodorant-refill-43g/wild5,/products/wild-fresh-cotton-sea-salt-deodorant-refill-43g,title,
/p/trilogy-hydrating-mist-toner/9421017760052,/products/trilogy-hydrating-mist-toner,barcode,
/p/medi-tubular-gauze-with-applicat/5099390410228,/products/medi-tubular-gauze-with-applicat,barcode,
/p/full-impact-complete-coverage-concealer-shade-md1/5060907054839,/products/full-impact-complete-coverage-concealer-shade-md1,barcode,
/p/medicare-wart-and-verruca-removal-pen-/5099390416954,/products/medicare-wart-verruca-removal-pen,barcode,
/p/garnier-ultimate-blends-smoothing-hair-food-coconut-and-macadamia-shampoo/3600542342858,/products/garnier-ultimate-blends-smoothing-hair-food-coconut-macadamia-shampoo,barcode,
/p/lacabine-anti-aging-reviving-elixar-amp-2ml/8435534405793,/products/lacabine-anti-aging-reviving-elixar-amp-2ml,barcode,
/p/waxperts-beautiful-body-oil-/21542515912,/products/waxperts-beautiful-body-oil,title-fuzzy,closest: Waxperts Beautiful Body Oil
/p/pharmanord-jointcare-60pk/5709976464308,/products/pharmanord-jointcare-60pk,barcode,
/p/ck-euphoria-ladies-100ml-edp-spr/088300162505,/products/ck-euphoria-ladies-100ml-edp-spr,barcode,
/p/clarityn-tabs-loratadine-7pk/5010605240010,/products/clarityn-tabs-loratadine-7pk,barcode,
/p/luna-filter-finish-silk-foundation---rich/lunarichsilk,/products/luna-filter-finish-silk-foundation-rich,title-fuzzy,closest: Luna Filter Finish Silk Foundation - Rich
/p/emazole-20mg-tablets-14pk/5390387330223,/products/emazole-20mg-tablets-14pk,barcode,
/p/2-piece-ladies-set-adoor/6294015186407,/products/2-piece-ladies-set-adoor,title,
/p/new-nordic-apple-cider-720mg-high-strength-60pk/5021807447220,/products/new-rdic-apple-cider-720mg-high-strength-60pk,barcode,
/p/sculpted-by-aimee-my-mascara-ultra-black-/0794712794394,/products/sculpted-by-aimee-my-mascara-ultra-black,barcode,
/p/perfection-primer-bronze-glow/5060907052477,/products/perfection-primer-bronze-glow,barcode,
/p/bperfect-chroma-cover-luminous-foundation---w5/chromaluminousw5,/collections/bperfect,off-website,bperfect-chroma-cover-luminous-foundation-w5
/p/dulcolax-tabs-40pk/5012917020397,/products/dulcolax-tabs-40pk,barcode,
/p/uriage-eau-thermale-light-water-cream-40ml/3661434005008,/products/uriage-eau-thermale-light-water-cream-40ml,barcode,
/p/indestructibrow-pencil-irid-brown/793591326788,/products/indestructi-brow-pencil-irid-brown,barcode,
/p/chroma-cover-luminous-foundation---n2/5060907056178,/products/chroma-cover-luminous-foundation-n2,barcode,
/p/uriage-xemose-soothing-eye-contour-care-15ml/3661434007903,/products/uriage-xemose-soothing-eye-contour-care-15ml,barcode,
/p/vitabiotics-wellteen-her-13-19-years/5021265247318,/products/vitabiotics-wellteen-her-13-19-years,barcode,
/p/wild-lemon-basil-and-blood-orange-refillable-natural-deodorant/5060968411664,/products/wild-lemon-basil-blood-orange-refillable-natural-deodorant,barcode,
/p/treat-yo-self-funky-fizz-100g-grab-n-go-pouch/tys100gfff,/products/treat-yo-self-funky-fizz-100g-grab-n-go-pouch,title,
/p/uriage-keratosane-30--gel-treatment-for-callused-skin-75ml/3661434000836,/products/uriage-keratosane-30-gel-treatment-for-callused-skin-75ml,barcode,
/p/mam-easy-start-anti-colic-0months-/901616620058,/products/mam-easy-start-anti-colic-0-months,title-fuzzy,closest: Mam Easy Start Anti-Colic 0+Months
/p/jenny-glow-3-piece-ladies-set-her-way/6295199805879,/products/jenny-glow-3-piece-ladies-set-her-way,barcode,
/p/mam-original-night-6-months-baby-pink_-white/90016162038620000,/products/mam-original-night-6-months-baby-pink-white,title-fuzzy,closest: Mam Original Night 6+ Months (Baby Pink/ White)
/p/duracell-hearing-aid-13-orange/96077566,/products/duracell-hearing-aid-da13-orange,barcode,
/p/jenny-glow-2-piece-ladies-set-just-klo/6294015174557,/products/jenny-glow-2-piece-ladies-set-just-klo,barcode,
/p/berocca-orange-15pk-eff/5010605152085,/products/berocca-orange-15pk-eff,barcode,
/p/the-handmade-soap-company-bitter-orange-and-pink-pepper-hand-cream-30ml-/5391520236419,/products/the-handmade-soap-company-bitter-orange-pink-pepper-hand-cream-30ml,barcode,
/p/solgar-coq10-vegetarian-120mg-30-pk/033984009240,/products/solgar-coq10-vegetarian-120mg-30-pk,barcode,
/p/tommee-tippee-essential-baby-sissors-0m-1pk/5010415330444,/products/tommee-tippee-essential-baby-sissors-0m-1pk,barcode,
/p/sculpted-lip-duo-undressed--naked/794712143499,/products/sculpted-lip-duo-undressed-naked,barcode,
/p/svr-sensifine-hydra-creme-40ml-/3662361001842,/products/svr-sensifine-hydra-creme-40ml,barcode,
/p/biabelle-instant-bundle-with-blur-brush--ultra-dark/biabelle42,/products/biabelle-instant-bundle-with-blur-brush-ultra-dark,title-fuzzy,closest: Biabelle Instant Bundle With Blur Brush- Ultra Dark
/p/bloom-and-blossom-baby-pillow-spray-75ml/5060193641539,/products/bloom-and-blossom-baby-pillow-spray-75ml,barcode,
/p/uriage-roseliane-anti-redness-masque-40ml/3661434003424,/products/uriage-roseliane-anti-redness-masque-40ml,barcode,
/p/chanel-chance-eau-de-parfum-100ml/3145891265200,/products/chanel-chance-eau-de-parfum-100ml,barcode,
/p/yardley-english-lavender-collection/5056179308015,/products/yardley-english-lavender-collection,barcode,
/p/declar-hydro-balance-bb-cream-spf-30-50ml/9007867007099,/products/declar-hydro-balance-bb-cream-spf-30-50ml,barcode,
/p/complan-strawberry-4-x-55g-pk/4008976682080,/products/complan-strawberry-4-x-55g-pk,barcode,
/p/tena-lady-discreet-mini-20pk/7322540853377,/products/tena-lady-discreet-mini-20pk,barcode,
/p/luna-by-lisa-blusher---pink-petal/5391532521664,/products/luna-by-lisa-blusher-pink-petal,barcode,
/p/zirtek-oral-solution-1mg_ml-200ml/5015313013574,/products/zirtek-oral-solution-1mg-ml-200ml,barcode,
/p/uriage-baby-1st-shampoo/3661434008627,/products/uriage-baby-1st-shampoo,barcode,
/p/luna-by-lisa-pencil-brush/5391532521237,/products/luna-by-lisa-pencil-brush,barcode,
/p/sheet-mask-collection/8720181703799,/products/sheet-mask-collection,barcode,
/p/lacoste-red-eau-de-toilette-125ml/3616302931781,/products/lacoste-red-eau-de-toilette-125ml,barcode,
/p/just-for-men-hair-light-brown-110g/5010934001795,/products/just-for-men-hair-light-brown-110g,barcode,
/p/arret-2mg-hard-capsules-12pk/5099467000758,/products/arret-2mg-hard-capsules-12pk,barcode,
/p/solgar-niacin-b3-500mg-100-caps/033984018518,/products/solgar-niacin-b3-500mg-100-caps,barcode,
/p/mccormacks-pharmacy-e-gift-card-20/giftcard20,/products/mccormacks-pharmacy-e-gift-card-20,title,
/p/ck-eternity-mens-100ml-edt-spr/088300105519,/products/ck-eternity-mens-100ml-edt-spr,barcode,
/p/proceive-women-fertility-supplement-28-caps/5392000077232,/products/proceive-women-fertility-supplement-28-caps,barcode,
/p/revive-active-mastermind-30pk/797776114726,/products/revive-active-mastermind-30pk,barcode,
/p/canesten-combi-500mg-gel-pessary-and-2-cream-10g/5010605054068,/collections/canesten,off-website,canesten-combi-500mg-gel-pessary-2-cream-10g
/p/bperfect-chroma-cover-matte-foundation---w6/chromaw6,/products/bperfect-chroma-cover-matte-foundation-w6,title-fuzzy,closest: Bperfect Chroma Cover Matte Foundation - W6
/p/new-nordic-apple-cider-mega-1000mg-tabs-30pk/5021807447800,/products/new-nordic-apple-cider-mega-1000mg-tabs-30pk,barcode,
/p/wild-cotton-starter-pack-with-refill-mix-3/wild14mix,/products/wild-cotton-starter-pack-with-refill-mix-3,title,
/p/carnation-callous-caps-2pk/5098928122190,/products/carnation-callous-caps-2pk,barcode,
/p/casacol-expectorant-sugar-free-125ml-syrup/5391513950216,/products/casacol-expectorant-sf-125ml-syrup,barcode,
/p/travel-blue-comfort-bands-/5018404005014,/products/travel-blue-comfort-bands,title-fuzzy,closest: Travel Blue Comfort Bands
/p/sterimar-allergy-response-20ml/3331300097771,/products/sterimar-allergy-response-20ml,barcode,
/p/sculpted-complete-cover-up-40-medium/794712143369,/products/sculpted-complete-cover-up-4-0-medium,barcode,
/p/clonfolic-folic-acid-98pk-_-14wk/5099562906856,/products/clonfolic-folic-acid-98pk-14wk,barcode,
/p/mccormacks-pharmacy-e-gift-card-40/giftcard40,/products/mccormacks-pharmacy-e-gift-card-40,title,
/p/the-handmade-soap-company-lemongrass-and-cedarwood-hand-wash-250ml/5391520236075,/products/the-handmade-soap-company-lemongrass-cedarwood-hand-wash-250ml,barcode,
/p/sol-beauty-salted-caramel-vanilla-lip-oil/5013692278119,/products/sol-beauty-salted-caramel-vanilla-lip-oil,barcode,
/p/pestle-and-mortar-hand-wash-and-hand-cream-bundle-/111111,/products/pestle-mortar-hand-wash-hand-cream-bundle,title-fuzzy,closest: Pestle & Mortar Hand Wash & Hand Cream Bundle
/p/luna-by-lisa-volume-foam/5391532521497,/products/luna-by-lisa-volume-foam,barcode,
/p/bayliss-and-harding-vetiver-cedar-and-lemongrass-luxury-hand-wash-500ml/017854120013,/products/bayliss-harding-vetiver-cedar-lemongrass-luxury-hand-wash-500ml,barcode,
/p/uriage-ha-booster-serum-30ml/3661434009525,/products/uriage-h-a-booster-serum-30ml,barcode,
/p/rennie-spearmint-48pk/5010605295126,/products/rennie-spearmint-48pk,barcode,
/p/beauty-of-joseon-glow-deep-serum-30ml/8809738312728,/products/beauty-of-joseon-glow-deep-serum-30ml,barcode,
/p/chanel-chance-eau-de-parfum-50ml/3145891264203,/products/chanel-chance-eau-de-parfum-50ml,barcode,
/p/alfaparf-semi-di-lino-moisture-nutritive-shampoo-250ml/alfpink1,/products/alfaparf-semi-di-lino-moisture-nutritive-shampoo-250ml,title,
/p/calpol-infant-sf-140ml-spoon-syringe-s_berry-susp/3574661149271,/collections/calpol,off-website,calpol-infant-sf-140ml-spoon-syringe-s-berry-susp
/p/alfaparf-semi-di-lino-diamond-illuminating-shampoo-250ml/alfwhite1,/products/alfaparf-semi-di-lino-diamond-illuminating-shampoo-250ml,title,
/p/sona-b-complex-tabs-60pk/5390612002857,/products/sona-b-complex-tabs-60pk,barcode,
/p/gaviscon-extra-chew-tabs-24pk-peppermint/5011417569481,/products/gaviscon-extra-chew-tabs-24pk-peppermint,barcode,
/p/sol-beauty-shower-cream-watermelon-500ml/5013692278140,/products/sol-beauty-shower-cream-watermelon-500ml,barcode,
/p/sculpted-by-aimee-sculpted-hydratint-40/796548127056,/collections/sculpted-by-aimee,off-website,sculpted-by-aimee-sculpted-hydratint-4-0
/p/cleanmarine-menomin-for-women-60pk/5391500077889,/products/cleanmarine-memin-for-women-60pk,barcode,
/p/solgar-calcium-magnesium-50-tabs/033984005082,/products/solgar-calcium-magnesium-50-tabs,barcode,
/p/preparation-h-ointment-25g/5000309005688,/products/preparation-h-ointment-25g,barcode,
/p/uriage-gyn-phy-refreshing-gel-intimate-hygeine-200ml/3661434005268,/products/uriage-gyn-phy-refreshing-gel-intimate-hygeine-200ml,barcode,
/p/bach-rescue-remedy-drops-20ml/50761999,/products/bach-rescue-remedy-drops-20ml,barcode,
/p/calpol-vapour-refill-pads-5pk/3574661368597,/products/calpol-vapour-refill-pads-5pk,barcode,
/p/meda-vitamin-d3-2000iu-60pk/5391521890597,/products/meda-vitamin-d3-2000iu-60pk,barcode,
/p/desenex-55g-powder/5099562741501,/products/desenex-55g-powder,barcode,
/p/celtic-can-diffuser-pomelo_grape/5038871068077,/products/celtic-can-diffuser-pomelo-grape,barcode,
/p/luna-filter-finish-naturally-matte-foundation---medium-tan/lunamattemediumtan,/products/luna-filter-finish-naturally-matte-foundation-medium-tan,title-fuzzy,closest: Luna Filter Finish Naturally Matte Foundation - Medium Tan
/p/bperfect-annalivia-lip-library-hydrating-lip-oil/5061045651409,/products/bperfect-annalivia-lip-library-hydrating-lip-oil,barcode,
/p/uriage-bebe-1st-cleansing-cream-1ltr/3661434001215,/products/uriage-bebe-1st-cleansing-cream-1ltr,barcode,
/p/svr-eye-and-lip-filler-biotic-15ml/3662361003259,/products/svr-eye-lip-filler-biotic-15ml,barcode,
/p/boss-femme-75ml-edp-spr/0737052041353,/products/boss-femme-75ml-edp-spr,barcode,
/p/nurofen-rapid-relief-max-400mg-liquid-caps-20pk/5011417575017,/products/nurofen-rapid-relief-max-400mg-liquid-caps-20pk,barcode,
/p/snufflebabe-vapour-rub-24gm/5011784000716,/products/snufflebabe-vapour-rub-24gm,barcode,
/p/uriage-eau-thermale-water-serum-30ml/3661434005022,/products/uriage-eau-thermale-water-serum-30ml,barcode,
/p/sculpted-bronze-base-refill-pouch-medium-_-dark/794712490876,/products/sculpted-bronze-base-refill-pouch-medium-dark,barcode,
/p/shape-stick-bronze-and-define-frappe/5060806561186,/products/shape-stick-bronze-define-frappe,barcode,
/p/viagra-connect-50mg-tablets-4-pack/5391521021229,/products/viagra-connect-50mg-tablets-4-pack,barcode,
/p/dulcolax-tabs-100pk/5012917020458,/products/dulcolax-tabs-100pk,barcode,
/p/tresemme-lamellar-shine-shampoo-300ml/8720181474682,/products/tresemme-lamellar-shine-shampoo-300ml,barcode,
/p/luna-filter-finish-naturally-matte-foundation---light/lunamattelight,/products/luna-filter-finish-naturally-matte-foundation-light,title-fuzzy,closest: Luna Filter Finish Naturally Matte Foundation - Light
/p/medicare-elbow-sml-supp-18cm-25cm/5099390411478,/products/medicare-elbow-sml-supp-18cm-25cm,barcode,
/p/bperfect-katie-daley-perfect-powder-vanilla/5061007282900,/products/bperfect-katie-daley-perfect-powder-vanilla,barcode,
/p/head-and-shoulder-men-2-in-1-225ml/8001090360175,/products/head-shoulder-men-ultra-225ml,barcode,
/p/gelorevoice-blackcurrant/5000477720185,/products/gelorevoice-blackcurrant,barcode,
/p/eucryl-pwdr-50g-original/5011309895810,/products/eucryl-pwdr-50g-original,barcode,
/p/quies-pure-wax-8pk/3435172101175,/products/quies-pure-wax-8pk,barcode,
/p/buplex-ibuprofen-200mg-tabs-12pk/5690528112115,/products/buplex-ibuprofen-200mg-tabs-12pk,barcode,
/p/bleu-de-chanel-edp-100ml/3145891073607,/products/bleu-de-chanel-edp-100ml,barcode,
/p/childs-farm-nappy-cream-100ml/5029066039002,/products/childs-farm-nappy-cream-100ml,barcode,
/p/buttercup-broncho-stop-cough-pastilles-10pk/5012616262685,/products/buttercup-broncho-stop-cough-pastilles-10pk,barcode,
/p/tidy-whiskers/5021769826903,/products/tidy-whiskers,barcode,
/p/mam-easy-start-anti-colic-2months-pink-/9001616669934,/products/mam-easy-start-anti-colic-2-months-pink,barcode,
/p/biabelle-bronze-obsession-instant-tan--dark/biabelle4,/products/biabelle-bronze-obsession-instant-tan-dark,title-fuzzy,closest: Biabelle Bronze Obsession Instant Tan- Dark
/p/fybogel-orange-10pk/5000158061361,/products/fybogel-orange-10pk,barcode,
/p/medicare-wrist-support/5099390407105,/products/medicare-wrist-support,barcode,
/p/chroma-cover-luminous-foundation---w3/5060907056215,/products/chroma-cover-luminous-foundation-w3,barcode,
/p/pestle-and-mortar-essentials-the-facial-cleanser-100ml/855238006511,/products/pestle-mortar-essentials-the-facial-cleanser-100ml,barcode,
/p/hugo-extreme-mens-75ml-edp-spr/36163016223380,/products/hugo-extreme-mens-75ml-edp-spr,title,
/p/hugo-man-green-75ml-edt-spr/737052664026,/products/hugo-man-green-75ml-edt-spr,barcode,
/p/nurofen-child-six-plus-orange-200mg_5ml-oral-suspension-100ml/5000158068209,/products/nurofen-child-six-plus-orange-200mg-5ml-oral-suspension-100ml,barcode,
/p/durex-intense-12pk/5011417567272,/products/durex-intense-12pk,barcode,
/p/rocket-fuel-14-pk/5034033000466,/products/rocket-fuel-14-pk,barcode,
/p/ck-in-2u-mens-150ml-edt-spr/088300196944,/products/ck-in-2u-mens-150ml-edt-spr,barcode,
/p/calpol-infant-140ml-spoon_-syringe-strawberry-susp/3574661149288,/products/calpol-infant-140ml-spoon-syringe-strawberry-susp,barcode,
/p/uriage-xemose-lipid-replenishing-anti-irritation-cream-400ml/3661434004858,/products/uriage-xemose-lipid-replenishing-anti-irritation-cream-400ml,barcode,
/p/uriage-bariesun-suncare-spray-200ml/3661434001406,/products/uriage-bariesun-suncare-spray-200ml,barcode,
/p/lippy-prosecco-pearly-shine-natural-lip-balm-/5907573411675,/collections/lips,off-website,lippy-prosecco-pearly-shine-natural-lip-balm
/p/solgar-ultimate-bc-comp-60-tab/033984027718,/products/solgar-ultimate-b-c-comp-60-tab,barcode,
/p/lorat-10mg-tabs-28pk/5390387077036,/products/lorat-10mg-tabs-28pk,barcode,
/p/mitchum-roll-on-shwr-frsh-100ml/309975122091,/products/mitchum-roll-on-shwr-frsh-100ml,barcode,
/p/floradix-kindervital-500ml/4004148047527,/products/floradix-kindervital-500ml,barcode,
/p/biabelle-tan-bundle-and-instant---ultra-dark/biabelle29,/products/biabelle-tan-bundle-instant-ultra-dark,title-fuzzy,closest: Biabelle Tan Bundle & Instant - Ultra Dark
/p/deep-heat-well-patch-4pk/5011501003259,/products/deep-heat-well-patch-4pk,barcode,
/p/revive-active-meno-active/794712627296,/products/revive-active-meno-active,barcode,
/p/pampering-moments-of-joy/5011076804527,/products/pampering-moments-of-joy,barcode,
/p/bperfect-katie-daley-perfect-powder-honeycomb/5061007282931,/products/bperfect-katie-daley-perfect-powder-honeycomb,barcode,
/p/bperfect-chroma-cover-matte-foundation---w2/chromaw2,/products/bperfect-chroma-cover-matte-foundation-w2,title-fuzzy,closest: BPerfect Chroma Cover Matte Foundation - W2
/p/vicks-sinex-micromist-nasal-spray-15ml/8001090834287,/products/vicks-sinex-micromist-nasal-spray,barcode,
/p/kin-gingival-toothpaste-75ml/8470001575890,/products/kin-gingival-toothpaste-75ml,barcode,
/p/apple-cider-mega-strength-1000mg-tabs-30-pk/5021827447800,/products/apple-cider-mega-strength-1000mg-tabs-30-pk,title,
/p/kit-and-kaboodle-toe-nail-clippers/5391531140965,/products/kit-kaboodle-toe-nail-clippers,barcode,
/p/biabelle-tan-bundle-medium-/biabelle21,/products/biabelle-tan-bundle-medium,title-fuzzy,closest: Biabelle Tan Bundle-Medium
/p/voduz-complete-it-illuminating-hair-treatment/5060938583261,/products/voduz-complete-it-illuminating-hair-treatment,barcode,
/p/gaviscon-infant-sachets-15pk-30-doses/9300631074038,/products/gaviscon-infant-sachets-15pk-30-doses,barcode,
/p/eylure-brow-dye-dark-brown/5011522531106,/products/eylure-brow-dye-dark-brown,barcode,
/p/sol-beauty-watermelon-lip-oil/5013692278102,/products/sol-beauty-watermelon-lip-oil,barcode,
/p/flow-flex-antigen-test-1-pack/flowflex1,/products/flow-flex-antigen-test-1-pack,title,
/p/sculpted-by-aimee-line-and-shine-duo-blush/0796548511039,/products/sculpted-by-aimee-line-shine-duo-blush,barcode,
/p/cetaphil-moist-lotion-236ml/5020465202592,/collections/cetaphil,off-website,cetaphil-moist-lotion-236ml
/p/bonjela-teething-gel-15g/5000158069046,/products/bonjela-teething-gel-15g,barcode,
/p/vaseline-pet-jelly-250ml-tub/42182658,/products/vaseline-pet-jelly-250ml-tub,barcode,
/p/the-handmade-soap-company-lemongrass-and-cedarwood-hand-cream-50ml-/5391520236129,/products/the-handmade-soap-company-lemongrass-cedarwood-hand-cream-50ml,barcode,
/p/bperfect-chroma-cover-matte-foundation---c1/chromac1,/products/bperfect-chroma-cover-matte-foundation-c1,title-fuzzy,closest: Bperfect Chroma Cover Matte Foundation - C1
/p/oral-b-satin-tape-mint-25m-floss/5010622017978,/products/oral-b-satin-tape-mint-25m-floss,barcode,
/p/cetrine-allergy-cetirizine-30pk/5390387082030,/products/cetrine-allergy-cetirizine-30pk,barcode,
/p/got2b-volumania-24hr-volumising-mousee-250ml/7332531063456,/products/got2b-volumania-24hr-volumising-mousee-250ml,barcode,
/p/spotlight-oral-care-pregnancy-toothpaste/5391531561098,/products/spotlight-oral-care-pregnancy-toothpaste,barcode,
/p/tena-lady-extra-10pk/7310790605525,/products/tena-lady-extra-10pk,barcode,
/p/voduz-smooth-start-mini-travel-set/5061045650808,/products/voduz-smooth-start-mini-travel-set,barcode,
/p/sudaplus-non-drowsy-tablets-15pk/3574660708486,/products/sudaplus-n-d-tabs-15pk,barcode,
/p/uriage-bariesun-after-sun-repair-balm/3661434001468,/products/uriage-bariesun-after-sun-repair-balm,barcode,
/p/bisodol-peppermint-tablets-100pk/5014398001469,/products/bisodol-peppermint-tablets-100pk,barcode,
/p/manstuff-feelin-fresh-gift-set/5021769826934,/products/man-stuff-feelin-fresh-gift-set,barcode,
/p/mx-health-iron-ferritin-deficiency-rapid-home-test-1pk/5057881863182,/collections/self-testing-kits,off-website,mx-health-iron-ferritin-deficiency-rapid-home-test-1pk
/p/vitabiotics-feroglobin-b12-caps/5021265220076,/products/vitabiotics-feroglobin-b12-caps,barcode,
/p/nelsons-arnicare-cooling-gel-30g/5000488104356,/products/nelsons-arnicare-cooling-gel-30g,barcode,
/p/mediform-conforming-bandage-8x4m/5099390404227,/products/mediform-conforming-bandage-8x4m,barcode,
/p/uriage-cleansing-milk-250ml/3661434009402,/products/uriage-cleansing-milk-250ml,barcode,
/p/paralink-susp-100ml/5099172033065,/products/paralink-susp-100ml,barcode,
/p/coco-mademoiselle-chanel-eau-de-parfum-100ml/3145891165203,/products/coco-mademoiselle-chanel-eau-de-parfum-100ml,barcode,
/p/cialis-for-men-tadalafil-tablets-4pk/3664798072419,/products/cialis-for-men-tadalafil-tablets-4pk,barcode,
/p/sculpted-satin-silk-longwear-foundation---light/satinsilklight,/products/sculpted-satin-silk-longwear-foundation-light,title-fuzzy,closest: Sculpted Satin Silk Longwear Foundation - Light
/p/ov-coconut-oil-100g/53999214,/products/ov-coconut-oil-100g,barcode,
/p/nicorette-cools-2mg-loz-80pk/3574661146072,/products/nicorette-cools-2mg-loz-80pk,barcode,
/p/mrs-glam-magnificent-palette-/5060806563166,/products/mrs-glam-magnificent-palette,barcode,
/p/uriage-ds-hair-soft-balancing-shampoo-500ml/3661434011962,/products/uriage-ds-hair-soft-balancing-shampoo-500ml,barcode,
/p/jandj-baby-more-tears-shampoo-500ml/3574669907903,/products/j-j-baby-more-tears-shampoo-500ml,barcode,
/p/solgar-b12-1000ug-100pk/033984032293,/products/solgar-b12-1000ug-100pk,barcode,
/p/uriage-ds-hair-anti-dandruff-treatment-shampoo-200ml/3661434009303,/products/uriage-ds-hair-anti-dandruff-treatment-shampoo-200ml,barcode,
/p/kidsner-cooling-foam-for-chickenpox-100ml-/8719325831030,/products/kidsner-cooling-foam-for-chickenpox-100ml,barcode,
/p/pharmaton-vitality-11-caps-30-pk/5000283662501,/products/pharmaton-vitality-11-caps-30-pk,barcode,
/p/nivea-men-post-shave-balm-100ml-replenishing/5025970023274,/products/nivea-men-post-shave-balm-100ml-replenishing,barcode,
/p/mam-starter-cup-night-4months-green/9001616807947,/products/mam-starter-cup-night-4-months-green,barcode,
/p/sol-beauty-dry-body-oil-with-coconut-/5013692278065,/products/sol-beauty-dry-body-oil-with-coconut,barcode,
/p/fabu-shrooms-immune-60pk/3743184122744,/products/fabu-shrooms-immune-60pk,barcode,
/p/fusion-allergy-nasal-spray-20ml/5391531760286,/products/fusion-allergy-nasal-spray-20ml,barcode,
/p/sculpted-liquid-lights-warm/5391545123275,/products/sculpted-liquid-lights-warm,barcode,
/p/doubole-glazed-high-shine-gloss-iced/793618107154,/products/doubole-glazed-high-shine-gloss-iced,barcode,
/p/medicare-calico-triangular-bandage--96-x-96-x-135cm/5099390415773,/products/medicare-calico-triangular-bandage-96-x-96-x-135cm,barcode,
/p/full-impact-complete-coverage-concealer-shade-l5/5060907054778,/products/full-impact-complete-coverage-concealer-shade-l5,barcode,
/p/childs-farm-baby-moisturiser-250ml-shea-and-cocoa-bu/5029066078520,/products/childs-farm-baby-moisturiser-250ml-shea-cocoa-bu,barcode,
/p/ogam-peppermint-10ml/5390600001213,/products/ogam-peppermint-10ml,barcode,
/p/voduz-unbreakabobble---pastel-/5060907050763,/products/voduz-unbreaka-bobble-pastel,barcode,
/p/uriage-eau-thermale-rich-water-cream-40ml/3661434004995,/products/uriage-eau-thermale-rich-water-cream-40ml,barcode,
/p/batiste-200ml-blush-dry-shampoo/5010724527375,/products/batiste-200ml-blush-dry-shampoo,barcode,
/p/uriage-bariederm-drying-repairing-cica-spray-100ml/3661434005367,/products/uriage-bariederm-drying-repairing-cica-spray-100ml,barcode,
/p/2-piece-ladies-set-san-tel-tri-tri/6294015186437,/products/2-piece-ladies-set-san-tel-tri-tri,barcode,
/p/3-piece-ladies-set-belle/6294015191271,/products/3-piece-ladies-set-belle,barcode,
/p/mycosan-fungal-nail-treatment-set-5ml/8718309700782,/products/mycosan-fungal-nail-treatment-set-5ml,barcode,
/p/bioactive-d-pearls-75ug-240pk/5709976127609,/products/bioactive-d-pearls-75ug-240pk,barcode,
/p/nicorette-invisi-patch-25mg-14pk/3574660546811,/products/nicorette-invisi-patch-25mg-14pk,barcode,
/p/ov-calamine-lotion-200ml/5098928121605,/products/ov-calamine-lotion-200ml,barcode,
/p/skingredients-prebiotic-cleanser-100ml-primary-/634240001611,/products/skingredients-prebiotic-cleanser-100ml-primary,barcode,
/p/infacol-40mg_ml-85ml-oral-suspension-simeticone/5017007600855,/products/infacol-40mg-ml-85ml-oral-suspension-simeticone,barcode,
/p/bperfect-tan-studio-self-tanning-oil-medium-150ml-/5061045654004,/products/bperfect-tan-studio-self-tanning-oil-medium-150ml,barcode,
/p/exterol-ear-drops-8ml/5016379265006,/products/exterol-ear-drops-8ml,barcode,
/p/full-marks-solution-100ml/5038483224410,/products/full-marks-solution-100ml,barcode,
/p/seven-seas-haliborange-fruit-softies-stawberry-30pk/5012335112902,/products/seven-seas-hb-fruit-softies-stawberry-30pk,barcode,
/p/uriage-age-absolute-redensifying-masque-50ml/3661434009198,/products/uriage-age-absolute-redensifying-masque-50ml,barcode,
/p/solgar-vitamin-c-1000mg-100cap/033984032804,/products/solgar-vitamin-c-1000mg-100cap,barcode,
/p/trilogy-rosehip-transformation-cleansing-oil-/9421017769536,/collections/trilogy,off-website,trilogy-rosehip-transformation-cleansing-oil
/p/jenny-glow-ufo-inspired-by-thierry-mugler-alien-15ml/6294015179460,/products/jenny-glow-ufo-inspired-by-thierry-mugler-alien-15ml,barcode,
/p/shape-stick-bronze-and-define-espresso/5060806561148,/products/shape-stick-bronze-define-espresso,barcode,
/p/nurofen-tablets-200mg-48pk/5000158102262,/products/nurofen-tablets-48pk,barcode,
/p/alflorex-precision-biotics-adult-capsules-30pk/5392000067417,/products/alflorex-precision-biotics-adult-capsules-30pk,barcode,
/p/listerine-250ml-freshburst/5010123703431,/collections/dental-care,off-website,listerine-250ml-freshburst
/p/easofen-ibuprofen-200mg-24pk/5099562205201,/products/easofen-ibuprofen-200mg-24pk,barcode,
/p/armani-diamonds-ladies-50ml-edp-spr-/3605520380259,/products/armani-diamonds-ladies-50ml-edp-spr,barcode,
/p/gosh-hen-softie-30cm/5098858185760,/products/gosh-hen-softie-30cm,barcode,
/p/sona-multiplus-tabs-90-pk/5390612002697,/products/sona-multiplus-tabs-90-pk,barcode,
/p/jenny-glow-3-piece-ladies-set-she-/6295199808856,/products/jenny-glow-3-piece-ladies-set-she,barcode,
/p/magnesium-verla-20pk/5390387084010,/products/magnesium-verla-20pk,barcode,
/p/cool-water-ladies-30ml-2pc-gift-set/3616304197475,/products/cool-water-ladies-30ml-2pc-gift-set,barcode,
/p/jimmy-choo-blossom-ladies-100ml-edp-spray/3386460066273,/products/jimmy-choo-blossom-ladies-100ml-edp-spray,barcode,
/p/imodium-instants-12pk/5027097968544,/products/imodium-instants-12pk,barcode,
/p/voduz-complete-it-repair-hair-treatment-/5060907059193,/products/voduz-complete-it-repair-hair-treatment,barcode,
/p/novomins-magnesium-gummies-60pk/5060724960177,/collections/vitamins,off-website,novomins-magnesium-gummies-60pk
/p/uriage-bariesun-mineral-cream-spf-50/3661434001437,/products/uriage-bariesun-mineral-cream-spf-50,barcode,
/p/voduz-cleanse-it-nourishing-shampoo/5060907052958,/products/voduz-cleanse-it-nourishing-shampoo,barcode,
/p/fishermans-friend-lozenges-25g-aniseed/50357192,/products/fishermans-friend-lozenges-25g-aniseed,barcode,
/p/cali-coast-wave-whip-shower-foam-passionfruit-sunrise-250ml/5060298555731,/products/cali-coast-wave-whip-shower-foam-passionfruit-sunrise-250ml,barcode,
/p/loreal-magic-retouch-3-brown-75ml/3600523192700,/products/l-oreal-magic-retouch-3-brown-75ml,barcode,
/p/bperfect-ekin-su-radiant-glo-02-light-medium/5060938587313,/products/bperfect-ekin-su-radiant-glo-02-light-medium,barcode,
/p/full-impact-complete-coverage-concealer-shade-l3/5060907054754,/products/full-impact-complete-coverage-concealer-shade-l3,barcode,
/p/inadine-dressings-5cm-x-5cm-single/04054596954588,/products/inadine-dressings-5cm-x-5cm-single,barcode,
/p/nivea-men-clean-shave-kit-/025970012858,/products/nivea-men-clean-shave-kit,title-fuzzy,closest: Nivea Men Clean Shave Kit
/p/euthymol-75ml-toothpaste/5010123715175,/products/euthymol-75ml-toothpaste,barcode,
/p/pestle-and-mortar-essentials-bundle-/038548748843,/products/pestle-mortar-essentials-bundle,title-fuzzy,closest: Pestle & Mortar Essentials Bundle
/p/avogel-echinaforce-cold-and-flu-drops-50ml/7610313301164,/products/avogel-echinaforce-cold-flu-drops-50ml,barcode,
/p/floradix-magnesium-liquid-250ml/4004148017711,/products/floradix-magnesium-liquid-250ml,barcode,
/p/sculpted-brighten-and-define-eyeliner-duo---nude_rust-brown/0754590360135,/products/sculpted-brighten-define-eyeliner-duo-nude-rust-brown,barcode,
/p/2-piece-ladies-set-carot-red/6294015186413,/products/2-piece-ladies-set-carot-red,barcode,
/p/haliborange-the-big-multi-90-strawberry-flavour-softies/5060216565941,/products/haliborange-the-big-multi-90-strawberry-flavour-softies,barcode,
/p/voduz-cleanse-it-volumising-shampoo/5061007286748,/products/voduz-cleanse-it-volumising-shampoo,barcode,
/p/fabu-randr-relax-60pk/3743184122751,/products/fabu-r-r-relax-60pk,barcode,
/p/king-drench-and-repair-luxury-conditioning-hair-mask/0745178675291,/products/king-drench-repair-luxury-conditioning-hair-mask,barcode,
/p/sambucol-tonic-immu-forte-120ml/5060149820094,/products/sambucol-tonic-immu-forte-120ml,barcode,
/p/lactulose-fresenius-670mg_ml-500ml/5390387393013,/products/lactulose-fresenius-670mg-ml-500ml,barcode,
/p/nurofen-child-orange-oral-suspension-w_spoon-200ml/5000158069800,/products/nurofen-child-orange-oral-suspension-w-spoon-200ml,barcode,
/p/cronzer-cream-bronzer-tan/5060907058813,/products/cronzer-cream-bronzer-tan,barcode,
/p/cetrine-allergy-cetirizine-1mg_ml-200ml/5390387082306,/products/cetrine-allergy-cetirizine-1mg-ml-200ml,barcode,
/p/vital-proteins-collagen-peptides-10-satchets/8445290113221,/products/vital-proteins-collagen-peptides-10-satchets,barcode,
/p/mrs-glam---glorious-skin-powder-foundation-medium-tan/5060806561780,/products/mrs-glam-glorious-skin-powder-foundation-medium-tan,barcode,
/p/hismile-teeth-whitening-pap-whitening-powder/0744109218996,/products/hismile-teeth-whitening-pap-whitening-powder,barcode,
/p/loreal-magic-retouch-2-dark-brown-75ml/3600523192694,/products/l-oreal-magic-retouch-2-dark-brown-75ml,barcode,
/p/mam-original-night-0-months-white/90016169082930,/products/mam-original-night-0-months-white,title,
/p/medicare-elbow-large-support-31cm-33cm/5099390411492,/products/medicare-elbow-large-support-31cm-33cm,barcode,
/p/voduz-trend-setter-extra-strong-hair-spray/5060806562794,/products/voduz-trend-setter-extra-strong-hair-spray,barcode,
/p/brylcreem-orig-150ml-prot-enrich/5000231039508,/products/brylcreem-orig-150ml-prot-enrich,barcode,
/p/aroma-works-essentail-oils-duo-range/5060283073660,/products/aroma-works-essentail-oils-duo-range,barcode,
/p/voduz-calm-it-re-balancing-scalp-lotion-100ml-/voduzbalancing2,/products/voduz-calm-it-re-balancing-scalp-lotion-100ml,title-fuzzy,closest: Voduz Calm It Re-Balancing Scalp Lotion 100Ml
/p/easofen-child-6y-100ml-strawberry/5099562205454,/products/easofen-child-6y-100ml-strawberry,barcode,
/p/lanes-olbas-oil-10ml/50477944,/products/lanes-olbas-oil-10ml,barcode,
/p/sculpted-by-aimee-connolly-cloud-cream/0796548091883,/products/sculpted-by-aimee-connolly-cloud-cream,title,
/p/vitabiotics-pregnacare-plus-omega-3-56pk/5021265221523,/products/vitabiotics-pregnacare-plus-omega-3-56pk,barcode,
/p/uriage-bariederm-isnulating-repairing-cream-75ml/3661434000508,/products/uriage-bariederm-isnulating-repairing-cream-75ml,barcode,
/p/sona-l-lysine-tabs-500mg-60pk/5390612002000,/products/sona-l-lysine-tabs-500mg-60pk,barcode,
/p/bepantiseptic-1st-aid-cream-30g/5010605951367,/products/bepantiseptic-1st-aid-cream-30g,barcode,
/p/lynx-ice-chill-s_gel/8710847924507,/products/lynx-ice-chill-s-gel,barcode,
/p/ogam-eucalyptus-10ml/5390600001077,/products/ogam-eucalyptus-10ml,barcode,
/p/optase-allergy-eye-drop-05ml-sdu/5391531760149,/products/optase-allergy-eye-drop-0-5mlsdu,barcode,
/p/panadol-candf-relief-tabs-12pk/5011080125090,/products/panadol-c-f-relief-tabs-12pk,barcode,
/p/paco-lady-million-50ml-edp-spr-/3349668508488,/products/paco-lady-million-50ml-edp-spr,barcode,
/p/desenex-30g-ointment/5099562742102,/products/desenex-30g-ointment,barcode,
/p/durex-extra-safe-3pk/5010232967588,/products/durex-extra-safe-3pk,barcode,
/p/uriage-eau-thermale-silky-body-lotion-500ml/3661434004704,/products/uriage-eau-thermale-silky-body-lotion-500ml,barcode,
/p/remind-softgel-capsules-90s/5392000191211,/products/remind-softgel-capsules-90s,title,
/p/declar-age-control-night-essential-serum-50ml-/9007867006405,/products/declar-age-control-night-essential-serum-50ml,barcode,
/p/tos-intensive-treatment-conditioner-150ml/5012008468008,/products/tos-intensive-treatment-conditioner-150ml,barcode,
/p/the-belle-brush-original/5391532760001,/products/the-belle-brush-original,barcode,
/p/sculpted-satin-silk-longwear-foundation---tan/satinsilktan,/products/sculpted-satin-silk-longwear-foundation-tan,title-fuzzy,closest: Sculpted Satin Silk Longwear Foundation - Tan
/p/uriage-thermal-micellar-water-oil_combination-skin-500ml/3661434009365,/products/uriage-thermal-micellar-water-oil-combination-skin-500ml,barcode,
/p/nivea-men-deo-150ml-2pk-cool-kick-400/5011076000431,/products/nivea-men-deo-150ml-2pk-cool-kick-4-00,barcode,
/p/solgar-collagen-hyalurinic-acid-complex-30-pk/033984014176,/products/solgar-collagen-hyalurinic-acid-complex-30-pk,barcode,
/p/active-immune-kids-60-chews-/794712651420,/products/active-immune-kids-60-chews,barcode,
/p/the-handmade-soap-company-lemongrass-and-cedarwood-pillow-mist-100ml-/5391520236174,/products/the-handmade-soap-company-lemongrass-cedarwood-pillow-mist-100ml,barcode,
/p/vite-400iumixed-soft-gels400i/033984035409,/products/vit-e-400i-u-mixed-soft-gels400i,barcode,
/p/nivea-deo-150ml-2pk-pearl-and-beauty/5011076001049,/products/nivea-deo-150ml-2pk-pearl-beauty,barcode,
/p/strepsils-plus-24pk-anaesthetic/5000158102477,/products/strepsils-plus-24pk-anaesthetic,barcode,
/p/complan-vanilla-4-x-55g-pk/4008976682073,/products/complan-vanilla-4-x-55g-pk,barcode,
/p/mediswab-10cm-x10cm-100pk/5099390403398,/products/mediswab-10cm-x10cm-100pk,barcode,
/p/infinity-nail-scissors-straight/5391018024245,/products/infinity-nail-scissors-straight,barcode,
/p/scholl-gel-activ-insole-everyday-men/5052197038002,/products/scholl-gel-activ-insole-everyday-men,barcode,
/p/simple-kts-cleansing-ltn-200ml-purifying/5011451103849,/products/simple-kts-cleansing-ltn-200ml-purifying,barcode,
/p/luna-by-lisa-eye-paddle-brush/5391532521244,/products/luna-by-lisa-eye-paddle-brush,barcode,
/p/bperfect-ekin-su-radiant-glow-03--medium/5060938587320,/products/bperfect-ekin-su-radiant-glow-03-medium,barcode,
/p/udos-super-8-probiotics-30-caps/5391500070804,/products/udos-super-8-probiotics-30-caps,barcode,
/p/la-vida-caribena-papaya-sunset-hydrating-body-fragrance-mist-35ml/5061015257037,/products/la-vida-caribena-papaya-sunset-hydrating-body-fragrance-mist-35ml,barcode,
/p/optase-tea-tree-oil-lid-wipes/5392000104266,/products/optase-tea-tree-oil-lid-wipes,barcode,
/p/declar-soft-cleansing-cleansing-milk-400ml-/9007867005125,/products/declar-soft-cleansing-cleansing-milk-400ml,barcode,
/p/dax-wax-c0848-red-wave-and-groom/077315009042,/products/dax-wax-c0848-red-wave-groom,barcode,
/p/chummi-lip-mask-vanilla-20g/855717008647,/products/chummi-lip-mask-vanilla-20g,barcode,
/p/svr-spirial-48h-intense-anti-perspirant-deodorant-roll-on-50ml/sv1014217,/products/svr-spirial-48h-intense-anti-perspirant-deodorant-roll-on-50ml,title,
/p/eylure-lash-tint-black/5011522292441,/products/eylure-lash-tint-black,barcode,
/p/arnicare-arnica-cream-30g/5000488108842,/products/arnicare-arnica-cream-30g,barcode,
/p/nicorette-invisi-patch-10mg-7pk/3574661146416,/products/nicorette-invisi-patch-10mg-7pk,barcode,
/p/full-impact-complete-coverage-concealer-shade-m1/5060907054785,/products/full-impact-complete-coverage-concealer-shade-m1,barcode,
/p/kin-caspiselen--anti-dandruff-shampoo/8436026215203,/products/kin-caspiselen-anti-dandruff-shampoo,barcode,
/p/uriage-xemose-soothing-cleansing-oil-500ml/3661434006968,/products/uriage-xemose-soothing-cleansing-oil-500ml,barcode,
/p/pure-by-coppercraft-magnetic-bracelet-cmb09/5060432676223,/products/pure-by-coppercraft-magnetic-bracelet-cmb09,barcode,
/p/luna-by-lisa-repair-conditioner-/5391532528335,/products/luna-by-lisa-repair-conditioner,barcode,
/p/benylin-125ml-cough-med-orginal/5010123716387,/products/benylin-125ml-cough-med-orginal,barcode,
/p/chroma-cover-luminous-foundation---n3/5060907056208,/products/chroma-cover-luminous-foundation-n3,barcode,
/p/hydration-station-14-pk/5034033000503,/products/hydration-station-14-pk,barcode,
/p/voltarol-1-emulgel-30g/5012131742709,/products/voltarol-1-emulgel-30g,barcode,
/p/sculpted-by-aimee-my-mascara-brown/0754590721592,/products/sculpted-by-aimee-my-mascara-brown,barcode,
/p/gaviscon-handy-pack-peppermint-16pk/50090174,/products/gaviscon-handy-pack-peppermint-16pk,barcode,
/p/zooki---collagen-citrus-lime-14-sachets/5060518930485,/products/zooki-collagen-citrus-lime-14-sachets,barcode,
/p/voltarol-emulgel-1-no-mess-100g/5054563912060,/products/voltarol-emulgel-1-no-mess-100g,barcode,
/p/voduz-care-for-it-nourishing-leave-in-conditioner-spray/5060907052972,/products/voduz-care-for-it-nourishing-leave-in-conditioner-spray,barcode,
/p/lynx-showergel-250ml-black/8712561617369,/products/lynx-showergel-250ml-black,barcode,
/p/caldebaby-teething-gel-20ml/5099562743659,/products/caldebaby-teething-gel-20ml,barcode,
/p/driclor-solution-20ml/5011091102608,/products/driclor-solution-20ml,barcode,
/p/sculpted-satin-silk-longwear-concealer--ivory/satinconivory,/products/sculpted-satin-silk-longwear-concealer-ivory,title-fuzzy,closest: Sculpted Satin Silk Longwear Concealer- Ivory
/p/uriage-bariedm-fissures-ointment-treatment-40ml/3661434005435,/products/uriage-bariedm-fissures-ointment-treatment-40ml,barcode,
/p/uriage-age-lift-revitalizing-night-smoothing-cream-/3661434009228,/products/uriage-age-lift-revitalizing-night-smoothing-cream,barcode,
/p/dandg-the-one-mens-50ml-edp-spr/3423473021230,/products/d-g-the-one-mens-50ml-edp-spr,barcode,
/p/solgar-soya-lecithin-1360mg-100-softgels/033984015401,/products/solgar-soya-lecithin-1360mg-100-softgels,barcode,
/p/deep-heat-spray-725ml/5099627060912,/collections/deep-heat,off-website,deep-heat-spray-72-5ml
/p/rs-witch-hazel-125ml/5099172220441,/products/rs-witch-hazel-125ml,barcode,
/p/bperfect-skin-studio-glow-boost-moisture-cream-50ml-/5060938588341,/products/bperfect-skin-studio-glow-boost-moisture-cream-50ml,barcode,
/p/biabelle-bronze-obsession-instant-tan---ultra-dark/biabelle5,/products/biabelle-bronze-obsession-instant-tan-ultra-dark,title-fuzzy,closest: Biabelle Bronze Obsession Instant Tan- Ultra Dark
/p/jandj-baby-powder-500g/3574660026917,/products/j-j-baby-powder-500g,barcode,
/p/epaderm-cream-pump-50g/5055158013216,/products/epaderm-cream-pump-50g,barcode,
/p/preparation-h-gel-25g/5000309004513,/products/preparation-h-gel-25g,barcode,
/p/the-cheek-liquid-blush-rosie/5060907052583,/products/the-cheek-liquid-blush-rosie,barcode,
/p/imodium-liquigels-12pk/3574660631517,/products/imodium-liquigels-12pk,barcode,
/p/floradix-liquid-iron-250ml/4004148057076,/products/floradix-liquid-iron-250ml,barcode,
/p/carmex-classic-orig-tube-10g/083078421144,/products/carmex-classic-orig-tube-10g,barcode,
/p/nicorette-classic-2mg-210pk/3574661146799,/products/nicorette-classic-2mg-210pk,barcode,
/p/la-vida-caribena-tropical-nights-hydrating-body-fragrance-mist-35ml-/5061015257044,/products/la-vida-caribena-tropical-nights-hydrating-body-fragrance-mist-35ml,barcode,
/p/medicare-tubular-gauze-and-4-finger-cots/5099390412772,/products/medicare-tubular-gauze-4-finger-cots,barcode,
/p/sculpted-easybrow-clear/5391545123664,/products/sculpted-easybrow-clear,barcode,
/p/tommy-mens-100ml-edt-spr/022548024324,/products/tommy-mens-100ml-edt-spr,barcode,
/p/4-x-15ml-gift-set-olympia-opium-belle-billionaire/6294015191387,/products/4-x-15ml-gift-set-olympia-opium-belle-billionaire,barcode,
/p/mam-colours-of-nature-0-months-blue_white-fox/900161681380000,/products/mam-colours-of-nature-0-months-blue-white-fox,title-fuzzy,closest: Mam Colours Of Nature 0+ Months (Blue/White Fox)
/p/dettol-liquid-500ml/50158089,/products/dettol-liquid-500ml,barcode,
/p/mccormacks-pharmacy-e-gift-card-30/giftcard30,/products/mccormacks-pharmacy-e-gift-card-30,title,
/p/hygie-sweet-clementine-hydrating-hand-cleanser-35ml/5061015258737,/products/hygie-sweet-clementine-hydrating-hand-cleanser-35ml,barcode,
/p/chroma-cover-luminous-foundation---w1/5060907056154,/products/chroma-cover-luminous-foundation-w1,barcode,
/p/garnier-olia-90-light-blonde-no-ammonia-permanent-hair-dye/3600541234178,/products/garnier-olia-9-0-light-blonde-no-ammonia-permanent-hair-dye,barcode,
/p/lashes2love-bio-natural-lash-booster-mascara-/5907573418926,/collections/eyes,off-website,lashes2love-bio-natural-lash-booster-mascara
/p/ov-calamine-lotion-100ml/5098928121674,/products/ov-calamine-lotion-100ml,barcode,
/p/wild-cotton-starter-pack-with-refill-mix-1-/wild12mix,/products/wild-cotton-starter-pack-with-refill-mix-6,title-fuzzy,closest: Wild Cotton Starter Pack With Refill Mix 6
/p/uriage-hyseac-exfoliating-masque-100ml/3661434006227,/products/uriage-hyseac-exfoliating-masque-100ml,barcode,
/p/clonfolic-folic-acid-28pk-_-4wk/5099562906801,/products/clonfolic-folic-acid-28pk-4wk,barcode,
/p/luna-by-lisa-hydrate-shampoo/5391532528380,/products/luna-by-lisa-hydrate-shampoo,barcode,
/p/king-hair-and-beauty-miracle-mist-7-in-1-spray/4560405959,/products/king-hair-beauty-miracle-mist-7-in-1-spray,title,
/p/maalox-oral-suspension-250ml-peppermint/5000283657385,/products/maalox-oral-suspension-250ml-peppermint,barcode,
/p/full-impact-complete-coverage-concealer-shade-m4/5060907054822,/products/full-impact-complete-coverage-concealer-shade-m4,barcode,
/p/kit-and-kaboodle-kids-snaps-8pk-floral/5391531140675,/products/kit-kaboodle-kids-snaps-8pk-floral,barcode,
/p/bperfect-skin-studio-replenish-and-revive-recovery-cream-50ml/5060938585029,/products/bperfect-skin-studio-replenish-revive-recovery-cream-50ml,barcode,
/p/luna-filter-finish-naturally-matte-foundation---rich-plus/lunamatterichplus,/products/luna-filter-finish-naturally-matte-foundation-rich-plus,title-fuzzy,closest: Luna Filter Finish Naturally Matte Foundation - Rich Plus
/p/voduz-care-for-it-illuminating-leave-in-conditioning-spray-/5060938583285,/products/voduz-care-for-it-illuminating-leave-in-conditioning-spray,barcode,
/p/bperfect-10-second-tan-bronze-boost-instant-tan-gel---light_medium/5060938587009,/products/bperfect-10-second-tan-bronze-boost-instant-tan-gel-light-medium,barcode,
/p/bperfect-annalivia-cosmetic-bag/5061045651430,/products/bperfect-annalivia-cosmetic-bag,barcode,
/p/udos-digestive-enzymes-60-capsules/5391500070828,/products/udos-digestive-enzymes-60-capsules,barcode,
/p/burberry-for-women-original-100ml-edp-spray/3614226905666,/products/burberry-for-women-original-100ml-edp-spray,barcode,
/p/quest-l-lysine-1000mg-45pk/5022339876014,/products/quest-l-lysine-1000mg-45pk,barcode,
/p/pure-by-coppercraft-magnetic-bracelet-cmb22/5060432679125,/products/pure-by-coppercraft-magnetic-bracelet-cmb22,barcode,
/p/benylin-125ml-dry-cough-syrup/5010123651503,/products/benylin-125ml-dry-cough-syrup,barcode,
/p/infinity-pumice-stone/5391018024382,/products/infinity-pumice-stone,barcode,
/p/aveeno-200ml-skin-relief-menthol/3574660123364,/products/aveeno-200ml-skin-relief-menthol,barcode,
/p/uriage-xemose-anti-itch-soothing-oil-balm-200ml/3661434007347,/products/uriage-xemose-anti-itch-soothing-oil-balm-200ml,barcode,
/p/bonjela-gel-15g/5000158067141,/products/bonjela-gel-15g,barcode,
/p/vitabiotics-pregnacare-max-84pk/5021265244843,/products/vitabiotics-pregnacare-max-84pk,barcode,
/p/bperfect-indestructibrow-wax-/5060938580550,/products/bperfect-indestructi-brow-wax,barcode,
/p/better-you-magnesium-flakes-body-soak-250g/5060148520575,/products/better-you-magnesium-flakes-body-soak-250g,barcode,
/p/2-piece-mens-set-the-man/6294015192278,/products/2-piece-mens-set-the-man,barcode,
/p/trilogy-vital-moisturising-cream-60ml/9421017760076,/products/trilogy-vital-moisturising-cream-60ml,barcode,
/p/sculpted-by-aimee-oily-skin-morning-routine-bundle-/sculptedmorningbundle1,/products/sculpted-by-aimee-oily-skin-morning-routine-bundle,title-fuzzy,closest: Sculpted By Aimee Oily Skin Morning Routine Bundle
/p/easofen-child-3m-200ml-strawberry/5099562205409,/products/easofen-child-3m-200ml-strawberry,barcode,
/p/steradent-active-plus-30pk/5011417566312,/products/steradent-active-plus-30pk,barcode,
/p/piz-buin-after-sun-tan-intensifying-moisturising-lotion-200ml-/3574661551067,/products/piz-buin-after-sun-tan-intensifying-moisturising-lotion-200ml,barcode,
/p/bperfect-erin-mcgregor-lip-library-creamy-lip-oil-blushing-/5061045652437,/products/bperfect-erin-mcgregor-lip-library-creamy-lip-oil-blushing,barcode,
/p/uriage-bariederm-handcream-50ml/3661434004728,/products/uriage-bariederm-handcream-50ml,barcode,
/p/mx-health-multi-drug-7-in-1-panel-rapid-home-test-1pk-/5057881863274,/collections/self-testing-kits,off-website,mx-health-multi-drug-7-in-1-panel-rapid-home-test-1pk
/p/medicare-foam-toe-protector-small-2s/5099390407853,/products/medicare-foam-toe-protector-small-2-s,barcode,
/p/marc-jacobs-daisy-50ml-3pc-gift-set/3616303472993,/products/marc-jacobs-daisy-50ml-3pc-gift-set,barcode,
/p/bperfect-mrs-glam-snatch-stick-tantalizing-06-deep-tan/5060806568659,/products/bperfect-mrs-glam-snatch-stick-tantalizing-06-deep-tan,barcode,
/p/oral-b-superfloss-strands-pre-cut-50pk/4103330017369,/products/oral-b-superfloss-strands-pre-cut-50pk,barcode,
/p/treat-yo-self-funky-fizz-mega-800g-pouch/tys800ff,/products/treat-yo-self-funky-fizz-mega-800g-pouch,title,
/p/uriage-bariederm-cica-cleansing-gel-200ml/3661434008962,/products/uriage-bariederm-cica-cleansing-gel-200ml,barcode,
/p/uriage-xemose-cleansing-soothing-oil-500ml/3661434005923,/products/uriage-xemose-cleansing-soothing-oil-500ml,barcode,
/p/vaseline-lotion-200ml-cocoa-radiance/8712561483094,/products/vaseline-lotion-200ml-cocoa,barcode,
/p/durex-thin-feel-12pk/5052197045277,/products/durex-thin-feel-12pk,barcode,
/p/anusol-soothing-wipes-30pk/5010724533888,/products/anusol-soothing-wipes-30pk,barcode,
/p/uriage-bebe-1st-cleansing-cream-200ml/3661434008665,/products/uriage-bebe-1st-cleansing-cream-200ml,barcode,
/p/sona-revital-c-effervescent-1000mg-20pk/5390612990055,/products/sona-revital-c-effervescent-1000mg-20pk,barcode,
/p/savlon-antiseptic-cream-30g/5099562923907,/products/savlon-antiseptic-cream-30g,barcode,
/p/strepsils-extra-blackcurrant-lozenge-24pk/5000167094299,/products/strepsils-extra-blackcurrant-lozenge-24pk,barcode,
/p/vicks-vapopads-7/4022167700858,/products/vicks-vapopads-7,barcode,
/p/gosh-unicorn-softie-30cm-/5098858163393,/products/gosh-unicorn-softie-30cm,barcode,
/p/cali-coast-malibu-mist-/5060298554567,/products/cali-coast-malibu-mist,barcode,
/p/sculpted-satin-silk-longwear-foundation---fair/satinsilkfair,/products/sculpted-satin-silk-longwear-foundation-fair,title-fuzzy,closest: Sculpted Satin Silk Longwear Foundation - Fair
/p/medicare-size-a-1m-tubular-supp-bandage/5099390403084,/products/medicare-size-a-1m-tubular-supp-bandage,barcode,
/p/bperfect-tan-studio-instant-aerosol-tan-medium-125ml-/5061045654264,/products/bperfect-tan-studio-instant-aerosol-tan-medium-125ml,barcode,
/p/sculpted-cream-luxe-blush-dusty-rose/5391545127334,/products/sculpted-cream-luxe-blush-dusty-rose,barcode,
/p/tepe-g4103-orange-045mm-6pk/7317400015309,/products/tepe-g4103-orange-0-45mm-6pk,barcode,
/p/tena-lady-normal/7322540852165,/products/tena-lady-rmal,barcode,
/p/nicorette-invisi-patch-25mg-7pk/3574660454451,/products/nicorette-invisi-patch-25mg-7pk,barcode,
/p/solgar-curcumin-30-soft-gels/033984595972,/products/solgar-curcumin-30-soft-gels,barcode,
/p/chummi-lip-mask-berry-20g/855717008609,/products/chummi-lip-mask-berry-20g,barcode,
/p/wild-cherry-blossom-refillable-natural-deodorant/5060968411572,/products/wild-cherry-blossom-refillable-natural-deodorant,barcode,
/p/beauty-of-joseon-ginseng-cleansing-oil-210ml/8809968130130,/products/beauty-of-joseon-ginseng-cleansing-oil-210ml,barcode,
/p/bperfect-chroma-cover-matte-foundation---n2/chroman2,/products/bperfect-chroma-cover-matte-foundation-n2,title-fuzzy,closest: Bperfect Chroma Cover Matte Foundation - N2
/p/luna-filter-finish-silk-foundation---tan-plus/lunatanplussilk,/products/luna-filter-finish-silk-foundation-tan-plus,title-fuzzy,closest: Luna Filter Finish Silk Foundation - Tan Plus
/p/sculpted-liquid-lights-blush/793618017248,/products/sculpted-liquid-lights-blush,barcode,
/p/jenny-glow-billionaire-inspird-by-paco-rabanne-one-million-for-men/6294015156157,/products/jenny-glow-billionaire-inspird-by-pack-rabanne-1-million,barcode,
/p/wellman-original-30-pk/5021265221301,/products/wellman-original-30-pk,barcode,
/p/tommy-girl-50ml-edt-spr/022548040119,/products/tommy-girl-50ml-edt-spr,barcode,
/p/opticrom-allergy-2-eye-drops-10ml/5391513750335,/products/opticrom-allergy-2-eye-drops-10ml,barcode,
/p/ultra-pure-glucose-powder/5391510473459,/products/ultra-pure-glucose-powder,barcode,
/p/revive-active-joint-complex---3-month-supply/jointcomplex3,/products/revive-active-joint-complex-3-month-supply,title-fuzzy,closest: Revive Active Joint Complex - 3 Month Supply
/p/bperfect-empress-baseandbody-brush-/0793618273392,/products/bperfect-empress-base-body-brush,barcode,
/p/jenny-glow-3-piece-mens-set-undefeated/6295199808627,/products/jenny-glow-3-piece-mens-set-undefeated,barcode,
/p/sultry-eye-duo/5391545562005,/products/sultry-eye-duo,barcode,
/p/mam-learn-to-drink-cup-6months-blue/9001616698385,/products/mam-learn-to-drink-cup-6-months-blue,barcode,
/p/trilogy-pure-plant-body-oil-110ml/9421017763817,/products/trilogy-pure-plant-body-oil-110ml,barcode,
/p/bperfect-tan-studio-instant-aerosol-tan-ultra-dark-125ml-/5061045654288,/products/bperfect-tan-studio-instant-aerosol-tan-ultra-dark-125ml,barcode,
/p/medicare-blue-detectable-plasters-1-size-100-pk/5099390405132,/products/medicare-blue-detectable-plasters-1-size-100-pk,barcode,
/p/bperfect-chroma-cover-matte-foundation---w9/chormaw9,/products/bperfect-chroma-cover-matte-foundation-w9,title-fuzzy,closest: Bperfect Chroma Cover Matte Foundation - W9
/p/pharmaton-immuno10-caps-30-pk/5000283662549,/products/pharmaton-immuno10-caps-30-pk,barcode,
/p/garnier-nutrisse-43-dark-golden-brown-permanent-hair-dye/5021044025083,/products/garnier-nutrisse-4-3-dark-golden-brown-permanent-hair-dye,barcode,
/p/solaresse-the-orange-one-body-mist/5060991070982,/products/solaresse-the-orange-one-body-mist,barcode,
/p/otrivine-adult-mucus-relief-spray-10ml/5051562033604,/products/otrivine-adult-mucus-relief-spray-10ml,barcode,
/p/nivea-aftersun-lotion-200ml/4005808478941,/products/nivea-aftersun-lotion-200ml,barcode,
/p/relactagel-vaginal-ph-reg-5ml/5099627961110,/products/relactagel-vaginal-ph-reg-5ml,barcode,
/p/so-seychelle-sands-body-mist-200ml/5018389024086,/products/so-seychelle-sands-body-mist-200ml,barcode,
/p/sol-beauty-coconut-lip-oil/5013692278096,/products/sol-beauty-coconut-lip-oil,barcode,
/p/sculpted-brighten-and-define-eyeliner-duo---nude_brown/0794712794585,/products/sculpted-brighten-define-eyeliner-duo-nude-brown,barcode,
/p/sculpted-beauty-base-pearl-50ml-pump/793591836058,/products/sculpted-beauty-base-pearl-50ml-pump,barcode,
/p/bperfect-annalivia-lip-library-creamy-lip-liner/5061045651393,/products/bperfect-annalivia-lip-library-creamy-lip-liner,barcode,
/p/solgar-zinc-picolinate-22mg-100s/033984037250,/products/solgar-zinc-picolinate-22mg-100s,barcode,
/p/revive-active-omega-active-60-capsules/5391546180024,/products/revive-active-omega-active-60-capsules,barcode,
/p/revive-active-joint-complex-7pk/702785152836,/products/revive-active-joint-complex-7pk,barcode,
/p/fluor-kin-mouthwash-500ml-childrens/8436026211700,/products/fluor-kin-mouthwash-500ml-children-s,barcode,
/p/uriage-hyseac-purifying-peel-off-mask-50ml/3661434008283,/products/uriage-hyseac-purifying-peel-off-mask-50ml,barcode,
/p/revive-active-zest--3-month-supply-90-sachets/735850866841,/products/revive-active-zest-3-month-supply-90-sachets,title-fuzzy,closest: Revive Active Zest- 3 Month Supply-90 Sachets
/p/sculpted-cream-luxe-bronze-shade-light/5391545127464,/products/sculpted-cream-luxe-bronze-shade-light,barcode,
/p/medicare-7-day-pillbox/5099390404876,/products/medicare-7-day-pillbox,title,
/p/infinity-black-tweezer-straight/5391018015724,/products/infinity-black-tweezer-straight,barcode,
/p/revive-zest-active---6-month-supply/zestactive6,/products/revive-zest-active-6-month-supply,title-fuzzy,closest: Revive Zest Active - 6 Month Supply
/p/jenny-glow-3-piece-ladies-set-adoor/6294015191325,/products/jenny-glow-3-piece-ladies-set-adoor,barcode,
/p/waxperts-wonder-pads-/5391530360074,/products/waxperts-wonder-pads,barcode,
/p/loreal-elvive-shamp-400ml-fibrology/3600522497233,/products/l-oreal-elvive-shamp-400ml-fibrology,barcode,
/p/bio-kult-migrea/5027314505439,/products/bio-kult-migrea,barcode,
/p/chanel-coco-mademoiselle-eau-de-parfum-35ml/3145891163902,/products/chanel-coco-mademoiselle-eau-de-parfum-35ml,barcode,
/p/chroma-liquid-concealer-n4/5060907054617,/products/chroma-liquid-concealer-n4,barcode,
/p/lerelle-beauty-lashes2love-biopeptides-lash-growth-serum-/5907573418902,/collections/eyes,off-website,lerelle-beauty-lashes2love-biopeptides-lash-growth-serum
/p/vitabiotics-wellteen-him-plus-13-19-years/5021265247349,/products/vitabiotics-wellteen-him-plus-13-19-years,barcode,
/p/nivea-men-dry-impact-double-pack/5011076001070,/products/nivea-men-dry-impact-double-pack,barcode,
/p/sudocrem-tub-250g/5011025015004,/products/sudocrem-tub-250g,barcode,
/p/mam-original-soother-12mths/9001616639074,/products/mam-original-soother-12mths,barcode,
/p/lemsip-headcold-10pk/5000158064263,/products/lemsip-headcold-10pk,barcode,
/p/nicorette-quickmist-1mg-1pk/3574661147017,/products/nicorette-quickmist-1mg-1pk,barcode,
/p/nivea-men-shave-gel-200ml-moisturising/5025970023250,/products/nivea-men-shave-gel-200ml-moisturising,barcode,
/p/sona-b-complex-tabs-30-pk/5390612002802,/products/sona-b-complex-tabs-30-pk,barcode,
/p/milk-of-magnesia-200ml/50217106,/products/milk-of-magnesia-200ml,barcode,
/p/vitabiotics-wellkid-muti-vitamin-liquid-4-12-years/5021265246656,/products/vitabiotics-wellkid-muti-vitamin-liquid-4-12-years,barcode,
/p/aptamil-pepti-1-400g/8712400800570,/products/aptamil-pepti-1-400g,barcode,
/p/uriage-glow-up-water-essence-100ml/3661434012020,/products/uriage-glow-up-water-essence-100ml,barcode,
/p/solar-buddies-sunscreen-applicator-blue-/659436258747,/products/solar-buddies-sunscreen-applicator-blue,barcode,
/p/sculpted-hydraglow-skin-serum/hydraglow,/products/sculpted-hydraglow-skin-serum,title,
/p/luna-filter-finish-naturally-matte-foundation---tan-plus/lunamattetanplus,/products/luna-filter-finish-naturally-matte-foundation-tan-plus,title-fuzzy,closest: Luna Filter Finish Naturally Matte Foundation - Tan Plus
/p/nubit-supplements/8433042022655,/products/nubit,barcode,
/p/3-x-15ml-gift-set-shoe-pomegranate-myrrh/6294015191752,/products/3-x-15ml-gift-set-shoe-pomegranate-myrrh,barcode,
/p/aveeno-baby-hair-and-body-wash/3574661497495,/products/aveeno-baby-hair-and-body-wash,barcode,
/p/wild-cotton-starter-pack-with-refill-mix-2/wild13mix,/products/wild-cotton-starter-pack-with-refill-mix-2,title,
/p/azio-beauty-intense-lifting-day-cream/5070000552644,/products/azio-beauty-intense-lifting-day-cream,barcode,
/p/uriage-water-cream-compact-spf30-10g/3661434006555,/products/uriage-water-cream-compact-spf30-10g,barcode,
/p/zooki---collagen-grape-14-sachets-/5060518931307,/products/zooki-collagen-grape-14-sachets,barcode,
/p/ferrograd-tabs-325mg/5013158773097,/products/ferrograd-tabs-325mg,barcode,
/p/sculpted-satin-silk-longwear-foundation--porcelain/satinsilkporcelain,/products/sculpted-satin-silk-longwear-foundation-porcelain,title-fuzzy,closest: Sculpted Satin Silk Longwear Foundation- Porcelain
/p/aveeno-dermexa-soothing-moisturising-cream-200ml/3574661411545,/collections/aveeno,off-website,aveeno-dermexa-soothing-moisturising-cream-200ml
/p/optibac-for-women-30-caps/5060086610635,/products/optibac-for-women-30-caps,barcode,
/p/otrivine-antistin-eye-drops-10ml/50487172,/products/otrivine-antistin-eye-drops-10ml,barcode,
/p/johnsons-soft-and-pamper-body-wash-400ml/3574661384665,/products/johnson-s-soft-pamper-body-wash-400ml,barcode,
/p/gaviscon-peppermint-liquid-300ml/5000158065949,/products/gaviscon-peppermint-liquid-300ml,barcode,
/p/bioactive-d-pearls-75ug-80pk/5709976123205,/products/bioactive-d-pearls-75ug-80pk,barcode,
/p/pestle-and-mortar-2-phase-vitamin-c-serum-40ml/855717008272,/products/pestle-and-mortar-2-phase-vitamin-c-serum-40ml,barcode,
/p/flormar-fl1084-illuminating-primer-make-up/8690604164660,/products/flormar-fl1084-illuminating-primer-make-up,barcode,
/p/perfection-primer-champagne-glow/5060806562022,/products/perfection-primer-champagne-glow,barcode,
/p/lanes-kalms-day/5000477173134,/products/lanes-kalms-3-a-day-100pk,barcode,
/p/voduz-knot-anymore-detangling-brush/0793591683959,/products/voduz-knot-anymore-detangling-brush,barcode,
/p/ogam-clove-bud-5ml/5390600001060,/products/ogam-clove-bud-5ml,barcode,
/p/medicare-wound-closure-strips-10/5099390404760,/products/medicare-wound-closure-strips-10,barcode,
/p/chroma-liquid-concealer-w6/5060907054655,/products/chroma-liquid-concealer-w6,barcode,
/p/boss-the-scent-mens-100ml-2pc-gift-set/3616305488817,/products/boss-the-scent-mens-100ml-2pc-gift-set,barcode,
/p/luna-filter-finish-silk-foundation---beige/lunabeigesilk,/products/luna-filter-finish-silk-foundation-beige,title-fuzzy,closest: Luna Filter Finish Silk Foundation - Beige
/p/iglow-chilli-lips-lip-plumper-soft-pink/7073186000075,/products/iglow-chilli-lips-lip-plumper-soft-pink,barcode,
/p/sculpted-cream-luxe-highlight-champagne-cream/5391545127204,/products/sculpted-cream-luxe-highlight-champagne-cream,barcode,
/p/revive-active-3-month-supply---90-sachets/5391517512176,/products/revive-active-6-month-supply-180-sachets,title-fuzzy,closest: Revive Active 6 Month Supply -180 Sachets
/p/cl-ear-express-dual-action-ear-drops-/5060133376279,/products/cl-ear-express-dual-action-ear-drops,barcode,
/p/luna-by-lisa-blusher---peachy/5391532521671,/products/luna-by-lisa-blusher-peachy,barcode,
/p/biabelle-hydrating-self-tan---medium/5391534620914,/products/biabelle-hydrating-self-tan-medium,barcode,
/p/carmex-cherry-tube-10g-spf15/083078001445,/products/carmex-cherry-tube-10g-spf15,barcode,
/p/svr-biotic-cera-regenerating-filling-balm-50ml/3662361001262,/products/svr-biotic-cera-regenerating-filling-balm-50ml,barcode,
/p/thermacare-3pk-neck-shoulder-wrist/5000309006470,/products/thermacare-3pk-neck-shoulder-wrist,barcode,
/p/marc-jacobs-perfect-50ml-2pc-gift-set/3616304105012,/products/marc-jacobs-perfect-50ml-2pc-gift-set,barcode,
/p/aveeno-dermexa-emollient-body-wash-300ml/3574661412672,/products/aveeno-dermexa-emollient-body-wash-300ml,barcode,
/p/sidena-50mg-tablets-4-pack/5390387334306,/products/sidena-50mg-tablets-4-pack,barcode,
/p/virasoothe-gel/5011309089516,/products/virasoothe-gel,barcode,
/p/voduz-root-reviver-black-75ml/voduzrootblack,/products/voduz-root-reviver-black-75ml,title,
/p/rennie-spearmint-24pk/5010605295195,/products/rennie-spearmint-24pk,barcode,
/p/sunset-fresh-trio/8720181651953,/products/sunset-fresh-trio,barcode,
/p/vitabiotics-wellkid-chewable-tabs-30-pk/5021265223800,/products/vitabiotics-wellkid-chewable-tabs-30-pk,barcode,
/p/deep-heat-cream-35g/5011501040209,/products/deep-heat-cream-35g,barcode,
/p/sudafed-non-drowsy-decongestant-liquid-30mg_5ml-pseudoephedrine-100ml/5010123667498,/products/sudafed-syrup-100ml,barcode,
/p/vitabiotics-pregnacare-new-mum-56pk/5021265244850,/products/vitabiotics-pregnacare-new-mum-56pk,barcode,
/p/jenny-glow-2-piece-ladies-set-blooming/6294015186406,/products/jenny-glow-2-piece-ladies-set-blooming,barcode,
/p/fsc-waterfall-tabs-30pk-excess-water/5010249309654,/products/fsc-waterfall-tabs-30pk-excess-water,barcode,
/p/hero-mighty-patch-invisible-24pk/5010724000434,/products/hero-mighty-patch-invisible,barcode,
/p/trilogy-botanical-body-wash-500ml-/9421017763954,/products/trilogy-botanical-body-wash-500ml,barcode,
/p/discover-beauty-bag-gift-set/8720182782281,/products/discover-beauty-bag-gift-set,barcode,
/p/3-piece-ladies-set-ufo/6294015191288,/products/3-piece-ladies-set-ufo,barcode,
/p/moxi-powder-pod-cleanser/797776123193,/collections/facial-skincare,off-website,moxi-powder-pod-cleanser
/p/mam-original-night-12-months-purple-owl_white/9001616709654000,/products/mam-original-night-6-months,title-fuzzy,closest: Mam Original Night 6+Months
/p/biodance-hydro-cera-nol-real-deep-mask-4-pack/8809937360971,/products/biodance-hydro-cera-nol-real-deep-mask-4-pack,barcode,
/p/paco-lady-million-30ml-edp-spr/3349668508471,/products/paco-lady-million-30ml-edp-spr,barcode,
/p/robitussin-chesty-cough-100ml/5011102003108,/products/robitussin-chesty-cough-100ml,barcode,
/p/hismile-teeth-whitening-and-brightening-bundle-/109834869865,/products/hismile-teeth-whitening-brightening-bundle,title-fuzzy,closest: Hismile Teeth Whitening & Brightening Bundle
/p/sculpted-hydrabright-illuminating-serum-50ml-/5391545129246,/products/sculpted-hydrabright-illuminating-serum-50ml,barcode,
/p/uriage-dsregulating-emulsion-40ml/3661434000072,/products/uriage-d-s-regulating-emulsion-40ml,barcode,
/p/chroma-cover-matte-foundation---n4/5060907055881,/products/chroma-cover-matte-foundation-n4,barcode,
/p/voduz-sun-soak-after-sun-shampoo-90ml/5060938587207,/products/voduz-sun-soak-after-sun-shampoo-90ml,barcode,
/p/gosh-blue-bunny-softie-30cm-/5098858173613,/products/gosh-blue-bunny-softie-30cm,barcode,
/p/paddington---paint-your-own-bug-hotel-/5051237087147,/products/paddington-paint-your-own-bug-hotel,barcode,
/p/bperfect-mrs-glam-sunset-glow-mystic-moonlight-cream-highlight/5061045650921,/products/bperfect-mrs-glam-sunset-glow-mystic-moonlight-cream-highlight,barcode,
/p/deep-heat-muscle-rescue-neck-and-shoulder-cream-50g/5011501012367,/products/deep-heat-muscle-rescue-neck-shoulder-cream-50g,barcode,
/p/king-hair-and-beauty-mircale-root-touch-up-dark-brown/0745178915939,/products/king-hair-beauty-mircale-root-touch-up-dark-brown,barcode,
/p/glycerine-bp-ultrapure-150ml/5391510473138,/products/glycerine-b-p-ultrapure-150ml,barcode,
/p/physiologix-level-3-ankle-support-one-size-/5099390415391,/products/physiologix-level-3-ankle-support-one-size,barcode,
/p/mitchum-anti-persp-men-ultimate-clean-control-41g/309974755634,/products/mitchum-anti-persp-men-ultimate-clean-control-41g,barcode,
/p/lancome-la-vie-est-belle-30ml-edp-spr-/3605532612690,/products/lancome-la-vie-est-belle-30ml-edp-spr,barcode,
/p/nurofen-express-400mg-maximum-strength-tablet-24pk/5000158102958,/products/nurofen-express-400mg-maximum-strength-tablet-24p,barcode,
/p/jenny-glow-savage-inspired-by-dior-sauvage-50ml/6294015156171,/products/jenny-glow-savage-inspired-by-dior-sauvage-50ml,barcode,
/p/ogam-patchouli-5ml/5390600001206,/products/ogam-patchouli-5ml,barcode,
/p/menopause-test/6936983114882,/products/menopause-test,barcode,
/p/vicks-vaporub-50g-tub/5410076427710,/products/vicks-vaporub-50g-tub,barcode,
/p/nicorette-freshmint-4mg-105pk/3574661146713,/products/nicorette-freshmint-4mg-105pk,barcode,
/p/gosh-sheep-softie-30cm-/5098858177062,/products/gosh-sheep-softie-30cm,barcode,
/p/uriage-hyseac-cleansing-cream-150ml/3661434002663,/products/uriage-hyseac-cleansing-cream-150ml,barcode,
/p/nelson-teetha-gel-15g/5000488105247,/products/nelson-teetha-gel-15g,barcode,
/p/lynx-showergel-250ml-africa/50287994,/products/lynx-showergel-250ml-africa,barcode,
/p/sculpted-by-aimee-liquidglo-brightening-essence-100ml/5391545129239,/products/sculpted-by-aimee-liquidglo-brightening-essence-100ml,barcode,
/p/seven-seas-active-55-original-60-pk/5012335851801,/products/seven-seas-active-55-original-60-pk,barcode,
/p/nivea-men-feeling-protected-gift-set-/025970014791,/products/nivea-men-feeling-protected-gift-set,title-fuzzy,closest: Nivea Men Feeling Protected Gift Set
/p/ov-surgical-spirits-100ml/5098928121995,/products/ov-surgical-spirits-100ml,barcode,
/p/svr-biotic-pepti-smoothing-regenerating-matte-gel-50ml/3662361001194,/products/svr-biotic-pepti-smoothing-regenerating-matte-gel-50ml,barcode,
/p/wild-cherry-blossom-refill-40g/5060968411565,/products/wild-cherry-blossom-refill-40g,barcode,
/p/jenny-glow-liberte-inspired-by-ysl-libre-15ml/6294015179606,/products/jenny-glow-liberte-inspired-by-ysl-libre-15ml,barcode,
/p/udos-choice-childrens-blend-microbiotics-60pk/5391500070859,/products/udo-s-choice-childrens-blend-microbiotics-60pk,barcode,
/p/advanced-nutrition-programme-skin-accumax---60-capsules/5060242800238,/products/advanced-nutrition-programme-skin-accumax-60-capsules,title-fuzzy,closest: Advanced Nutrition Programme Skin Accumax - 60 Capsules
/p/4-x-15ml-gift-set-carot-red-blooming-ador-angelic/6294015191400,/products/4-x-15ml-gift-set-carot-red-blooming-ador-angelic,barcode,
/p/spicebomb-mens-50ml-edt-spr/3605521515629,/products/spicebomb-mens-50ml-edt-spr,barcode,
/p/biabelle-tan-bundle-ultra-dark/biabelle27,/products/biabelle-tan-bundle-ultra-dark,title,
/p/hygie-wild-raspberry-hydrating-hand-cleanser-35ml/5061015258751,/products/hygie-wild-raspberry-hydrating-hand-cleanser-35ml,barcode,
/p/mx-health-vitamin-d-deficiency-rapid-home-test-1pk/5057881863175,/collections/self-testing-kits,off-website,mx-health-vitamin-d-deficiency-rapid-home-test-1pk
/p/uriage-xemose-pso-soothing-concentrate-150ml/3661434008955,/products/uriage-xemose-pso-soothing-concentrate-150ml,barcode,
/p/sculpted-lashlift-rich-brown/5391545124821,/products/sculpted-lashlift-rich-brown,barcode,
/p/jenny-glow-2-piece-ladies-set-ufo/6294015163858,/products/jenny-glow-2-piece-ladies-set-ufo,barcode,
/p/nivea-men-deo-150ml-sensitive-protect/4005808663798,/products/nivea-men-deo-150ml-sensitive-protect,barcode,
/p/chroma-cover-luminous-foundation--n5/5060907056284,/products/chroma-cover-luminous-foundation-n5,barcode,
/p/piz-buin-tan-and-protect-tan-intensifying-sun-spray-spf-30-150ml/3574661373584,/products/piz-buin-tan-protect-tan-intensifying-sun-spray-spf-30-150ml,barcode,
/p/bepantiseptic-1st-aid-cream-55g/5010605952548,/products/bepantiseptic-1st-aid-cream-55g,barcode,
/p/solar-buddies-sunscreen-applicator-pink/5065009644018,/collections/sun,off-website,solar-buddies-sunscreen-applicator-pink
/p/svr-physiopure-eau-micellaire-refill-400ml/sv1026146,/products/svr-physiopure-eau-micellaire-refill-400ml,title,
/p/jenny-glow-madame-inspired-by-coco-mademoiselle-15ml/6294015179583,/products/jenny-glow-madame-inspired-by-coco-mademoiselle-15ml,barcode,
/p/indestructibrow-pencil-charcoal/793591326764,/products/indestructi-brow-pencil-charcoal,barcode,
/p/carmex-classic-pot-75g-on-card/083078001476,/products/carmex-classic-pot-7-5g-on-card,barcode,
/p/medicare-pill-crusher/079573009161,/products/medicare-pill-crusher,barcode,
/p/sona-l-lysine-tabs-1000mg-45pk/5390612051053,/products/sona-l-lysine-tabs-1000mg-45pk,barcode,
/p/bausch-and-lomb-artelac-nighttime-gel-10g/4049649000213,/products/bausch-lomb-artelac-nighttime-gel-10g,barcode,
/p/nicorette-inhaler-15mg-4crt-refl/3574661146942,/products/nicorette-inhaler-15mg-4crt-refl,barcode,
/p/panadol-night-20pk/5000347065361,/products/panadol-night-20pk,barcode,
/p/medicare-reusable-hot-cold-pack/5099390403190,/products/medicare-reusable-hot-cold-pack,barcode,
/p/optibac-one-week-flat-28-pk/5060086610710,/products/optibac-one-week-flat-28-pk,barcode,
/p/medigauze-ns-swap-10x10cm-8ply-100pk/5099390405163,/products/medigauze-ns-swap-10x10cm-8ply-100pk,barcode,
/p/uriage-eau-thermale-micellar-water-500ml/3661434009396,/products/uriage-eau-thermale-micellar-water-500ml,barcode,
/p/bperfect-double-sided-luxury-velvet-tanning-mitt/797776563869,/products/bperfect-double-sided-luxury-velvet-tanning-mitt,barcode,
/p/floradix-floravital-liquid-500ml/4004148017186,/products/floradix-floravital-liquid-500ml,barcode,
/p/nicorette-inhaler-15mg-20crt-ref/3574661146065,/products/nicorette-inhaler-15mg-20crt-ref,barcode,
/p/dior-sauvage-60ml-edt-spr-/3348901250153,/products/dior-sauvage-60ml-edt-spr,barcode,
/p/better-you-b12-boost-oral-spray-25ml/96032893,/products/better-you-b12-boost-oral-spray-25ml,barcode,
/p/anusol-cream-23g/5010724531068,/products/anusol-cream-23g,barcode,
/p/bayliss-and-harding-peony-lychee-and-vanilla-luxury-hand-wash-500ml/017854120037,/products/bayliss-harding-peony-lychee-vanilla-luxury-hand-wash-500ml,barcode,
/p/azio-beauty-pollution-defense-cleanser-/5070003841929,/products/azio-beauty-pollution-defense-cleanser,barcode,
/p/uniflu-cough-stop-/5391513951077,/products/uniflu-cough-stop,barcode,
/p/tipple-hangover-defence-2pk-/628011850881,/collections/vitamins,off-website,tipple-hangover-defence-2pk
/p/tena-lady-maxi-night-6s-5069/7322540455236,/products/tena-lady-maxi-night-6-s-5069,barcode,
/p/king-hair-and-beauty-gold-dust-luxury-dry-shampoo/735850853475,/products/king-hair-beauty-gold-dust-luxury-dry-shampoo,barcode,
/p/emazole-20mg-tablets-7pk/5390387330216,/products/emazole-20mg-tablets-7pk,barcode,
/p/hismile-teeth-whitening-pap-strips-14-applications-/0744109219085,/products/hismile-teeth-whitening-pap-strips-14-applications,barcode,
/p/voduz-high-riser-volumising-root-spray-/5061007282870,/products/voduz-high-riser-volumising-root-spray,barcode,
/p/mam-fun-to-drink-cup-night-8months-blue/9001616716140,/products/mam-fun-to-drink-cup-night-8-months-blue,barcode,
/p/gillette-mach-3-blades-4pk/7702018408740,/products/gillette-mach-3-blades-4pk,barcode,
/p/zirtek-tabs-10mg-7pk/5391503740056,/products/zirtek-tabs-10mg-7pk,barcode,
/p/uriage-hyseac-new-skin-serum-40ml/3661434008290,/products/uriage-hyseac-new-skin-serum-40ml,barcode,
/p/uriage-xemose-sos-anti-itch-mist/3661434007910,/products/uriage-xemose-sos-anti-itch-mist,barcode,
/p/tena-lady-discreet-normal-duo-pack/7322540161472,/products/tena-lady-duo-pack,barcode,
/p/vicks-comf-plug-in--5-sachet/4022167170316,/products/vicks-comf-plug-in-5-sachet,barcode,
/p/garnier-ultimate-blends-nourishing-hair-food-banana-and-shea-3-in-1-hair-mask/3600542231572,/products/garnier-ultimate-blends-nourishing-hair-food-banana-shea-3-in-1-hair-mask,barcode,
/p/sculpted-easybrow-medium-brown/5391545120557,/products/sculpted-easybrow-medium-brown,barcode,
/p/medicare-one-week-pillbox/5099390404968,/products/medicare-one-week-pillbox,barcode,
/p/pestle-and-mortar-essentials-body-wash-and-body-cream-500ml-bundle-/0000000,/products/pestle-mortar-essentials-body-wash-body-cream-500ml-bundle,title-fuzzy,closest: Pestle & Mortar Essentials Body Wash & Body Cream 500Ml Bundle
/p/optibac-sboulardii-40-pk/5060086610864,/products/optibac-s-boulardii-40-pk,barcode,
/p/pharmaton-caps-30pk/7610939000014,/products/pharmaton-caps-30pk,barcode,
/p/sculpted-hydralip---bronze-/0754590489386,/products/sculpted-hydralip-bronze,barcode,
/p/-cydonia-cooling-polar-ice-100ml/3870112001144,/products/cydonia-cooling-polar-ice-100ml,barcode,
/p/jenny-glow-3-piece-ladies-set-the-shoe/6295199808870,/products/jenny-glow-3-piece-ladies-set-the-shoe,barcode,
/p/warmies-rolled-long-hot-water-bottle---grey/5060075689109,/products/warmies-rolled-long-hot-water-bottle-grey,barcode,
/p/sculpted-satin-silk-longwear-concealer--beige/satinconbeige,/products/sculpted-satin-silk-longwear-concealer-beige,title-fuzzy,closest: Sculpted Satin Silk Longwear Concealer- Beige
/p/uriage-eau-thermale-body-balm-200ml/3661434004711,/products/uriage-eau-thermale-body-balm-200ml,barcode,
/p/wild-cotton-starter-pack-with-refill-mix-4-/wild22mix,/products/wild-cotton-starter-pack-with-refill-mix-6,title-fuzzy,closest: Wild Cotton Starter Pack With Refill Mix 6
/p/ovelle-iodine-tincture-30ml/5098928121780,/products/ov-iodine-tincture-30ml,barcode,
/p/medicare-digital-pulse-oximeter/5099390416213,/products/medicare-digital-pulse-oximeter,barcode,
/p/hylo-tear-01-eye-drops-75ml/4031626710918,/products/hylo-tear-0-1-eye-drops-7-5ml,barcode,
/p/anadin-tabs-24pk/5054563245175,/products/anadin-tabs-24pk,barcode,
/p/nivea-aftersun-spray-200ml/4005808804344,/products/nivea-aftersun-spray-200ml,barcode,
/p/pandm-nmf-toner-200ml/855717008630,/products/p-m-nmf-toner-200ml,barcode,
/p/carnation-corn-pads-9pk/5012654142147,/products/carnation-corn-pads-9pk,barcode,
/p/colgate-tg-blue-minty-fresh-gel-100ml/8714789436104,/products/colgate-tg-blue-minty-fresh-gel-100ml,barcode,
/p/the-belle-brush-blowdry-small/5391532760087,/products/the-belle-brush-blowdry-small,barcode,
/p/bio-kult-caps-120pk/5027314504043,/products/bio-kult-caps-120pk,barcode,
/p/ck-euphoria-mens-100ml-edt-spr/088300178278,/products/ck-euphoria-mens-100ml-edt-spr,barcode,
/p/harrys-foaming-shave-gel-200ml/855380004281,/collections/mens-grooming,off-website,harrys-foaming-shave-gel-200ml
/p/jungle-formula-maximum-spray-125ml/5012616262432,/products/jungle-formula-maximum-spray-150ml,barcode,
/p/sculpted-bronze-base-refill-pouch-light-_-medium/794712490852,/products/sculpted-bronze-base-refill-pouch-light-medium,barcode,
/p/lerelle-beauty-brows2love-brow-growth-serum-/5907573418742,/collections/eyebrows,off-website,lerelle-beauty-brows2love-brow-growth-serum
/p/wild-mint-and-aloe-vera-refill-mens/5065003990692,/products/wild-mint-aloe-vera-refill-mens,barcode,
/p/caldease-30g-nappy-rash-ointment/5099562741655,/products/caldease-30g-nappy-rash-ointment,barcode,
/p/active-iron-kids-iron-and-vit-d-30-chews-/5391540870303,/products/active-iron-kids-iron-vit-d-30-chews,barcode,
/p/sosu-6pce-nude-premium-brush-collection-face-set/5391541763611,/products/sosu-6pce-nude-premium-brush-collection-face-set,barcode,
/p/compeed-invisible-cold-sore-patch-15pk/366355500211,/collections/dermatological-skincare,parent-category,
/p/jenny-glow-posies-inspired-by-marc-jacobs-daisy/6294015136883,/products/jenny-glow-posies-inspired-by-marc-jacobs-daisy,barcode,
/p/voduz-smooth-and-sleek-bundle/voduzsleekbundle,/products/voduz-smooth-sleek-bundle,title,
/p/cleanmarine-for-women-60caps/5391500077803,/products/cleanmarine-for-women-60caps,barcode,
/p/loreal-elvive-cond-300ml-col-protect/3600520433073,/products/l-oreal-elvive-cond-300ml-col-protect,barcode,
/p/panadol-actifast-soluble-12pk/5054563080622,/products/panadol-actifast-soluble-12pk,barcode,
/p/difflam-spray-30ml/5060035248353,/products/difflam-spray-30ml,barcode,
/p/vitabiotics-wellteen-for-him-30pk/5021265247325,/products/vitabiotics-wellteen-for-him-30pk,barcode,
/p/azio-beauty-intense-lifting-eye-serum/96213261,/products/azio-beauty-intense-lifting-eye-serum,barcode,
/p/paralief-paracetamol-24pk-blue-clonmel/5099562916077,/products/paralief-paracetamol-24pk-blue-clonmel,barcode,
/p/uriage-bebe-1st-cradle-cap-care-cream-40ml/3661434002502,/products/uriage-bebe-1st-cradle-cap-care-cream-40ml,barcode,
/p/anusol-supp-12pk/5010123726294,/products/anusol-supp-12pk,barcode,
/p/reno-n5-body-lotion-200ml/3145891057485,/products/reno-n5-body-lotion-200ml,barcode,
/p/the-handmade-soap-company-bitter-orange-and-pink-pepper-hand-wash-250ml-/5391520236341,/products/the-handmade-soap-company-bitter-orange-pink-pepper-hand-wash-250ml,barcode,
/p/2-piece-mens-set-midnight-blue/6294015163742,/products/2-piece-mens-set-midnight-blue,barcode,
/p/carex-hw-original-250ml/5000101346170,/products/carex-hw-original-250ml,barcode,
/p/difflam-oral-rinse-300ml/5060035248308,/products/difflam-oral-rinse-300ml,barcode,
/p/3-piece-ladies-set-opium/6294015191264,/products/3-piece-ladies-set-opium,barcode,
/p/maalox-plus-oral-suspension-250ml-lemon/5000283657392,/products/maalox-plus-oral-suspension-250ml-lemon,barcode,
/p/uriage-cleansing-soothing-oil-500ml/3661434005879,/products/uriage-cleansing-soothing-oil-500ml,barcode,
/p/optibac-travel-abroad-/5060086610055,/products/optibac-travel-abroad,barcode,
/p/sreeze-nasal-spray-10ml/50074457,/products/sreeze-nasal-spray-10ml,barcode,
/p/tubigrip-size-e/5055158005440,/products/tubigrip-size-e,barcode,
/p/diesel-d-by-diesel-50ml-2pc-gift-set/3614273852852,/products/diesel-d-by-diesel-50ml-2pc-gift-set,barcode,
/p/carnation-animal-wool/5012654200601,/products/carnation-animal-wool,barcode,
/p/revive-active-magnesium-complex-60pk-/5391546180291,/products/revive-active-magnesium-complex-60pk,barcode,
/p/excedrin-tablets-20pk/5051562036100,/products/excedrin-tablets-20pk,barcode,
/p/nivea-body-firming-lotion-q10-plus-250ml/4005900512161,/products/nivea-body-firming-lotion-q10-plus-250ml,barcode,
/p/salactol-wart-paint-10ml/5016379320019,/products/salactol-wart-paint-10ml,barcode,
/p/2-piece-ladies-set-madame/6294015142624,/products/2-piece-ladies-set-madame,barcode,
/p/uriage-bariederm-cica-daily-serum-30ml/3661434011931,/products/uriage-bariederm-cica-daily-serum-30ml,barcode,
/p/svr-sensifine-ar-eau-micellaire-400ml/3401360167902,/products/svr-sensifine-ar-eau-micellaire-400ml,barcode,
/p/optibac-for-your-baby-drops-/5060086611038,/products/optibac-for-your-baby-drops,barcode,
/p/medicare-male-heel-cushions-2s/5099390407945,/products/medicare-male-heel-cushions-2-s,barcode,
/p/compeed-blister-medium-5pk/5708932006910,/products/compeed-blister-medium-5pk,barcode,
/p/tena-lady-pants-discreet-large-5pk/7322540679212,/products/tena-lady-pants-discreet-large-5pk,barcode,
/p/voduz-prep-talk-dry-texture-spray-75ml/minipreptalk,/products/voduz-prep-talk-dry-texture-spray-75ml,title,
/p/solgar-flaxseed-1250mg-capsules-100pk/033984010741,/products/solgar-flaxseed-1250mg-capsules-100pk,barcode,
/p/garnier-olia-53-golden-brown-no-ammonia-permanent-hair-dye/3600541233720,/products/garnier-olia-5-3-golden-brown-no-ammonia-permanent-hair-dye,barcode,
/p/the-belle-brush-baby-belle/5391532760018,/products/the-belle-brush-baby-belle,barcode,
/p/jimmy-choo-man-100ml-edt-spray/3386460064118,/products/jimmy-choo-man-100ml-edt-spray,barcode,
/p/chance-eau-tendre-edp-spray-50ml/3145891262506,/products/chance-eau-tendre-edp-spray-50ml,barcode,
/p/uriage-ds-hair-kerato-reducing-treatment-shampoo-150ml/3661434009310,/products/uriage-ds-hair-kerato-reducing-treatment-shampoo-150ml,barcode,
/p/bperfect-prep-and-set-collection-gift-set/5056832902093,/products/bperfect-prep-set-collection-gift-set,barcode,
/p/solgar-ester-c-1000mg-90-caps/033984169876,/products/solgar-ester-c-1000mg-90-caps,barcode,
/p/joop-homme-75ml-edt-spr-/3414206000592,/products/joop-homme-75ml-edt-spr,barcode,
/p/milton-wipes-30pk/3361370018994,/products/milton-wipes-30pk,barcode,
/p/optrex-multi-action-eye-wash-100ml/5000158101425,/products/optrex-multi-action-eye-wash-100ml,barcode,
/p/uriage-extra-rich-dermatological-gel-500ml/3661434005862,/products/uriage-extra-rich-dermatological-gel-500ml,barcode,
/p/okeefes-lip-balm-cooling/5704947003425,/products/o-keefe-s-lip-balm-cooling,barcode,
/p/strepsils-honey-and-lemon-lozenge-36pk/5011417579176,/products/strepsils-honey-lemon-lozenge-36pk,barcode,
/p/bperfect-tan-studio-instant-aerosol-tan-dark-125ml-/5061045654271,/products/bperfect-tan-studio-instant-aerosol-tan-dark-125ml,barcode,
/p/promo-pack-brylcreem-gel-150ml-2pk-7-strong/8712100146398,/products/promo-pack-brylcreem-gel-150ml-2pk-7-strong,barcode,
/p/ov-silcocks-base-500g/5390998004643,/collections/ovelle,off-website,ov-silcocks-base-500g
/p/bperfect-mrs-glam-honey-glazed-lip-oil/5061045652666,/products/bperfect-mrs-glam-honey-glazed-lip-oil,barcode,
/p/anadin-maximum-strength-caps-12pk/5000309005329,/products/anadin-maximum-strength-caps-12pk,barcode,
/p/sorefix-rescue-cold-sore-cream/8718309701345,/products/sorefix-rescue-cold-sore-cream,barcode,
/p/ultrapure-hydrogen-peroxide-250ml/5391510473442,/products/ultrapure-hydrogen-peroxide-250ml,barcode,
/p/svr-hydraliane-creme-riche-50ml-/3662361003297,/products/svr-hydraliane-creme-riche-50ml,barcode,
/p/bioxtra-oral-gel-mouthspray-50ml-dry-mouth/5425005120099,/products/bioxtra-oral-gel-mouthspray-50ml-dry-mouth,barcode,
/p/eylure-brow-dye-black/5011522531007,/products/eylure-brow-dye-black,barcode,
/p/kit-and-kaboodle-hair-roller-velcro-med-6pk/5391531140408,/products/kit-kaboodle-hair-roller-velcro-med-6pk,barcode,
/p/kelkin-effervescent-vit-c-1000mg-20pk/5011032668996,/products/kelkin-effervescent-vit-c-1000mg-20pk,barcode,
/p/uriage-hyseac-mattifying-emulsion-40ml/3661434010033,/products/uriage-hyseac-mattifying-emulsion-40ml,barcode,
/p/uriage-hyseac-reconstructing-skincare-40ml/3661434004339,/products/uriage-hyseac-reconstructing-skincare-40ml,barcode,
/p/vitabiotics-conception-his-and-hers-60-pk/5021265242344,/products/vitabiotics-conception-his-hers-60-pk,barcode,
/p/dulcolax-tabs-20pk/5012917076929,/products/dulcolax-tabs-20pk,barcode,
/p/luna-by-lisa-hydrate-conditioner/5391532528397,/products/luna-by-lisa-hydrate-conditioner,barcode,
/p/azio-beauty-lift-factor-neck-and-chest-cream-/5070000552637,/products/azio-beauty-lift-factor-neck-chest-cream,barcode,
/p/spotlight-teeth-white-system/5391531560336,/products/spotlight-teeth-white-system,barcode,
/p/sonisk-sonic-pulse-toothbrush-black/5060679070891,/products/sonisk-sonic-pulse-toothbrush-black,barcode,
/p/paco-rabanne-lady-million-80ml-edp/3349668508587,/products/paco-rabanne-lady-million-80ml-edp,barcode,
/p/jenny-glow-origins-inspired-by-jimmy-choo-original-30ml/6294015156140,/products/jenny-glow-origins-inspired-by-jimmy-choo-original-30ml,barcode,
/p/celtic-can-round-pot-black-pomegranate/5038871058375,/products/celtic-can-round-pot-black-pomegranate,barcode,
/p/lerelle-beauty-aimx-brighten-me-sheet-mask-with-vitamin-c/4771632315188,/collections/face-masks,off-website,lerelle-beauty-aimx-brighten-me-sheet-mask-with-vitamin-c
/p/medicare-fabric-plasters-30pk/5099390413571,/products/medicare-fabric-plasters-30pk,barcode,
/p/jenny-glow-3-piece-mens-set-the-man-/6295199808641,/products/jenny-glow-3-piece-mens-set-the-man,barcode,
/p/dettol-2in1-anti-bac-wipes/5011417566282,/products/dettol-2in1-anti-bac-wipes,barcode,
/p/sculpted-satin-silk-longwear-concealer---vanilla/satinconvan,/products/sculpted-satin-silk-longwear-concealer-vanilla,title-fuzzy,closest: Sculpted Satin Silk Longwear Concealer - Vanilla
/p/sculpted-lip-duo-undressed--nude/794712143505,/products/sculpted-lip-duo-undressed-nude,barcode,
/p/mitchum-anti-pers-pwdr-frsh-150ml/5051389044838,/products/mitchum-anti-pers-pwdr-frsh-150ml,barcode,
/p/ffp2-mask/maskffp2,/products/ffp2-mask,title,
/p/fusion-allergy-eye-drops-/5391531760309,/products/fusion-allergy-eye-drops,barcode,
/p/the-handmade-soap-company-lemongrass-and-cedarwood-soap-bar-100g/5391520236044,/products/the-handmade-soap-company-lemongrass-cedarwood-soap-bar-100g,barcode,
/p/bbold-microfibre-applicator-glove-mitt/5060298550385,/products/bbold-microfibre-applicator-glove-mitt,barcode,
/p/all-stars-collection/0745314241946,/products/all-stars-collection,barcode,
/p/wild-jasmine-starter-pack-with-refill-mix-2-/wild6mix,/products/wild-jasmine-starter-pack-with-refill-mix-6,title-fuzzy,closest: Wild Jasmine Starter Pack With Refill Mix 6
/p/lacabine-eye-contour-amp-2ml/8435534405779,/products/lacabine-eye-contour-amp-2ml,barcode,
/p/chanel-no5-eau-de-parfum-50ml-/3145891254303,/products/chanel-no5-eau-de-parfum-50ml,barcode,
/p/carnation-hydrocolloid-blister-4pk/5012654200847,/products/carnation-hydrocolloid-blister-t,barcode,
/p/lanes-olbas-oil-28ml/5000477616921,/products/lanes-olbas-oil-28ml,barcode,
/p/jenny-glow-belle-15ml-eau-de-parfum/6294015179477,/products/jenny-glow-belle-15ml-eau-de-parfum,barcode,
/p/uriage-age-lift-firming-smoothing-day-cream-40ml/3661434009266,/products/uriage-age-lift-firming-smoothing-day-cream-40ml,barcode,
/p/pestle-and-mortar-essentials-the-face-cream/855238006153,/collections/facial-moisturisers,off-website,pestle-mortar-essentials-the-face-cream
/p/kin-whitening-toothpaste-75ml/8436026211694,/products/kin-whitening-toothpaste-75ml,barcode,
/p/aroma-works-lemongrass-and-bergamot-10ml/5060283074957,/products/aroma-works-lemongrass-bergamot-10ml,barcode,
/p/berocca-immuno-eff-15pk/5010605402371,/products/berocca-immuno-eff-15pk,barcode,
/p/selfscreen-home-drug-test-1pk/5099374999992,/products/selfscreen-home-drug-test-1pk,barcode,
/p/wild-black-case-fresh-cotton-and-sea-salt-deodorant-starter-pack-mens/5065003990098,/products/wild-black-case-fresh-cotton-sea-salt-deodorant-starter-pack-mens,barcode,
/p/sculpted-satin-silk-longwear-concealer--creme/satinconcreme,/products/sculpted-satin-silk-longwear-concealer-creme,title-fuzzy,closest: Sculpted Satin Silk Longwear Concealer- Creme
/p/nicorette-freshmint-2mg-105pk/3574661146706,/products/nicorette-freshmint-2mg-105pk,barcode,
/p/revive-tropical-3-month-supply---90-sachets/079775747684,/products/revive-tropical-3-month-supply-90-sachets,title-fuzzy,closest: Revive Tropical 3 Month Supply - 90 Sachets
/p/dkny-be-delicious-fresh-blossom-50ml-edp-spr/085715950093,/products/dkny-be-delicious-fresh-blossom-50ml-edp-spr,barcode,
/p/3-x-15ml-gift-set-madam-chance-floral/6294015191769,/products/3-x-15ml-gift-set-madam-chance-floral,barcode,
/p/brupro-max-ibuprofen-400mg-tabs-12pk/5390387373206,/products/brupro-max-ibuprofen-400mg-tabs-12pk,barcode,
/p/uriage-refreshing-make-up-removing-jelly-150ml/3661434009426,/products/uriage-refreshing-make-up-removing-jelly-150ml,barcode,
/p/luna-filter-finish-silk-foundation---light/lunalightsilk,/products/luna-filter-finish-silk-foundation-light,title-fuzzy,closest: Luna Filter Finish Silk Foundation - Light
/p/kit-and-kaboodle-nail-file-blue-med-fine/5391531141030,/products/kit-kaboodle-nail-file-blue-med-fine,barcode,
/p/clearblue-ovulation-digital-test-10pk/4015600568122,/products/clearblue-ovulation-digital-test-10pk,barcode,
/p/nivea-sun-swim-and-play-spf50-150ml/4005808475018,/products/nivea-sun-swim-play-spf50-150ml,barcode,
/p/mepore-ultra-10cm-x-11cm-single/7332551201012,/products/mepore-ultra-10cm-x-11cm-single,barcode,
/p/medilite-paper-tape-25cmx5m/5099390200201,/products/medilite-paper-tape-2-5cmx5m,barcode,
/p/luna-by-lisa-highlighter---star-beam/5391532521626,/products/luna-by-lisa-highlighter-star-beam,barcode,
/p/sculpted-tint-and-glow-skin-enhancer-70/794712490524,/products/sculpted-tint-glow-skin-enhancer-7-0,barcode,
/p/braun-thermoscan-refill-lf40/4022167400062,/products/braun-thermoscan-refill-lf40,barcode,
/p/medicrepe-elastic-bandage-8cmx5m/5099390404241,/products/medicrepe-elastic-bandage-8cmx5m,barcode,
/p/sculpted-second-skin-light-plus-dewy-35/793591414690,/products/sculpted-second-skin-light-plus-dewy-3-5,barcode,
/p/durex-intimate-feel-12pk/5052197045451,/products/durex-intimate-feel-12pk,barcode,
/p/sculpted-beauty-base-original-50ml-pump/735850997124,/products/sculpted-beauty-base-original-50ml-pump,barcode,
/p/witch-hazel-500ml-ultrapure/5391510474326,/products/witch-hazel-500ml-ultrapure,barcode,
/p/hair-removing-cream-100ml-dimple/5017371130798,/products/hair-removing-cream-100ml-dimple,barcode,
/p/sculpted-second-skin-medium-plus-matte-45/793591835525,/products/sculpted-second-skin-medium-plus-matte-4-5,barcode,
/p/tt-fun-style-soothers-18-36m/5010415334039,/products/tt-fun-style-soothers-18-36m,barcode,
/p/surgical-spirits-200ml-ovelle/5098928121988,/products/surgical-spirits-200ml-ovelle,barcode,
/p/moogoo-milk-wash-500ml/9335955000074,/products/moogoo-milk-wash-500ml,barcode,
/p/pestle-and-mortar-essentials-hand-cream-300ml/856149007451,/products/pestle-mortar-essentials-hand-cream-300ml,barcode,
/p/nivea-sun-pands-lotion-spf-spf30-200m/4005808650101,/products/nivea-sun-p-s-lotion-spf-spf30-200m,barcode,
/p/milton-sterilising-fluid-1000ml/3361370086368,/products/milton-sterilising-fluid-1000ml,barcode,
/p/luna-by-lisa-setting-spray---vitamin/5391532522029,/products/luna-by-lisa-setting-spray-vitamin,barcode,
/p/optrex-actimist-10ml-eye-spray-2n1-itchy/5000158069473,/products/optrex-actimist-10ml-eye-spray-2n1-itchy,barcode,
/p/red-door-100ml-edt/805805558420,/products/red-door-100ml-edt,title,
/p/mitchum-pure-fresh-roll-on-deo/309975122138,/products/mitchum-pure-fresh-roll-on-deo,barcode,
/p/mepore-ultra-7cm-x-8cm-single/7332551200305,/products/mepore-ultra-7cm-x-8cm-single,barcode,
/p/tepe-interdental-brush-fine-045mm-oran-1/7317400001753,/products/tepe-interdental-brush-fine-0-45mm-oran-1,barcode,
/p/mrs-glam-lip-gloss-peachy/793618273262,/products/mrs-glam-lip-gloss-peachy,barcode,
/p/quest-vegan-multi-vitamin-one-a-day-30pk/5022339032014,/products/quest-vegan-multi-vitamin-one-a-day-30pk,barcode,
/p/elave-hair-conditoner-250ml/5098928124491,/products/elave-hair-conditoner-250ml,barcode,
/p/wilkinson-double-edge-5s/4027800011209,/products/wilkinson-double-edge-5s,barcode,
/p/pernaton-gel-250ml/7614700015214,/products/pernaton-gel-250ml,barcode,
/p/capasal-therapeutic-shampoo-250ml/5016379132018,/products/capasal-therapeutic-shampoo-250ml,barcode,
/p/kinvara-absolute-cleansing-oil-100ml/609722885881,/products/kinvara-absolute-cleansing-oil-100ml,barcode,
/p/bperfect-10-sec-strawberry-medium-lotion/793591864303,/products/bperfect-10-sec-strawberry-medium-lotion,barcode,
/p/mediform-conforming-10cmx4m/5099390404180,/products/mediform-conforming-10cmx4m,barcode,
/p/vaseline-lip-therapy-20g-aloe-vera/8714100597347,/products/vaseline-lip-therapy-20g-aloe-vera,barcode,
/p/luna-by-lisa-airbrush-3in1-primer---light/5391532521879,/products/luna-by-lisa-airbrush-3in1-primer-light,barcode,
/p/rs-epsom-salts-100g/5099172220144,/products/rs-epsom-salts-100g,barcode,
/p/cocoa-brown-kabuki-brush/5391018053542,/products/cocoa-brown-kabuki-brush,barcode,
/p/childs-farm-bubble-bath-250ml-raspberry-extract/5029066007162,/products/childs-farm-bubble-bath-250ml-raspberry-extract,barcode,
/p/medicrepe-elastic-crepe-6cmx5m/5099390404265,/products/medicrepe-elastic-crepe-6cmx5m,barcode,
/p/nivea-sun-protect-and-moisture-sun-lotion-spf15-200ml/4005808459766,/products/nivea-sun-protect-moisture-sun-lotion-spf15-200ml,barcode,
/p/kin-toothbrush-soft/8470003186261,/products/kin-toothbrush-soft,barcode,
/p/sculpted-second-skin-fair-plus-matte-25/793591414904,/products/sculpted-second-skin-fair-plus-matte-2-5,barcode,
/p/mepore-9cm-x-15cm-single/7310796710001,/products/mepore-9cm-x-15cm-single,barcode,
/p/selfscreen-home-drug-test-2pk/5099374999985,/products/selfscreen-home-drug-test-2pk,barcode,
/p/sculpted-second-skin-fair-dewy-20/793591414591,/products/sculpted-second-skin-fair-dewy-2-0,barcode,
/p/elave-baby-intensive-cream-125ml/5098928123845,/products/elave-baby-intensive-cream-125ml,barcode,
/p/tampax-compak-super-18pk/8001090705662,/products/tampax-compak-super-18pk,barcode,
/p/luna-by-lisa-highlighter---sun-beam/5391532521619,/products/luna-by-lisa-highlighter-sun-beam,barcode,
/p/fresh-breath-mouthspray-peppermi/761828001036,/products/fresh-breath-mouthspray-peppermi,barcode,
/p/jandj-cotton-buds-100pk/3574661440460,/products/j-j-cotton-buds-100pk,barcode,
/p/femfresh-wash-250ml-daily-intimate/5010724525937,/products/femfresh-wash-250ml-daily-intimate,barcode,
/p/corsodyl-500ml-daily-cool-mint-alchol-free/5000347054242,/products/corsodyl-500ml-daily-cool-mint-alchol-free,barcode,
/p/classics-pure-acetone-150ml-false-nail-remover/5037741100916,/products/classics-pure-acetone-150ml-false-nail-remover,barcode,
/p/thealoz-duo-gel-04g-30pk/3662042002847,/products/thealoz-duo-gel-0-4g-30pk,barcode,
/p/rosewater-500ml-ultrapure/5391510474197,/products/rosewater-500ml-ultrapure,barcode,
/p/cb12-oral-rinse-blue-250ml/5391521890276,/products/cb12-oral-rinse-blue-250ml,barcode,
/p/perio-kin-mouthwash-250ml-chlorhexidine/8470003750974,/products/perio-kin-mouthwash-250ml-chlorhexidine,barcode,
/p/medicare-burn-dressing-10-x-10cm-40g/5099390411782,/products/medicare-burn-dressing-10-x-10cm-40g,barcode,
/p/childs-farm-bubble-bath-250ml-tangerine/5029066024176,/products/childs-farm-bubble-bath-250ml-tangerine,barcode,
/p/spotlight-teeth-white-pen-90g/5391531560077,/products/spotlight-teeth-white-pen-90g,barcode,
/p/clearblue-digital-2pk-pregnancy-test/4084500477285,/products/clearblue-digital-2pk-pregnancy-test,barcode,
/p/zirtek-oral-solution-1mg_ml-100ml/5391503740124,/products/zirtek-oral-solution-1mg-ml-100ml,barcode,
/p/moogoo-shampoo-500ml/9335955000050,/products/moogoo-shampoo-500ml,barcode,
/p/tepe-yellow-size-4-6-pk/7317400001784,/products/tepe-yellow-size-4-6-pk,barcode,
/p/sculpted-tint-and-glow-skin-enhancer-60/794712490494,/products/sculpted-tint-glow-skin-enhancer-6-0,barcode,
/p/mediform-conforming-15cmx4m/5099390404166,/products/mediform-conforming-15cmx4m,barcode,
/p/simple-kts-replenishing-rich-moist-125ml/5011451103948,/products/simple-kts-replenishing-rich-moist-125ml,barcode,
/p/kit-and-kaboodle-nail-files-4pk/5391531140927,/products/kit-kaboodle-nail-files-4pk,barcode,
/p/milton-sterilising-tablets-28pk/5010527585169,/products/milton-sterilising-tablets-28pk,barcode,
/p/colgate-tp-sensation-whitening-100ml-tube-100ml/8714789115474,/products/colgate-tp-sensation-whitening-100ml-tube-100ml,barcode,
/p/gillette-venus-blades-4pk/3014260262709,/products/gillette-venus-blades-4pk,barcode,
/p/ov-paraffin-gel-100g/5098928122398,/products/ov-paraffin-gel-100g,barcode,
/p/nizoral-care-scalp-tonic/5099562743451,/products/nizoral-care-scalp-tonic,barcode,
/p/strepsils-intensive-orange-sf-lozenge-16pk/5000158105669,/products/strepsils-intensive-orange-sf-lozenge-16pk,barcode,
/p/dove-cleansing-bar-original/8710447439265,/products/dove-cleansing-bar-original,barcode,
/p/scholl-cracked-heel-repair-cream-active-60ml/5038483588710,/products/scholl-cracked-heel-repair-cream-active-60ml,barcode,
/p/luna-by-lisa-highlighter---candy-beam/5391532521633,/products/luna-by-lisa-highlighter-candy-beam,barcode,
/p/dr-denti-tooth-fil-3g-10-pack-fillings/5031966040729,/products/dr-denti-tooth-fil-3g-10-pack-fillings,barcode,
/p/meditape-125x5m-zinc-oxide-tape/5099390200706,/products/meditape-1-25x5m-zinc-oxide-tape,barcode,
/p/sculpted-second-skin-dewy-fair-plus-25/793591414621,/products/sculpted-second-skin-dewy-fair-plus-2-5,barcode,
/p/mepore-9cm-x-30cm-single/7310796713002,/products/mepore-9cm-x-30cm-single,barcode,
/p/dettol-soap-bar-twin-pack-banded-100g/5011417554876,/products/dettol-soap-bar-twin-pack-banded-100g,barcode,
/p/loreal-magic-retouch-medium-iced-brown-75ml/3600523337729,/products/loreal-magic-retouch-medium-iced-brown-75ml,barcode,
/p/beeline-effervescent-ginseng-and-multivitamin-20pk/5099442003569,/products/beeline-effervescent-ginseng-multivitamin-20pk,barcode,
/p/sculpted-second-skin-light-plus-matte-35/793591414966,/products/sculpted-second-skin-light-plus-matte-3-5,barcode,
/p/clearblue-plus-2pk-pregnancy-test/4084500477445,/products/clearblue-plus-2pk-pregnancy-test,barcode,
/p/scholl-gel-activ-insole-work-men/5052197038125,/products/scholl-gel-activ-insole-work-men,barcode,
/p/sula-sugar-free-sweets-42g-strawberry-and-cream/4003455340147,/products/sula-sugar-free-sweets-42g-strawberry-cream,barcode,
/p/nivea-sun-pands-lotion-spf-spf50-200m/4005808649969,/products/nivea-sun-p-s-lotion-spf-spf50-200m,barcode,
/p/sula-sugar-free-sweets-42g-fruit-mix/4003455340109,/products/sula-sugar-free-sweets-42g-fruit-mix,barcode,
/p/ck-euphoria-ladies-50ml-edp/880300162550,/products/ck-euphoria-ladies-50ml-edp,barcode,
/p/optiplus-anti-fog-wipes/4048783074937,/products/optiplus-anti-fog-wipes,barcode,
/p/luna-by-lisa-setting-spray---matte/5391532522012,/products/luna-by-lisa-setting-spray-matte,barcode,
/p/loreal-magic-retouch-1-black-75ml/3600523192687,/products/l-oreal-magic-retouch-1-black-75ml,barcode,
/p/scholl-corn-removal-plasters-waterproof/5000288301160,/products/scholl-corn-removal-plasters-waterproof,barcode,
/p/bariesun-kit-baby-spf-50/3661434006715,/products/bariesun-kit-baby-spf-50,barcode,
/p/dove-lotion-200ml-summer-revive-medium_dark/8712561983013,/products/dove-lotion-200ml-summer-revive-medium-dark,barcode,
/p/pestle-and-mortar-erase-balm-cleanser-100ml/855238006337,/products/pestle-mortar-erase-balm-cleanser-100ml,barcode,
/p/batiste-200ml-med-and-brunette-dry-shampoo/5010724527474,/products/batiste-200ml-med-brunette-dry-shampoo,barcode,
/p/celtic-candle-pot-round-lime_-mandarin/5038871058368,/products/celtic-candle-pot-round-lime-mandarin,barcode,
/p/kit-and-kaboodle-nail-file-pink-ex-fine/5391531141047,/products/kit-kaboodle-nail-file-pink-ex-fine,barcode,
/p/optase-moist-heat-eye-mask/5392000104228,/products/optase-moist-heat-eye-mask,barcode,
/p/remington-hygiene-trimmer/4008496651351,/products/remington-hygiene-trimmer,barcode,
/p/gillette-shaving-gel-reg-200ml/7702018980901,/products/gillette-shaving-gel-reg-200ml,barcode,
/p/cocoa-brown-thumb-tanning-mitt/5391018012396,/products/cocoa-brown-thumb-tanning-mitt,barcode,
/p/nivea-men-sensitive-moisturiser-75ml/5025970023397,/products/nivea-men-sensitive-moisturiser-75ml,barcode,
/p/thea-blephaclean-eyelid-wipes-20pk-blepharitis/3662042002953,/products/thea-blephaclean-eyelid-wipes-20pk-blepharitis,barcode,
/p/sculpted-tint-and-glow-skin-enhancer-20/794712490388,/products/sculpted-tint-glow-skin-enhancer-2-0,barcode,
/p/vaseline-lip-therapy-20g-orig/5099802150117,/products/vaseline-lip-therapy-20g-orig,barcode,
/p/boss-bottled-tonic-mens-50ml-edt/8005610255613,/products/boss-bottled-tonic-mens-50ml-edt,barcode,
/p/colief-infant-drops-15ml/5391510239963,/products/colief-infant-drops-15ml,barcode,
/p/moogoo-conditioner-500ml/9335955000319,/products/moogoo-conditioner-500ml,barcode,
/p/cutex-moisture-rich-npr-100ml/309971370175,/products/cutex-moisture-rich-npr-100ml,barcode,
/p/fixodent-food-seal-35ml/5000174718058,/products/fixodent-food-seal-35ml,barcode,
/p/halls-soothers-strawberry/5034660508038,/products/halls-soothers-strawberry,barcode,
/p/active-folic-caps-60pk/793618110697,/products/active-folic-caps-60pk,barcode,
/p/sterimar-isotonic-allergies-and-sinus-100ml/5010724515068,/products/sterimar-isotonic-allergies-sinus-100ml,barcode,
/p/ogam-marjoram-5ml/5390600001176,/products/ogam-marjoram-5ml,barcode,
/p/childs-farm-shampoo-250ml-strawberry-and-mint/5029066007148,/products/childs-farm-shampoo-250ml-strawberry-mint,barcode,
/p/bioactive-d-pearls-38ug-240pk/5709976126602,/products/bioactive-d-pearls-38ug-240pk,barcode,
/p/tos-daily-conditioner-200ml/5012008467704,/products/tos-daily-conditioner-200ml,barcode,
/p/vaseline-lip-therapy-20g-cocoa/8718114642871,/products/vaseline-lip-therapy-20g-cocoa,barcode,
/p/mepore-9cm-x-10cm-single/7310796709005,/products/mepore-9cm-x-10cm-single,barcode,
/p/tepe-angle-g4145-green-08mm-6pk/7317400011622,/products/tepe-angle-g4145-green-0-8mm-6pk,barcode,
/p/pears-transparent-soap-125g-1pk/5000228009194,/products/pears-transparent-soap-125g-1pk,barcode,
/p/always-ultra-long-and-wings-12pk/4015400755456,/products/always-ultra-long-wings-12pk,barcode,
/p/cleanse-off-mitt-1pk/680569856456,/products/cleanse-off-mitt-1pk,barcode,
/p/vermox-100mg_5ml-oral-suspension-30ml/5027097904955,/products/vermox-100mg-5ml-oral-suspension-30ml,barcode,
/p/sculpted-second-skin-medium-matte-40/793591414997,/products/sculpted-second-skin-medium-matte-4-0,barcode,
/p/paralink-500mg-supp-10pk/5099172033089,/products/paralink-500mg-supp-10pk,barcode,
/p/ws-double-edge-classsic-razor/4027800015504,/products/ws-double-edge-classsic-razor,barcode,
/p/kit-and-kaboodle-nail-file-floral-coarse-med/5391531141054,/products/kit-kaboodle-nail-file-floral-coarse-med,barcode,
/p/panadol-ets-tabs-12pk/5098802500120,/products/panadol-ets-tabs-12pk,barcode,
/p/tos-daily-maint-shampoo-200ml/5012008467605,/products/tos-daily-maint-shampoo-200ml,barcode,
/p/lorat-10mg-tabs-7pk/5390387077012,/products/lorat-10mg-tabs-7pk,barcode,
/p/sculpted-tint-and-glow-skin-enhancer-50/794712490463,/products/sculpted-tint-glow-skin-enhancer-5-0,barcode,
/p/ck-eternity-ladies-100ml-edp/880300601400,/products/ck-eternity-ladies-100ml-edp,barcode,
/p/hylo-dual-pres-free-eye-drops-75ml-005/4031626711380,/products/hylo-dual-pres-free-eye-drops-7-5ml-0-05,barcode,
/p/head-and-shoulders-shampoo-classic-250ml/5410076229994,/products/head-and-shoulders-shampoo-classic-250ml,barcode,
/p/okeeffes-working-hands-85g-tube/5704947002688,/products/o-keeffe-s-working-hands-85g-tube,barcode,
/p/bio-oil-skincare-oil-60ml/6001159118411,/products/bio-oil-skincare-oil-60ml,barcode,
/p/corsodyl-500ml-daily-fresh-mint-alchol-free/5000347054235,/products/corsodyl-500ml-daily-fresh-mint-alchol-free,barcode,
/p/kit-and-kaboodle-nail-scissors-curved/5391531141085,/products/kit-kaboodle-nail-scissors-curved,barcode,
/p/medicare-sterile-burn-plasters-6pk/5099390410594,/products/medicare-sterile-burn-plasters-6pk,barcode,
/p/capasal-therapeutic-shampoo-100ml/5016379135002,/products/capasal-therapeutic-shampoo-100ml,barcode,
/p/sculpted-perfecting-duo-brush/794712490036,/products/sculpted-perfecting-duo-brush,barcode,
/p/colgate-tp-100ml-whitening/8714789601106,/products/colgate-tp-100ml-whitening,barcode,
/p/tefin-75mg-ibuprofen-suppositories/5392000060876,/collections/pharmacy,off-website,tefin-75mg-ibuprofen-suppositories
/p/capasal-herbal-shampoo-100ml/5016379136009,/products/capasal-herbal-shampoo-100ml,barcode,
/p/gillette-shave-foam-200ml-sensitive/7702018980932,/products/gillette-shave-foam-200ml-sensitive,barcode,
/p/micropore-tape-sml-125cm-x-5m-long/4054596748293,/products/micropore-tape-sml-1-25cm-x-5m-long,barcode,
/p/bio-kult-pro-cyan-45pk/5027314503213,/products/bio-kult-pro-cyan-45pk,barcode,
/p/medisilk-silk-tape-25x5m/5099390200508,/products/medisilk-silk-tape-2-5x5m,barcode,
/p/childs-farm-hair-and-body-wash-250ml-sweet-orange/5029066007155,/products/childs-farm-hair-body-wash-250ml-sweet-orange,barcode,
/p/dextro-energy-orange--vit-c-47g/50184231,/products/dextro-energy-orange-vit-c-47g,barcode,
/p/advil-cold-and-flu-20pk/5000309004506,/products/advil-cold-flu-20pk,barcode,
/p/dripping-gold-pre-party-polish/5391537260032,/products/dripping-gold-pre-party-polish,barcode,
/p/dove-men-s_gel-250ml-extra-fresh/8717644598849,/products/dove-men-s-gel-250ml-extra-fresh,barcode,
/p/nivea-sun-protect-and-moisture-sun-lotion-spf30-200ml/4005808423040,/products/nivea-sun-protect-moisture-sun-lotion-spf30-200ml,barcode,
/p/durex-extra-safe-20pk/5052197045574,/products/durex-extra-safe-20pk,barcode,
/p/kit-and-kaboodle-nail-files-brown-12pk/5391531140910,/products/kit-kaboodle-nail-files-brown-12pk,barcode,
/p/sculpted-second-skin-medium-plus-dewy-45/793591414751,/products/sculpted-second-skin-medium-plus-dewy-4-5,barcode,
/p/seven-seas-cod-liver-oil-150ml/5012335887503,/products/seven-seas-cod-liver-oil-150ml,barcode,
/p/vaseline-pet-jelly-50ml-tub/42182627,/products/vaseline-pet-jelly-50ml-tub,barcode,
/p/mepore-6cm-x-7cm-single/7310796708008,/products/mepore-6cm-x-7cm-single,barcode,
/p/optiplus-anti-fog-spray/4048783075309,/products/optiplus-anti-fog-spray,barcode,
/p/purismio-reusable-mask-oatmeal-1pk/5060676800132,/products/purismio-reusable-mask-oatmeal-1pk,barcode,
/p/mitchum-women-spray-shower-fresh-200ml/5051389044890,/products/mitchum-women-spray-shower-fresh-200ml,barcode,
/p/medicrepe-elastic-crepe-10cmx5m/5099390404142,/products/medicrepe-elastic-crepe-10cmx5m,barcode,
/p/tefin-150mg-ibuprofen-suppositories/5392000060883,/products/tefin-150mg-ibuprofen-suppositories,barcode,
/p/luna-by-lisa-setting-spray---glow/5391532522425,/products/luna-by-lisa-setting-spray-glow,barcode,
/p/mepore-9cm-x-20cm-single/7310796711008,/products/mepore-9cm-x-20cm-single,barcode,
/p/luna-by-lisa-airbrush-3in1-primer---deep-tan/5391532521916,/products/luna-by-lisa-airbrush-3in1-primer-deep-tan,barcode,
/p/spice-original-deodrant-spray-150ml/4084500506275,/products/spice-original-deodrant-spray-150ml,barcode,
/p/ultrapure-hydrogen-peroxide130ml/5391510473435,/products/ultrapure-hydrogen-peroxide130ml,barcode,
/p/gillette-sensitive-shave-gel-200ml/7702018980918,/products/gillette-sensitive-shave-gel-200ml,barcode,
/p/colgate-triple-action-toothpaste-100ml/8714789529479,/products/colgate-triple-action-toothpaste-100ml,barcode,
/p/elave-shampoo-250ml/5098928123319,/products/elave-shampoo-250ml,barcode,
/p/discreet-nasal-sring-aid-large/5391529940119,/products/discreet-nasal-sring-aid-large,barcode,
/p/meditape-stretch-25cm-x-4m/5099390403930,/products/meditape-stretch-2-5cm-x-4m,barcode,
/p/cocoa-brown-double-sided-pink-velvet-tan-mitt/5391018044434,/products/cocoa-brown-double-sided-pink-velvet-tan-mitt,barcode,
/p/batiste-200ml-original-dry-shampoo/5010724527481,/products/batiste-200ml-original-dry-shampoo,barcode,
/p/nelsons-arnicare-50g-cream/5000488108903,/products/nelsons-arnicare-50g-cream,barcode,
/p/bio-oil-dry-skin-gel-50ml/6001159120926,/products/bio-oil-dry-skin-gel-50ml,barcode,
/p/vaseline-aloe-soothe-int-care/8712561482318,/products/vaseline-aloe-soothe-int-care,barcode,
/p/tubigrip-bandage-05m-natural-f-1/5055158005365,/products/tubigrip-bandage-0-5m-natural-f-1,barcode,
/p/carefree-aloe-vera-liner-20pk/3574660239010,/products/carefree-aloe-vera-liner-20pk,barcode,
/p/bio-oil-skincare-oil-200ml/6001159111368,/products/bio-oil-skincare-oil-200ml,barcode,
/p/pears-transparent-mint-soap-125g/8901030024023,/products/pears-transparent-mint-soap-125g,barcode,
/p/sculpted-tint-and-glow-skin-enhancer-40/794712490432,/products/sculpted-tint-glow-skin-enhancer-4-0,barcode,
/p/active-iron--b-complex-for-men-30pk/735850483184,/products/active-iron-b-complex-for-men-30pk,barcode,
/p/listerine-250ml-coolmint/5010123707774,/products/listerine-250ml-coolmint,barcode,
/p/ogam-ylang-ylang-10ml/5390600001282,/products/ogam-ylang-ylang-10ml,barcode,
/p/dlux-vit-d-spray-1000iu-15ml/96000793,/products/dlux-vit-d-spray-1000iu-15ml,barcode,
/p/sculpted-second-skin-light-dewy-30/793591414652,/products/sculpted-second-skin-light-dewy-3-0,barcode,
/p/sculpted-set-and-perfect-powder-brush/794712490708,/products/sculpted-set-perfect-powder-brush,barcode,
/p/sculpted-second-skin-dewy-tan-50/793591414782,/products/sculpted-second-skin-dewy-tan-5-0,barcode,
/p/sterimar-allergy-50ml/5010724533741,/products/sterimar-allergy-50ml,barcode,
/p/carnation-corn-shields/5012654201608,/products/carnation-corn-shields,barcode,
/p/brush-works-micro-needle-derma-roller/5060455147519,/products/brush-works-micro-needle-derma-roller,barcode,
/p/tepe-angle-g4141-orange-045mm-6pk/7317400011509,/products/tepe-angle-g4141-orange-0-45mm-6pk,barcode,
/p/celtic-candle-round-pot-pomelo-grapefruit/5038871068084,/products/celtic-candle-round-pot-pomelo-grapefruit,barcode,
/p/luna-by-lisa-bronze-glow-primer/5391532521985,/products/luna-by-lisa-bronze-glow-primer,barcode,
/p/tampax-compax-pearl-super-18/4015400690405,/products/tampax-compax-pearl-super-18,barcode,
/p/rs-epsom-salts-250g/5099172220151,/products/rs-epsom-salts-250g,barcode,
/p/medicare-neoprene-thumb-stall-medium/5099390412055,/products/medicare-neoprene-thumb-stall-medium,barcode,
/p/sculpted-tint-and-glow-skin-enhancer-30/794712490418,/products/sculpted-tint-glow-skin-enhancer-3-0,barcode,
/p/batiste-200ml-dark-and-deep-brown/5010724527443,/products/batiste-200ml-dark-deep-brown,barcode,
/p/nivea-sun-protect-and-moisture-sun-spray-spf50-200ml/4005808856695,/products/nivea-sun-protect-moisture-sun-spray-spf50-200ml,barcode,
/p/sculpted-second-skin-light-matte-30/793591414935,/products/sculpted-second-skin-light-matte-3-0,barcode,
/p/ortho-kin-mouthwash-500ml/8470001508232,/products/ortho-kin-mouthwash-500ml,barcode,
/p/tepe-green-size-5-6pk/7317400001791,/products/tepe-green-size-5-6pk,barcode,
/p/anusol-suppositories-24pk/5010724531099,/products/anusol-suppositories-24pk,barcode,
/p/vaseline-pet-jelly-100ml-tub/42182634,/products/vaseline-pet-jelly-100ml-tub,barcode,
/p/ultrapure-liquid-paraffin-500ml/5391510476672,/products/ultrapure-liquid-paraffin-500ml,barcode,
/p/pharmard-d-pearls-junior-80pk/5709976134201,/products/pharmard-d-pearls-junior-80pk,barcode,
/p/tubigrip-tubular-bandage-size-g-12cm-x-05m/5055158005488,/products/tubigrip-tubular-bandage-size-g-12cm-x-0-5m,barcode,
/p/vaseline-lip-therapy-20g-rosy/50064861,/products/vaseline-lip-therapy-20g-rosy,barcode,
/p/mitchum-roll-on-unperfumed-100ml/309975122077,/products/mitchum-roll-on-unperfumed-100ml,barcode,
/p/luna-by-lisa-airbrush-3in1-primer---tan/5391532521909,/products/luna-by-lisa-airbrush-3in1-primer-tan,barcode,
/p/nivea-sun-protect-and-moisture-sun-lotion-spf50-200ml/4005808430208,/products/nivea-sun-protect-moisture-sun-lotion-spf50-200ml,barcode,
/p/bloateze-tablets-20pk-phoenix/5391513950292,/products/bloateze-tablets-20pk-phoenix,barcode,
/p/rs-epsom-salts-500g/5099172220168,/products/rs-epsom-salts-500g,barcode,
/p/anti-hist-allergy-10mg-tabs-30pk/5099562707453,/products/anti-hist-allergy-10mg-tabs-30pk,barcode,
/p/reusable-face-mask/5391018053474,/products/reusable-face-mask,barcode,
/p/tepe-g4111-mini-flossers-36pk/7317400012537,/products/tepe-g4111-mini-flossers-36pk,barcode,
/p/nivea-men-post-shave-balm-100ml-sensitive/5025970023281,/products/nivea-men-post-shave-balm-100ml-sensitive,barcode,
/p/sculpted-second-skin-medium-dewy-40/793591414720,/products/sculpted-second-skin-medium-dewy-4-0,barcode,
/p/kit-and-kaboodle-hair-clamp-black/5391531140392,/products/kit-kaboodle-hair-clamp-black,barcode,
/p/cutex-ultra-powerful-npr-100ml/309971370274,/products/cutex-ultra-powerful-npr-100ml,barcode,
/p/purismio-reusable-mask-black-1pk/5060676800125,/products/purismio-reusable-mask-black-1pk,barcode,
/p/jandj-baby-oil-300ml/3574661218083,/products/j-j-baby-oil-300ml,barcode,
/p/oilatum-500ml/5099562924607,/products/oilatum-500ml,barcode,
/p/dermal-adex-gel-100g/5016379100451,/products/dermal-adex-gel-100g,barcode,
/p/lavender-oil-ultra-pure-10ml/5391510474159,/products/lavender-oil-ultra-pure-10ml,barcode,
