medicine,title,handle,cut,store_ends_with,live_site,live_url,live_extra_sections
yes,Panadol Ets Tabs 24Pk,panadol-ets-tabs-24pk,mid-sentence, order. Do not take with any other paracetamol pro,different-text-on-live,https://www.mccormackspharmacy.ie/p/panadol-ets-tabs-24pk/5098802500137,How To Use; Active Ingredients
yes,Advil Cold & Flu 20Pk,advil-cold-flu-20pk,maybe-cut-at-sentence,o not use it if you have only one of the symptoms.,not checked (site blocked),https://www.mccormackspharmacy.ie/p/advil-cold-flu-20pk/5000309004506,
yes,Bonjela Gel 15G,bonjela-gel-15g,maybe-cut-at-sentence,res in adults and orthadontic devices in children.,not checked (site blocked),https://www.mccormackspharmacy.ie/p/bonjela-gel-15g/5000158067141,
yes,Bonjela Teething Gel 15G,bonjela-teething-gel-15g,mid-word,in and soothe sore gums. Its sugar free formulatio,not checked (site blocked),https://www.mccormackspharmacy.ie/p/bonjela-teething-gel-15g/5000158069046,
yes,Buttercup Broncho Stop Cough Pastilles 10Pk,buttercup-broncho-stop-cough-pastilles-10pk,mid-sentence,"hs and dry, tickly, irritating coughs and catarrh,",not checked (site blocked),https://www.mccormackspharmacy.ie/p/buttercup-broncho-stop-cough-pastilles-10pk/5012616262685,
yes,Calpol 6+ Fastmelts 12Pk,calpol-6-fastmelts-12pk,mid-sentence, IS A MEDICINE AND CAN ONLY BE SOLD WITHIN IRELAND,not checked (site blocked),https://www.mccormackspharmacy.ie/p/calpol-6-fastmelts-12pk/3574661665245,
yes,Capasal Therapeutic Shampoo 100Ml,capasal-therapeutic-shampoo-100ml,mid-sentence,"on adults, the elderly, children and babies. 100ml",not checked (site blocked),https://www.mccormackspharmacy.ie/p/capasal-therapeutic-shampoo-100ml/5016379135002,
yes,Capasal Therapeutic Shampoo 250Ml,capasal-therapeutic-shampoo-250ml,mid-sentence,hese cells. This slows down cell division and stop,not checked (site blocked),https://www.mccormackspharmacy.ie/p/capasal-therapeutic-shampoo-250ml/5016379132018,
yes,Clonfolic Folic Acid 28Pk / 4Wk,clonfolic-folic-acid-28pk-4wk,mid-sentence,t comes in a handy one and three month pack of 0.4,not checked (site blocked),https://www.mccormackspharmacy.ie/p/clonfolic-folic-acid-28pk-4wk/5099562906801,
yes,Clonfolic Folic Acid 98Pk / 14Wk,clonfolic-folic-acid-98pk-14wk,mid-sentence,t comes in a handy one and three month pack of 0.4,not checked (site blocked),https://www.mccormackspharmacy.ie/p/clonfolic-folic-acid-98pk-14wk/5099562906856,
yes,Deep Heat Well Patch 4Pk,deep-heat-well-patch-4pk,mid-sentence,roughout the body. Topical analgesics minimise the,not checked (site blocked),https://www.mccormackspharmacy.ie/p/deep-heat-well-patch-4pk/5011501003259,
yes,Dettol Liquid 500Ml,dettol-liquid-500ml,mid-sentence,ll germs and protect against infection. Always use,not checked (site blocked),https://www.mccormackspharmacy.ie/p/dettol-liquid-500ml/50158089,
yes,Easofen Child 3M+ 200Ml Strawberry,easofen-child-3m-200ml-strawberry,mid-word,"adaches, sore throats, ear ache, minor aches and s",not checked (site blocked),https://www.mccormackspharmacy.ie/p/easofen-child-3m-200ml-strawberry/5099562205409,
yes,Emazole 20Mg Tablets 14Pk,emazole-20mg-tablets-14pk,mid-word,ult and it may take 2-3 days in a row before you f,not checked (site blocked),https://www.mccormackspharmacy.ie/p/emazole-20mg-tablets-14pk/5390387330223,
yes,Emazole 20Mg Tablets 7Pk,emazole-20mg-tablets-7pk,mid-sentence, cause you symptoms such as a painful sensation in,not checked (site blocked),https://www.mccormackspharmacy.ie/p/emazole-20mg-tablets-7pk/5390387330216,
yes,Gaviscon Extra 150Ml Mint,gaviscon-extra-150ml-mint,mid-word,d following meals Suitable during pregnancy Mint f,not checked (site blocked),https://www.mccormackspharmacy.ie/p/gaviscon-extra-150ml-mint/5000158067882,
yes,Gaviscon Extra Handy 12Pk Peppermint,gaviscon-extra-handy-12pk-peppermint,mid-sentence,owing meals Suitable during pregnancy Mint flavour,not checked (site blocked),https://www.mccormackspharmacy.ie/p/gaviscon-extra-handy-12pk-peppermint/5052197048421,
yes,Lorat 10Mg Tabs 28Pk,lorat-10mg-tabs-28pk,mid-word,ing and itch) Each tablet contains 10mg Loratadine,not checked (site blocked),https://www.mccormackspharmacy.ie/p/lorat-10mg-tabs-28pk/5390387077036,
yes,Maalox Oral Suspension 250Ml Peppermint,maalox-oral-suspension-250ml-peppermint,mid-sentence,Suspension works by lowering the amount of acid in,not checked (site blocked),https://www.mccormackspharmacy.ie/p/maalox-oral-suspension-250ml-peppermint/5000283657385,
yes,Nicorette Cools 2Mg Loz 20Pk,nicorette-cools-2mg-loz-20pk,mid-word, for the treatment of tobacco dependence. Combinat,not checked (site blocked),https://www.mccormackspharmacy.ie/p/nicorette-cools-2mg-loz-20pk/3574661146096,
yes,Nicorette Cools 2Mg Loz 80Pk,nicorette-cools-2mg-loz-80pk,maybe-cut-at-sentence,It may also help increase your motivation to quit.,not checked (site blocked),https://www.mccormackspharmacy.ie/p/nicorette-cools-2mg-loz-80pk/3574661146072,
yes,Nicorette Cools 4Mg Loz 80Pk,nicorette-cools-4mg-loz-80pk,mid-word, 20 per day Pocket Size & Discreet Ideal for use o,not checked (site blocked),https://www.mccormackspharmacy.ie/p/nicorette-cools-4mg-loz-80pk/3574661146089,
yes,Nicorette Icy White 4Mg 30Pk,nicorette-icy-white-4mg-30pk,mid-word, for the treatment of tobacco dependence. Combinat,not checked (site blocked),https://www.mccormackspharmacy.ie/p/nicorette-icy-white-4mg-30pk/3574661146928,
yes,Nicorette Quickmist 1Mg 1Pk,nicorette-quickmist-1mg-1pk,mid-word,"eady to stop smoking completely, to replace certai",not checked (site blocked),https://www.mccormackspharmacy.ie/p/nicorette-quickmist-1mg-1pk/3574661147017,
yes,Nurofen Child 7+ Soft Chewable Caps 12Pk Orange,nurofen-child-7-soft-chewable-caps-12pk-orange,mid-sentence,f your child does not feel better or if your child,not checked (site blocked),https://www.mccormackspharmacy.ie/p/nurofen-child-7-soft-chewable-caps-12pk-orange/5000158106383,
yes,Nurofen Express 400Mg Maximum Strength Tablet 24P,nurofen-express-400mg-maximum-strength-tablet-24p,mid-sentence,ns. The sodium formulation is absorbed up to twice,not checked (site blocked),https://www.mccormackspharmacy.ie/p/nurofen-express-400mg-maximum-strength-tablet-24p/5000158102958,
yes,Optrex Multi Action Eye Wash 100Ml,optrex-multi-action-eye-wash-100ml,mid-word,"manual work, smoky or polluted environments. Optre",not checked (site blocked),https://www.mccormackspharmacy.ie/p/optrex-multi-action-eye-wash-100ml/5000158101425,
yes,Panadol Ets Tabs 12Pk,panadol-ets-tabs-12pk,mid-sentence, IS A MEDICINE AND CAN ONLY BE SOLD WITHIN IRELAND,not checked (site blocked),https://www.mccormackspharmacy.ie/p/panadol-ets-tabs-12pk/5098802500120,
yes,Panadol Extra 12Pk,panadol-extra-12pk,mid-sentence, per order. Do not take with any other paracetamol,not checked (site blocked),https://www.mccormackspharmacy.ie/p/panadol-extra-12pk/5011080139202,
yes,Panadol Extra Soluble 24Pk,panadol-extra-soluble-24pk,mid-sentence, order. Do not take with any other paracetamol pro,not checked (site blocked),https://www.mccormackspharmacy.ie/p/panadol-extra-soluble-24pk/5011080137772,
yes,Paralink 500Mg Supp 10Pk,paralink-500mg-supp-10pk,mid-sentence,quantity of TWO packets per order. Do not take wit,not checked (site blocked),https://www.mccormackspharmacy.ie/p/paralink-500mg-supp-10pk/5099172033089,
yes,Piriton Tabs 4Mg 30Pk,piriton-tabs-4mg-30pk,mid-sentence, Suitable from 6 years of age Take every 4-6 hours,not checked (site blocked),https://www.mccormackspharmacy.ie/p/piriton-tabs-4mg-30pk/5011080182932,
yes,Strepsils Honey & Lemon Lozenge 36Pk,strepsils-honey-lemon-lozenge-36pk,mid-sentence,be used during pregnancy Suitable from 6 years old,not checked (site blocked),https://www.mccormackspharmacy.ie/p/strepsils-honey-lemon-lozenge-36pk/5011417579176,
yes,Sudocrem Tub 125G,sudocrem-tub-125g,mid-sentence,"l healing, antibacterial and antifungal properties",not checked (site blocked),https://www.mccormackspharmacy.ie/p/sudocrem-tub-125g/5011025014007,
yes,Sudocrem Tub 250G,sudocrem-tub-250g,mid-sentence,"l healing, antibacterial and antifungal properties",not checked (site blocked),https://www.mccormackspharmacy.ie/p/sudocrem-tub-250g/5011025015004,
yes,Sumatran Relief 50Mg 2Pk,sumatran-relief-50mg-2pk,maybe-cut-at-sentence,ms of migraine cannot be treated with sumatriptan.,not checked (site blocked),https://www.mccormackspharmacy.ie/p/sumatran-relief-50mg-2pk/5390387300202,
yes,Uniflu With Vitamin C Tablets 24Pk,uniflu-with-vitamin-c-tablets-24pk,mid-sentence,"ation, relieves pain and fever. It also contains 1",not checked (site blocked),https://www.mccormackspharmacy.ie/p/uniflu-with-vitamin-c-tablets-24pk/5017896811110,
yes,Vermox 100Mg/5Ml Oral Suspension 30Ml,vermox-100mg-5ml-oral-suspension-30ml,maybe-cut-at-sentence, order. This item can only be sold within Ireland.,not checked (site blocked),https://www.mccormackspharmacy.ie/p/vermox-100mg-5ml-oral-suspension-30ml/5027097904955,
yes,Viagra Connect 50Mg Tablets 4 Pack,viagra-connect-50mg-tablets-4-pack,mid-word," erection, but not firm enough for having sex or t",not checked (site blocked),https://www.mccormackspharmacy.ie/p/viagra-connect-50mg-tablets-4-pack/5391521021229,
yes,Benylin 4 Flu Tabs 24Pk,benylin-4-flu-tabs-24pk,mid-sentence,ughing and sneezing. You Must Be Aged Over 18 Year,fuller-on-live,https://www.mccormackspharmacy.ie/p/benylin-4-flu-tabs-24pk/5010123702984,How To Use; Active Ingredients
yes,Benylin Day & Night Tabs 16Pk,benylin-day-night-tabs-16pk,mid-word,ochloride which helps relieve coughing and sneezin,fuller-on-live,https://www.mccormackspharmacy.ie/p/benylin-day-night-tabs-16pk/3574660439120,How To Use; Active Ingredients
yes,Buscopan 10Mg Tabs 20Pk,buscopan-10mg-tabs-20pk,mid-sentence,ase This Product. Maximum Order Quantity Of 3 Pack,fuller-on-live,https://www.mccormackspharmacy.ie/p/buscopan-10mg-tabs-20pk/5012917022025,How To Use; Active Ingredients
yes,Canesten 2% Thrush Cream 20G,canesten-2-thrush-cream-20g,mid-word,omen suffer from recurrent attacks of thrush. To r,fuller-on-live,https://www.mccormackspharmacy.ie/p/canesten-2-thrush-cream-20g/5010605950094,How To Use; Active Ingredients
yes,Clarityn Tabs Loratadine 30Pk,clarityn-tabs-loratadine-30pk,mid-sentence,sed to help relieve symptoms of urticaria (itching,fuller-on-live,https://www.mccormackspharmacy.ie/p/clarityn-tabs-loratadine-30pk/5010605240553,How To Use
yes,Dettol Antiseptic Liquid 750Ml,dettol-antiseptic-liquid-750ml,mid-sentence,"cuts, scratches and insect bites to kill germs and",fuller-on-live,https://www.mccormackspharmacy.ie/p/dettol-antiseptic-liquid-750ml/50158225,How To Use
yes,Easofen Child 3M+ 100Ml Strawberry,easofen-child-3m-100ml-strawberry,mid-word,"adaches, sore throats, ear ache, minor aches and s",fuller-on-live,https://www.mccormackspharmacy.ie/p/easofen-child-3m-100ml-strawberry/5099562205355,How To Use; Active Ingredients
yes,Easofen Child 6Y+ 200Ml Strawberry,easofen-child-6y-200ml-strawberry,mid-sentence,"headaches, sore throats, ear ache, minor aches and",fuller-on-live,https://www.mccormackspharmacy.ie/p/easofen-child-6y-200ml-strawberry/5099562205508,How To Use
yes,Nicorette Invisi Patch 15Mg 7Pk,nicorette-invisi-patch-15mg-7pk,mid-sentence,er Nicorette® invisi patch can be used in a number,fuller-on-live,https://www.mccormackspharmacy.ie/p/nicorette-invisi-patch-15mg-7pk/3574661146454,How To Use; Active Ingredients
yes,Nicorette Quickmist 1Mg 2Pk,nicorette-quickmist-1mg-2pk,mid-word,"eady to stop smoking completely, to replace certai",fuller-on-live,https://www.mccormackspharmacy.ie/p/nicorette-quickmist-1mg-2pk/3574661147000,How To Use
yes,Niquitin Clear Step 2 14Mg Patch 7Pk,niquitin-clear-step-2-14mg-patch-7pk,mid-word,sing it every day according to the step-by-step pl,fuller-on-live,https://www.mccormackspharmacy.ie/p/niquitin-clear-step-2-14mg-patch-7pk/5011080105412,How To Use; Active Ingredients
yes,Nizoral Dandruff Shampoo 100Ml,nizoral-dandruff-shampoo-100ml,mid-sentence,"ation associated with dandruff, relieving scalp re",fuller-on-live,https://www.mccormackspharmacy.ie/p/nizoral-dandruff-shampoo-100ml/5099562743055,How To Use; Active Ingredients
yes,Nurofen Cold & Flu 24Pk,nurofen-cold-flu-24pk,mid-word,Do not take with any other pseudoephedrine or ibup,fuller-on-live,https://www.mccormackspharmacy.ie/p/nurofen-cold-flu-24pk/5000158102163,How To Use; Active Ingredients
yes,Nurofen Durance 200Mg Plasters,nurofen-durance-200mg-plasters,mid-sentence,n traumas close to the joint of the upper or lower,fuller-on-live,https://www.mccormackspharmacy.ie/p/nurofen-durance-200mg-plasters/5011417578018,How To Use
yes,Nurofen Express 400Mg Maximum Strength 12P,nurofen-express-400mg-maximum-strength-12p,mid-sentence,rate aches and pains. The sodium formulation is ab,fuller-on-live,https://www.mccormackspharmacy.ie/p/nurofen-express-400mg-maximum-strength-12p/5000158102941,How To Use
yes,Nytol 50Mg Diphenhydramine 20Pk Perrigo,nytol-50mg-diphenhydramine-20pk-perrigo,mid-word,"ulties due to stress, jet leg, personal problems S",fuller-on-live,https://www.mccormackspharmacy.ie/p/nytol-50mg-diphenhydramine-20pk-perrigo/5012616264887,How To Use; Active Ingredients
yes,Pepcid Ac Tabs 12Pk,pepcid-ac-tabs-12pk,mid-sentence,ars old You Must Be Aged Over 18 Years to Purchase,fuller-on-live,https://www.mccormackspharmacy.ie/p/pepcid-ac-tabs-12pk/5027097010090,How To Use; Active Ingredients
yes,Regaine Men Foam 5% 3Pk,regaine-men-foam-5-3pk,mid-word,"r loss, or people suffering from thinning at the t",fuller-on-live,https://www.mccormackspharmacy.ie/p/regaine-men-foam-5-3pk/3574661023700,How To Use; Active Ingredients
yes,Rennie Deflatine 18Pk Chew Tabs,rennie-deflatine-18pk-chew-tabs,mid-sentence,if you do not feel better or if you feel worse aft,fuller-on-live,https://www.mccormackspharmacy.ie/p/rennie-deflatine-18pk-chew-tabs/5010605296017,
yes,Vermox Tabs 6Pk,vermox-tabs-6pk,mid-sentence,ears to Purchase This Product. MAXIMUM order quant,fuller-on-live,https://www.mccormackspharmacy.ie/p/vermox-tabs-6pk/5027097904948,How To Use; Active Ingredients
yes,Viagra Connect 50Mg Tablets 8 Pack,viagra-connect-50mg-tablets-8-pack,mid-word," erection, but not firm enough for having sex or t",fuller-on-live,https://www.mccormackspharmacy.ie/p/viagra-connect-50mg-tablets-8-pack/1210001168503,Active Ingredients
yes,Vicks First Defense 15Ml Nasal Spray,vicks-first-defense-15ml-nasal-spray,mid-word,of the nose and helps reduce the chances of them d,fuller-on-live,https://www.mccormackspharmacy.ie/p/vicks-first-defense-15ml-nasal-spray/5013965704666,How To Use
yes,Zirtek Plus Decongestant 6Pk,zirtek-plus-decongestant-6pk,mid-word,acks per order. Do not take with any other pseudoe,fuller-on-live,https://www.mccormackspharmacy.ie/p/zirtek-plus-decongestant-6pk/5015313013673,How To Use; Active Ingredients
yes,Calpol 6+ Sf 140Ml S/Berry Susp,calpol-6-sf-140ml-s-berry-susp,mid-sentence, IS A MEDICINE AND CAN ONLY BE SOLD WITHIN IRELAND,same-on-live,https://www.mccormackspharmacy.ie/p/calpol-6-sf-140ml-s-berry-susp/3574661150048,How To Use; Active Ingredients
yes,Calpol 6+ Sf 60Ml S/Berry Susp,calpol-6-sf-60ml-s-berry-susp,mid-sentence, IS A MEDICINE AND CAN ONLY BE SOLD WITHIN IRELAND,same-on-live,https://www.mccormackspharmacy.ie/p/calpol-6-sf-60ml-s-berry-susp/3574661150024,How To Use; Active Ingredients
yes,Diclac 1% Relief Gel 50G,diclac-1-relief-gel-50g,mid-word, to localised forms of soft tissue rheumatism. 50g,same-on-live,https://www.mccormackspharmacy.ie/p/diclac-1-relief-gel-50g/5390387020629,How To Use; Active Ingredients
yes,Dulcolax Tabs 60Pk,dulcolax-tabs-60pk,mid-word,CT IS A MEDICINE AND CAN ONLY BE SOLD WITHIN IRELA,same-on-live,https://www.mccormackspharmacy.ie/p/dulcolax-tabs-60pk/5000283659389,How To Use; Active Ingredients
yes,Night Nurse Liquid 160Ml Gsk,night-nurse-liquid-160ml-gsk,mid-word,"s, aches and pains, Tickly cough, Runny nose 16oml",same-on-live,https://www.mccormackspharmacy.ie/p/night-nurse-liquid-160ml-gsk/5000347071249,How To Use; Active Ingredients
yes,Panadol Baby & Infant Susp Paracetamol 100Ml,panadol-baby-infant-susp-paracetamol-100ml,mid-sentence,IS A MEDICINE AND CAN ONLY BE SOLD WITHIN IRELAND<,same-on-live,https://www.mccormackspharmacy.ie/p/panadol-baby-infant-susp-paracetamol-100ml/5011080162460,How To Use; Active Ingredients
yes,Salatac Gel 8G,salatac-gel-8g,mid-sentence,u Must Be Aged Over 18 Years Old Top Purchase This,same-on-live,https://www.mccormackspharmacy.ie/p/salatac-gel-8g/5016379321009,How To Use
yes,Sudocrem Tub 60G,sudocrem-tub-60g,mid-sentence,"l healing, antibacterial and antifungal properties",same-on-live,https://www.mccormackspharmacy.ie/p/sudocrem-tub-60g/50953349,How To Use; Active Ingredients
yes,Sudocrem Tube 30G,sudocrem-tube-30g,mid-sentence,"l healing, antibacterial and antifungal properties",same-on-live,https://www.mccormackspharmacy.ie/p/sudocrem-tube-30g/53996671,How To Use; Active Ingredients
,Burnshield Hydrogel 50Ml,burnshield-hydrogel-50ml,maybe-cut-at-sentence,"(tea tree) Oil. Available in 50ml, 75ml and 125ml.",different-text-on-live,https://www.mccormackspharmacy.ie/p/burnshield-hydrogel-50ml/6007645000123,How To Use; Active Ingredients
,Hero Mighty Patch The Original,hero-mighty-patch-the-original,mid-sentence,ge it overnight with Mighty Patch pimple patches.&,different-text-on-live,https://www.mccormackspharmacy.ie/p/hero-mighty-patch-the-original/5010724000328,
,Kelkin Tea Tree Shampoo 250Ml,kelkin-tea-tree-shampoo-250ml,mid-sentence,particular plant is native to a small region of no,different-text-on-live,https://www.mccormackspharmacy.ie/p/kelkin-tea-tree-shampoo-250ml/5011032579964,How To Use; Active Ingredients
,Quies Foam Ear Plugs 3Pk,quies-foam-ear-plugs-3pk,mid-word,of your ear. Quies natural wax earplugs are perfec,different-text-on-live,https://www.mccormackspharmacy.ie/p/quies-foam-ear-plugs-3pk/3435171190071,
,Active Folic Caps 60Pk,active-folic-caps-60pk,maybe-cut-at-sentence,ve form of folate required for optimum absorption.,not checked (site blocked),https://www.mccormackspharmacy.ie/p/active-folic-caps-60pk/793618110697,
,Active Iron + B Complex For Men 30Pk,active-iron-b-complex-for-men-30pk,mid-sentence,ly tablets) Clinically proven higher absorption of,not checked (site blocked),https://www.mccormackspharmacy.ie/p/active-iron-b-complex-for-men-30pk/735850483184,
,Advanced Nutrition Programme Skin Accumax - 60 Capsules,advanced-nutrition-programme-skin-accumax-60-capsules,mid-word,". With regular use, you can expect enhanced skin h",not checked (site blocked),https://www.mccormackspharmacy.ie/p/advanced-nutrition-programme-skin-accumax-60-capsules/None,
,Alflorex Precision Biotics Adult Capsules 30Pk,alflorex-precision-biotics-adult-capsules-30pk,mid-sentence,stention One capsule a day dosage No need to store,not checked (site blocked),https://www.mccormackspharmacy.ie/p/alflorex-precision-biotics-adult-capsules-30pk/5392000067417,
,Alflorex Precision Biotics-3 Month Supply,alflorex-precision-biotics-3-month-supply,mid-sentence,nal discomfort Passage of gas Bloating distentionÂ,not checked (site blocked),https://www.mccormackspharmacy.ie/p/alflorex-precision-biotics-3-month-supply/None,
,Always Ultra Long & Wings 12Pk,always-ultra-long-wings-12pk,mid-sentence," Fit, a tailored sizing system to help you find Al",not checked (site blocked),https://www.mccormackspharmacy.ie/p/always-ultra-long-wings-12pk/4015400755456,
,Aroma Works Essentail Oils Duo Range,aroma-works-essentail-oils-duo-range,mid-sentence,relaxation & sleep Experience the scents of purity,not checked (site blocked),https://www.mccormackspharmacy.ie/p/aroma-works-essentail-oils-duo-range/5060283073660,
,Aroma Works Lemongrass & Bergamot 10Ml,aroma-works-lemongrass-bergamot-10ml,mid-sentence,ass is enhanced with fresh citrus top notes of Wes,not checked (site blocked),https://www.mccormackspharmacy.ie/p/aroma-works-lemongrass-bergamot-10ml/5060283074957,
,Aveeno Dermexa Emollient Body Wash 300Ml,aveeno-dermexa-emollient-body-wash-300ml,maybe-cut-at-sentence,. Widely recommended for eczema by dermatologists.,not checked (site blocked),https://www.mccormackspharmacy.ie/p/aveeno-dermexa-emollient-body-wash-300ml/3574661412672,
,Azio Beauty Lift Factor Neck & Chest Cream,azio-beauty-lift-factor-neck-chest-cream,mid-sentence,"ben, fragrance, palm oil and silicone Suitable for",not checked (site blocked),https://www.mccormackspharmacy.ie/p/azio-beauty-lift-factor-neck-chest-cream/5070000552637,
,Azio Beauty Pollution Defense Cleanser,azio-beauty-pollution-defense-cleanser,mid-sentence,ce the refreshing cleanse and protection your skin,not checked (site blocked),https://www.mccormackspharmacy.ie/p/azio-beauty-pollution-defense-cleanser/5070003841929,
,Azio Beuty Refining Micro Exfoliator,azio-beuty-refining-micro-exfoliator,mid-sentence,incare routine achieves professional-level results,not checked (site blocked),https://www.mccormackspharmacy.ie/p/azio-beuty-refining-micro-exfoliator/5070003841936,
,Bare Addiction 4 Steps To Clearer Skin,bare-addiction-4-steps-to-clearer-skin,mid-word,e all developed with dermatologists to be effectiv,not checked (site blocked),https://www.mccormackspharmacy.ie/p/bare-addiction-4-steps-to-clearer-skin/5060867610083,
,Bbold Instant Airbrush Medium-Dark 75Ml,bbold-instant-airbrush-medium-dark-75ml,mid-sentence, a fresh start. Embrace flawless skin and step out,not checked (site blocked),https://www.mccormackspharmacy.ie/p/bbold-instant-airbrush-medium-dark-75ml/5060298554444,
,Beauty of Joseon Ginseng Cleansing Oil 210ml,beauty-of-joseon-ginseng-cleansing-oil-210ml,mid-sentence," all skin types, this cleansing oil will transform",not checked (site blocked),https://www.mccormackspharmacy.ie/p/beauty-of-joseon-ginseng-cleansing-oil-210ml/8809968130130,
,Beauty of Joseon Glow Deep Serum 30ml,beauty-of-joseon-glow-deep-serum-30ml,mid-sentence,g your skin looks healthy and luminous every day.<,not checked (site blocked),https://www.mccormackspharmacy.ie/p/beauty-of-joseon-glow-deep-serum-30ml/8809738312728,
,Beauty of Joseon Red Bean Refreshing Pore Mask 140ml,beauty-of-joseon-red-bean-refreshing-pore-mask-140ml,mid-word,in the refreshing benefits of this unique formulat,not checked (site blocked),https://www.mccormackspharmacy.ie/p/beauty-of-joseon-red-bean-refreshing-pore-mask-140ml/8809738316986,
,Beauty of Joseon Rice & Prebiotic Sunscreen Spf50+ 50ml,beauty-of-joseon-rice-prebiotic-sunscreen-spf50-50ml,mid-sentence,"defence against both UVA and UVB rays, achieving a",not checked (site blocked),https://www.mccormackspharmacy.ie/p/beauty-of-joseon-rice-prebiotic-sunscreen-spf50-50ml/8809782555508,
,Beeline Effervescent Ginseng & Multivitamin 20Pk,beeline-effervescent-ginseng-multivitamin-20pk,mid-word,ough. The soluble effervescent tablet creates an e,not checked (site blocked),https://www.mccormackspharmacy.ie/p/beeline-effervescent-ginseng-multivitamin-20pk/5099442003569,
,Beeline Effervescent Vit C,beeline-effervescent-vit-c,mid-sentence,llutants such as smog and smoke. It is generally a,not checked (site blocked),https://www.mccormackspharmacy.ie/p/beeline-effervescent-vit-c/5099442002326,
,Beeline Evening Primrose Oil,beeline-evening-primrose-oil,mid-sentence,a linolenic acid (GLA). Linoleic Acid is a compone,not checked (site blocked),https://www.mccormackspharmacy.ie/p/beeline-evening-primrose-oil/5099442002302,
,Beeline Vit D Oral Spray 20Ml,beeline-vit-d-oral-spray-20ml,mid-sentence, body’s ability to produce Vitamin D. Vitamin D is,not checked (site blocked),https://www.mccormackspharmacy.ie/p/beeline-vit-d-oral-spray-20ml/5099442005204,
,Better You B12 Boost Oral Spray 25Ml,better-you-b12-boost-oral-spray-25ml,mid-word,ly formulated to delivery vitamin B12 directly int,not checked (site blocked),https://www.mccormackspharmacy.ie/p/better-you-b12-boost-oral-spray-25ml/96032893,
,Better You Dlux Infant Spray 15Ml,better-you-dlux-infant-spray-15ml,mid-sentence,"nd teeth, it also supports a healthy immune system",not checked (site blocked),https://www.mccormackspharmacy.ie/p/better-you-dlux-infant-spray-15ml/96170816,
,Biabelle Bronze Obsession Bundle- Dark,biabelle-bronze-obsession-bundle-dark,mid-word,er enriched with BiaBelle's signature Irish Seawee,not checked (site blocked),https://www.mccormackspharmacy.ie/p/biabelle-bronze-obsession-bundle-dark/None,
,Biabelle Bronze Obsession Bundle- Medium,biabelle-bronze-obsession-bundle-medium,mid-word,mmer enriched with BiaBelle's signature Irish Seaw,not checked (site blocked),https://www.mccormackspharmacy.ie/p/biabelle-bronze-obsession-bundle-medium/None,
,Biabelle Bronze Obsession Bundle- Ultra Dark,biabelle-bronze-obsession-bundle-ultra-dark,mid-sentence,g Shimmer enriched with BiaBelle's signature Irish,not checked (site blocked),https://www.mccormackspharmacy.ie/p/biabelle-bronze-obsession-bundle-ultra-dark/None,
,Biabelle Hydrating Self Tan - Medium,biabelle-hydrating-self-tan-medium,mid-sentence,ic Acid connects perfectly with the skin’s surface,not checked (site blocked),https://www.mccormackspharmacy.ie/p/biabelle-hydrating-self-tan-medium/5391534620914,
,Bio-Kult Caps 120Pk,bio-kult-caps-120pk,mid-sentence,l which will not affect lactose intolerance suffer,not checked (site blocked),https://www.mccormackspharmacy.ie/p/bio-kult-caps-120pk/5027314504043,
,Bio-Kult Caps 30Pk,bio-kult-caps-30pk,mid-sentence,l which will not affect lactose intolerance suffer,not checked (site blocked),https://www.mccormackspharmacy.ie/p/bio-kult-caps-30pk/5027314502773,
,Bio-Kult Pro Cyan 45Pk,bio-kult-pro-cyan-45pk,mid-sentence,od supplement) Gluten free May contain soya and mi,not checked (site blocked),https://www.mccormackspharmacy.ie/p/bio-kult-pro-cyan-45pk/5027314503213,
,Bio-Oil Dry Skin Gel 50Ml,bio-oil-dry-skin-gel-50ml,mid-sentence," from water however, most of this water evaporates",not checked (site blocked),https://www.mccormackspharmacy.ie/p/bio-oil-dry-skin-gel-50ml/6001159120926,
,Bio-Oil Skincare Oil 200Ml,bio-oil-skincare-oil-200ml,mid-word,"s and a breakthrough ingredient PurCellin Oil™, wh",not checked (site blocked),https://www.mccormackspharmacy.ie/p/bio-oil-skincare-oil-200ml/6001159111368,
,Bio-Oil Skincare Oil 60Ml,bio-oil-skincare-oil-60ml,mid-word,nd stretch mark product. Results vary from individ,not checked (site blocked),https://www.mccormackspharmacy.ie/p/bio-oil-skincare-oil-60ml/6001159118411,
,Bioactive D-Pearls 75Ug 240Pk,bioactive-d-pearls-75ug-240pk,mid-sentence,teeth and supporting the immune system. Just 1 cap,not checked (site blocked),https://www.mccormackspharmacy.ie/p/bioactive-d-pearls-75ug-240pk/5709976127609,
,Biodance Cera-Nol Gel Toner Pads 60's,biodance-cera-nol-gel-toner-pads-60s,mid-sentence,"ine pores, and prepare your skin for a flawless ma",not checked (site blocked),https://www.mccormackspharmacy.ie/p/biodance-cera-nol-gel-toner-pads-60s/8809937361206,
,Biodance Collagen Gel Toner Pads 60's,biodance-collagen-gel-toner-pads-60s,mid-sentence,"es, these pads provide a convenient way to achieve",not checked (site blocked),https://www.mccormackspharmacy.ie/p/biodance-collagen-gel-toner-pads-60s/8809937361190,
,Biodance Hydro Cera-Nol Real Deep Mask 4 Pack,biodance-hydro-cera-nol-real-deep-mask-4-pack,mid-sentence,"tes deep for lasting hydration, ensuring your skin",not checked (site blocked),https://www.mccormackspharmacy.ie/p/biodance-hydro-cera-nol-real-deep-mask-4-pack/8809937360971,
,Bleu De Chanel Edp 100Ml,bleu-de-chanel-edp-100ml,mid-word,vanises the senses. The taste for action is electr,not checked (site blocked),https://www.mccormackspharmacy.ie/p/bleu-de-chanel-edp-100ml/3145891073607,
,Bloateze Tablets 20Pk Phoenix,bloateze-tablets-20pk-phoenix,mid-sentence,dstream. It gets to work in your stomach and bowel,not checked (site blocked),https://www.mccormackspharmacy.ie/p/bloateze-tablets-20pk-phoenix/5391513950292,
,Bperfect 10 Sec Strawberry Medium Lotion,bperfect-10-sec-strawberry-medium-lotion,mid-sentence,nning Lotion has an instant colour guide making it,not checked (site blocked),https://www.mccormackspharmacy.ie/p/bperfect-10-sec-strawberry-medium-lotion/793591864303,
,Bperfect Empress Base&Body Brush,bperfect-empress-base-body-brush,mid-sentence,"d with liquids, creams, mousses and powder on the&",not checked (site blocked),https://www.mccormackspharmacy.ie/p/bperfect-empress-base-body-brush/0793618273392,
,Bperfect Flawless Base Bundle,bperfect-flawless-base-bundle,mid-word,long-lasting finish while maintaining an effortles,not checked (site blocked),https://www.mccormackspharmacy.ie/p/bperfect-flawless-base-bundle/None,
,Bperfect Tan Studio Instant Aerosol Tan Dark 125ml,bperfect-tan-studio-instant-aerosol-tan-dark-125ml,mid-word,"cinamide, this hydrating instant tan ensures you r",not checked (site blocked),https://www.mccormackspharmacy.ie/p/bperfect-tan-studio-instant-aerosol-tan-dark-125ml/5061045654271,
,Bperfect Tan Studio Instant Aerosol Tan Medium 125ml,bperfect-tan-studio-instant-aerosol-tan-medium-125ml,mid-sentence,"iacinamide, this hydrating instant tan ensures you",not checked (site blocked),https://www.mccormackspharmacy.ie/p/bperfect-tan-studio-instant-aerosol-tan-medium-125ml/5061045654264,
,Bperfect Tan Studio Instant Aerosol Tan Ultra Dark 125ml,bperfect-tan-studio-instant-aerosol-tan-ultra-dark-125ml,mid-sentence,"nd Niacinamide, this hydrating instant tan ensures",not checked (site blocked),https://www.mccormackspharmacy.ie/p/bperfect-tan-studio-instant-aerosol-tan-ultra-dark-125ml/5061045654288,
,Bperfect Tan Studio Self Tanning Body Butter Dark 200ml,bperfect-tan-studio-self-tanning-body-butter-dark-200ml,mid-sentence,pply with a tanning mitt to achieve an even finish,not checked (site blocked),https://www.mccormackspharmacy.ie/p/bperfect-tan-studio-self-tanning-body-butter-dark-200ml/5061045653731,
,Bperfect Tan Studio Self Tanning Oil Medium 150ml,bperfect-tan-studio-self-tanning-oil-medium-150ml,mid-word,"ne mist for quick, easy application. Dermatologica",not checked (site blocked),https://www.mccormackspharmacy.ie/p/bperfect-tan-studio-self-tanning-oil-medium-150ml/5061045654004,
,Bperfect Tan Studio Tanning Facial Mist Light-Medium 150ml,bperfect-tan-studio-tanning-facial-mist-light-medium-150ml,maybe-cut-at-sentence,"oisturises, leaving your skin feeling revitalised.",not checked (site blocked),https://www.mccormackspharmacy.ie/p/bperfect-tan-studio-tanning-facial-mist-light-medium-150ml/5061007280289,
,Bperfect Tan Studio Tanning Liquid Dark 175ml,bperfect-tan-studio-tanning-liquid-dark-175ml,mid-sentence,ct caters to diverse preferences. Dermatologically,not checked (site blocked),https://www.mccormackspharmacy.ie/p/bperfect-tan-studio-tanning-liquid-dark-175ml/5061007286489,
,Bperfect Tan Studio Tanning Mousse Ultra Dark 200ml,bperfect-tan-studio-tanning-mousse-ultra-dark-200ml,mid-sentence,s to all skin types as it is dermatologically test,not checked (site blocked),https://www.mccormackspharmacy.ie/p/bperfect-tan-studio-tanning-mousse-ultra-dark-200ml/5061007286465,
,Braggs Apple Cid Vin 946Ml,braggs-apple-cid-vin-946ml,mid-sentence, alternative that enhances your culinary creations,not checked (site blocked),https://www.mccormackspharmacy.ie/p/braggs-apple-cid-vin-946ml/074305701320,
,Braun Thermoscan Refill Lf40,braun-thermoscan-refill-lf40,mid-word,hermometer is equiped with the following key featu,not checked (site blocked),https://www.mccormackspharmacy.ie/p/braun-thermoscan-refill-lf40/4022167400062,
,Brush Works Micro Needle Derma Roller,brush-works-micro-needle-derma-roller,mid-word,our skincare regime can enhance your skincare resu,not checked (site blocked),https://www.mccormackspharmacy.ie/p/brush-works-micro-needle-derma-roller/5060455147519,
,Capasal Herbal Shampoo 100Ml,capasal-herbal-shampoo-100ml,mid-sentence,ggravated by the yeast Pityrosporum ovale. Capasal,not checked (site blocked),https://www.mccormackspharmacy.ie/p/capasal-herbal-shampoo-100ml/5016379136009,
,Cb12 Oral Rinse Blue 250Ml,cb12-oral-rinse-blue-250ml,mid-sentence,CB12 is effective. The clinical trials have proven,not checked (site blocked),https://www.mccormackspharmacy.ie/p/cb12-oral-rinse-blue-250ml/5391521890276,
,Celtic Candle Round Pot Pomelo Grapefruit,celtic-candle-round-pot-pomelo-grapefruit,mid-sentence, for storing small items when the candle is finish,not checked (site blocked),https://www.mccormackspharmacy.ie/p/celtic-candle-round-pot-pomelo-grapefruit/5038871068084,
,Centrum Advance 50+ 60Pk,centrum-advance-50-60pk,mid-sentence,lement the daily diet of people over the age of 50,not checked (site blocked),https://www.mccormackspharmacy.ie/p/centrum-advance-50-60pk/5000309008177,
,Centrum Men 50+,centrum-men-50,mid-sentence, such as B2 & B5 play an important role in support,not checked (site blocked),https://www.mccormackspharmacy.ie/p/centrum-men-50/5054563126696,
,Chummi Lip Mask Berry 20G,chummi-lip-mask-berry-20g,mid-sentence, and restorative skincare experience for your lips,not checked (site blocked),https://www.mccormackspharmacy.ie/p/chummi-lip-mask-berry-20g/855717008609,
,Chummi Lip Mask Vanilla 20G,chummi-lip-mask-vanilla-20g,mid-sentence, and restorative skincare experience for your lips,not checked (site blocked),https://www.mccormackspharmacy.ie/p/chummi-lip-mask-vanilla-20g/855717008647,
,Ck Euphoria Ladies 50Ml Edp,ck-euphoria-ladies-50ml-edp,mid-sentence,ictive pomegranate. An intoxicating blend of lotus,not checked (site blocked),https://www.mccormackspharmacy.ie/p/ck-euphoria-ladies-50ml-edp/880300162550,
,Cleanmarine For Women 60Caps,cleanmarine-for-women-60caps,mid-word,amin B2 to help maintain normal skin. This synergi,not checked (site blocked),https://www.mccormackspharmacy.ie/p/cleanmarine-for-women-60caps/5391500077803,
,Cleanmarine Memin For Women 60Pk,cleanmarine-memin-for-women-60pk,mid-sentence,. Cleanmarine Krill Oil for Women contains Omega 3,not checked (site blocked),https://www.mccormackspharmacy.ie/p/cleanmarine-memin-for-women-60pk/5391500077889,
,Clearblue Digital 1Pk Pregnancy Test,clearblue-digital-1pk-pregnancy-test,mid-sentence,ice and causing test errors. The test also feature,not checked (site blocked),https://www.mccormackspharmacy.ie/p/clearblue-digital-1pk-pregnancy-test/4084500477360,
,Cutex Ultra Powerful Npr 100Ml,cutex-ultra-powerful-npr-100ml,mid-word,mply apply to a cotton pad and buff away nail colo,not checked (site blocked),https://www.mccormackspharmacy.ie/p/cutex-ultra-powerful-npr-100ml/309971370274,
,Cydonia Cooling Polar Ice 100Ml,cydonia-cooling-polar-ice-100ml,mid-sentence,"stressed areas leaves the area feeling cool, soft,",not checked (site blocked),https://www.mccormackspharmacy.ie/p/cydonia-cooling-polar-ice-100ml/3870112001144,
,Declaré Age Control Night Essential Serum 50Ml,declar-age-control-night-essential-serum-50ml,mid-sentence,special “youth molecule” stimulates the skin’s rep,not checked (site blocked),https://www.mccormackspharmacy.ie/p/declar-age-control-night-essential-serum-50ml/9007867006405,
,Dermal Adex Gel 100G,dermal-adex-gel-100g,mid-sentence,ation Helps restore the normal skin barrier Can be,not checked (site blocked),https://www.mccormackspharmacy.ie/p/dermal-adex-gel-100g/5016379100451,
,Dettol Soap Bar Twin Pack Banded 100G,dettol-soap-bar-twin-pack-banded-100g,maybe-cut-at-sentence,le family hygienic and free from surface bacteria.,not checked (site blocked),https://www.mccormackspharmacy.ie/p/dettol-soap-bar-twin-pack-banded-100g/5011417554876,
,Diesel D By Diesel 50Ml 2Pc Gift Set,diesel-d-by-diesel-50ml-2pc-gift-set,mid-sentence,"l, warm base of vanilla infusion, sustainably sour",not checked (site blocked),https://www.mccormackspharmacy.ie/p/diesel-d-by-diesel-50ml-2pc-gift-set/3614273852852,
,Dlux Vit D Spray 1000Iu 15Ml,dlux-vit-d-spray-1000iu-15ml,mid-sentence,absorbency and optimum effect. The spray has a nat,not checked (site blocked),https://www.mccormackspharmacy.ie/p/dlux-vit-d-spray-1000iu-15ml/96000793,
,Dove Cleansing Bar Original,dove-cleansing-bar-original,mid-word,"se on the face, body and hands Classic moisturisin",not checked (site blocked),https://www.mccormackspharmacy.ie/p/dove-cleansing-bar-original/8710447439265,
,Dove Lotion 200Ml Summer Revive Fair/Medium,dove-lotion-200ml-summer-revive-fair-medium,mid-sentence,rs consists of key moisturising active ingredients,not checked (site blocked),https://www.mccormackspharmacy.ie/p/dove-lotion-200ml-summer-revive-fair-medium/8720181260490,
,Dove Lotion 200Ml Summer Revive Medium/Dark,dove-lotion-200ml-summer-revive-medium-dark,mid-word,ing DermaSpa Summer Revived Self Tanning Body Loti,not checked (site blocked),https://www.mccormackspharmacy.ie/p/dove-lotion-200ml-summer-revive-medium-dark/8712561983013,
,Dove Men Care Clean Comfort Duo Pk 150Ml,dove-men-care-clean-comfort-duo-pk-150ml,maybe-cut-at-sentence,"n-irritant formula is tough on sweat, not on skin.",not checked (site blocked),https://www.mccormackspharmacy.ie/p/dove-men-care-clean-comfort-duo-pk-150ml/8710908829468,
,Dove Men S/Gel 250Ml Extra Fresh,dove-men-s-gel-250ml-extra-fresh,mid-word,ng refreshed. Try Dove's body wash for men for a r,not checked (site blocked),https://www.mccormackspharmacy.ie/p/dove-men-s-gel-250ml-extra-fresh/8717644598849,
,Durex Intense 12Pk,durex-intense-12pk,mid-word, stimulation for her Ribbed and dotted for extra s,not checked (site blocked),https://www.mccormackspharmacy.ie/p/durex-intense-12pk/5011417567272,
,Durex Intimate Feel 12Pk,durex-intimate-feel-12pk,mid-sentence,at ended for comfort & fit Transparent & lubricate,not checked (site blocked),https://www.mccormackspharmacy.ie/p/durex-intimate-feel-12pk/5052197045451,
,Durex Play 50Ml Feel Lube,durex-play-50ml-feel-lube,mid-sentence,and oral sex. Durex lubes can ease vaginal dryness,not checked (site blocked),https://www.mccormackspharmacy.ie/p/durex-play-50ml-feel-lube/5011417567623,
,Durex Pleasure Me 6Pk,durex-pleasure-me-6pk,mid-sentence,"stimulation Transparent, lubricated and teat ended",not checked (site blocked),https://www.mccormackspharmacy.ie/p/durex-pleasure-me-6pk/5052197026016,
,Durex Thin Feel 12Pk,durex-thin-feel-12pk,mid-sentence,Durex Thin Feel is thinner for greater sensitivity,not checked (site blocked),https://www.mccormackspharmacy.ie/p/durex-thin-feel-12pk/5052197045277,
,Electric Picnic Bundle,electric-picnic-bundle,mid-word,e Electrolytes (20 pack) to keep you hydrated. Emb,not checked (site blocked),https://www.mccormackspharmacy.ie/p/electric-picnic-bundle/None,
,Ella & Jo Brighten And Glow Hydrating Exfoliating Cleanser,ella-jo-brighten-and-glow-hydrating-exfoliating-cleanser,mid-sentence, looks like you just stepped out of a professional,not checked (site blocked),https://www.mccormackspharmacy.ie/p/ella-jo-brighten-and-glow-hydrating-exfoliating-cleanser/5392000189386,
,Epaderm Ointment 500G,epaderm-ointment-500g,maybe-cut-at-sentence,deal for use in the wet or dry wrapping technique.,not checked (site blocked),https://www.mccormackspharmacy.ie/p/epaderm-ointment-500g/5055158003248,
,Eucerin 10% Urea Foot Cream,eucerin-10-urea-foot-cream,mid-sentence," quickly absorbs to reduce caulluses, pressure mar",not checked (site blocked),https://www.mccormackspharmacy.ie/p/eucerin-10-urea-foot-cream/None,
,Eucerin 10% Urea Lotion,eucerin-10-urea-lotion,mid-sentence,"ing Factors, this formula plumps the skin with moi",not checked (site blocked),https://www.mccormackspharmacy.ie/p/eucerin-10-urea-lotion/6001051001606,
,Floradix Floravital Liquid 500Ml,floradix-floravital-liquid-500ml,mid-sentence,icial flavourings. It is lactose free and suitable,not checked (site blocked),https://www.mccormackspharmacy.ie/p/floradix-floravital-liquid-500ml/4004148017186,
,Floradix Liquid Iron 250Ml,floradix-liquid-iron-250ml,mid-sentence,icial flavourings. It is lactose free and suitable,not checked (site blocked),https://www.mccormackspharmacy.ie/p/floradix-liquid-iron-250ml/4004148057076,
,Formoline L112 Extra Weight Management 64 Tablets,formoline-l112-extra-weight-management-64-tablets,mid-sentence,es it a practical addition to any balanced diet an,not checked (site blocked),https://www.mccormackspharmacy.ie/p/formoline-l112-extra-weight-management-64-tablets/4260103335409,
,Garnier Nutrisse 1 Black Permanent Hair Dye,garnier-nutrisse-1-black-permanent-hair-dye,mid-sentence,"shes hair even after coloring it, leaving it silky",not checked (site blocked),https://www.mccormackspharmacy.ie/p/garnier-nutrisse-1-black-permanent-hair-dye/5021044024987,
,Garnier Nutrisse 4.3 Dark Golden Brown Permanent Hair Dye,garnier-nutrisse-4-3-dark-golden-brown-permanent-hair-dye,mid-word,"l, cranberry oil, and shea oil, and it nourishes h",not checked (site blocked),https://www.mccormackspharmacy.ie/p/garnier-nutrisse-4-3-dark-golden-brown-permanent-hair-dye/5021044025083,
,Garnier Olia 4.0 Dark Brown No Ammonia Permanent Hair Dye,garnier-olia-4-0-dark-brown-no-ammonia-permanent-hair-dye,mid-sentence,"color performance for rich, vibrant, and long-last",not checked (site blocked),https://www.mccormackspharmacy.ie/p/garnier-olia-4-0-dark-brown-no-ammonia-permanent-hair-dye/3600541238626,
,Garnier Olia 5.3 Golden Brown No Ammonia Permanent Hair Dye,garnier-olia-5-3-golden-brown-no-ammonia-permanent-hair-dye,mid-word," performance for rich, vibrant, and long-lasting b",not checked (site blocked),https://www.mccormackspharmacy.ie/p/garnier-olia-5-3-golden-brown-no-ammonia-permanent-hair-dye/3600541233720,
,Garnier Olia 9.0 Light Blonde No Ammonia Permanent Hair Dye,garnier-olia-9-0-light-blonde-no-ammonia-permanent-hair-dye,mid-word,"rmance for opulent, vibrant, and long-lasting blon",not checked (site blocked),https://www.mccormackspharmacy.ie/p/garnier-olia-9-0-light-blonde-no-ammonia-permanent-hair-dye/3600541234178,
,Garnier Ultimate Blends Nourishing Hair Food Banana & Coconut Shampoo,garnier-ultimate-blends-nourishing-hair-food-banana-coconut-shampoo,mid-word,ing you to be nice to both your hair and the envir,not checked (site blocked),https://www.mccormackspharmacy.ie/p/garnier-ultimate-blends-nourishing-hair-food-banana-coconut-shampoo/3600542342933,
,Garnier Ultimate Blends Nourishing Hair Food Banana & Shea 3 In 1 Hair Mask,garnier-ultimate-blends-nourishing-hair-food-banana-shea-3-in-1-hair-mask,mid-word,own locks. Expect results that are shiny and healt,not checked (site blocked),https://www.mccormackspharmacy.ie/p/garnier-ultimate-blends-nourishing-hair-food-banana-shea-3-in-1-hair-mask/3600542231572,
,Garnier Ultimate Blends Smoothing Hair Food Coconut & Macadamia Conditioner,garnier-ultimate-blends-smoothing-hair-food-coconut-macadamia-conditioner,mid-word,"e made of 50% recycled materials, surrounds each s",not checked (site blocked),https://www.mccormackspharmacy.ie/p/garnier-ultimate-blends-smoothing-hair-food-coconut-macadamia-conditioner/3600542342810,
,Garnier Ultimate Blends Smoothing Hair Food Coconut & Macadamia Shampoo,garnier-ultimate-blends-smoothing-hair-food-coconut-macadamia-shampoo,mid-sentence,s. The anti-frizz shampoo foams into a creamy lath,not checked (site blocked),https://www.mccormackspharmacy.ie/p/garnier-ultimate-blends-smoothing-hair-food-coconut-macadamia-shampoo/3600542342858,
,Gillette Shaving Gel Reg 200Ml,gillette-shaving-gel-reg-200ml,mid-word,"t’s smooth and comfortable - Spread it on, shave w",not checked (site blocked),https://www.mccormackspharmacy.ie/p/gillette-shaving-gel-reg-200ml/7702018980901,
,Glow Hub Skin Drink Hydrating Set,glow-hub-skin-drink-hydrating-set,mid-word,o 15ml+ Mini Nourish & Hydrate Gel Moisturiser 30g,not checked (site blocked),https://www.mccormackspharmacy.ie/p/glow-hub-skin-drink-hydrating-set/5019607257255,
,Gosh! Beige Rabbit Softie 30cm,gosh-beige-rabbit-softie-30cm,mid-word,"table for young children, ensuring peace of mind f",not checked (site blocked),https://www.mccormackspharmacy.ie/p/gosh-beige-rabbit-softie-30cm/5098858163270,
,Gosh! Blue Bunny Softie 30cm,gosh-blue-bunny-softie-30cm,mid-word,"rings warmth and joy, making it a cherished additi",not checked (site blocked),https://www.mccormackspharmacy.ie/p/gosh-blue-bunny-softie-30cm/5098858173613,
,Gosh! Crocodile Softie 30cm,gosh-crocodile-softie-30cm,mid-sentence,Gosh! Crocodile Softie is not just a toy but a lif,not checked (site blocked),https://www.mccormackspharmacy.ie/p/gosh-crocodile-softie-30cm/5098858181601,
,Gosh! Duck Softie 20cm,gosh-duck-softie-20cm,mid-sentence,pire imaginative adventures and create lasting mem,not checked (site blocked),https://www.mccormackspharmacy.ie/p/gosh-duck-softie-20cm/5098858163324,
,Gosh! Goose Softie 30cm,gosh-goose-softie-30cm,mid-sentence,meeting rigorous safety standards. Give your child,not checked (site blocked),https://www.mccormackspharmacy.ie/p/gosh-goose-softie-30cm/5098858185821,
,Gosh! Hen Softie 30cm,gosh-hen-softie-30cm,mid-word,ome or gifting it to a loved one for a memorable o,not checked (site blocked),https://www.mccormackspharmacy.ie/p/gosh-hen-softie-30cm/5098858185760,
,Gosh! Mallard Softie 30cm,gosh-mallard-softie-30cm,mid-sentence, mind for parents. Bring home the Gosh! Mallard So,not checked (site blocked),https://www.mccormackspharmacy.ie/p/gosh-mallard-softie-30cm/5098858185746,
,Gosh! Pink Bunny Softie 30cm,gosh-pink-bunny-softie-30cm,mid-word,"ive piece, this enchanting bunny will bring a smil",not checked (site blocked),https://www.mccormackspharmacy.ie/p/gosh-pink-bunny-softie-30cm/5098858173590,
,Gosh! Sheep Softie 30cm,gosh-sheep-softie-30cm,mid-word,"ty, this charming sheep is ready to withstand coun",not checked (site blocked),https://www.mccormackspharmacy.ie/p/gosh-sheep-softie-30cm/5098858177062,
,Gosh! Tiger Softie 30cm,gosh-tiger-softie-30cm,mid-word," little ones, while its durable construction ensur",not checked (site blocked),https://www.mccormackspharmacy.ie/p/gosh-tiger-softie-30cm/5098858171411,
,Gosh! Unicorn Softie 30cm,gosh-unicorn-softie-30cm,maybe-cut-at-sentence,courages creativity and companionship in children.,not checked (site blocked),https://www.mccormackspharmacy.ie/p/gosh-unicorn-softie-30cm/5098858163393,
,Got2b Glued Blasting Freeze Hairspray 300Ml,got2b-glued-blasting-freeze-hairspray-300ml,mid-sentence, to remove - Our legendary best-selling collection,not checked (site blocked),https://www.mccormackspharmacy.ie/p/got2b-glued-blasting-freeze-hairspray-300ml/5012583105091,
,Harry's Exfoliating Facial Cleanser 150Ml,harrys-exfoliating-facial-cleanser-150ml,mid-sentence,n feeling clean and revitalised. Experience a fres,not checked (site blocked),https://www.mccormackspharmacy.ie/p/harrys-exfoliating-facial-cleanser-150ml/855380004878,
,Harry's Post Shave Balm With Aloe Vera 100Ml,harrys-post-shave-balm-with-aloe-vera-100ml,mid-word,"t absorbs quickly, ensuring a smooth finish withou",not checked (site blocked),https://www.mccormackspharmacy.ie/p/harrys-post-shave-balm-with-aloe-vera-100ml/855380004304,
,Head & Shoulder Men Ultra 225Ml,head-shoulder-men-ultra-225ml,mid-sentence,"visible flakes from a distance of 2 feet, with reg",not checked (site blocked),https://www.mccormackspharmacy.ie/p/head-shoulder-men-ultra-225ml/8001090360175,
,Hero Mighty Patch Invisible+,hero-mighty-patch-invisible,mid-sentence, (12mm size)​ Don’t let a pimple get in the way of,not checked (site blocked),https://www.mccormackspharmacy.ie/p/hero-mighty-patch-invisible/5010724000434,
,Homme Allure Sport-Spray Edt 100Ml,homme-allure-sport-spray-edt-100ml,mid-sentence,"lends into the clean, intense notes of Cedar. Sens",not checked (site blocked),https://www.mccormackspharmacy.ie/p/homme-allure-sport-spray-edt-100ml/3145891236309,
,Hugo Man (Green) 75Ml Edt Spr,hugo-man-green-75ml-edt-spr,mid-sentence,open possibilities to live your life your way ever,not checked (site blocked),https://www.mccormackspharmacy.ie/p/hugo-man-green-75ml-edt-spr/737052664026,
,Hydration Station 12G,hydration-station-12g,mid-word, perfect for those seeking a healthier lifestyle w,not checked (site blocked),https://www.mccormackspharmacy.ie/p/hydration-station-12g/5034033000480,
,Hygie Crisp Apple Hydrating Hand Cleanser 35ml,hygie-crisp-apple-hydrating-hand-cleanser-35ml,mid-word,nd moisturised throughout the day. Enjoy the benef,not checked (site blocked),https://www.mccormackspharmacy.ie/p/hygie-crisp-apple-hydrating-hand-cleanser-35ml/5061015258744,
,Hygie Sugared Plum Hydrating Hand Cleanser 35ml,hygie-sugared-plum-hydrating-hand-cleanser-35ml,mid-sentence,skin types. Elevate your hand hygiene routine with,not checked (site blocked),https://www.mccormackspharmacy.ie/p/hygie-sugared-plum-hydrating-hand-cleanser-35ml/5061015258768,
,Hygie Sweet Clementine Hydrating Hand Cleanser 35ml,hygie-sweet-clementine-hydrating-hand-cleanser-35ml,mid-word," senses, making hand washing a pleasurable experie",not checked (site blocked),https://www.mccormackspharmacy.ie/p/hygie-sweet-clementine-hydrating-hand-cleanser-35ml/5061015258737,
,Hygie Wild Raspberry Hydrating Hand Cleanser 35ml,hygie-wild-raspberry-hydrating-hand-cleanser-35ml,mid-sentence,ing your hands. Experience the dual benefits of pu,not checked (site blocked),https://www.mccormackspharmacy.ie/p/hygie-wild-raspberry-hydrating-hand-cleanser-35ml/5061015258751,
,Hylo Tear 0.1% Eye Drops 7.5Ml,hylo-tear-0-1-eye-drops-7-5ml,mid-sentence," six months from the time of opening, making it re",not checked (site blocked),https://www.mccormackspharmacy.ie/p/hylo-tear-0-1-eye-drops-7-5ml/4031626710918,
,Iglow Chilli Lips Lip Plumper Soft Pink,iglow-chilli-lips-lip-plumper-soft-pink,mid-word,t pink colour. The gloss is semi translucent and b,not checked (site blocked),https://www.mccormackspharmacy.ie/p/iglow-chilli-lips-lip-plumper-soft-pink/7073186000075,
,Inadine Dressings 5Cm X 5Cm (Single),inadine-dressings-5cm-x-5cm-single,mid-sentence, protect and minimize adherence to the wound bed a,not checked (site blocked),https://www.mccormackspharmacy.ie/p/inadine-dressings-5cm-x-5cm-single/04054596954588,
,J&J Baby More Tears Shampoo 500Ml,j-j-baby-more-tears-shampoo-500ml,mid-sentence,"ed Free from dyes, parabens, phthalates, sulphates",not checked (site blocked),https://www.mccormackspharmacy.ie/p/j-j-baby-more-tears-shampoo-500ml/3574669907903,
,Jenny Glow 2 Piece Ladies Set Just Kloé,jenny-glow-2-piece-ladies-set-just-klo,mid-sentence,hing with your favourite accessories. Elevate your,not checked (site blocked),https://www.mccormackspharmacy.ie/p/jenny-glow-2-piece-ladies-set-just-klo/6294015174557,
,Johnson's Soft & Pamper Body Wash 400Ml,johnson-s-soft-pamper-body-wash-400ml,mid-word,nsforms your bathing experience into a pampering r,not checked (site blocked),https://www.mccormackspharmacy.ie/p/johnson-s-soft-pamper-body-wash-400ml/3574661384665,
,Juvaré Com-Plex Blonde-Toning Shampoo 250Ml,juvar-com-plex-blonde-toning-shampoo-250ml,mid-word,"o boost their colour longevity. Embrace vibrant, h",not checked (site blocked),https://www.mccormackspharmacy.ie/p/juvar-com-plex-blonde-toning-shampoo-250ml/0698596599185,
,Juvaré Com-Plex Intensive Repair Treatment 250Ml,juvar-com-plex-intensive-repair-treatment-250ml,mid-word,"ll structure of your hair, ensuring it looks and f",not checked (site blocked),https://www.mccormackspharmacy.ie/p/juvar-com-plex-intensive-repair-treatment-250ml/0698596599208,
,Kin Gingival Mouthwash 500Ml,kin-gingival-mouthwash-500ml,mid-sentence,after dental procedures to help promote healing an,not checked (site blocked),https://www.mccormackspharmacy.ie/p/kin-gingival-mouthwash-500ml/8470001575883,
,Kin Gingival Toothpaste 75Ml,kin-gingival-toothpaste-75ml,mid-word, and dry mouth sufferers. Kin Gingivital Toothpast,not checked (site blocked),https://www.mccormackspharmacy.ie/p/kin-gingival-toothpaste-75ml/8470001575890,
,King Hair & Beauty Miracle Mist 7 In 1 Spray,king-hair-beauty-miracle-mist-7-in-1-spray,mid-sentence,dration & moisture4. Prevents frizz - suitable for,not checked (site blocked),https://www.mccormackspharmacy.ie/p/king-hair-beauty-miracle-mist-7-in-1-spray/None,
,L'oreal Elvive Cond 300Ml Col Protect,l-oreal-elvive-cond-300ml-col-protect,mid-word,rotects hair against external aggressions and prol,not checked (site blocked),https://www.mccormackspharmacy.ie/p/l-oreal-elvive-cond-300ml-col-protect/3600520433073,
,L'oreal Magic Retouch 1 Black 75Ml,l-oreal-magic-retouch-1-black-75ml,mid-sentence,of a quick fix between home colourings and salon a,not checked (site blocked),https://www.mccormackspharmacy.ie/p/l-oreal-magic-retouch-1-black-75ml/3600523192687,
,L'oreal Magic Retouch 2 Dark Brown 75Ml,l-oreal-magic-retouch-2-dark-brown-75ml,mid-sentence,of a quick fix between home colourings and salon a,not checked (site blocked),https://www.mccormackspharmacy.ie/p/l-oreal-magic-retouch-2-dark-brown-75ml/3600523192694,
,L'oreal Magic Retouch 3 Brown 75Ml,l-oreal-magic-retouch-3-brown-75ml,mid-sentence,of a quick fix between home colourings and salon a,not checked (site blocked),https://www.mccormackspharmacy.ie/p/l-oreal-magic-retouch-3-brown-75ml/3600523192700,
,La Vida Caribena Guava Glow Hydrating Body Fragrance Mist 35ml,la-vida-caribena-guava-glow-hydrating-body-fragrance-mist-35ml,mid-word,incare routine into a rejuvenating ritual that bri,not checked (site blocked),https://www.mccormackspharmacy.ie/p/la-vida-caribena-guava-glow-hydrating-body-fragrance-mist-35ml/5061015257013,
,La Vida Caribena Island Vibes Hydrating Body Fragrance Mist 35ml,la-vida-caribena-island-vibes-hydrating-body-fragrance-mist-35ml,maybe-cut-at-sentence,fragrance for a rejuvenating feeling all day long.,not checked (site blocked),https://www.mccormackspharmacy.ie/p/la-vida-caribena-island-vibes-hydrating-body-fragrance-mist-35ml/5061015257020,
,La Vida Caribena Papaya Sunset Hydrating Body Fragrance Mist 35ml,la-vida-caribena-papaya-sunset-hydrating-body-fragrance-mist-35ml,mid-sentence,f the Caribbean and indulge your senses with every,not checked (site blocked),https://www.mccormackspharmacy.ie/p/la-vida-caribena-papaya-sunset-hydrating-body-fragrance-mist-35ml/5061015257037,
,La Vida Caribena Tropical Nights Hydrating Body Fragrance Mist 35ml,la-vida-caribena-tropical-nights-hydrating-body-fragrance-mist-35ml,mid-sentence,reates a lasting impression. Embrace the spirit of,not checked (site blocked),https://www.mccormackspharmacy.ie/p/la-vida-caribena-tropical-nights-hydrating-body-fragrance-mist-35ml/5061015257044,
,Laneige Lip Sleeping Mask Berry 20g,laneige-lip-sleeping-mask-berry-20g,mid-sentence,on to your nightly skincare routine. Experience th,not checked (site blocked),https://www.mccormackspharmacy.ie/p/laneige-lip-sleeping-mask-berry-20g/8809685797173,
,Laneige Water Sleeping Mask 70ml,laneige-water-sleeping-mask-70ml,mid-word,you wake up with a fresh and radiant complexion. E,not checked (site blocked),https://www.mccormackspharmacy.ie/p/laneige-water-sleeping-mask-70ml/8809803586887,
,Lecithin Granules 250G,lecithin-granules-250g,mid-sentence,"eople (particularly those on a low fat, low choles",not checked (site blocked),https://www.mccormackspharmacy.ie/p/lecithin-granules-250g/5029354000028,
,Lerelle Beauty Aimx Brighten Me Sheet Mask With Vitamin C,lerelle-beauty-aimx-brighten-me-sheet-mask-with-vitamin-c,maybe-cut-at-sentence,"eveal noticeably brighter, more even-looking skin.",not checked (site blocked),https://www.mccormackspharmacy.ie/p/lerelle-beauty-aimx-brighten-me-sheet-mask-with-vitamin-c/4771632315188,
,Loreal Magic Retouch Gold Brow,loreal-magic-retouch-gold-brow,mid-word, seamless appearance. The spray can also be used t,not checked (site blocked),https://www.mccormackspharmacy.ie/p/loreal-magic-retouch-gold-brow/3600523388240,
,Luna By Lisa Jordan Lip Balm & Scrub Duo,luna-by-lisa-jordan-lip-balm-scrub-duo,mid-sentence,rates deep into the lips to help alleviate dry/cha,not checked (site blocked),https://www.mccormackspharmacy.ie/p/luna-by-lisa-jordan-lip-balm-scrub-duo/None,
,Luna Filter Finish Concealer -Sand,luna-filter-finish-concealer-sand,mid-sentence,"ble coverage, blends seamlessly onto the skin, and",not checked (site blocked),https://www.mccormackspharmacy.ie/p/luna-filter-finish-concealer-sand/None,
,Luna Filter Finish Naturally Matte Foundation - Fair,luna-filter-finish-naturally-matte-foundation-fair,mid-sentence, Oxidation-resistant. Oil-controlling powders crea,not checked (site blocked),https://www.mccormackspharmacy.ie/p/luna-filter-finish-naturally-matte-foundation-fair/None,
,Luna Filter Finish Naturally Matte Foundation - Light,luna-filter-finish-naturally-matte-foundation-light,mid-sentence,tifying. Oxidation-resistant. Oil-controlling powd,not checked (site blocked),https://www.mccormackspharmacy.ie/p/luna-filter-finish-naturally-matte-foundation-light/None,
,Luna Filter Finish Naturally Matte Foundation - Medium,luna-filter-finish-naturally-matte-foundation-medium,mid-word,Mattifying. Oxidation-resistant. Oil-controlling p,not checked (site blocked),https://www.mccormackspharmacy.ie/p/luna-filter-finish-naturally-matte-foundation-medium/None,
,Luna Filter Finish Naturally Matte Foundation - Medium Plus,luna-filter-finish-naturally-matte-foundation-medium-plus,mid-sentence,"il-controlling powders create a smooth, mattified,",not checked (site blocked),https://www.mccormackspharmacy.ie/p/luna-filter-finish-naturally-matte-foundation-medium-plus/None,
,Luna Filter Finish Naturally Matte Foundation - Medium Tan,luna-filter-finish-naturally-matte-foundation-medium-tan,mid-word,"-controlling powders create a smooth, mattified, f",not checked (site blocked),https://www.mccormackspharmacy.ie/p/luna-filter-finish-naturally-matte-foundation-medium-tan/None,
,Luna Filter Finish Naturally Matte Foundation - Rich Plus,luna-filter-finish-naturally-matte-foundation-rich-plus,mid-word,ifying. Oxidation-resistant. Oil-controlling powde,not checked (site blocked),https://www.mccormackspharmacy.ie/p/luna-filter-finish-naturally-matte-foundation-rich-plus/None,
,Luna Filter Finish Naturally Matte Foundation - Tan,luna-filter-finish-naturally-matte-foundation-tan,mid-sentence,xidation-resistant. Oil-controlling powders create,not checked (site blocked),https://www.mccormackspharmacy.ie/p/luna-filter-finish-naturally-matte-foundation-tan/None,
,Luna Filter Finish Naturally Matte Foundation - Tan Plus,luna-filter-finish-naturally-matte-foundation-tan-plus,mid-word,ifying. Oxidation-resistant. Oil-controlling powde,not checked (site blocked),https://www.mccormackspharmacy.ie/p/luna-filter-finish-naturally-matte-foundation-tan-plus/None,
,Lynx Ice Chill S/Gel,lynx-ice-chill-s-gel,maybe-cut-at-sentence,r men. It puts the care back into men's skin care.,not checked (site blocked),https://www.mccormackspharmacy.ie/p/lynx-ice-chill-s-gel/8710847924507,
,Lynx Showergel 250Ml Black,lynx-showergel-250ml-black,mid-sentence,"t a try. Whatever you decide, remember that Lynx i",not checked (site blocked),https://www.mccormackspharmacy.ie/p/lynx-showergel-250ml-black/8712561617369,
,Macushield Caps 90Pk,macushield-caps-90pk,mid-word,Recommended Supplement by Eye Experts One a Day Su,not checked (site blocked),https://www.mccormackspharmacy.ie/p/macushield-caps-90pk/5036631001500,
,Magnesium Oil Goodnight Spray 100Ml,magnesium-oil-goodnight-spray-100ml,mid-word,ace magnesium lost through modern diet and pressur,not checked (site blocked),https://www.mccormackspharmacy.ie/p/magnesium-oil-goodnight-spray-100ml/5060148520186,
,Mam Clip Double Set 0+Months Blue,mam-clip-double-set-0-months-blue,mid-sentence, attaches to baby's clothes Keeps soother clean an,not checked (site blocked),https://www.mccormackspharmacy.ie/p/mam-clip-double-set-0-months-blue/9001616205231,
,Mam Learn To Drink Cup 6+Months Blue,mam-learn-to-drink-cup-6-months-blue,maybe-cut-at-sentence,th a MAM 6+M Soother for your little one to enjoy.,not checked (site blocked),https://www.mccormackspharmacy.ie/p/mam-learn-to-drink-cup-6-months-blue/9001616698385,
,Mam Original Night 0+ Months (White),mam-original-night-0-months-white,maybe-cut-at-sentence,design that's easy to spot in a busy changing bag.,not checked (site blocked),https://www.mccormackspharmacy.ie/p/mam-original-night-0-months-white/None,
,Mam Original Night 12+ Months (Purple Owl/White),mam-original-night-12-months-purple-owl-white,maybe-cut-at-sentence,design that's easy to spot in a busy changing bag.,not checked (site blocked),https://www.mccormackspharmacy.ie/p/mam-original-night-12-months-purple-owl-white/None,
,Mam Original Night 6+ Months (Baby Pink/ White),mam-original-night-6-months-baby-pink-white,maybe-cut-at-sentence,design that's easy to spot in a busy changing bag.,not checked (site blocked),https://www.mccormackspharmacy.ie/p/mam-original-night-6-months-baby-pink-white/None,
,Mam Original Night 6+ Months (Blue/White Moon),mam-original-night-6-months-blue-white-moon,maybe-cut-at-sentence,design that's easy to spot in a busy changing bag.,not checked (site blocked),https://www.mccormackspharmacy.ie/p/mam-original-night-6-months-blue-white-moon/None,
,Marc Jacobs Daisy 100Ml Edt,marc-jacobs-daisy-100ml-edt,mid-sentence,the daisy flower is turned into a whimsical bottle,not checked (site blocked),https://www.mccormackspharmacy.ie/p/marc-jacobs-daisy-100ml-edt/None,
,Medicare Blister Plasters 6Pk Medium,medicare-blister-plasters-6pk-medium,mid-word,can be used to treat existing blisters or in the e,not checked (site blocked),https://www.mccormackspharmacy.ie/p/medicare-blister-plasters-6pk-medium/5099390409666,
,Medicare Blue Detectable Plasters 1 Size 100 Pk,medicare-blue-detectable-plasters-1-size-100-pk,mid-word,"rs, fishmongers, bakeries and right up to large-sc",not checked (site blocked),https://www.mccormackspharmacy.ie/p/medicare-blue-detectable-plasters-1-size-100-pk/5099390405132,
,Medicare Burn Dressing 10 X 10Cm 40G,medicare-burn-dressing-10-x-10cm-40g,mid-word,"in damage. Promotes healing, moistens, cools and s",not checked (site blocked),https://www.mccormackspharmacy.ie/p/medicare-burn-dressing-10-x-10cm-40g/5099390411782,
,Medicare Foam Toe Protector Small 2'S,medicare-foam-toe-protector-small-2-s,mid-sentence,s on larger toes • Ideal for reducing pressure and,not checked (site blocked),https://www.mccormackspharmacy.ie/p/medicare-foam-toe-protector-small-2-s/5099390407853,
,Medicare Neoprene Thumb Stall Medium,medicare-neoprene-thumb-stall-medium,mid-word,"b Stalls are made from the material, neoprene, whi",not checked (site blocked),https://www.mccormackspharmacy.ie/p/medicare-neoprene-thumb-stall-medium/5099390412055,
,Medicare One Week Pillbox,medicare-one-week-pillbox,mid-word,mbers that want to plan their loved ones' medicati,not checked (site blocked),https://www.mccormackspharmacy.ie/p/medicare-one-week-pillbox/5099390404968,
,Medicare Reusable Hot Cold Pack,medicare-reusable-hot-cold-pack,mid-sentence,"bruises and swelling, headaches and minor injuries",not checked (site blocked),https://www.mccormackspharmacy.ie/p/medicare-reusable-hot-cold-pack/5099390403190,
,Medicare Size A 1M Tubular Supp Bandage,medicare-size-a-1m-tubular-supp-bandage,mid-sentence,10m lengths. The dimensions used are the flat widt,not checked (site blocked),https://www.mccormackspharmacy.ie/p/medicare-size-a-1m-tubular-supp-bandage/5099390403084,
,Medicare Size E 1M Tubular Supp Bandage,medicare-size-e-1m-tubular-supp-bandage,mid-sentence,10m lengths. The dimensions used are the flat widt,not checked (site blocked),https://www.mccormackspharmacy.ie/p/medicare-size-e-1m-tubular-supp-bandage/5099390403121,
,Medicare Size F 1M Tubular Supp Bandage,medicare-size-f-1m-tubular-supp-bandage,mid-sentence,10m lengths. The dimensions used are the flat widt,not checked (site blocked),https://www.mccormackspharmacy.ie/p/medicare-size-f-1m-tubular-supp-bandage/5099390403138,
,Medicare Wart & Verruca Removal Pen,medicare-wart-verruca-removal-pen,mid-word,cted region with warm water for 5 minutes before t,not checked (site blocked),https://www.mccormackspharmacy.ie/p/medicare-wart-verruca-removal-pen/5099390416954,
,Medicare Weekly Pill Pack,medicare-weekly-pill-pack,mid-word,-sized shape which can easily fit into a handbag o,not checked (site blocked),https://www.mccormackspharmacy.ie/p/medicare-weekly-pill-pack/5099390412789,
,Medicare Wrist Support,medicare-wrist-support,mid-sentence,sprained wrist. Thumb and wrist supports can be ex,not checked (site blocked),https://www.mccormackspharmacy.ie/p/medicare-wrist-support/5099390407105,
,Medicrepe Elastic Bandage 8Cmx5m,medicrepe-elastic-bandage-8cmx5m,mid-sentence,"ight be lost during use, it will be restored again",not checked (site blocked),https://www.mccormackspharmacy.ie/p/medicrepe-elastic-bandage-8cmx5m/5099390404241,
,Medicrepe Elastic Crepe 10Cmx5m,medicrepe-elastic-crepe-10cmx5m,mid-sentence,"ight be lost during use, it will be restored again",not checked (site blocked),https://www.mccormackspharmacy.ie/p/medicrepe-elastic-crepe-10cmx5m/5099390404142,
,Medicrepe Elastic Crepe 6Cmx5m,medicrepe-elastic-crepe-6cmx5m,mid-sentence,"ight be lost during use, it will be restored again",not checked (site blocked),https://www.mccormackspharmacy.ie/p/medicrepe-elastic-crepe-6cmx5m/5099390404265,
,Medicube Collagen Night Wrapping Mask 75ml,medicube-collagen-night-wrapping-mask-75ml,maybe-cut-at-sentence,per-looking finish thanks to its collagen content.,not checked (site blocked),https://www.mccormackspharmacy.ie/p/medicube-collagen-night-wrapping-mask-75ml/8800256113217,
,Medicube Zero Pore Pad 2.0 70's,medicube-zero-pore-pad-2-0-70s,mid-sentence,"n. Perfect for daily use, these pads simplify your",not checked (site blocked),https://www.mccormackspharmacy.ie/p/medicube-zero-pore-pad-2-0-70s/8800256114665,
,Mediform Conforming 10Cmx4m,mediform-conforming-10cmx4m,mid-sentence,"bandage with light compression • Lightweight, fray",not checked (site blocked),https://www.mccormackspharmacy.ie/p/mediform-conforming-10cmx4m/5099390404180,
,Mediform Conforming 15Cmx4m,mediform-conforming-15cmx4m,mid-sentence,"bandage with light compression • Lightweight, fray",not checked (site blocked),https://www.mccormackspharmacy.ie/p/mediform-conforming-15cmx4m/5099390404166,
,Mediform Conforming 5Cmx4m,mediform-conforming-5cmx4m,mid-sentence,"bandage with light compression • Lightweight, fray",not checked (site blocked),https://www.mccormackspharmacy.ie/p/mediform-conforming-5cmx4m/5099390404203,
,Mediform Conforming Bandage 8X4m,mediform-conforming-bandage-8x4m,mid-sentence,"bandage with light compression • Lightweight, fray",not checked (site blocked),https://www.mccormackspharmacy.ie/p/mediform-conforming-bandage-8x4m/5099390404227,
,Medigauze Ns Swap 10X10cm 8Ply 100Pk,medigauze-ns-swap-10x10cm-8ply-100pk,mid-sentence,"imary dressing, open-weave design provides fast wi",not checked (site blocked),https://www.mccormackspharmacy.ie/p/medigauze-ns-swap-10x10cm-8ply-100pk/5099390405163,
,Medilite Paper Tape 2.5Cmx5m,medilite-paper-tape-2-5cmx5m,mid-word,ile skin and elderly patients. The special adhesiv,not checked (site blocked),https://www.mccormackspharmacy.ie/p/medilite-paper-tape-2-5cmx5m/5099390200201,
,Medisilk Silk Tape 2.5X5m,medisilk-silk-tape-2-5x5m,mid-word,"cro-perforated • For securing bulky dressings, hea",not checked (site blocked),https://www.mccormackspharmacy.ie/p/medisilk-silk-tape-2-5x5m/5099390200508,
,Mediswab 10Cm X10cm 100Pk,mediswab-10cm-x10cm-100pk,mid-word,"s are used for many medical purposes, especially t",not checked (site blocked),https://www.mccormackspharmacy.ie/p/mediswab-10cm-x10cm-100pk/5099390403398,
,Meditape 1.25X5m Zinc Oxide Tape,meditape-1-25x5m-zinc-oxide-tape,mid-sentence,inc oxide tape remains intact when worn for a long,not checked (site blocked),https://www.mccormackspharmacy.ie/p/meditape-1-25x5m-zinc-oxide-tape/5099390200706,
,Meditape 2.5X5m Zinc Oxide Tape,meditape-2-5x5m-zinc-oxide-tape,mid-sentence, area you are taping. They are commonly used by at,not checked (site blocked),https://www.mccormackspharmacy.ie/p/meditape-2-5x5m-zinc-oxide-tape/5099390200805,
,Meditape Stretch 2.5Cm X 4M,meditape-stretch-2-5cm-x-4m,mid-sentence, area you are taping. They are commonly used by at,not checked (site blocked),https://www.mccormackspharmacy.ie/p/meditape-stretch-2-5cm-x-4m/5099390403930,
,Mepore 6Cm X 7Cm Single,mepore-6cm-x-7cm-single,mid-word,"le, prevents maceration and gives better comfort F",not checked (site blocked),https://www.mccormackspharmacy.ie/p/mepore-6cm-x-7cm-single/7310796708008,
,Mepore 9Cm X 15Cm Single,mepore-9cm-x-15cm-single,mid-word,"le, prevents maceration and gives better comfort F",not checked (site blocked),https://www.mccormackspharmacy.ie/p/mepore-9cm-x-15cm-single/7310796710001,
,Mepore 9Cm X 20Cm Single,mepore-9cm-x-20cm-single,mid-word,"le, prevents maceration and gives better comfort F",not checked (site blocked),https://www.mccormackspharmacy.ie/p/mepore-9cm-x-20cm-single/7310796711008,
,Mepore 9Cm X 30Cm Single,mepore-9cm-x-30cm-single,mid-word,"le, prevents maceration and gives better comfort F",not checked (site blocked),https://www.mccormackspharmacy.ie/p/mepore-9cm-x-30cm-single/7310796713002,
,Micropore Tape Sml 1.25Cm X 5M Long,micropore-tape-sml-1-25cm-x-5m-long,mid-sentence, will be kind to sensitive skin and it also allows,not checked (site blocked),https://www.mccormackspharmacy.ie/p/micropore-tape-sml-1-25cm-x-5m-long/4054596748293,
,Midnight Gaze,midnight-gaze,mid-word,and conditions the delicate eye area. The richly p,not checked (site blocked),https://www.mccormackspharmacy.ie/p/midnight-gaze/None,
,Milton Sterilising Fluid 1000Ml,milton-sterilising-fluid-1000ml,mid-sentence,Made in Great Britain. Sterilises baby items Kills,not checked (site blocked),https://www.mccormackspharmacy.ie/p/milton-sterilising-fluid-1000ml/3361370086368,
,Mitchum Anti-Persp Men Ultimate Clean Control 41G,mitchum-anti-persp-men-ultimate-clean-control-41g,mid-word,Clean Control Solid Anti-Persirant & Deodorant 45g,not checked (site blocked),https://www.mccormackspharmacy.ie/p/mitchum-anti-persp-men-ultimate-clean-control-41g/309974755634,
,Moogoo Milk Wash 500Ml,moogoo-milk-wash-500ml,mid-sentence, phthalate-free fragrant oil for a beautiful smell,not checked (site blocked),https://www.mccormackspharmacy.ie/p/moogoo-milk-wash-500ml/9335955000074,
,Moxi Powder Pod Cleanser,moxi-powder-pod-cleanser,maybe-cut-at-sentence,ight stay bags. 14 pods are included in each pack.,not checked (site blocked),https://www.mccormackspharmacy.ie/p/moxi-powder-pod-cleanser/797776123193,
,Mx Health Multi-Drug 7 In 1 Panel Rapid Home Test 1Pk,mx-health-multi-drug-7-in-1-panel-rapid-home-test-1pk,maybe-cut-at-sentence,"forward, private way to get a fast answer at home.",not checked (site blocked),https://www.mccormackspharmacy.ie/p/mx-health-multi-drug-7-in-1-panel-rapid-home-test-1pk/5057881863274,
,Mx Health Pregnancy Early Detection Rapid Home Test 2Pk,mx-health-pregnancy-early-detection-rapid-home-test-2pk,maybe-cut-at-sentence,ay to get answers in the privacy of your own home.,not checked (site blocked),https://www.mccormackspharmacy.ie/p/mx-health-pregnancy-early-detection-rapid-home-test-2pk/5057881863199,
,Mycosan Fungal Nail Treatment Set 5Ml,mycosan-fungal-nail-treatment-set-5ml,mid-sentence,ainst fungal infections Nourishes the treated nail,not checked (site blocked),https://www.mccormackspharmacy.ie/p/mycosan-fungal-nail-treatment-set-5ml/8718309700782,
,Neilmed Starter Kit Bottle 15 Sachets,neilmed-starter-kit-bottle-15-sachets,mid-sentence,e system allows you to deliver saline solution wit,not checked (site blocked),https://www.mccormackspharmacy.ie/p/neilmed-starter-kit-bottle-15-sachets/705928003101,
,New Nordic Apple Cider Mega 1000Mg Tabs 30Pk,new-nordic-apple-cider-mega-1000mg-tabs-30pk,mid-sentence,ugar levels and in turn control the appetite. Each,not checked (site blocked),https://www.mccormackspharmacy.ie/p/new-nordic-apple-cider-mega-1000mg-tabs-30pk/5021807447800,
,Nivea Aftersun Lotion 200Ml,nivea-aftersun-lotion-200ml,mid-word,t a suitable part of an overnight skin care routin,not checked (site blocked),https://www.mccormackspharmacy.ie/p/nivea-aftersun-lotion-200ml/4005808478941,
,Nivea Aftersun Spray 200Ml,nivea-aftersun-spray-200ml,mid-sentence,"pending time in the sun, spray the hydrating after",not checked (site blocked),https://www.mccormackspharmacy.ie/p/nivea-aftersun-spray-200ml/4005808804344,
,Nivea Men Post Shave Balm 100Ml Sensitive,nivea-men-post-shave-balm-100ml-sensitive,mid-sentence,"range also features face washes, moisturisers, and",not checked (site blocked),https://www.mccormackspharmacy.ie/p/nivea-men-post-shave-balm-100ml-sensitive/5025970023281,
,Nivea Men Sensitive Moisturiser 75Ml,nivea-men-sensitive-moisturiser-75ml,maybe-cut-at-sentence,bination of Chamomile and extracts of Witch Hazel.,not checked (site blocked),https://www.mccormackspharmacy.ie/p/nivea-men-sensitive-moisturiser-75ml/5025970023397,
,Nivea Men Shave Gel 200Ml Sensitive,nivea-men-shave-gel-200ml-sensitive,mid-word,"Shaving Gel softens stubble before shaving, allowi",not checked (site blocked),https://www.mccormackspharmacy.ie/p/nivea-men-shave-gel-200ml-sensitive/5025970023243,
,Nivea Sun P&S Lotion Spf Spf50 200M,nivea-sun-p-s-lotion-spf-spf50-200m,mid-sentence, against sun exposure and long-term UV-induced ski,not checked (site blocked),https://www.mccormackspharmacy.ie/p/nivea-sun-p-s-lotion-spf-spf50-200m/4005808649969,
,Nizoral Care Scalp Tonic,nizoral-care-scalp-tonic,mid-word,e for everyday use. Dermatologically tested Suitab,not checked (site blocked),https://www.mccormackspharmacy.ie/p/nizoral-care-scalp-tonic/5099562743451,
,Ogam Clove Bud 5Ml,ogam-clove-bud-5ml,mid-word,al properties and its ability to purify blood incr,not checked (site blocked),https://www.mccormackspharmacy.ie/p/ogam-clove-bud-5ml/5390600001060,
,Ogam Eucalyptus 10Ml,ogam-eucalyptus-10ml,mid-sentence,"as an A-Z of uses, but to name a few- it can be us",not checked (site blocked),https://www.mccormackspharmacy.ie/p/ogam-eucalyptus-10ml/5390600001077,
,Ogam Lavender 10Ml,ogam-lavender-10ml,mid-sentence,"sect repellent, it immediately soothes the pain of",not checked (site blocked),https://www.mccormackspharmacy.ie/p/ogam-lavender-10ml/5390600001138,
,Ogam Peppermint 10Ml,ogam-peppermint-10ml,mid-sentence,ension and lift dull or hazy feelings. A useful st,not checked (site blocked),https://www.mccormackspharmacy.ie/p/ogam-peppermint-10ml/5390600001213,
,Ogam Ylang Ylang 10Ml,ogam-ylang-ylang-10ml,mid-word,"in care to relax the skin and the mind, and it’s s",not checked (site blocked),https://www.mccormackspharmacy.ie/p/ogam-ylang-ylang-10ml/5390600001282,
,Optase Allergy Eye Drop 0.5Mlsdu,optase-allergy-eye-drop-0-5mlsdu,mid-word,d eyes. • They are suitable for use for one-year-o,not checked (site blocked),https://www.mccormackspharmacy.ie/p/optase-allergy-eye-drop-0-5mlsdu/5391531760149,
,Optase Moist Heat Eye Mask,optase-moist-heat-eye-mask,mid-word,tear film Restores moisture to the eye and surroun,not checked (site blocked),https://www.mccormackspharmacy.ie/p/optase-moist-heat-eye-mask/5392000104228,
,Ortho Kin Mouthwash 500Ml,ortho-kin-mouthwash-500ml,mid-word, bad breath. Ortho Kin is an Alcohol-Free Mouthwas,not checked (site blocked),https://www.mccormackspharmacy.ie/p/ortho-kin-mouthwash-500ml/8470001508232,
,P&M Nmf Toner 200Ml,p-m-nmf-toner-200ml,mid-sentence,ntation Suitable for all skin types Vegan friendly,not checked (site blocked),https://www.mccormackspharmacy.ie/p/p-m-nmf-toner-200ml/855717008630,
,Paco Rabanne Lady Million 80Ml Edp,paco-rabanne-lady-million-80ml-edp,mid-sentence,sult is a golden fierceful scent that is opulent a,not checked (site blocked),https://www.mccormackspharmacy.ie/p/paco-rabanne-lady-million-80ml-edp/3349668508587,
,Papilocare Vaginal Gel,papilocare-vaginal-gel,mid-sentence,lth of the female intimate area. Experience the be,not checked (site blocked),https://www.mccormackspharmacy.ie/p/papilocare-vaginal-gel/8470001818164,
,Pestle & Mortar Erase Balm Cleanser 100Ml,pestle-mortar-erase-balm-cleanser-100ml,mid-sentence,dicals. Suitable for all skin types Vegan friendly,not checked (site blocked),https://www.mccormackspharmacy.ie/p/pestle-mortar-erase-balm-cleanser-100ml/855238006337,
,Pestle & Mortar Essentials Body Cream 500Ml,pestle-mortar-essentials-body-cream-500ml,mid-sentence,"y Cream hydrates, nourishes, and protects the skin",not checked (site blocked),https://www.mccormackspharmacy.ie/p/pestle-mortar-essentials-body-cream-500ml/855238007006,
,Pestle & Mortar Essentials The Face Cream,pestle-mortar-essentials-the-face-cream,mid-sentence,rished and healthy. Experience the difference with,not checked (site blocked),https://www.mccormackspharmacy.ie/p/pestle-mortar-essentials-the-face-cream/855238006153,
,Pestle & Mortar Essentials The Facial Cleanser 100Ml,pestle-mortar-essentials-the-facial-cleanser-100ml,mid-sentence,"nce-free, non-irritating, and does not clog pores,",not checked (site blocked),https://www.mccormackspharmacy.ie/p/pestle-mortar-essentials-the-facial-cleanser-100ml/855238006511,
,Pestle & Mortar Glow Drops 30Mls,pestle-mortar-glow-drops-30mls,mid-sentence,"ugh, the drops are also infused with Glycerin to i",not checked (site blocked),https://www.mccormackspharmacy.ie/p/pestle-mortar-glow-drops-30mls/855238006689,
,Pestle & Mortar Pure Hyaluronic Serum 30Ml,pestle-mortar-pure-hyaluronic-serum-30ml,mid-sentence,"t formula, with added Vitamin E can also be used a",not checked (site blocked),https://www.mccormackspharmacy.ie/p/pestle-mortar-pure-hyaluronic-serum-30ml/855238006061,
,Pestle & Mortar Recover Eye Cream 15Ml,pestle-mortar-recover-eye-cream-15ml,mid-word,lmitoyl Tripeptide-5 can penetrate deep into the d,not checked (site blocked),https://www.mccormackspharmacy.ie/p/pestle-mortar-recover-eye-cream-15ml/856149007642,
,Pestle & Mortar Superstar Retinol Night Oil 30Ml,pestle-mortar-superstar-retil-night-oil-30ml,mid-word,"inkles, and boosts collagen production. It stimula",not checked (site blocked),https://www.mccormackspharmacy.ie/p/pestle-mortar-superstar-retil-night-oil-30ml/855238006269,
,Pestle And Mortar 2 Phase Vitamin C Serum 40Ml,pestle-and-mortar-2-phase-vitamin-c-serum-40ml,mid-sentence,ich water phase with a super lightweight oil phase,not checked (site blocked),https://www.mccormackspharmacy.ie/p/pestle-and-mortar-2-phase-vitamin-c-serum-40ml/855717008272,
,Pharmanord D Pearls Junior 80Pk,pharmard-d-pearls-junior-80pk,mid-word,"their lives, as well as strengthening the immune s",not checked (site blocked),https://www.mccormackspharmacy.ie/p/pharmard-d-pearls-junior-80pk/5709976134201,
,Pharmaton Caps 30Pk,pharmaton-caps-30pk,mid-sentence,food Maintain a normal cognitive function (zinc an,not checked (site blocked),https://www.mccormackspharmacy.ie/p/pharmaton-caps-30pk/7610939000014,
,Physiologix Level 3 Ankle Support One Size,physiologix-level-3-ankle-support-one-size,mid-word,bility; • Sectional construction allows for a besp,not checked (site blocked),https://www.mccormackspharmacy.ie/p/physiologix-level-3-ankle-support-one-size/5099390415391,
,Pro:Voke Touch Of Silver Colour Care Shampoo 200Ml,pro-voke-touch-of-silver-colour-care-shampoo-200ml,mid-sentence,ct against environmental pollutants to protect col,not checked (site blocked),https://www.mccormackspharmacy.ie/p/pro-voke-touch-of-silver-colour-care-shampoo-200ml/5012008721004,
,Pure by Coppercraft Magnetic Bracelet CMB09,pure-by-coppercraft-magnetic-bracelet-cmb09,mid-word,. Elevate your well-being and style effortlessly w,not checked (site blocked),https://www.mccormackspharmacy.ie/p/pure-by-coppercraft-magnetic-bracelet-cmb09/5060432676223,
,Pure by Coppercraft Magnetic Bracelet CMB21,pure-by-coppercraft-magnetic-bracelet-cmb21,mid-word,. Elevate your well-being and style effortlessly w,not checked (site blocked),https://www.mccormackspharmacy.ie/p/pure-by-coppercraft-magnetic-bracelet-cmb21/5060432679118,
,Pure by Coppercraft Magnetic Bracelet CMB22,pure-by-coppercraft-magnetic-bracelet-cmb22,mid-word,vate your well-being and style effortlessly with t,not checked (site blocked),https://www.mccormackspharmacy.ie/p/pure-by-coppercraft-magnetic-bracelet-cmb22/5060432679125,
,Pure by Coppercraft Magnetic Bracelet CMB31,pure-by-coppercraft-magnetic-bracelet-cmb31,mid-word,. Elevate your well-being and style effortlessly w,not checked (site blocked),https://www.mccormackspharmacy.ie/p/pure-by-coppercraft-magnetic-bracelet-cmb31/5035221020211,
,Purismio Reusable Mask Black 1Pk,purismio-reusable-mask-black-1pk,mid-sentence,ashable up to 70°-100°C or soaked in boiling water,not checked (site blocked),https://www.mccormackspharmacy.ie/p/purismio-reusable-mask-black-1pk/5060676800125,
,Purismio Reusable Mask Oatmeal 1Pk,purismio-reusable-mask-oatmeal-1pk,mid-sentence,ashable up to 70°-100°C or soaked in boiling water,not checked (site blocked),https://www.mccormackspharmacy.ie/p/purismio-reusable-mask-oatmeal-1pk/5060676800132,
,Quest Stress B Complex & Vitamin C 60Pk,quest-stress-b-complex-vitamin-c-60pk,mid-word,nd fats and convert them into energy. B vitamins p,not checked (site blocked),https://www.mccormackspharmacy.ie/p/quest-stress-b-complex-vitamin-c-60pk/5022339888017,
,Quest Stress B Complex With Vitamin C 30Pk,quest-stress-b-complex-with-vitamin-c-30pk,mid-word,nd fats and convert them into energy. B vitamins p,not checked (site blocked),https://www.mccormackspharmacy.ie/p/quest-stress-b-complex-with-vitamin-c-30pk/5022339887010,
,Quest Super Once A Day 30Pk,quest-super-once-a-day-30pk,mid-sentence, dietary intake where needed. The minerals are che,not checked (site blocked),https://www.mccormackspharmacy.ie/p/quest-super-once-a-day-30pk/5022339294016,
,Remington Hygiene Trimmer,remington-hygiene-trimmer,mid-sentence,"e included, the NANOSeries Nose and Ear Trimmer is",not checked (site blocked),https://www.mccormackspharmacy.ie/p/remington-hygiene-trimmer/4008496651351,
,Reusable Face Mask,reusable-face-mask,mid-sentence,ashable up to 70°-100°C or soaked in boiling water,not checked (site blocked),https://www.mccormackspharmacy.ie/p/reusable-face-mask/5391018053474,
,Revive Active 3 Month Supply - 90 Sachets,revive-active-3-month-supply-90-sachets,mid-word,zyme Q10 (CoQ10) to support energy levels. Experie,not checked (site blocked),https://www.mccormackspharmacy.ie/p/revive-active-3-month-supply-90-sachets/None,
,Revive Active Magnesium Complex 60Pk,revive-active-magnesium-complex-60pk,mid-word, the revitalising benefits of magnesium in a conve,not checked (site blocked),https://www.mccormackspharmacy.ie/p/revive-active-magnesium-complex-60pk/5391546180291,
,Revive Active Mastermind 30Pk,revive-active-mastermind-30pk,mid-sentence,"rmance, Great for students as it helps with focus,",not checked (site blocked),https://www.mccormackspharmacy.ie/p/revive-active-mastermind-30pk/797776114726,
,Revive Active Meno Active,revive-active-meno-active,mid-word,d 4 different strains of Live Friendly Bacteria ev,not checked (site blocked),https://www.mccormackspharmacy.ie/p/revive-active-meno-active/794712627296,
,Revive Active Meno Active -3 Month Supply,revive-active-meno-active-3-month-supply,mid-sentence,"nzymes, 350mgs Omega 3 DHA and 4 different strains",not checked (site blocked),https://www.mccormackspharmacy.ie/p/revive-active-meno-active-3-month-supply/None,
,Revive Active Omega Active 60 Capsules,revive-active-omega-active-60-capsules,mid-word,ased capsule ensures the product is suitable for p,not checked (site blocked),https://www.mccormackspharmacy.ie/p/revive-active-omega-active-60-capsules/5391546180024,
,Revive Active Original 210 Sachets 7 Months Supply,revive-active-original-210-sachets-7-months-supply,mid-sentence,ains 150mg of CoQ10 & 3 g of L-arginine to provide,not checked (site blocked),https://www.mccormackspharmacy.ie/p/revive-active-original-210-sachets-7-months-supply/None,
,Revive Active Original 7Pk,revive-active-original-7pk,mid-sentence," comprehensive supplement. Taken once a day, its i",not checked (site blocked),https://www.mccormackspharmacy.ie/p/revive-active-original-7pk/619613834690,
,Revive Active Tropical 6 Month Supply - 180 Sachets,revive-active-tropical-6-month-supply-180-sachets,mid-sentence,"upplement supports overall well-being, ensuring yo",not checked (site blocked),https://www.mccormackspharmacy.ie/p/revive-active-tropical-6-month-supply-180-sachets/None,
,Revive Active Zest- 3 Month Supply-90 Sachets,revive-active-zest-3-month-supply-90-sachets,mid-word,nd boost their energy levels with a health supplem,not checked (site blocked),https://www.mccormackspharmacy.ie/p/revive-active-zest-3-month-supply-90-sachets/None,
,Revive Tropical 3 Month Supply - 90 Sachets,revive-tropical-3-month-supply-90-sachets,mid-sentence,"upplement supports overall well-being, ensuring yo",not checked (site blocked),https://www.mccormackspharmacy.ie/p/revive-tropical-3-month-supply-90-sachets/None,
,Revive Zest Active - 6 Month Supply,revive-zest-active-6-month-supply,mid-word,being. Elevate your health regimen with Zest Activ,not checked (site blocked),https://www.mccormackspharmacy.ie/p/revive-zest-active-6-month-supply/None,
,Rowa Yummy Gummy Bears 60Pk,rowa-yummy-gummy-bears-60pk,mid-word,elp boost the immune system. Contains no gelatin o,not checked (site blocked),https://www.mccormackspharmacy.ie/p/rowa-yummy-gummy-bears-60pk/5390387943010,
,SCULPTED LIQUID LIGHTS WARM,sculpted-liquid-lights-warm,mid-word,"ithin look, making every application a luxurious e",not checked (site blocked),https://www.mccormackspharmacy.ie/p/sculpted-liquid-lights-warm/5391545123275,
,Sculpted Beauty Base Original 50Ml Pump,sculpted-beauty-base-original-50ml-pump,mid-word,ng pearlized pigments for a gorgeous golden glow B,not checked (site blocked),https://www.mccormackspharmacy.ie/p/sculpted-beauty-base-original-50ml-pump/735850997124,
,Sculpted Beauty Base Pearl 50Ml Pump,sculpted-beauty-base-pearl-50ml-pump,mid-word,ng pearlized pigments for a gorgeous golden glow B,not checked (site blocked),https://www.mccormackspharmacy.ie/p/sculpted-beauty-base-pearl-50ml-pump/793591836058,
,Sculpted Brighten Up Concealer Beige,sculpted-brighten-up-concealer-beige,mid-sentence,e who like a soft bright under eye. This is slight,not checked (site blocked),https://www.mccormackspharmacy.ie/p/sculpted-brighten-up-concealer-beige/794712143062,
,Sculpted Brighten Up Concealer Golden,sculpted-brighten-up-concealer-golden,mid-sentence,wear fake tan. It's a light golden shade with a ne,not checked (site blocked),https://www.mccormackspharmacy.ie/p/sculpted-brighten-up-concealer-golden/794712143093,
,Sculpted Brighten Up Concealer Ivory,sculpted-brighten-up-concealer-ivory,mid-sentence,lly someone who likes a soft bright under eye. The,not checked (site blocked),https://www.mccormackspharmacy.ie/p/sculpted-brighten-up-concealer-ivory/794712143031,
,Sculpted Brighten Up Concealer Sand,sculpted-brighten-up-concealer-sand,mid-sentence,those that wear fake tan. It is deeper and more ho,not checked (site blocked),https://www.mccormackspharmacy.ie/p/sculpted-brighten-up-concealer-sand/794712143123,
,Sculpted Brighten Up Concealer Vanilla,sculpted-brighten-up-concealer-vanilla,mid-word, under eye. The cool tone is great for colour corr,not checked (site blocked),https://www.mccormackspharmacy.ie/p/sculpted-brighten-up-concealer-vanilla/794712143000,
,Sculpted By Aimee Connolly Cloud Cream,sculpted-by-aimee-connolly-cloud-cream,mid-sentence,"eset, ensuring your complexion remains beautifully",not checked (site blocked),https://www.mccormackspharmacy.ie/p/sculpted-by-aimee-connolly-cloud-cream/None,
,Sculpted By Aimee Liquidglo Brightening Essence 100Ml,sculpted-by-aimee-liquidglo-brightening-essence-100ml,mid-sentence,ul. Experience the transformative benefits of this,not checked (site blocked),https://www.mccormackspharmacy.ie/p/sculpted-by-aimee-liquidglo-brightening-essence-100ml/5391545129239,
,Sculpted By Aimee Oily Skin Morning Routine Bundle,sculpted-by-aimee-oily-skin-morning-routine-bundle,mid-word,rning routine simplifies your skincare process whi,not checked (site blocked),https://www.mccormackspharmacy.ie/p/sculpted-by-aimee-oily-skin-morning-routine-bundle/None,
,Sculpted Complete Cover Up 4.0 Medium,sculpted-complete-cover-up-4-0-medium,mid-sentence,M 4.0: A yellow tan shade for those that like a co,not checked (site blocked),https://www.mccormackspharmacy.ie/p/sculpted-complete-cover-up-4-0-medium/794712143369,
,Sculpted Cream Luxe Blush Dusty Rose,sculpted-cream-luxe-blush-dusty-rose,mid-word," power. With three times more pigment and a new, u",not checked (site blocked),https://www.mccormackspharmacy.ie/p/sculpted-cream-luxe-blush-dusty-rose/5391545127334,
,Sculpted Cream Luxe Blush Pink Supreme,sculpted-cream-luxe-blush-pink-supreme,mid-sentence,staying power. With three times more pigment and a,not checked (site blocked),https://www.mccormackspharmacy.ie/p/sculpted-cream-luxe-blush-pink-supreme/5391545127297,
,Sculpted Second Skin Dewy Fair Plus 2.5,sculpted-second-skin-dewy-fair-plus-2-5,mid-sentence,from the suns harmful rays. It is also enriched wi,not checked (site blocked),https://www.mccormackspharmacy.ie/p/sculpted-second-skin-dewy-fair-plus-2-5/793591414621,
,Sculpted Second Skin Dewy Tan 5.0,sculpted-second-skin-dewy-tan-5-0,mid-sentence,"st-have for everyday use, protecting your skin fro",not checked (site blocked),https://www.mccormackspharmacy.ie/p/sculpted-second-skin-dewy-tan-5-0/793591414782,
,Sculpted Second Skin Fair Dewy 2.0,sculpted-second-skin-fair-dewy-2-0,mid-sentence,ecting your skin from the suns harmful rays. It is,not checked (site blocked),https://www.mccormackspharmacy.ie/p/sculpted-second-skin-fair-dewy-2-0/793591414591,
,Sculpted Second Skin Fair Plus Matte 2.5,sculpted-second-skin-fair-plus-matte-2-5,mid-word,lots of added goodness it's the perfect all-rounde,not checked (site blocked),https://www.mccormackspharmacy.ie/p/sculpted-second-skin-fair-plus-matte-2-5/793591414904,
,Sculpted Second Skin Light Dewy 3.0,sculpted-second-skin-light-dewy-3-0,mid-sentence,tecting your skin from the suns harmful rays. It i,not checked (site blocked),https://www.mccormackspharmacy.ie/p/sculpted-second-skin-light-dewy-3-0/793591414652,
,Sculpted Second Skin Light Matte 3.0,sculpted-second-skin-light-matte-3-0,mid-word,breathe and with lots of added goodness it's the p,not checked (site blocked),https://www.mccormackspharmacy.ie/p/sculpted-second-skin-light-matte-3-0/793591414935,
,Sculpted Second Skin Light Plus Dewy 3.5,sculpted-second-skin-light-plus-dewy-3-5,mid-word,ly neutral tanned shade. It’s perfect for sallow s,not checked (site blocked),https://www.mccormackspharmacy.ie/p/sculpted-second-skin-light-plus-dewy-3-5/793591414690,
,Sculpted Second Skin Light Plus Matte 3.5,sculpted-second-skin-light-plus-matte-3-5,mid-sentence, you great coverage while letting your skin breath,not checked (site blocked),https://www.mccormackspharmacy.ie/p/sculpted-second-skin-light-plus-matte-3-5/793591414966,
,Sculpted Second Skin Medium Dewy 4.0,sculpted-second-skin-medium-dewy-4-0,mid-sentence,"e, protecting your skin from the suns harmful rays",not checked (site blocked),https://www.mccormackspharmacy.ie/p/sculpted-second-skin-medium-dewy-4-0/793591414720,
,Sculpted Second Skin Medium Matte 4.0,sculpted-second-skin-medium-matte-4-0,mid-word,"l Preservatives, No Artificial Fragrance, Anti Oxi",not checked (site blocked),https://www.mccormackspharmacy.ie/p/sculpted-second-skin-medium-matte-4-0/793591414997,
,Sculpted Second Skin Medium Plus Dewy 4.5,sculpted-second-skin-medium-plus-dewy-4-5,mid-sentence," the skin giving you a flawless, breathable finish",not checked (site blocked),https://www.mccormackspharmacy.ie/p/sculpted-second-skin-medium-plus-dewy-4-5/793591414751,
,Sculpted Second Skin Medium Plus Matte 4.5,sculpted-second-skin-medium-plus-matte-4-5,mid-sentence,etting your skin breathe and with lots of added go,not checked (site blocked),https://www.mccormackspharmacy.ie/p/sculpted-second-skin-medium-plus-matte-4-5/793591835525,
,Sculpted Set & Perfect Powder Brush,sculpted-set-perfect-powder-brush,maybe-cut-at-sentence, skin to reveal a glowing and oil-free complexion.,not checked (site blocked),https://www.mccormackspharmacy.ie/p/sculpted-set-perfect-powder-brush/794712490708,
,Sculpted Tint & Glow Skin Enhancer 2.0,sculpted-tint-glow-skin-enhancer-2-0,mid-word,ealthy glowing finish. As the name suggests this f,not checked (site blocked),https://www.mccormackspharmacy.ie/p/sculpted-tint-glow-skin-enhancer-2-0/794712490388,
,Sculpted Tint & Glow Skin Enhancer 3.0,sculpted-tint-glow-skin-enhancer-3-0,mid-sentence, healthy glowing finish. As the name suggests this,not checked (site blocked),https://www.mccormackspharmacy.ie/p/sculpted-tint-glow-skin-enhancer-3-0/794712490418,
,Sculpted Tint & Glow Skin Enhancer 4.0,sculpted-tint-glow-skin-enhancer-4-0,mid-word,he name suggests this face makeup will Tint the sk,not checked (site blocked),https://www.mccormackspharmacy.ie/p/sculpted-tint-glow-skin-enhancer-4-0/794712490432,
,Sculpted Tint & Glow Skin Enhancer 5.0,sculpted-tint-glow-skin-enhancer-5-0,mid-word,nish. As the name suggests this face makeup will T,not checked (site blocked),https://www.mccormackspharmacy.ie/p/sculpted-tint-glow-skin-enhancer-5-0/794712490463,
,Sculpted Tint & Glow Skin Enhancer 6.0,sculpted-tint-glow-skin-enhancer-6-0,mid-word,the name suggests this face makeup will Tint the s,not checked (site blocked),https://www.mccormackspharmacy.ie/p/sculpted-tint-glow-skin-enhancer-6-0/794712490494,
,Sculpted Tint & Glow Skin Enhancer 7.0,sculpted-tint-glow-skin-enhancer-7-0,mid-sentence,e suggests this face makeup will Tint the skin wit,not checked (site blocked),https://www.mccormackspharmacy.ie/p/sculpted-tint-glow-skin-enhancer-7-0/794712490524,
,Sculpted Velvet Veil Invisible Loose Setting Powder,sculpted-velvet-veil-invisible-loose-setting-powder,mid-sentence,imulate collagen and calm the skin. The silica inÂ,not checked (site blocked),https://www.mccormackspharmacy.ie/p/sculpted-velvet-veil-invisible-loose-setting-powder/None,
,Selfscreen Home Drug Test 1Pk,selfscreen-home-drug-test-1pk,mid-sentence,nutes. Individual results for each drug group. Del,not checked (site blocked),https://www.mccormackspharmacy.ie/p/selfscreen-home-drug-test-1pk/5099374999992,
,Selfscreen Home Drug Test 2Pk,selfscreen-home-drug-test-2pk,mid-sentence,nutes. Individual results for each drug group. Del,not checked (site blocked),https://www.mccormackspharmacy.ie/p/selfscreen-home-drug-test-2pk/5099374999985,
,Seoulista Beauty Charcoal Detox Instant Facial Mask,seoulista-beauty-charcoal-detox-instant-facial-mask,mid-word,"re routine without compromising on results, this m",not checked (site blocked),https://www.mccormackspharmacy.ie/p/seoulista-beauty-charcoal-detox-instant-facial-mask/5060524850005,
,Simple Kts Cleansing Ltn 200Ml Purifying,simple-kts-cleansing-ltn-200ml-purifying,mid-word,all contribute to skin feeling happier and healthi,not checked (site blocked),https://www.mccormackspharmacy.ie/p/simple-kts-cleansing-ltn-200ml-purifying/5011451103849,
,Simple Kts Replenishing Rich Moist 125Ml,simple-kts-replenishing-rich-moist-125ml,mid-word,imple believes in continuously working to be kinde,not checked (site blocked),https://www.mccormackspharmacy.ie/p/simple-kts-replenishing-rich-moist-125ml/5011451103948,
,"Skingredients 15% Vit C, E + Tri-Mushroom Serum 30Ml",skingredients-15-vit-c-e-tri-mushroom-serum-30ml,mid-sentence,"vers visible results that restore a youthful glow,",not checked (site blocked),https://www.mccormackspharmacy.ie/p/skingredients-15-vit-c-e-tri-mushroom-serum-30ml/0634240328466,
,Solgar 7 Joint Support 30 Caps,solgar-7-joint-support-30-caps,mid-sentence,"tle as seven days, ensuring you can stay active an",not checked (site blocked),https://www.mccormackspharmacy.ie/p/solgar-7-joint-support-30-caps/033984504974,
,"Solgar B Complex ""50"" Caps (50Pk)",solgar-b-complex-50-caps-50pk,mid-sentence,"ing, supporting energy production and enhancing me",not checked (site blocked),https://www.mccormackspharmacy.ie/p/solgar-b-complex-50-caps-50pk/033984011205,
,Solgar B12 1000Ug 100Pk,solgar-b12-1000ug-100pk,mid-word,"t but also delicious, making it easy to incorporat",not checked (site blocked),https://www.mccormackspharmacy.ie/p/solgar-b12-1000ug-100pk/033984032293,
,Solgar Chromium Picolinate Tabs 100Ug,solgar-chromium-picolinate-tabs-100ug,mid-sentence,"ge, making it an ideal choice for those seeking to",not checked (site blocked),https://www.mccormackspharmacy.ie/p/solgar-chromium-picolinate-tabs-100ug/033984013650,
,Solgar Coq10 Vegetarian 120Mg (30 Pk),solgar-coq10-vegetarian-120mg-30-pk,mid-word,r your body’s functions. Choose Solgar for a veget,not checked (site blocked),https://www.mccormackspharmacy.ie/p/solgar-coq10-vegetarian-120mg-30-pk/033984009240,
,Solgar Curcumin 30 Soft Gels,solgar-curcumin-30-soft-gels,mid-word, wellness routine with Solgar Curcumin and experie,not checked (site blocked),https://www.mccormackspharmacy.ie/p/solgar-curcumin-30-soft-gels/033984595972,
,Solgar Ester C 1000Mg 90 Caps,solgar-ester-c-1000mg-90-caps,mid-sentence, enhanced immune support. Elevate your wellness wi,not checked (site blocked),https://www.mccormackspharmacy.ie/p/solgar-ester-c-1000mg-90-caps/033984169876,
,Solgar Ester-C Plus 1000Mg (30 Pk),solgar-ester-c-plus-1000mg-30-pk,mid-sentence, incorporating additional natural plant ingredient,not checked (site blocked),https://www.mccormackspharmacy.ie/p/solgar-ester-c-plus-1000mg-30-pk/033984010505,
,Solgar Evening Primrose Oil 1300Mgs,solgar-evening-primrose-oil-1300mgs,mid-word,"et with the benefits of GLA, making it a trusted c",not checked (site blocked),https://www.mccormackspharmacy.ie/p/solgar-evening-primrose-oil-1300mgs/033984010567,
,Solgar Flaxseed 1250Mg Capsules 100Pk,solgar-flaxseed-1250mg-capsules-100pk,mid-word,. Experience the purity and potency of Solgar's tr,not checked (site blocked),https://www.mccormackspharmacy.ie/p/solgar-flaxseed-1250mg-capsules-100pk/033984010741,
,Solgar Gentle Iron 20Mg 90Cap,solgar-gentle-iron-20mg-90cap,mid-sentence,"For optimal results, simply take one capsule daily",not checked (site blocked),https://www.mccormackspharmacy.ie/p/solgar-gentle-iron-20mg-90cap/033984012493,
,Solgar L-Arginine 1000Mg (90 Pk),solgar-l-arginine-1000mg-90-pk,mid-word,"effortlessly with Solgar L-Arginine, designed to m",not checked (site blocked),https://www.mccormackspharmacy.ie/p/solgar-l-arginine-1000mg-90-pk/033984001503,
,Solgar Magnesium L-Threonate 60 Capsules,solgar-magnesium-l-threonate-60-capsules,mid-sentence,"hy lifestyle, these 60 vegan-friendly capsules are",not checked (site blocked),https://www.mccormackspharmacy.ie/p/solgar-magnesium-l-threonate-60-capsules/033984015777,
,Solgar Megasorb Vit B-Comp 50'S,solgar-megasorb-vit-b-comp-50-s,mid-sentence,"d overall well-being, this B-complex enhances your",not checked (site blocked),https://www.mccormackspharmacy.ie/p/solgar-megasorb-vit-b-comp-50-s/033984017504,
,Solgar Niacin (B3) 500Mg 100 Caps,solgar-niacin-b3-500mg-100-caps,mid-sentence,"l bodily functions, Solgar's Niacin promotes a bal",not checked (site blocked),https://www.mccormackspharmacy.ie/p/solgar-niacin-b3-500mg-100-caps/033984018518,
,Solgar Potassium 100Tabs,solgar-potassium-100tabs,mid-sentence,end of phytonutrients and advanced antioxidants. I,not checked (site blocked),https://www.mccormackspharmacy.ie/p/solgar-potassium-100tabs/033984022607,
,Solgar Soya Lecithin 1360Mg 100 Softgels,solgar-soya-lecithin-1360mg-100-softgels,mid-sentence, better nutrient absorption and contributing to ca,not checked (site blocked),https://www.mccormackspharmacy.ie/p/solgar-soya-lecithin-1360mg-100-softgels/033984015401,
,Solgar Ultimate B+C Comp 60 Tab,solgar-ultimate-b-c-comp-60-tab,mid-word,ine with Solgar's Ultimate B+C Complex and experie,not checked (site blocked),https://www.mccormackspharmacy.ie/p/solgar-ultimate-b-c-comp-60-tab/033984027718,
,Solgar Vitamin C 1000Mg 100Cap,solgar-vitamin-c-1000mg-100cap,mid-sentence,ium supplement and take a step towards a healthier,not checked (site blocked),https://www.mccormackspharmacy.ie/p/solgar-vitamin-c-1000mg-100cap/033984032804,
,Solgar Vm-Prime Women 90 Tabs,solgar-vm-prime-women-90-tabs,mid-sentence,r active lifestyle and promote optimal wellbeing a,not checked (site blocked),https://www.mccormackspharmacy.ie/p/solgar-vm-prime-women-90-tabs/033984329546,
,Solgar Zinc Picolinate 22Mg 100S,solgar-zinc-picolinate-22mg-100s,mid-sentence,s an excellent choice for those looking to support,not checked (site blocked),https://www.mccormackspharmacy.ie/p/solgar-zinc-picolinate-22mg-100s/033984037250,
,Spatone Iron Plus 14 Sachets,spatone-iron-plus-14-sachets,mid-word,? helps release energy* & reduces tiredness & fati,not checked (site blocked),https://www.mccormackspharmacy.ie/p/spatone-iron-plus-14-sachets/5000488105285,
,Spicebomb Mens 50Ml Edt Spr,spicebomb-mens-50ml-edt-spr,mid-sentence,which develop into a masculine base of Leather and,not checked (site blocked),https://www.mccormackspharmacy.ie/p/spicebomb-mens-50ml-edt-spr/3605521515629,
,Spotlight Oral Care Pregnancy Toothpaste,spotlight-oral-care-pregnancy-toothpaste,mid-sentence,ation actively protects your oral health during th,not checked (site blocked),https://www.mccormackspharmacy.ie/p/spotlight-oral-care-pregnancy-toothpaste/5391531561098,
,Steradent Pro Extr Strength Tablets 30P,steradent-pro-extr-strength-tablets-30p,mid-sentence,ly white. Kills 99. 9% of bacteria Suitable for fu,not checked (site blocked),https://www.mccormackspharmacy.ie/p/steradent-pro-extr-strength-tablets-30p/5011417545652,
,Sunset Fresh Trio,sunset-fresh-trio,mid-word,"-causing bacteria, giving his skin a fresh and cle",not checked (site blocked),https://www.mccormackspharmacy.ie/p/sunset-fresh-trio/8720181651953,
,Svr Biotic Cera Regenerating Filling Balm 50Ml,svr-biotic-cera-regenerating-filling-balm-50ml,mid-sentence, fine lines and moisturizes.Ceramides: restore the,not checked (site blocked),https://www.mccormackspharmacy.ie/p/svr-biotic-cera-regenerating-filling-balm-50ml/3662361001262,
,Svr Biotic Pepti Smoothing Regenerating Matte Gel 50Ml,svr-biotic-pepti-smoothing-regenerating-matte-gel-50ml,mid-sentence,"radicals, firms and relaxes the skin.peptides: the",not checked (site blocked),https://www.mccormackspharmacy.ie/p/svr-biotic-pepti-smoothing-regenerating-matte-gel-50ml/3662361001194,
,Svr Hydraliane Creme Riche 50Ml,svr-hydraliane-creme-riche-50ml,mid-sentence,"e skin.Its non-greasy, rich and silky texture cove",not checked (site blocked),https://www.mccormackspharmacy.ie/p/svr-hydraliane-creme-riche-50ml/3662361003297,
,Svr Physiopure Eau Micellaire Refill 400Ml,svr-physiopure-eau-micellaire-refill-400ml,mid-word,"Pure and fresh, crystal-clear water, for a non-sti",not checked (site blocked),https://www.mccormackspharmacy.ie/p/svr-physiopure-eau-micellaire-refill-400ml/None,
,Svr Sensifine Hydra-Creme 40Ml,svr-sensifine-hydra-creme-40ml,mid-word, no greasy or sticky residue.It comforts hypersens,not checked (site blocked),https://www.mccormackspharmacy.ie/p/svr-sensifine-hydra-creme-40ml/3662361001842,
,Svr Spirial 48H Intense Anti-Perspirant Deodorant Roll-On 50Ml,svr-spirial-48h-intense-anti-perspirant-deodorant-roll-on-50ml,mid-sentence,tion with a prolonged effect against peaks of pers,not checked (site blocked),https://www.mccormackspharmacy.ie/p/svr-spirial-48h-intense-anti-perspirant-deodorant-roll-on-50ml/None,
,Sylliflor Psyllium Husks Cocoa 2510G,sylliflor-psyllium-husks-cocoa-2510g,mid-word,te (it tastes like coco pops) and want to use Syll,not checked (site blocked),https://www.mccormackspharmacy.ie/p/sylliflor-psyllium-husks-cocoa-2510g/5711315110708,
,Symprove 4 Week Supply Original,symprove-4-week-supply-original,mid-word,. A healthy gut plays a vital role in supporting t,not checked (site blocked),https://www.mccormackspharmacy.ie/p/symprove-4-week-supply-original/5060221910057,
,Symprove 4 Week Supply Strawberry & Raspberry,symprove-4-week-supply-strawberry-raspberry,mid-word,. A healthy gut plays a vital role in supporting t,not checked (site blocked),https://www.mccormackspharmacy.ie/p/symprove-4-week-supply-strawberry-raspberry/5060221910200,
,Tena Lady Discreet Mini 20Pk,tena-lady-discreet-mini-20pk,mid-sentence,gentle and dry Silky Soft Surface against the skin,not checked (site blocked),https://www.mccormackspharmacy.ie/p/tena-lady-discreet-mini-20pk/7322540853377,
,Tena Lady Duo Pack,tena-lady-duo-pack,mid-sentence,creet pads have Fresh Odour Control with active mi,not checked (site blocked),https://www.mccormackspharmacy.ie/p/tena-lady-duo-pack/7322540161472,
,Tena Lady Extra 10Pk,tena-lady-extra-10pk,mid-word, draws liquid away from the skin for maximum secur,not checked (site blocked),https://www.mccormackspharmacy.ie/p/tena-lady-extra-10pk/7310790605525,
,Tena Lady Normal,tena-lady-rmal,mid-word,educe the development of odour 3 Dry - High absorp,not checked (site blocked),https://www.mccormackspharmacy.ie/p/tena-lady-rmal/7322540852165,
,Tena Lady Pants Discreet Large 5Pk,tena-lady-pants-discreet-large-5pk,mid-sentence,eaks and protects against odours for incredible di,not checked (site blocked),https://www.mccormackspharmacy.ie/p/tena-lady-pants-discreet-large-5pk/7322540679212,
,Tena Pants Plus (Extra Large),tena-pants-plus-extra-large,mid-sentence,e barriers provide high ConfioFit leakage security,not checked (site blocked),https://www.mccormackspharmacy.ie/p/tena-pants-plus-extra-large/None,
,Tepe G4111 Mini Flossers 36Pk,tepe-g4111-mini-flossers-36pk,mid-word,s and sugar cane and wood fibres keep carbon emiss,not checked (site blocked),https://www.mccormackspharmacy.ie/p/tepe-g4111-mini-flossers-36pk/7317400012537,
,The Belle Bobbin - Original Style 3 Pk,the-belle-bobbin-original-style-3-pk,mid-word,"ating kinks, breakage and damage. The soft and smo",not checked (site blocked),https://www.mccormackspharmacy.ie/p/the-belle-bobbin-original-style-3-pk/5391532760551,
,The Belle Brush Baby Belle,the-belle-brush-baby-belle,mid-word,e hair down from the roots without pulling or tugg,not checked (site blocked),https://www.mccormackspharmacy.ie/p/the-belle-brush-baby-belle/5391532760018,
,The Handmade Soap Company Lemongrass & Cedarwood Pillow Mist 100Ml,the-handmade-soap-company-lemongrass-cedarwood-pillow-mist-100ml,mid-word,htly routine and embrace restorative rest with thi,not checked (site blocked),https://www.mccormackspharmacy.ie/p/the-handmade-soap-company-lemongrass-cedarwood-pillow-mist-100ml/5391520236174,
,Thealoz Duo Gel 0.4G 30Pk,thealoz-duo-gel-0-4g-30pk,mid-word,en. Suitable for moderate to severe dry eye syndro,not checked (site blocked),https://www.mccormackspharmacy.ie/p/thealoz-duo-gel-0-4g-30pk/3662042002847,
,"Thermacare 3Pk Neck, Shoulder, Wrist",thermacare-3pk-neck-shoulder-wrist,mid-word,"d by ThermaCare increases blood flow to tissues, g",not checked (site blocked),https://www.mccormackspharmacy.ie/p/thermacare-3pk-neck-shoulder-wrist/5000309006470,
,Tidy Whiskers,tidy-whiskers,mid-word,ampoo30ml Energise Beard OilMoustache CombScissors,not checked (site blocked),https://www.mccormackspharmacy.ie/p/tidy-whiskers/5021769826903,
,Tubigrip Bandage 0.5M Natural F 1,tubigrip-bandage-0-5m-natural-f-1,mid-sentence,10m lengths. The dimensions used are the flat widt,not checked (site blocked),https://www.mccormackspharmacy.ie/p/tubigrip-bandage-0-5m-natural-f-1/5055158005365,
,Tubigrip Size E,tubigrip-size-e,mid-sentence,10m lengths. The dimensions used are the flat widt,not checked (site blocked),https://www.mccormackspharmacy.ie/p/tubigrip-size-e/5055158005440,
,Tubigrip Tubular Bandage Size G 12Cm X 0.5M,tubigrip-tubular-bandage-size-g-12cm-x-0-5m,mid-sentence,10m lengths. The dimensions used are the flat widt,not checked (site blocked),https://www.mccormackspharmacy.ie/p/tubigrip-tubular-bandage-size-g-12cm-x-0-5m/5055158005488,
,Udo's Choice Adult Blend Mb 30Pk,udo-s-choice-adult-blend-mb-30pk,mid-sentence,"erated for short periods of time, making it a suit",not checked (site blocked),https://www.mccormackspharmacy.ie/p/udo-s-choice-adult-blend-mb-30pk/5060102301851,
,Udo's Choice Childrens Blend Microbiotics 60Pk,udo-s-choice-childrens-blend-microbiotics-60pk,mid-sentence,es into yoghurt or cold drinks. Give your child th,not checked (site blocked),https://www.mccormackspharmacy.ie/p/udo-s-choice-childrens-blend-microbiotics-60pk/5391500070859,
,Udo's Infants Blend Microbiotic 75G,udo-s-infants-blend-microbiotic-75g,mid-sentence,t arrive with a full adult-style immune system. In,not checked (site blocked),https://www.mccormackspharmacy.ie/p/udo-s-infants-blend-microbiotic-75g/5391500070842,
,Udos Super 8 Probiotics 30 Caps,udos-super-8-probiotics-30-caps,mid-word,ated to the appropriate viable count *42 billion v,not checked (site blocked),https://www.mccormackspharmacy.ie/p/udos-super-8-probiotics-30-caps/5391500070804,
,Ultra Pure Glucose Powder,ultra-pure-glucose-powder,mid-word,asily assimilated by the body and well tolerated b,not checked (site blocked),https://www.mccormackspharmacy.ie/p/ultra-pure-glucose-powder/5391510473459,
,Umbro Ice 2 Piece Gift Set,umbro-ice-2-piece-gift-set,mid-word,"h hair and body, great for gym bags or travel Comf",not checked (site blocked),https://www.mccormackspharmacy.ie/p/umbro-ice-2-piece-gift-set/5013692278362,
,Uriage Age Lift Smoothing Eye Care,uriage-age-lift-smoothing-eye-care,mid-sentence, appearance of dark circles and undereye puffiness,not checked (site blocked),https://www.mccormackspharmacy.ie/p/uriage-age-lift-smoothing-eye-care/3661434009211,
,Uriage Bariederm Handcream 50Ml,uriage-bariederm-handcream-50ml,mid-word,"ture to calm any irritation and create a softer, s",not checked (site blocked),https://www.mccormackspharmacy.ie/p/uriage-bariederm-handcream-50ml/3661434004728,
,Uriage Bariederm Isnulating Repairing Cream 75Ml,uriage-bariederm-isnulating-repairing-cream-75ml,mid-sentence,ineral-rich thermal waters sourced from the French,not checked (site blocked),https://www.mccormackspharmacy.ie/p/uriage-bariederm-isnulating-repairing-cream-75ml/3661434000508,
,Uriage Bebe 1St Cleansing Cream 1Ltr,uriage-bebe-1st-cleansing-cream-1ltr,mid-word,"aneous balance, and does not dry the baby's delica",not checked (site blocked),https://www.mccormackspharmacy.ie/p/uriage-bebe-1st-cleansing-cream-1ltr/3661434001215,
,Uriage Bebe 1St Cleansing Cream 200Ml,uriage-bebe-1st-cleansing-cream-200ml,mid-sentence,Non-comedogenic. Recommended and used in maternity,not checked (site blocked),https://www.mccormackspharmacy.ie/p/uriage-bebe-1st-cleansing-cream-200ml/3661434008665,
,Uriage Bebe 1St Cleansing Water 500Ml,uriage-bebe-1st-cleansing-water-500ml,maybe-cut-at-sentence,lm and comforted. Hypoallergenic. Non-comedogenic.,not checked (site blocked),https://www.mccormackspharmacy.ie/p/uriage-bebe-1st-cleansing-water-500ml/3661434008719,
,Uriage Bebe 1St Cradle Cap Care Cream 40Ml,uriage-bebe-1st-cradle-cap-care-cream-40ml,maybe-cut-at-sentence,lm and comforted. Hypoallergenic. Non-comedogenic.,not checked (site blocked),https://www.mccormackspharmacy.ie/p/uriage-bebe-1st-cradle-cap-care-cream-40ml/3661434002502,
,Uriage Cleansing Milk 250Ml,uriage-cleansing-milk-250ml,mid-word,", while nourishing ingredients preserve the skin's",not checked (site blocked),https://www.mccormackspharmacy.ie/p/uriage-cleansing-milk-250ml/3661434009402,
,Uriage D.S. Regulating Anti Dandruff Lotion 100Ml,uriage-d-s-regulating-anti-dandruff-lotion-100ml,maybe-cut-at-sentence,regaining its healthy appearance free of dandruff.,not checked (site blocked),https://www.mccormackspharmacy.ie/p/uriage-d-s-regulating-anti-dandruff-lotion-100ml/3661434002069,
,Uriage Eau Thermale Body Balm 200Ml,uriage-eau-thermale-body-balm-200ml,mid-sentence," complexion is moisturized for up to 24 hours, for",not checked (site blocked),https://www.mccormackspharmacy.ie/p/uriage-eau-thermale-body-balm-200ml/3661434004711,
,Uriage Eau Thermale Light Water Cream 40Ml,uriage-eau-thermale-light-water-cream-40ml,mid-sentence,"in types but ideal for normal to combination skin,",not checked (site blocked),https://www.mccormackspharmacy.ie/p/uriage-eau-thermale-light-water-cream-40ml/3661434005008,
,Uriage Eau Thermale Light Water Cream Spf20 40Ml,uriage-eau-thermale-light-water-cream-spf20-40ml,mid-word,lasting hydration. The lightweight moisturiser eff,not checked (site blocked),https://www.mccormackspharmacy.ie/p/uriage-eau-thermale-light-water-cream-spf20-40ml/3661434005039,
,Uriage Eau Thermale Rich Water Cream 40Ml,uriage-eau-thermale-rich-water-cream-40ml,mid-sentence,lasting hydration. Suitable for all skin types but,not checked (site blocked),https://www.mccormackspharmacy.ie/p/uriage-eau-thermale-rich-water-cream-40ml/3661434004995,
,Uriage Eau Thermale Water Serum 30Ml,uriage-eau-thermale-water-serum-30ml,mid-word,"ll the layers of the skin, which means you can exp",not checked (site blocked),https://www.mccormackspharmacy.ie/p/uriage-eau-thermale-water-serum-30ml/3661434005022,
,Uriage Glow Up Water Essence 100Ml,uriage-glow-up-water-essence-100ml,mid-sentence,ortify your natural barriers to prevent excess moi,not checked (site blocked),https://www.mccormackspharmacy.ie/p/uriage-glow-up-water-essence-100ml/3661434012020,
,Uriage Gyn Phy Refreshing Gel Intimate Hygeine 200Ml,uriage-gyn-phy-refreshing-gel-intimate-hygeine-200ml,mid-word,eliver gentle cleansing action without drying. Int,not checked (site blocked),https://www.mccormackspharmacy.ie/p/uriage-gyn-phy-refreshing-gel-intimate-hygeine-200ml/3661434005268,
,Uriage H.A Booster Serum 30Ml,uriage-h-a-booster-serum-30ml,mid-sentence,"e a velvety texture and enhanced skin quality, per",not checked (site blocked),https://www.mccormackspharmacy.ie/p/uriage-h-a-booster-serum-30ml/3661434009525,
,Uriage Hyseac 3 Regul Global Skincare 40Ml,uriage-hyseac-3-regul-global-skincare-40ml,mid-word,"to form. After use, skin feels purified, mattified",not checked (site blocked),https://www.mccormackspharmacy.ie/p/uriage-hyseac-3-regul-global-skincare-40ml/3661434009648,
,Uriage Hyseac New Skin Serum 40Ml,uriage-hyseac-new-skin-serum-40ml,mid-sentence,which helps to mattify the surface of your skin by,not checked (site blocked),https://www.mccormackspharmacy.ie/p/uriage-hyseac-new-skin-serum-40ml/3661434008290,
,Uriage Roseliane Anti Redness Masque 40Ml,uriage-roseliane-anti-redness-masque-40ml,mid-word,re the cutaneous barrier. Its synergy of TLR2-Regu,not checked (site blocked),https://www.mccormackspharmacy.ie/p/uriage-roseliane-anti-redness-masque-40ml/3661434003424,
,Uriage Roseliane Dermo-Cleansing Fluid 250Ml,uriage-roseliane-demo-cleansing-fluid-250ml,mid-sentence,and pure. Expect a clean complexion with a soft fe,not checked (site blocked),https://www.mccormackspharmacy.ie/p/uriage-roseliane-demo-cleansing-fluid-250ml/3661434003431,
,Uriage Water Cream Compact Spf30 10G,uriage-water-cream-compact-spf30-10g,mid-sentence,mal Water Powder helps to rebuild the skin barrier,not checked (site blocked),https://www.mccormackspharmacy.ie/p/uriage-water-cream-compact-spf30-10g/3661434006555,
,Uriage Xemose Anti Irritation Lipid Replenishing Cream 200Ml,uriage-xemose-anti-irritation-lipid-replenishing-cream-200ml,mid-word,obial barrier to ensure lasting relief. Chronoxine,not checked (site blocked),https://www.mccormackspharmacy.ie/p/uriage-xemose-anti-irritation-lipid-replenishing-cream-200ml/3661434004841,
,Uriage Xemose Lipid Replenishing Anti Irritation Cream 200Ml,uriage-xemose-lipid-replenishing-anti-irritation-cream-200ml,mid-word,obial barrier to ensure lasting relief. Chronoxine,not checked (site blocked),https://www.mccormackspharmacy.ie/p/uriage-xemose-lipid-replenishing-anti-irritation-cream-200ml/3661434004834,
,Uriage Xemose Soothing Eye Contour Care 15Ml,uriage-xemose-soothing-eye-contour-care-15ml,mid-sentence,"hieve this result, Uriage has formulated its treat",not checked (site blocked),https://www.mccormackspharmacy.ie/p/uriage-xemose-soothing-eye-contour-care-15ml/3661434007903,
,Vaseline Aloe Soothe Int Care,vaseline-aloe-soothe-int-care,mid-word,rmula which will give dry skin intense moisturisat,not checked (site blocked),https://www.mccormackspharmacy.ie/p/vaseline-aloe-soothe-int-care/8712561482318,
,Vaseline Lip Therapy 20G Orig,vaseline-lip-therapy-20g-orig,mid-sentence,", glossy shine. Non-sticky, non-greasy lip balm fo",not checked (site blocked),https://www.mccormackspharmacy.ie/p/vaseline-lip-therapy-20g-orig/5099802150117,
,Vaseline Lip Therapy 20G Rosy,vaseline-lip-therapy-20g-rosy,mid-sentence,m the Vaseline Lip Therapy lip tin range: Original,not checked (site blocked),https://www.mccormackspharmacy.ie/p/vaseline-lip-therapy-20g-rosy/50064861,
,Vit.E 400I.U.Mixed Soft Gels400i,vit-e-400i-u-mixed-soft-gels400i,mid-sentence,itamin E has been shown in studies to be 1.3 times,not checked (site blocked),https://www.mccormackspharmacy.ie/p/vit-e-400i-u-mixed-soft-gels400i/033984035409,
,Vitabiotics Pregnacare Max 84Pk,vitabiotics-pregnacare-max-84pk,mid-sentence,status*. Low maternal folate status is a risk fact,not checked (site blocked),https://www.mccormackspharmacy.ie/p/vitabiotics-pregnacare-max-84pk/5021265244843,
,Vitabiotics Pregnacare New Mum 56Pk,vitabiotics-pregnacare-new-mum-56pk,mid-sentence,lation also includes ingredients such as Marine Co,not checked (site blocked),https://www.mccormackspharmacy.ie/p/vitabiotics-pregnacare-new-mum-56pk/5021265244850,
,Vitabiotics Pregnacare Original 30Pk,vitabiotics-pregnacare-original-30pk,mid-sentence,oon as you start trying to conceive and can be use,not checked (site blocked),https://www.mccormackspharmacy.ie/p/vitabiotics-pregnacare-original-30pk/5010058089785,
,Vitabiotics Pregnacare Plus Omega 3 56Pk,vitabiotics-pregnacare-plus-omega-3-56pk,mid-word, a high purity fish oil capsule. They are a rich s,not checked (site blocked),https://www.mccormackspharmacy.ie/p/vitabiotics-pregnacare-plus-omega-3-56pk/5021265221523,
,Vitabiotics Wellteen Her 13-19 Years,vitabiotics-wellteen-her-13-19-years,maybe-cut-at-sentence,nium and zinc contribute to normal hair and nails.,not checked (site blocked),https://www.mccormackspharmacy.ie/p/vitabiotics-wellteen-her-13-19-years/5021265247318,
,Vivio Junior Multi Vit Tonic 250Ml,vivio-junior-multi-vit-tonic-250ml,mid-sentence, children and adults Wide range of vitamins and mi,not checked (site blocked),https://www.mccormackspharmacy.ie/p/vivio-junior-multi-vit-tonic-250ml/5099627377393,
,Voduz Calm It Re-Balancing Scalp Lotion 100Ml,voduz-calm-it-re-balancing-scalp-lotion-100ml,mid-word,"s, and discomfort Ideal for managing scalp oilines",not checked (site blocked),https://www.mccormackspharmacy.ie/p/voduz-calm-it-re-balancing-scalp-lotion-100ml/None,
,Voduz Cleanse It Re-Energising Shampoo 300Ml,voduz-cleanse-it-re-energising-shampoo-300ml,mid-word,ejuvenated. Experience the difference with the&nbs,not checked (site blocked),https://www.mccormackspharmacy.ie/p/voduz-cleanse-it-re-energising-shampoo-300ml/None,
,Voduz R'oil Hydrating Hair Oil,voduz-r-oil-hydrating-hair-oil,mid-sentence, locking moisture into the hair shaft. Protect and,not checked (site blocked),https://www.mccormackspharmacy.ie/p/voduz-r-oil-hydrating-hair-oil/793591864532,
,Voduz Root Reviver Black 75Ml,voduz-root-reviver-black-75ml,mid-sentence," heading to an event or simply need to freshen up,",not checked (site blocked),https://www.mccormackspharmacy.ie/p/voduz-root-reviver-black-75ml/None,
,Voduz Root Reviver Brown 75Ml,voduz-root-reviver-brown-75ml,mid-sentence," heading to an event or simply need to freshen up,",not checked (site blocked),https://www.mccormackspharmacy.ie/p/voduz-root-reviver-brown-75ml/None,
,Voduz Slumber Satin Sleep Set,voduz-slumber-satin-sleep-set,mid-sentence,leep or can be used a stylish accessory. – The Sat,not checked (site blocked),https://www.mccormackspharmacy.ie/p/voduz-slumber-satin-sleep-set/5060806560943,
,Voduz Smooth Start Mini Travel Set,voduz-smooth-start-mini-travel-set,mid-word,"el Set, crafted for those who value style and conv",not checked (site blocked),https://www.mccormackspharmacy.ie/p/voduz-smooth-start-mini-travel-set/5061045650808,
,Voduz Sun Soak After Sun Shampoo 90Ml,voduz-sun-soak-after-sun-shampoo-90ml,mid-sentence,"loral, citrus aroma that is excellent for summer!<",not checked (site blocked),https://www.mccormackspharmacy.ie/p/voduz-sun-soak-after-sun-shampoo-90ml/5060938587207,
,Wartner Wart & Verruca Cryo Freeze Pen,wartner-wart-verruca-cryo-freeze-pen,mid-word,reet and effective way to regain smooth skin. Expe,not checked (site blocked),https://www.mccormackspharmacy.ie/p/wartner-wart-verruca-cryo-freeze-pen/5410765003058,
,Water Wipes 60 Wipes - 12 Pack,water-wipes-60-wipes-12-pack,mid-word,se less wipes per clean! Non irritating to baby sk,not checked (site blocked),https://www.mccormackspharmacy.ie/p/water-wipes-60-wipes-12-pack/None,
,Wild Cherry Blossom Refillable Natural Deodorant,wild-cherry-blossom-refillable-natural-deodorant,mid-sentence,astic waste and allowing you to care for both your,not checked (site blocked),https://www.mccormackspharmacy.ie/p/wild-cherry-blossom-refillable-natural-deodorant/5060968411572,
,Wild Lemon Basil & Blood Orange Refillable Natural Deodorant,wild-lemon-basil-blood-orange-refillable-natural-deodorant,mid-sentence, to a sustainable deodorant that cares for both yo,not checked (site blocked),https://www.mccormackspharmacy.ie/p/wild-lemon-basil-blood-orange-refillable-natural-deodorant/5060968411664,
,Wild Mint & Aloe Vera Refill Mens,wild-mint-aloe-vera-refill-mens,mid-word,"range is vegan-friendly, cruelty-free, dermatologi",not checked (site blocked),https://www.mccormackspharmacy.ie/p/wild-mint-aloe-vera-refill-mens/5065003990692,
,Zenflore Capsules 30Pk,zenflore-capsules-30pk,mid-sentence,"mins, which could reduce fatigue and assist the bo",not checked (site blocked),https://www.mccormackspharmacy.ie/p/zenflore-capsules-30pk/5391528870103,
,Alflorex For Children,alflorex-for-children,mid-word,rring bacteria is part of the family of bacteria g,fuller-on-live,https://www.mccormackspharmacy.ie/p/alflorex-for-children/5391528870363,How To Use; Active Ingredients
,Armani Si Ladies 30Ml Edp,armani-si-ladies-30ml-edp,mid-word,The unique chypre base notes of patchouli oil inte,fuller-on-live,https://www.mccormackspharmacy.ie/p/armani-si-ladies-30ml-edp/3605521816511,
,Armolipid Food Supplement 30Pk,armolipid-food-supplement-30pk,mid-sentence, our multipack options below for the cheapest deal,fuller-on-live,https://www.mccormackspharmacy.ie/p/armolipid-food-supplement-30pk/5391521890481,How To Use; Active Ingredients
,Aroma Works Basil & Lime 10Ml,aroma-works-basil-lime-10ml,mid-sentence,"st Indian Lime, Orange and Petitgrain combine with",fuller-on-live,https://www.mccormackspharmacy.ie/p/aroma-works-basil-lime-10ml/5060283074995,How To Use
,Aveeno 75Ml Relief Hand Cream,aveeno-75ml-relief-hand-cream,mid-sentence,n clinically proven to restore the natural skin ba,fuller-on-live,https://www.mccormackspharmacy.ie/p/aveeno-75ml-relief-hand-cream/3574661286167,How To Use; Active Ingredients
,Avogel Milk Thistle Complex Drops 50Ml,avogel-milk-thistle-complex-drops-50ml,mid-word,t product for detoxification purposes. Before taki,fuller-on-live,https://www.mccormackspharmacy.ie/p/avogel-milk-thistle-complex-drops-50ml/7610313414062,How To Use; Active Ingredients
,Azio Beauty Intense Firming Face Serum,azio-beauty-intense-firming-face-serum,mid-word,"en sensitive skin Free from parabens, palm oil, et",fuller-on-live,https://www.mccormackspharmacy.ie/p/azio-beauty-intense-firming-face-serum/5070000552606,
,Bbold Instant Airbrush Medium 75Ml,bbold-instant-airbrush-medium-75ml,mid-word,r a fresh start. Embrace flawless skin and step ou,fuller-on-live,https://www.mccormackspharmacy.ie/p/bbold-instant-airbrush-medium-75ml/5060298553980,
,Biabelle Hydrating Self Tan - Dark,biabelle-hydrating-self-tan-dark,mid-sentence,ic Acid connects perfectly with the skin’s surface,fuller-on-live,https://www.mccormackspharmacy.ie/p/biabelle-hydrating-self-tan-dark/5391534620921,How To Use
,Biabelle Hydrating Self Tan - Ultra Dark,biabelle-hydrating-self-tan-ultra-dark,mid-sentence,ic Acid connects perfectly with the skin’s surface,fuller-on-live,https://www.mccormackspharmacy.ie/p/biabelle-hydrating-self-tan-ultra-dark/5391534620938,How To Use
,Bio-Oil Dry Skin Gel 100Ml,bio-oil-dry-skin-gel-100ml,mid-sentence," from water however, most of this water evaporates",fuller-on-live,https://www.mccormackspharmacy.ie/p/bio-oil-dry-skin-gel-100ml/6001159120933,How To Use; Active Ingredients
,Bperfect 10 Second Strawberry Dark Lotion,bperfect-10-second-strawberry-dark-lotion,mid-word,rry Tanning Lotion has an instant colour guide mak,fuller-on-live,https://www.mccormackspharmacy.ie/p/bperfect-10-second-strawberry-dark-lotion/793591864471,How To Use
,Bperfect Erin Mcgregor Mini Harmony Shadow Palette Travel,bperfect-erin-mcgregor-mini-harmony-shadow-palette-travel,mid-word," warm and flushed pink mattes, complimented with l",fuller-on-live,https://www.mccormackspharmacy.ie/p/bperfect-erin-mcgregor-mini-harmony-shadow-palette-travel/5061045652420,
,Bperfect Indestructi'brow Charcoal,bperfect-indestructi-brow-charcoal,mid-sentence,wn – Best suited for warm blonde & dark brown hair,fuller-on-live,https://www.mccormackspharmacy.ie/p/bperfect-indestructi-brow-charcoal/793618273675,How To Use; Active Ingredients
,Bperfect Indestructi'brow Dark Brown Pomade,bperfect-indestructi-brow-dark-brown-pomade,mid-sentence,wn – Best suited for warm blonde & dark brown hair,fuller-on-live,https://www.mccormackspharmacy.ie/p/bperfect-indestructi-brow-dark-brown-pomade/793618273668,How To Use; Active Ingredients
,Bperfect Mini Empress Base & Body Brush,bperfect-mini-empress-base-body-brush,mid-word,"aterials make it both durable and effective, provi",fuller-on-live,https://www.mccormackspharmacy.ie/p/bperfect-mini-empress-base-body-brush/5060938584664,
,Bperfect Mrs Glam Sunset Glow Disco Diva Cream Blush,bperfect-mrs-glam-sunset-glow-disco-diva-cream-blush,mid-sentence,ailable in 4 stunning shades!Perfectly paired with,fuller-on-live,https://www.mccormackspharmacy.ie/p/bperfect-mrs-glam-sunset-glow-disco-diva-cream-blush/5061045650907,
,Bperfect Mrs Glam Sunset Glow Peach Melba Cream Blush,bperfect-mrs-glam-sunset-glow-peach-melba-cream-blush,mid-sentence,ailable in 4 stunning shades!Perfectly paired with,fuller-on-live,https://www.mccormackspharmacy.ie/p/bperfect-mrs-glam-sunset-glow-peach-melba-cream-blush/5061045650891,
,Bperfect Mrs Glam Sunset Glow Rosemantic Cream Blush,bperfect-mrs-glam-sunset-glow-rosemantic-cream-blush,mid-sentence,ailable in 4 stunning shades!Perfectly paired with,fuller-on-live,https://www.mccormackspharmacy.ie/p/bperfect-mrs-glam-sunset-glow-rosemantic-cream-blush/5061045650914,
,Bperfect Skin Studio Reset & Recharge Cleansing Balm 90G,bperfect-skin-studio-reset-recharge-cleansing-balm-90g,mid-word,ce a renewed sense of clarity and balance while pr,fuller-on-live,https://www.mccormackspharmacy.ie/p/bperfect-skin-studio-reset-recharge-cleansing-balm-90g/5061007282474,
,Celtic Can Mini Box Gs Lime/Basil,celtic-can-mini-box-gs-lime-basil,mid-sentence,"etrochemicals, sulphates or toxins. Ignite your se",fuller-on-live,https://www.mccormackspharmacy.ie/p/celtic-can-mini-box-gs-lime-basil/5038871040196,
,Cleanmarine Krill Oil Capsules 60Pk,cleanmarine-krill-oil-capsules-60pk,mid-sentence, easily and effectively absorbed by the body. This,fuller-on-live,https://www.mccormackspharmacy.ie/p/cleanmarine-krill-oil-capsules-60pk/5391500071337,How To Use; Active Ingredients
,Cleanse Off Mitt Pink,cleanse-off-mitt-pink,mid-sentence," When you add water to the microfibre material, it",fuller-on-live,https://www.mccormackspharmacy.ie/p/cleanse-off-mitt-pink/630941002001,
,Cleanse Washbag,cleanse-washbag,mid-sentence,hat nourishes the skin continuously throughout the,fuller-on-live,https://www.mccormackspharmacy.ie/p/cleanse-washbag/8720181655166,
,Cydonia Lively Tigers Ointment 30Ml,cydonia-lively-tigers-ointment-30ml,mid-sentence, support the skins own natural barriers. This rich,fuller-on-live,https://www.mccormackspharmacy.ie/p/cydonia-lively-tigers-ointment-30ml/3870112000307,
,Cydonia Soothing Arnica Ultra Gel 100Ml,cydonia-soothing-arnica-ultra-gel-100ml,mid-sentence,d areas of the body for centuries and is well know,fuller-on-live,https://www.mccormackspharmacy.ie/p/cydonia-soothing-arnica-ultra-gel-100ml/3870112001151,
,Declaré Oceans Best Hyaluron Triple Booster 50Ml,declar-oceans-best-hyaluron-triple-booster-50ml,mid-sentence,"d seaweed extracts support cell activity, and work",fuller-on-live,https://www.mccormackspharmacy.ie/p/declar-oceans-best-hyaluron-triple-booster-50ml/9007867007655,How To Use; Active Ingredients
,Declaré Soft Cleansing Anti-Pollution Cleansing Balm 150Ml,declar-soft-cleansing-anti-pollution-cleansing-balm-150ml,mid-word,changes into a smooth flowing oil* that cleanses e,fuller-on-live,https://www.mccormackspharmacy.ie/p/declar-soft-cleansing-anti-pollution-cleansing-balm-150ml/9007867007754,How To Use; Active Ingredients
,Declaré Stress Balance Couperose Solution 50Ml,declar-stress-balance-couperose-solution-50ml,mid-sentence,"ll cared-for skin and a smooth, relaxed complexion",fuller-on-live,https://www.mccormackspharmacy.ie/p/declar-stress-balance-couperose-solution-50ml/9007867007846,How To Use; Active Ingredients
,Dove Men + Care Bodywash Sport,dove-men-care-bodywash-sport,mid-sentence,ace. Designed for men's skin for after sports skin,fuller-on-live,https://www.mccormackspharmacy.ie/p/dove-men-care-bodywash-sport/8710522394830,How To Use; Active Ingredients
,Durex Pleasure Me 12Pk,durex-pleasure-me-12pk,mid-sentence,"stimulation Transparent, lubricated and teat ended",fuller-on-live,https://www.mccormackspharmacy.ie/p/durex-pleasure-me-12pk/5052197045390,How To Use
,Durex Thin Feel 3Pk,durex-thin-feel-3pk,mid-sentence,at ended for comfort & fit Transparent & lubricate,fuller-on-live,https://www.mccormackspharmacy.ie/p/durex-thin-feel-3pk/5010232967649,How To Use
,Elave Oil Free Moisturiser 50Ml,elave-oil-free-moisturiser-50ml,mid-sentence,with a matte finish designed to leave the skin reb,fuller-on-live,https://www.mccormackspharmacy.ie/p/elave-oil-free-moisturiser-50ml/5098928124613,
,Emergen-C Super Orange 8Pk,emergen-c-super-orange-8pk,mid-word,amin B12 and B6 contributing to a reduction of tir,fuller-on-live,https://www.mccormackspharmacy.ie/p/emergen-c-super-orange-8pk/5000309007620,How To Use; Active Ingredients
,Eskimo Brainsharp 120 Caps,eskimo-brainsharp-120-caps,mid-word,emely important for normal function of brain and e,fuller-on-live,https://www.mccormackspharmacy.ie/p/eskimo-brainsharp-120-caps/7391325633336,How To Use
,Eucerin Bath & Shower Oil,eucerin-bath-shower-oil,mid-sentence, the body calm and comfortable. Easily-absorbed an,fuller-on-live,https://www.mccormackspharmacy.ie/p/eucerin-bath-shower-oil/4005808858729,
,First Response Preg Test Single,first-response-preg-test-single,mid-sentence,prenatal care is important to healthy birth weight,fuller-on-live,https://www.mccormackspharmacy.ie/p/first-response-preg-test-single/5010724506370,How To Use
,Fixodent Denture Cream 47G Original,fixodent-denture-cream-47g-original,mid-word,"ntures, Fixodent Complete will fill you with confi",fuller-on-live,https://www.mccormackspharmacy.ie/p/fixodent-denture-cream-47g-original/5000174305449,How To Use
,Garnier Nutrisse 6 Light Brown Permanent Hair Dye,garnier-nutrisse-6-light-brown-permanent-hair-dye,mid-sentence,"ive oil, cranberry oil, and shea oil, which nouris",fuller-on-live,https://www.mccormackspharmacy.ie/p/garnier-nutrisse-6-light-brown-permanent-hair-dye/5021044025168,
,Garnier Olia 5.0 Brown No Ammonia Permanent Hair Dye,garnier-olia-5-0-brown-no-ammonia-permanent-hair-dye,mid-sentence,"color performance for rich, vibrant, and long-last",fuller-on-live,https://www.mccormackspharmacy.ie/p/garnier-olia-5-0-brown-no-ammonia-permanent-hair-dye/3600541233621,
,Garnier Olia 6.60 Intense Red No Ammonia Permanent Hair Dye,garnier-olia-6-60-intense-red-no-ammonia-permanent-hair-dye,mid-word," performance for opulent, vibrant, and long-lastin",fuller-on-live,https://www.mccormackspharmacy.ie/p/garnier-olia-6-60-intense-red-no-ammonia-permanent-hair-dye/3600541233928,
,Garnier Ultimate Blends Nourishing Hair Food Banana & Coconut Conditioner,garnier-ultimate-blends-nourishing-hair-food-banana-coconut-conditioner,mid-sentence,"a more natural feel. This 98% natural, vegan blend",fuller-on-live,https://www.mccormackspharmacy.ie/p/garnier-ultimate-blends-nourishing-hair-food-banana-coconut-conditioner/3600542342896,
,Gillette Fusion Blades 4Pk,gillette-fusion-blades-4pk,mid-sentence,4 Fusion5 razor blades. Antifriction blades for up,fuller-on-live,https://www.mccormackspharmacy.ie/p/gillette-fusion-blades-4pk/7702018851294,
,Gillette Fusion Power 4Pk Blades,gillette-fusion-power-4pk-blades,mid-word,ison trimmer for hard to reach areas such as sideb,fuller-on-live,https://www.mccormackspharmacy.ie/p/gillette-fusion-power-4pk-blades/7702018852475,
,Iglow Chilli Lips Lip Plumper Cool Fuchsia,iglow-chilli-lips-lip-plumper-cool-fuchsia,mid-sentence,hot pink colour. The gloss is semi translucent and,fuller-on-live,https://www.mccormackspharmacy.ie/p/iglow-chilli-lips-lip-plumper-cool-fuchsia/7073186000068,
,Iglow Chilli Lips Lip Plumper Peach,iglow-chilli-lips-lip-plumper-peach,mid-word,ink colour. The gloss is semi translucent and blen,fuller-on-live,https://www.mccormackspharmacy.ie/p/iglow-chilli-lips-lip-plumper-peach/7073186000105,
,Invictus 2 Piece 100Ml Giftset,invictus-2-piece-100ml-giftset,mid-sentence,This set contains; 100ml Eau De Toilette 100ml Sho,fuller-on-live,https://www.mccormackspharmacy.ie/p/invictus-2-piece-100ml-giftset/3349668576890,
,Isoclean Makeup Brush Cleaner,isoclean-makeup-brush-cleaner,mid-sentence,n essential. This brush cleanser is quick and easy,fuller-on-live,https://www.mccormackspharmacy.ie/p/isoclean-makeup-brush-cleaner/9504139565184,How To Use
,Jan De Vires Concentration Essence,jan-de-vires-concentration-essence,mid-sentence,"or poor concentration, lack of confidence, feeling",fuller-on-live,https://www.mccormackspharmacy.ie/p/jan-de-vires-concentration-essence/7610313807529,How To Use; Active Ingredients
,Jimmy Choo I Want Choo Forever 60Ml 2Pc Gift Set,jimmy-choo-i-want-choo-forever-60ml-2pc-gift-set,mid-word,eaves a mysterious trail that endures all night. E,fuller-on-live,https://www.mccormackspharmacy.ie/p/jimmy-choo-i-want-choo-forever-60ml-2pc-gift-set/3386406013415,
,Juvaré Com-Plex Bond Leave-In Conditioner 120Ml,juvar-com-plex-bond-leave-in-conditioner-120ml,mid-sentence,"care routine, delivering professional-level result",fuller-on-live,https://www.mccormackspharmacy.ie/p/juvar-com-plex-bond-leave-in-conditioner-120ml/0698596599192,
,Juvaré Com-Plex Bond Oil 75Ml,juvar-com-plex-bond-oil-75ml,mid-sentence,"hair care routine with this non-greasy formula, de",fuller-on-live,https://www.mccormackspharmacy.ie/p/juvar-com-plex-bond-oil-75ml/0698596599215,
,Kin Gingival Mouthwash 250Ml,kin-gingival-mouthwash-250ml,mid-sentence,after dental procedures to help promote healing an,fuller-on-live,https://www.mccormackspharmacy.ie/p/kin-gingival-mouthwash-250ml/8436026210826,How To Use; Active Ingredients
,King Hair & Beauty Mircale Root Touch Up (Medium Brown),king-hair-beauty-mircale-root-touch-up-medium-brown,mid-sentence,ation while being gentle on your hair and scalp. I,fuller-on-live,https://www.mccormackspharmacy.ie/p/king-hair-beauty-mircale-root-touch-up-medium-brown/0745178915922,
,Kyolic Garlic 1000Mg Tabs Quest 30Pk,kyolic-garlic-1000mg-tabs-quest-30pk,mid-sentence,ged garlic also has antioxidant actions to enhance,fuller-on-live,https://www.mccormackspharmacy.ie/p/kyolic-garlic-1000mg-tabs-quest-30pk/5022339261018,How To Use; Active Ingredients
,"L'oreal Paris Casting Creme Gloss Semi-Permanent Hair Dye, Dark Brown 400",l-oreal-paris-casting-creme-gloss-semi-permanent-hair-dye-dark-brown-400,mid-sentence,"r with noticeable shimmering tones, and the nouris",fuller-on-live,https://www.mccormackspharmacy.ie/p/l-oreal-paris-casting-creme-gloss-semi-permanent-hair-dye-dark-brown-400/3600520987712,
,"L'oreal Paris Casting Creme Gloss Semi-Permanent Hair Dye, Dark Chocolate 323",l-oreal-paris-casting-creme-gloss-semi-permanent-hair-dye-dark-chocolate-323,mid-sentence,"r with noticeable shimmering tones, and the nouris",fuller-on-live,https://www.mccormackspharmacy.ie/p/l-oreal-paris-casting-creme-gloss-semi-permanent-hair-dye-dark-chocolate-323/3600521366035,
,"L'oreal Paris Casting Creme Gloss Semi-Permanent Hair Dye, Darkest Brown 300",l-oreal-paris-casting-creme-gloss-semi-permanent-hair-dye-darkest-brown-300,mid-sentence,"r with noticeable shimmering tones, and the nouris",fuller-on-live,https://www.mccormackspharmacy.ie/p/l-oreal-paris-casting-creme-gloss-semi-permanent-hair-dye-darkest-brown-300/3600520987699,
,"L'oreal Paris Casting Creme Gloss Semi-Permanent Hair Dye, Light Brown 600",l-oreal-paris-casting-creme-gloss-semi-permanent-hair-dye-light-brown-600,mid-sentence,"r with noticeable shimmering tones, and the nouris",fuller-on-live,https://www.mccormackspharmacy.ie/p/l-oreal-paris-casting-creme-gloss-semi-permanent-hair-dye-light-brown-600/3600520987804,
,"L'oreal Paris Casting Creme Gloss Semi-Permanent Hair Dye, Medium Brown 500",l-oreal-paris-casting-creme-gloss-semi-permanent-hair-dye-medium-brown-500,mid-sentence,"r with noticeable shimmering tones, and the nouris",fuller-on-live,https://www.mccormackspharmacy.ie/p/l-oreal-paris-casting-creme-gloss-semi-permanent-hair-dye-medium-brown-500/3600520987743,
,Lacabine Collagen Boost Amp 2Ml,lacabine-collagen-boost-amp-2ml,mid-sentence,"of collagen fibers, increasing the density and fir",fuller-on-live,https://www.mccormackspharmacy.ie/p/lacabine-collagen-boost-amp-2ml/8435534405830,How To Use
,Lansinoh Ultra Thin Nursing Pads 24Pk,lansih-ultra-thin-nursing-pads-24pk,mid-sentence,ce Super absorbent polymer wicks moisture away fro,fuller-on-live,https://www.mccormackspharmacy.ie/p/lansih-ultra-thin-nursing-pads-24pk/5060062991420,How To Use
,Lecithin Granules 500G,lecithin-granules-500g,mid-sentence,"eople (particularly those on a low fat, low choles",fuller-on-live,https://www.mccormackspharmacy.ie/p/lecithin-granules-500g/5029354000011,How To Use; Active Ingredients
,Lens Plus Ocupure Saline 120Ml,lens-plus-ocupure-saline-120ml,mid-sentence,re the contact lenses remain clear and crisp for a,fuller-on-live,https://www.mccormackspharmacy.ie/p/lens-plus-ocupure-saline-120ml/5050474103818,
,Luna By Lisa Hydrate Masque,luna-by-lisa-hydrate-masque,mid-word,ulated to hydrate and replenish hair while improvi,fuller-on-live,https://www.mccormackspharmacy.ie/p/luna-by-lisa-hydrate-masque/5391532528403,
,Luna By Lisa Volume Conditioner,luna-by-lisa-volume-conditioner,mid-sentence,". For optimal outcomes, pair this product with our",fuller-on-live,https://www.mccormackspharmacy.ie/p/luna-by-lisa-volume-conditioner/5391532528373,
,Lynx Body Spray 150Ml Africa,lynx-body-spray-150ml-africa,mid-word,"Amber, Musk and Spice. Since then, the Lynx Instit",fuller-on-live,https://www.mccormackspharmacy.ie/p/lynx-body-spray-150ml-africa/8717644012208,How To Use; Active Ingredients
,L’Oréal Paris Elvive Bond Repair Leave-In Serum 150Ml,l-or-al-paris-elvive-bond-repair-leave-in-serum-150ml,mid-word,"on, which may be used on wet or dry hair, also hel",fuller-on-live,https://www.mccormackspharmacy.ie/p/l-or-al-paris-elvive-bond-repair-leave-in-serum-150ml/3600524075583,How To Use
,Macushield Caps 30Pk,macushield-caps-30pk,mid-word,Recommended Supplement by Eye Experts One a Day Su,fuller-on-live,https://www.mccormackspharmacy.ie/p/macushield-caps-30pk/5036631001494,How To Use; Active Ingredients
,Macushield Gold 30Pk,macushield-gold-30pk,mid-sentence,age. Zinc contributes to the maintenance of normal,fuller-on-live,https://www.mccormackspharmacy.ie/p/macushield-gold-30pk/5036631001524,How To Use; Active Ingredients
,Mam Easy Start Anti Colic 2+Months Blue,mam-easy-start-anti-colic-2-months-blue,mid-word,months bottle has a size teat. 3 easily accepted b,fuller-on-live,https://www.mccormackspharmacy.ie/p/mam-easy-start-anti-colic-2-months-blue/9001616908255,
,Mam Learn To Drink Cup 6+Months Pink,mam-learn-to-drink-cup-6-months-pink,mid-word, MAM 6+M Soother for your little one to enjoy.&nbs,fuller-on-live,https://www.mccormackspharmacy.ie/p/mam-learn-to-drink-cup-6-months-pink/9001616698392,
,Medi Sport Zinc Oxidetape 1.5X14,medi-sport-zinc-oxidetape-1-5x14,mid-sentence,the area you are taping. They are commonly used by,fuller-on-live,https://www.mccormackspharmacy.ie/p/medi-sport-zinc-oxidetape-1-5x14/5099390409154,How To Use
,Medi Spray Plaster 32.5Ml,medi-spray-plaster-32-5ml-can509,mid-word,"to protect the wound from water, dirt and germs, r",fuller-on-live,https://www.mccormackspharmacy.ie/p/medi-spray-plaster-32-5ml-can509/5099390403954,
,Medicare 7 Day Pillbox,medicare-7-day-pillbox,mid-word,ering for each compartment clearly labeled for eac,fuller-on-live,https://www.mccormackspharmacy.ie/p/medicare-7-day-pillbox/5099390404777,
,Medicare Blister Plasters Assort 6Pk,medicare-blister-plasters-assort-6pk,mid-sentence,duct Features: • Heals already formed blisters • A,fuller-on-live,https://www.mccormackspharmacy.ie/p/medicare-blister-plasters-assort-6pk/5099390410525,
,Medicare Fabric Strip 1M X 6M,medicare-fabric-strip-1m-x-6m,mid-word,"reach the wound. Hypoallergenic, non woven and mul",fuller-on-live,https://www.mccormackspharmacy.ie/p/medicare-fabric-strip-1m-x-6m/5099390100402,
,Medicare Size B 1M Tubular Supp Bandage,medicare-size-b-1m-tubular-supp-bandage,mid-sentence,10m lengths. The dimensions used are the flat widt,fuller-on-live,https://www.mccormackspharmacy.ie/p/medicare-size-b-1m-tubular-supp-bandage/5099390403091,How To Use
,Medicare Size C 1M Tubular Supp Bandage,medicare-size-c-1m-tubular-supp-bandage,mid-sentence,10m lengths. The dimensions used are the flat widt,fuller-on-live,https://www.mccormackspharmacy.ie/p/medicare-size-c-1m-tubular-supp-bandage/5099390403107,How To Use
,Medicare Size D 1M Tubular Supp Bandage,medicare-size-d-1m-tubular-supp-bandage,mid-sentence,10m lengths. The dimensions used are the flat widt,fuller-on-live,https://www.mccormackspharmacy.ie/p/medicare-size-d-1m-tubular-supp-bandage/5099390403114,How To Use
,Medicare Tough Cut Shears,medicare-tough-cut-shears,mid-sentence,ip handle • Perfect performance tool for long last,fuller-on-live,https://www.mccormackspharmacy.ie/p/medicare-tough-cut-shears/5099390800005,
,Medicare Transparent Plasters 30Pk Assorted,medicare-transparent-plasters-30pk-assorted,mid-sentence,fferent size plasters: - (8) Plaster – 25 x 76mm -,fuller-on-live,https://www.mccormackspharmacy.ie/p/medicare-transparent-plasters-30pk-assorted/5099390405781,
,Medisilk Silk Tape 1.25X5m,medisilk-silk-tape-1-25x5m,mid-word,"cro-perforated • For securing bulky dressings, hea",fuller-on-live,https://www.mccormackspharmacy.ie/p/medisilk-silk-tape-1-25x5m/5099390200409,
,Medporex Surgical Adhesive Dress 6 X 7Cm 50Pk,medporex-surgical-adhesive-dress-6-x-7cm-50pk,mid-sentence,dressing changes. MedPorex Adhesive Surgical Dress,fuller-on-live,https://www.mccormackspharmacy.ie/p/medporex-surgical-adhesive-dress-6-x-7cm-50pk/5099390403541,
,Menoelle Plus Tablets 30Pk,menoelle-plus-tablets-30pk,mid-word,"and Angelica gigas, complemented by high-quality s",fuller-on-live,https://www.mccormackspharmacy.ie/p/menoelle-plus-tablets-30pk/5391132000156,
,Mycosan Athletes Foot Gel,mycosan-athletes-foot-gel,mid-word,"kin, balancing the skin’s natural pH. This helps t",fuller-on-live,https://www.mccormackspharmacy.ie/p/mycosan-athletes-foot-gel/8718309701253,How To Use
,Natures Aid Ginger Tumeric 3In1 60 Tablets,natures-aid-ginger-tumeric-3in1-60-tablets,mid-word,d preparation. This aromatic spice has been extens,fuller-on-live,https://www.mccormackspharmacy.ie/p/natures-aid-ginger-tumeric-3in1-60-tablets/5023652302068,Active Ingredients
,Nivea Black & White Invisible Deo Twin Pack,nivea-black-white-invisible-deo-twin-pack,mid-word,as been specifically designed to dry quickly. Othe,fuller-on-live,https://www.mccormackspharmacy.ie/p/nivea-black-white-invisible-deo-twin-pack/5011076802042,
,Nivea Men Shave Foam 200Ml Sensitive,nivea-men-shave-foam-200ml-sensitive,mid-sentence,"itive Shaving Foam softens stubble before shaving,",fuller-on-live,https://www.mccormackspharmacy.ie/p/nivea-men-shave-foam-200ml-sensitive/4005808222698,How To Use; Active Ingredients
,Ogam Lemongrass 10Ml,ogam-lemongrass-10ml,mid-sentence,r with this oil as it frequently used to encourage,fuller-on-live,https://www.mccormackspharmacy.ie/p/ogam-lemongrass-10ml/5390600001152,How To Use
,Ogam Tea Tree 10Ml,ogam-tea-tree-10ml,mid-sentence,"as an A-Z of uses, but to name a few- it can be us",fuller-on-live,https://www.mccormackspharmacy.ie/p/ogam-tea-tree-10ml/5390600001268,How To Use; Active Ingredients
,One Mutrition S3-Max 30Ml Spray,one-mutrition-s3-max-30ml-spray,mid-word,amin D3 is made by the skin from a natural reactio,fuller-on-live,https://www.mccormackspharmacy.ie/p/one-mutrition-s3-max-30ml-spray/5391500076967,How To Use; Active Ingredients
,Orthokin Toothpaste Strawberry Mint Flavour 75Ml,orthokin-toothpaste-strawberry-mint-flavour-75ml,mid-word,ng ingredients to help reduce any inflammation cau,fuller-on-live,https://www.mccormackspharmacy.ie/p/orthokin-toothpaste-strawberry-mint-flavour-75ml/8470001508249,
,Ov Cotton Gloves Medium,ov-cotton-gloves-medium,mid-word,Wearing these dermal gloves over creams can preven,fuller-on-live,https://www.mccormackspharmacy.ie/p/ov-cotton-gloves-medium/5098928122688,
,Perfect Prep Baby Machine,perfect-prep-baby-machine,mid-sentence, Perfect Prep Machine works with most Baby Bottles,fuller-on-live,https://www.mccormackspharmacy.ie/p/perfect-prep-baby-machine/5010415237088,How To Use
,Pestle & Mortar Essentials Hand Wash 300Ml,pestle-mortar-essentials-hand-wash-300ml,mid-word,", the Essentials Hand Wash cleanses and softens sk",fuller-on-live,https://www.mccormackspharmacy.ie/p/pestle-mortar-essentials-hand-wash-300ml/855238006771,How To Use
,Pestle & Mortar Exfoliate Toner 180Ml,pestle-mortar-exfoliate-toner-180ml,mid-word,es. WHAT IS IT? A gentle glycolic acid solution bl,fuller-on-live,https://www.mccormackspharmacy.ie/p/pestle-mortar-exfoliate-toner-180ml/855717008180,How To Use
,Pestle & Mortar Hydrate Moisturiser 50Ml,pestle-mortar-hydrate-moisturiser-50ml,mid-sentence,"er, making sure your cream stays active with every",fuller-on-live,https://www.mccormackspharmacy.ie/p/pestle-mortar-hydrate-moisturiser-50ml/855238006009,How To Use; Active Ingredients
,Physiologix Ultimate Shoulder Support - Large To Extra Large,physiologix-ultimate-shoulder-support-large-to-extra-large,mid-word,lity support and compression • Provides maximum pr,fuller-on-live,https://www.mccormackspharmacy.ie/p/physiologix-ultimate-shoulder-support-large-to-extra-large/5099390415537,
,Physiologix Ultimate Shoulder Support - Small To Medium,physiologix-ultimate-shoulder-support-small-to-medium,mid-word,lity support and compression • Provides maximum pr,fuller-on-live,https://www.mccormackspharmacy.ie/p/physiologix-ultimate-shoulder-support-small-to-medium/5099390415544,
,Quest Super Once A Day Multi Tabs 60,quest-super-once-a-day-multi-tabs-60,mid-sentence, dietary intake where needed. The minerals are che,fuller-on-live,https://www.mccormackspharmacy.ie/p/quest-super-once-a-day-multi-tabs-60/50764204,How To Use; Active Ingredients
,Quest Synergistic Zinc Tabs 30Pk,quest-synergistic-zinc-tabs-30pk,mid-word,er also work together to combat oxidative damage t,fuller-on-live,https://www.mccormackspharmacy.ie/p/quest-synergistic-zinc-tabs-30pk/50764273,How To Use; Active Ingredients
,Quest Zinc Citrate 30Mg Tabs 60Pk,quest-zinc-citrate-30mg-tabs-60pk,mid-word,conditions. Zinc contributes towards protein synth,fuller-on-live,https://www.mccormackspharmacy.ie/p/quest-zinc-citrate-30mg-tabs-60pk/5022339944010,How To Use; Active Ingredients
,Radox Bath 500Ml Muscle Soak,radox-bath-500ml-muscle-soak,mid-word,h hot water to cleanse and revive you in a restora,fuller-on-live,https://www.mccormackspharmacy.ie/p/radox-bath-500ml-muscle-soak/5000231050831,How To Use; Active Ingredients
,Revive Active Calm Capsules 60Pk,revive-active-calm-capsules-60pk,mid-word,"ervous system, making Calm an optimal choice for t",fuller-on-live,https://www.mccormackspharmacy.ie/p/revive-active-calm-capsules-60pk/5391546180239,
,Revive Active Collagen Complex 3 Month Supply 90 Sachets,revive-active-collagen-complex-3-month-supply-90-sachets,mid-word," healthy skin and vibrant hair, all while nurturin",fuller-on-live,https://www.mccormackspharmacy.ie/p/revive-active-collagen-complex-3-month-supply-90-sachets/05391546180406,
,Revive Active Collagen Complex 30Pk,revive-active-collagen-complex-30pk,mid-sentence,"kin and vibrant hair with every dose, ensuring you",fuller-on-live,https://www.mccormackspharmacy.ie/p/revive-active-collagen-complex-30pk/5391546180406,
,Revive Active Original 30Pk,revive-active-original-30pk,mid-sentence,"r a comprehensive supplement. Taken once a day, it",fuller-on-live,https://www.mccormackspharmacy.ie/p/revive-active-original-30pk/5391517512175,How To Use; Active Ingredients
,Revive Active Sleep Capsules 60Pk,revive-active-sleep-capsules-60pk,mid-sentence,rch-backed blend that helps ensure you wake up ref,fuller-on-live,https://www.mccormackspharmacy.ie/p/revive-active-sleep-capsules-60pk/5391546180215,
,Revive Active Zest Active Ages 20-35 30Pk,revive-active-zest-active-ages-20-35-30pk,mid-sentence,nt. 25 active ingredients Energy Immune System Bra,fuller-on-live,https://www.mccormackspharmacy.ie/p/revive-active-zest-active-ages-20-35-30pk/793618039950,How To Use; Active Ingredients
,Sculpted Complete Cover Up 2.0 Fair,sculpted-complete-cover-up-2-0-fair,mid-sentence,is slightly darker than Porcelain but still a very,fuller-on-live,https://www.mccormackspharmacy.ie/p/sculpted-complete-cover-up-2-0-fair/794712143246,
,Sculpted Complete Cover Up 2.5 Fair Plus,sculpted-complete-cover-up-2-5-fair-plus,maybe-cut-at-sentence, a warmer shade to Fair which you'll see in color.,fuller-on-live,https://www.mccormackspharmacy.ie/p/sculpted-complete-cover-up-2-5-fair-plus/794712143277,
,Sculpted Complete Cover Up 3.0 Llight,sculpted-complete-cover-up-3-0-llight,mid-sentence,an too dark or likes to have a daily bit of colour,fuller-on-live,https://www.mccormackspharmacy.ie/p/sculpted-complete-cover-up-3-0-llight/794712143307,
,Sculpted Complete Cover Up 3.5 Light Plus,sculpted-complete-cover-up-3-5-light-plus,mid-word,s a classic neutral toned shade meaning it’s neith,fuller-on-live,https://www.mccormackspharmacy.ie/p/sculpted-complete-cover-up-3-5-light-plus/794712143338,
,Sculpted Complete Cover Up 4.5 Medium Plus,sculpted-complete-cover-up-4-5-medium-plus,mid-sentence,assic tan shade but it's also a warmer more golden,fuller-on-live,https://www.mccormackspharmacy.ie/p/sculpted-complete-cover-up-4-5-medium-plus/794712143390,
,Sensodyne Pronamel Tp Mint 75Ml,sensodyne-pronamel-tp-mint-75ml,mid-sentence,ique flavour Protects against cavities Keeps teeth,fuller-on-live,https://www.mccormackspharmacy.ie/p/sensodyne-pronamel-tp-mint-75ml/5000347022999,How To Use
,Sensodyne Pronamel Tp Whitening 75Ml,sensodyne-pronamel-tp-whitening-75ml,mid-word,yne Pronamel Gentle Whitening Toothpaste is specia,fuller-on-live,https://www.mccormackspharmacy.ie/p/sensodyne-pronamel-tp-whitening-75ml/5000347034091,How To Use; Active Ingredients
,Seoulista Beauty Wonderberry Skin Defence Instant Facial,seoulista-beauty-wonderberry-skin-defence-instant-facial,mid-word,"pollution, ensuring a revitalised and healthy comp",fuller-on-live,https://www.mccormackspharmacy.ie/p/seoulista-beauty-wonderberry-skin-defence-instant-facial/5060524850357,
,Seven Seas Cod Live Oil One A Day 60Pk,seven-seas-cod-live-oil-one-a-day-60pk,mid-word,-day capsule ensures you receive an optimal dose w,fuller-on-live,https://www.mccormackspharmacy.ie/p/seven-seas-cod-live-oil-one-a-day-60pk/045879002304,
,Seven Seas Pure Cod Liver Oil One A Day 30Pk,seven-seas-pure-cod-liver-oil-one-a-day-30pk,mid-word,as for high-quality ingredients that are focused o,fuller-on-live,https://www.mccormackspharmacy.ie/p/seven-seas-pure-cod-liver-oil-one-a-day-30pk/045879001307,
,Simple Gentle Conditioner 200Ml,simple-gentle-conditioner-200ml,mid-sentence,"thy, soft hair our Gentle Conditioner is a perfect",fuller-on-live,https://www.mccormackspharmacy.ie/p/simple-gentle-conditioner-200ml/5011451102965,How To Use; Active Ingredients
,Solgar Boitin 5000Ug 50Caps,solgar-boitin-5000ug-50caps,mid-sentence, with Solgar Biotin for noticeable results in your,fuller-on-live,https://www.mccormackspharmacy.ie/p/solgar-boitin-5000ug-50caps/033984003132,
,Solgar Cran Flora Vegtable Caps 60Pk,solgar-cran-flora-vegtable-caps-60pk,mid-word, oxidative stress Normal functioning of the nervou,fuller-on-live,https://www.mccormackspharmacy.ie/p/solgar-cran-flora-vegtable-caps-60pk/033984314054,
,Solgar Omega 3-6-9 Sgel 60Pack,solgar-omega-3-6-9-sgel-60pack,mid-sentence,"or maintaining heart, brain, and joint health. The",fuller-on-live,https://www.mccormackspharmacy.ie/p/solgar-omega-3-6-9-sgel-60pack/033984020276,
,"Solgar Skin, Hair And Nail 60Tab",solgar-skin-hair-and-nail-60tab,mid-sentence,utine with this expert-formulated solution for vis,fuller-on-live,https://www.mccormackspharmacy.ie/p/solgar-skin-hair-and-nail-60tab/033984017351,
,Solgar Vitamin B Complex With Vit C (100 Pk),solgar-vitamin-b-complex-with-vit-c-100-pk,mid-sentence,"nd overall well-being, this B-complex enhances you",fuller-on-live,https://www.mccormackspharmacy.ie/p/solgar-vitamin-b-complex-with-vit-c-100-pk/033984002005,
,Solgar Vitamin B6 Vegetable Capsules 100Mg,solgar-vitamin-b6-vegetable-capsules-100mg,mid-sentence,levels of homocysteine already within a normal ran,fuller-on-live,https://www.mccormackspharmacy.ie/p/solgar-vitamin-b6-vegetable-capsules-100mg/033984031104,
,Solgar Vitamin D3 4000Iu 60 Vegetable Capsules,solgar-vitamin-d3-4000iu-60-vegetable-capsules,mid-word,"t and experience the numerous, well-documented adv",fuller-on-live,https://www.mccormackspharmacy.ie/p/solgar-vitamin-d3-4000iu-60-vegetable-capsules/033984529076,
,Sona Calcium With Vit. D Tabs 90Pk,sona-calcium-with-vit-d-tabs-90pk,mid-sentence,mal function of the immune system and inflammatory,fuller-on-live,https://www.mccormackspharmacy.ie/p/sona-calcium-with-vit-d-tabs-90pk/5390612002703,How To Use; Active Ingredients
,Sona D1000 Iu Tabs 30Pk,sona-d1000-iu-tabs-30pk,mid-word,"maintenance of bones and teeth, normal muscle func",fuller-on-live,https://www.mccormackspharmacy.ie/p/sona-d1000-iu-tabs-30pk/5390612002710,How To Use; Active Ingredients
,Spotlight Oral Care Graphite Grey Sonic Toothbrush,spotlight-oral-care-graphite-grey-sonic-toothbrush,mid-word,"plaque and discoloration, ensuring an amazing clea",fuller-on-live,https://www.mccormackspharmacy.ie/p/spotlight-oral-care-graphite-grey-sonic-toothbrush/5391531561395,How To Use
,Spotlight Oral Care Rose Gold Sonic Toothbrush,spotlight-oral-care-rose-gold-sonic-toothbrush,mid-sentence,"nd discoloration, ensuring an amazing clean and in",fuller-on-live,https://www.mccormackspharmacy.ie/p/spotlight-oral-care-rose-gold-sonic-toothbrush/5391531561388,How To Use
,Sure For Women 250Ml 2Pk €5 Cotton Dry,sure-for-women-250ml-2pk-5-cotton-dry,mid-sentence,ow hard you push yourself. Sure Women Cotton Dry a,fuller-on-live,https://www.mccormackspharmacy.ie/p/sure-for-women-250ml-2pk-5-cotton-dry/8710908549588,How To Use; Active Ingredients
,Svr Densitium Eye Contour Global Correction 15Ml,svr-densitium-eye-contour-global-correction-15ml,mid-word,"ark circles and puffiness, relieve fatigue, even o",fuller-on-live,https://www.mccormackspharmacy.ie/p/svr-densitium-eye-contour-global-correction-15ml/3662361001965,How To Use; Active Ingredients
,Svr Densitium Rich Cream Mature Skin Dry To Very Dry 50Ml,svr-densitium-rich-cream-mature-skin-dry-to-very-dry-50ml,mid-sentence,uces wrinkles.Its generous and silky-texture is no,fuller-on-live,https://www.mccormackspharmacy.ie/p/svr-densitium-rich-cream-mature-skin-dry-to-very-dry-50ml/3662361002467,How To Use; Active Ingredients
,Svr Sebiaclear Creme Hydra 40Ml,svr-sebiaclear-creme-hydra-40ml,mid-word,",- Omega ceramides 8%: repair the protective barri",fuller-on-live,https://www.mccormackspharmacy.ie/p/svr-sebiaclear-creme-hydra-40ml/3662361003594,How To Use; Active Ingredients
,Svr Sebiaclear Mat+Pores 40Ml,svr-sebiaclear-mat-pores-40ml,mid-sentence,"reduce blemishes.Mat SR 2%, sebum-regulating matti",fuller-on-live,https://www.mccormackspharmacy.ie/p/svr-sebiaclear-mat-pores-40ml/3662361002726,How To Use; Active Ingredients
,Svr Sebiaclear Serum 30Ml,svr-sebiaclear-serum-30ml,mid-word,"ished red and brown marks, corrects pores and cont",fuller-on-live,https://www.mccormackspharmacy.ie/p/svr-sebiaclear-serum-30ml/3662361000364,How To Use; Active Ingredients
,Sylliflor Psyllium Husks Plain 250G,sylliflor-psyllium-husks-plain-250g,mid-sentence," a daily basis, either as a topping, in a drink or",fuller-on-live,https://www.mccormackspharmacy.ie/p/sylliflor-psyllium-husks-plain-250g/5711315110104,
,Symprove On The Go Original 7 X 70Ml,symprove-on-the-go-original-7-x-70ml,mid-word,. A healthy gut plays a vital role in supporting t,fuller-on-live,https://www.mccormackspharmacy.ie/p/symprove-on-the-go-original-7-x-70ml/5060221910378,How To Use
,Synergistic Magnesium 150Mg Plus Vit B6,synergistic-magnesium-150mg-plus-vit-b6,mid-sentence, increase the risk of arrhythmia and pre-eclampsia,fuller-on-live,https://www.mccormackspharmacy.ie/p/synergistic-magnesium-150mg-plus-vit-b6/50745241,How To Use; Active Ingredients
,Tena Lady Normal Discreet 12Pk,tena-lady-rmal-discreeet-12pk,mid-word, draws liquid away from the skin for maximum secur,fuller-on-live,https://www.mccormackspharmacy.ie/p/tena-lady-rmal-discreeet-12pk/7322541124261,
,Uriage Age Lift Firming Smoothing Day Cream,uriage-age-lift-firming-smoothing-day-cream,mid-word,"le improving skin firmness. Then, Blue Light Barri",fuller-on-live,https://www.mccormackspharmacy.ie/p/uriage-age-lift-firming-smoothing-day-cream/3661434009242,How To Use
,Uriage Age Lift Intensive Firming Smoothing Serum,uriage-age-lift-intensive-firming-smoothing-serum,mid-word,ensive anti-aging effect. Together these ingredien,fuller-on-live,https://www.mccormackspharmacy.ie/p/uriage-age-lift-intensive-firming-smoothing-serum/3661434009273,How To Use
,Uriage Cleansing Cream 200Ml,uriage-cleansing-cream-200ml,mid-sentence," moisturised. Infused with Uriage Thermal Water, a",fuller-on-live,https://www.mccormackspharmacy.ie/p/uriage-cleansing-cream-200ml/3661434008795,How To Use; Active Ingredients
,Uriage Ds Hair Soft Balancing Shampoo 200Ml,uriage-ds-hair-soft-balancing-shampoo-200ml,mid-sentence,e textured foam that leaves the hair looking silky,fuller-on-live,https://www.mccormackspharmacy.ie/p/uriage-ds-hair-soft-balancing-shampoo-200ml/3661434007408,How To Use; Active Ingredients
,Uriage Eau Thermal D'uriage Water Mist 50Ml,uriage-eau-thermal-d-uriage-water-mist-50ml,mid-word,"nsitive skins, thanks to its high content of calci",fuller-on-live,https://www.mccormackspharmacy.ie/p/uriage-eau-thermal-d-uriage-water-mist-50ml/3661434000539,
,Uriage Eau Thermal Water Mist 150Ml,uriage-eau-thermal-water-mist-150ml,mid-sentence,ts optimum tolerance makes it perfect for all skin,fuller-on-live,https://www.mccormackspharmacy.ie/p/uriage-eau-thermal-water-mist-150ml/3661434000515,How To Use; Active Ingredients
,Uriage Roseliane Anti Redness Cream 40Ml,uriage-roseliane-anti-redness-cream-40ml,mid-sentence,the cutaneous barrier. Its synergy of TLR2-Regul a,fuller-on-live,https://www.mccormackspharmacy.ie/p/uriage-roseliane-anti-redness-cream-40ml/3661434003394,How To Use; Active Ingredients
,Uriage Roseliane Anti Redness Rich Cream 50Ml,uriage-roseliane-anti-redness-rich-cream-50ml,mid-word,"nd soothe, and cerasterol-2F to restructure the cu",fuller-on-live,https://www.mccormackspharmacy.ie/p/uriage-roseliane-anti-redness-rich-cream-50ml/3661434003400,How To Use; Active Ingredients
,Vaseline Cocoa Rad 400Ml,vaseline-cocoa-rad-400ml,mid-word,iant body lotion is clinically proven to moisturis,fuller-on-live,https://www.mccormackspharmacy.ie/p/vaseline-cocoa-rad-400ml/8712561483162,How To Use; Active Ingredients
,Vaseline Hand & Nail Cream 200Ml,vaseline-hand-nail-cream-200ml,mid-sentence,ly* moisturises to help restore very dry hands. Ab,fuller-on-live,https://www.mccormackspharmacy.ie/p/vaseline-hand-nail-cream-200ml/8712561485548,How To Use; Active Ingredients
,Vitabiotics Perfectil Original 30Pk,vitabiotics-perfectil-original-30pk,maybe-cut-at-sentence,important for healthy hair maintenance and growth.,fuller-on-live,https://www.mccormackspharmacy.ie/p/vitabiotics-perfectil-original-30pk/5021265220038,How To Use; Active Ingredients
,Vivo Tummies 10Pk,vivo-tummies-10pk,mid-sentence,"colours, flavours and preservatives Gluten and lac",fuller-on-live,https://www.mccormackspharmacy.ie/p/vivo-tummies-10pk/5391531760590,How To Use
,Voduz Spectrum 4In1 Curling Tong,voduz-spectrum-4in1-curling-tong,mid-sentence,re ranges from 80 - 230°C. 4 Barrel variations : 3,fuller-on-live,https://www.mccormackspharmacy.ie/p/voduz-spectrum-4in1-curling-tong/793591864525,
,Water Wipes Baby Wipes,water-wipes-baby-wipes,mid-word,se less wipes per clean! Non irritating to baby sk,fuller-on-live,https://www.mccormackspharmacy.ie/p/water-wipes-baby-wipes/5099514400142,How To Use; Active Ingredients
,Xemose Creme Anti Irritation Cre,xemose-creme-anti-irritation-cre,mid-word,rench Alps to provide extreme and longwearing cuta,fuller-on-live,https://www.mccormackspharmacy.ie/p/xemose-creme-anti-irritation-cre/3661434005428,How To Use; Active Ingredients
,Your Zooki- Vitamin D Mixed Berry 20 Sachets,your-zooki-vitamin-d-mixed-berry-20-sachets,mid-word,iferol) from Lichen 100% natural sustainably sourc,fuller-on-live,https://www.mccormackspharmacy.ie/p/your-zooki-vitamin-d-mixed-berry-20-sachets/5060518930706,
,L'il Critters Gummy Vites Multi Vitamin & Mineral Formula 70Pk,l-il-critters-gummy-vites-multi-vitamin-mineral-formula-70pk,mid-sentence,"tritional needs, alongside a healthy lifestyle and",no-description-on-live,https://www.mccormackspharmacy.ie/p/l-il-critters-gummy-vites-multi-vitamin-mineral-formula-70pk/None,
,Luna By Lisa Airbrush Touch Nude,luna-by-lisa-airbrush-touch-nude,mid-sentence,"at may need it.Available in three shades; Nude, Be",no-description-on-live,https://www.mccormackspharmacy.ie/p/luna-by-lisa-airbrush-touch-nude/None,
,Luna Filter Finish Concealer - Light/Neutral,luna-filter-finish-concealer-light-neutral,mid-sentence,"ble coverage, blends seamlessly onto the skin, and",no-description-on-live,https://www.mccormackspharmacy.ie/p/luna-filter-finish-concealer-light-neutral/None,
,Luna Filter Finish Concealer -Beige,luna-filter-finish-concealer-beige,mid-sentence,"ble coverage, blends seamlessly onto the skin, and",no-description-on-live,https://www.mccormackspharmacy.ie/p/luna-filter-finish-concealer-beige/None,
,Luna Filter Finish Concealer -Porcelain,luna-filter-finish-concealer-porcelain,mid-sentence,"ble coverage, blends seamlessly onto the skin, and",no-description-on-live,https://www.mccormackspharmacy.ie/p/luna-filter-finish-concealer-porcelain/None,
,Luna Filter Finish Concealer -Vanilla,luna-filter-finish-concealer-vanilla,mid-sentence,"ble coverage, blends seamlessly onto the skin, and",no-description-on-live,https://www.mccormackspharmacy.ie/p/luna-filter-finish-concealer-vanilla/None,
,Luna Filter Finish Naturally Matte Foundation - Rich,luna-filter-finish-naturally-matte-foundation-rich,mid-sentence,ying. Oxidation-resistant. Oil-controlling powders,no-description-on-live,https://www.mccormackspharmacy.ie/p/luna-filter-finish-naturally-matte-foundation-rich/None,
,Mam Original Night 0+ Months (Light Purple/Light Pink Stars),mam-original-night-0-months-light-purple-light-pink-stars,maybe-cut-at-sentence,design that's easy to spot in a busy changing bag.,no-description-on-live,https://www.mccormackspharmacy.ie/p/mam-original-night-0-months-light-purple-light-pink-stars/None,
,Optibac Babies & Children 0-12 Years (30 Sachets),optibac-babies-children-0-12-years-30-sachets,mid-sentence,"component among parents polled, to help preserve i",no-description-on-live,https://www.mccormackspharmacy.ie/p/optibac-babies-children-0-12-years-30-sachets/None,
,Proceive Pregnancy First Trimester - 60 Capsules,proceive-pregnancy-first-trimester-60-capsules,mid-word,9 Vitamins & Minerals Tailored for the First Trime,no-description-on-live,https://www.mccormackspharmacy.ie/p/proceive-pregnancy-first-trimester-60-capsules/None,
,Revive Active Meno Active -6 Month Supply,revive-active-meno-active-6-month-supply,mid-sentence, 350mgs Omega 3 DHA and 4 different strains of Liv,no-description-on-live,https://www.mccormackspharmacy.ie/p/revive-active-meno-active-6-month-supply/None,
,Revive Original 1 Year Supply 360 Sachets,revive-original-1-year-supply-360-sachets,mid-word,Enzyme Q10 (CoQ10) to support energy levels. Exper,no-description-on-live,https://www.mccormackspharmacy.ie/p/revive-original-1-year-supply-360-sachets/None,
,Revive Tropical 1 Year Supply 360 Sachets,revive-tropical-1-year-supply-360-sachets,mid-sentence,"pplement supports overall well-being, ensuring you",no-description-on-live,https://www.mccormackspharmacy.ie/p/revive-tropical-1-year-supply-360-sachets/None,
,Sculpted By Aimee Oily Skin Nighttime Routine Bundle,sculpted-by-aimee-oily-skin-nighttime-routine-bundle,mid-sentence,"our skin for a restful night, promoting a balanced",no-description-on-live,https://www.mccormackspharmacy.ie/p/sculpted-by-aimee-oily-skin-nighttime-routine-bundle/None,
,Tears Naturale 15Ml Eye Drops,tears-naturale-15ml-eye-drops,mid-sentence, lubricating and moistening film on the surface of,no-description-on-live,https://www.mccormackspharmacy.ie/p/tears-naturale-15ml-eye-drops/5038487002793,
,Voduz Root Reviver Blonde 75Ml,voduz-root-reviver-blonde-75ml,mid-sentence," heading to an event or simply need to freshen up,",no-description-on-live,https://www.mccormackspharmacy.ie/p/voduz-root-reviver-blonde-75ml/None,
,Voduz Root Reviver Dark Blonde 75Ml,voduz-root-reviver-dark-blonde-75ml,mid-sentence," heading to an event or simply need to freshen up,",no-description-on-live,https://www.mccormackspharmacy.ie/p/voduz-root-reviver-dark-blonde-75ml/None,
,Voduz Root Reviver Dark Brown 75Ml,voduz-root-reviver-dark-brown-75ml,mid-sentence," heading to an event or simply need to freshen up,",no-description-on-live,https://www.mccormackspharmacy.ie/p/voduz-root-reviver-dark-brown-75ml/None,
,Voduz Sun Soothe After Sun Leave In Fluid 90Ml,voduz-sun-soothe-after-sun-leave-in-fluid-90ml,mid-sentence,"loral, citrus aroma that is excellent for summer!<",no-description-on-live,https://www.mccormackspharmacy.ie/p/voduz-sun-soothe-after-sun-leave-in-fluid-90ml/None,
,Wild Aqua Case And Fresh Cotton & Sea Salt Deodorant Starter Pack,wild-aqua-case-and-fresh-cotton-sea-salt-deodorant-starter-pack,mid-word,ium and recycled plastic. The zero-plastic deodora,no-description-on-live,https://www.mccormackspharmacy.ie/p/wild-aqua-case-and-fresh-cotton-sea-salt-deodorant-starter-pack/None,
,Wild Green Case Mint & Aloe Vera Mens Starter Pack,wild-green-case-mint-aloe-vera-mens-starter-pack,mid-sentence,ostable. Every skincare product in Wild’s range is,no-description-on-live,https://www.mccormackspharmacy.ie/p/wild-green-case-mint-aloe-vera-mens-starter-pack/None,
,Wild Pink Case And Jasmine & Mandarin Blossom Deodorant Starter Pack,wild-pink-case-and-jasmine-mandarin-blossom-deodorant-starter-pack,mid-word,fill is natural and compostable. Every skincare pr,no-description-on-live,https://www.mccormackspharmacy.ie/p/wild-pink-case-and-jasmine-mandarin-blossom-deodorant-starter-pack/None,
,Bio-Kult Caps 60Pk,bio-kult-caps-60pk,mid-sentence,l which will not affect lactose intolerance suffer,same-on-live,https://www.mccormackspharmacy.ie/p/bio-kult-caps-60pk/5027314502629,How To Use
,Doublebase Emollient Gel 250G,doublebase-emollient-gel-250g,mid-word,"n conditions such as eczema, psoriasis & ichtyosis",same-on-live,https://www.mccormackspharmacy.ie/p/doublebase-emollient-gel-250g/5016379191206,How To Use
,Fabu Shrooms Meno & Peri 60Pk,fabu-shrooms-meno-peri-60pk,maybe-cut-at-sentence,"fog, sleep disturbances, anxiety, and hot flashes.",same-on-live,https://www.mccormackspharmacy.ie/p/fabu-shrooms-meno-peri-60pk/3743184122768,How To Use; Active Ingredients
,Fishermans Friend Lozenges 25G Original,fishermans-friend-lozenges-25g-original,mid-word,ourings. Menthol & Eucalyptus Flavour Lozenges.25g,same-on-live,https://www.mccormackspharmacy.ie/p/fishermans-friend-lozenges-25g-original/50357185,Active Ingredients
,Full Impact Complere Coverage Concealer Shade L4,full-impact-complere-coverage-concealer-shade-l4,mid-word,tor for instant and even coverage in just one swip,same-on-live,https://www.mccormackspharmacy.ie/p/full-impact-complere-coverage-concealer-shade-l4/5060907054761,Active Ingredients
,Mrs Glam Flawless Beauty,mrs-glam-flawless-beauty,mid-sentence,cision tip will allow you to reach those smaller a,same-on-live,https://www.mccormackspharmacy.ie/p/mrs-glam-flawless-beauty/5060806560608,How To Use
,Nuun Sport Orange Electrolytes,nuun-sport-orange-electrolytes,mid-sentence,ng it an essential addition to your hydration rout,same-on-live,https://www.mccormackspharmacy.ie/p/nuun-sport-orange-electrolytes/8445290964960,
,Pestle & Mortar Essentials Body Wash 500Ml,pestle-mortar-essentials-body-wash-500ml,maybe-cut-at-sentence,"inflamed skin, and relieves itchy skin conditions.",same-on-live,https://www.mccormackspharmacy.ie/p/pestle-mortar-essentials-body-wash-500ml/856149007376,
,Revive Active Zest 7Pk,revive-active-zest-7pk,mid-sentence, ingredients Energy Immune System Brain Muscle Fun,same-on-live,https://www.mccormackspharmacy.ie/p/revive-active-zest-7pk/735850866857,How To Use; Active Ingredients
,Sensodyne Toothpaste 75Ml,sensodyne-toothpaste-75ml,mid-sentence,althy gums Mint flavour leaves mouth feeling fresh,same-on-live,https://www.mccormackspharmacy.ie/p/sensodyne-toothpaste-75ml/5000347080685,
,Solgar Vitamin D3 1000Mcg Softgels (100 Pk),solgar-vitamin-d3-1000mcg-softgels-100-pk,maybe-cut-at-sentence, receives the support it needs for optimal health.,same-on-live,https://www.mccormackspharmacy.ie/p/solgar-vitamin-d3-1000mcg-softgels-100-pk/033984033405,
,Solgar Vitamin D3 50Tabs,solgar-vitamin-d3-50tabs,mid-sentence,ients and support your health with every capsule.<,same-on-live,https://www.mccormackspharmacy.ie/p/solgar-vitamin-d3-50tabs/033984033160,
,Spatone Iron Plus Sachets 28Pk,spatone-iron-plus-sachets-28pk,mid-sentence," stomach Easily absorbed Convenient to use, daily-",same-on-live,https://www.mccormackspharmacy.ie/p/spatone-iron-plus-sachets-28pk/5000488105292,
,Ultra Pure Citric Acid 50G,ultra-pure-citric-acid-50g,mid-word,aths for example. Always rinse well after use. 50g,same-on-live,https://www.mccormackspharmacy.ie/p/ultra-pure-citric-acid-50g/5391510473145,Active Ingredients
,Uriage Bariesun Refreshing Thermal Mist After Sun 150Ml,uriage-bariesun-refreshing-thermal-mist-after-sun-150ml,maybe-cut-at-sentence,asting tan that looks and feels naturally radiant.,same-on-live,https://www.mccormackspharmacy.ie/p/uriage-bariesun-refreshing-thermal-mist-after-sun-150ml/3661434001475,How To Use; Active Ingredients
,Uriage Bebe 1St Cleansing Water 1Litre,uriage-bebe-1st-cleansing-water-1litre,mid-sentence,Non-comedogenic. Recommended and used in maternity,same-on-live,https://www.mccormackspharmacy.ie/p/uriage-bebe-1st-cleansing-water-1litre/3661434008726,How To Use; Active Ingredients
